dataset_origin,category,danger_label,filename,caption,original_category,source_dataset,fold,caption_logprob,top_tags,slice_file_name,fsID,start,end,salience,classID,class,caption_task,semantic_label_final,label,YTID,start_seconds,end_seconds,danger,energy_crop_start_sec,label_int,risk_label,source_filename,split_class,is_augmented,augmentation_type,source_index
ESC50,door_wood_creaks,0,3-101381-A-33.wav,a creaky wooden door is creaking back and forth,door_wood_creaks,ESC50,3.0,-0.9366090893745422,,,,,,,,,,,,,,,,,0,no danger risk,3-101381-A-33.wav,door_wood_creaks,False,original,803
ESC50,vacuum_cleaner,0,3-159346-B-36.wav,an electric saw is being used to cut something,vacuum_cleaner,ESC50,3.0,-1.1360654830932615,Vehicle | Aircraft | Jet engine,,,,,,,,,,,,,,,,0,no danger risk,3-159346-B-36.wav,vacuum_cleaner,False,original,1060
ESC50,mouse_click,0,2-152895-A-31.wav,a person is tapping on a piece of wood,mouse_click,ESC50,2.0,-1.0839439630508425,,,,,,,,,,,,,,,,,0,no danger risk,2-152895-A-31.wav,mouse_click,False,original,578
ESC50,footsteps,0,3-103599-B-25.wav,a person is walking through the snow covered with leaves,footsteps,ESC50,3.0,-1.3693122863769531,"Walk, footsteps",,,,,,,,,,,,,,,,0,no danger risk,3-103599-B-25.wav,footsteps,False,original,820
ESC50,rain,0,1-54958-A-10.wav,rain is pouring down on the roof of a house,rain,ESC50,1.0,-1.1269383430480957,Rain on surface,,,,,,,,,,,,,,,,0,no danger risk,1-54958-A-10.wav,rain,False,original,276
ESC50,coughing,1,2-87412-A-24.wav,a person coughs five times and then coughing again,coughing,ESC50,2.0,-1.1560344696044922,Throat clearing,,,,,,,,,,,,,,,,1,danger risk,2-87412-A-24.wav,coughing,False,original,768
ESC50,sneezing,1,2-130978-A-21.wav,a person is sneezing twice and then blows their nose again,sneezing,ESC50,,,,,,,,,,,,,,,,,,,1,danger risk,2-130978-A-21.wav,sneezing,False,original,544
ESC50,chirping_birds,0,4-187769-B-14.wav,birds are chirping and tweeting in the background,chirping_birds,ESC50,4.0,-1.052739500999451,"Bird | Chirp, tweet",,,,,,,,,,,,,,,,0,no danger risk,4-187769-B-14.wav,chirping_birds,False,original,1454
ESC50,thunderstorm,0,4-156993-A-19.wav,thunder rumbles and rain falls as a thunderstorm roars in the background,thunderstorm,ESC50,4.0,-1.2735775709152222,Thunderstorm | Thunder | Rain | Rain on surface,,,,,,,,,,,,,,,,0,no danger risk,4-156993-A-19.wav,thunderstorm,False,original,1287
ESC50,crow,0,4-159426-A-9.wav,a crow caws in the background while a bird squawks continuously,crow,ESC50,4.0,-1.2398854494094849,Crow | Caw,,,,,,,,,,,,,,,,0,no danger risk,4-159426-A-9.wav,crow,False,original,1293
ESC50,chainsaw,1,1-19898-A-41.wav,a chainsaw is revved up and then started again,chainsaw,ESC50,1.0,-1.1386799812316897,Chainsaw,,,,,,,,,,,,,,,,1,danger risk,1-19898-A-41.wav,chainsaw,False,original,92
ESC50,toilet_flush,0,3-100018-A-18.wav,a toilet is flushed and then stops and then drains again,toilet_flush,ESC50,3.0,-1.2939622402191162,Toilet flush,,,,,,,,,,,,,,,,0,no danger risk,3-100018-A-18.wav,toilet_flush,False,original,800
ESC50,hen,0,2-76868-A-6.wav,a chicken is clucking while other birds are chirping in the background,hen,ESC50,2.0,-0.720913290977478,"Fowl | Chicken, rooster | Cluck | Bird",,,,,,,,,,,,,,,,0,no danger risk,2-76868-A-6.wav,hen,False,original,722
ESC50,sneezing,1,4-167642-A-21.wav,a person is sneezing twice and then coughs,sneezing,ESC50,,,,,,,,,,,,,,,,,,,1,danger risk,4-167642-A-21.wav,sneezing,False,original,1345
ESC50,engine,0,2-78651-A-44.wav,a motorcycle engine is running at a steady pace,engine,ESC50,2.0,-1.234447956085205,Vehicle | Engine,,,,,,,,,,,,,,,,0,no danger risk,2-78651-A-44.wav,engine,False,original,730
ESC50,sneezing,1,2-93030-A-21.wav,a person coughs five times and sniffs repeatedly,sneezing,ESC50,,,,,,,,,,,,,,,,,,,1,danger risk,2-93030-A-21.wav,sneezing,False,original,780
ESC50,door_wood_creaks,0,5-181458-A-33.wav,a creaky door is being opened and closed repeatedly,door_wood_creaks,ESC50,5.0,-0.8485169410705566,Creak,,,,,,,,,,,,,,,,0,no danger risk,5-181458-A-33.wav,door_wood_creaks,False,original,1670
ESC50,drinking_sipping,0,1-87565-A-29.wav,a person is burping and making a fart noise,drinking_sipping,ESC50,1.0,-1.649310827255249,Fart,,,,,,,,,,,,,,,,0,no danger risk,1-87565-A-29.wav,drinking_sipping,False,original,377
ESC50,laughing,0,1-72695-A-26.wav,a person is laughing with their mouth open,laughing,ESC50,,,,,,,,,,,,,,,,,,,0,no danger risk,1-72695-A-26.wav,laughing,False,original,336
ESC50,door_wood_creaks,0,1-51805-B-33.wav,a squeaky door is being opened and closed repeatedly,door_wood_creaks,ESC50,1.0,-0.9709609150886536,Music,,,,,,,,,,,,,,,,0,no danger risk,1-51805-B-33.wav,door_wood_creaks,False,original,253
ESC50,water_drops,0,5-241846-A-15.wav,water is being poured from a faucet into a tub,water_drops,ESC50,5.0,-0.9499914050102234,Water | Drip,,,,,,,,,,,,,,,,0,no danger risk,5-241846-A-15.wav,water_drops,False,original,1908
ESC50,engine,0,4-201988-A-44.wav,a motor is running and a motorcycle engine is revving,engine,ESC50,4.0,-1.3043888807296753,Vehicle,,,,,,,,,,,,,,,,0,no danger risk,4-201988-A-44.wav,engine,False,original,1520
ESC50,frog,0,2-52085-B-4.wav,frogs are croaking in the background and a frog is quacking,frog,ESC50,2.0,-1.2649644613265991,Frog | Croak,,,,,,,,,,,,,,,,0,no danger risk,2-52085-B-4.wav,frog,False,original,656
ESC50,airplane,0,4-161099-A-47.wav,a plane is flying overhead while birds are chirping in the background,airplane,ESC50,4.0,-0.9343332648277284,Vehicle | Aircraft,,,,,,,,,,,,,,,,0,no danger risk,4-161099-A-47.wav,airplane,False,original,1299
ESC50,hand_saw,0,2-135860-A-49.wav,a person is using a saw to cut wood,hand_saw,ESC50,2.0,-1.051945447921753,Sawing | Wood | Rub,,,,,,,,,,,,,,,,0,no danger risk,2-135860-A-49.wav,hand_saw,False,original,558
ESC50,breathing,0,5-233260-A-23.wav,a person is breathing heavily in the background,breathing,ESC50,5.0,-1.2579749822616575,Snort,,,,,,,,,,,,,,,,0,no danger risk,5-233260-A-23.wav,breathing,False,original,1877
ESC50,toilet_flush,0,2-64332-A-18.wav,a toilet flushes and water drains and then the flushing of the tank refills,toilet_flush,ESC50,2.0,-1.633397340774536,Water | Toilet flush,,,,,,,,,,,,,,,,0,no danger risk,2-64332-A-18.wav,toilet_flush,False,original,677
ESC50,glass_breaking,1,4-204777-C-39.wav,a glass bottle is broken and breaking against a hard surface,glass_breaking,ESC50,4.0,-1.480507731437683,Glass | Shatter | Breaking,,,,,,,,,,,,,,,,1,danger risk,4-204777-C-39.wav,glass_breaking,False,original,1534
UrbanSound8K,gun_shot,1,159702-6-1-0.wav,a gun is fired in a dozen gunshots firing shots,gun_shot,,6.0,-1.783403754234314,,159702-6-1-0.wav,159702.0,0.597821,1.174665,1.0,6.0,gun_shot,clotho,danger_risk,1.0,,,,,,1,danger risk,159702-6-1-0.wav,gun_shot,False,original,2039
ESC50,siren,1,2-70052-A-42.wav,a siren is blaring and a police whistle is blowing,siren,ESC50,2.0,-1.2711443901062012,Emergency vehicle | Police car (siren) | Ambulance (siren) | Siren,,,,,,,,,,,,,,,,1,danger risk,2-70052-A-42.wav,siren,False,original,693
ESC50,engine,0,1-61261-A-44.wav,an engine is idling and revving up and down,engine,ESC50,1.0,-1.38889479637146,"Vehicle | Motorboat, speedboat",,,,,,,,,,,,,,,,0,no danger risk,1-61261-A-44.wav,engine,False,original,305
ESC50,crying_baby,1,3-152007-B-20.wav,a baby is crying and making loud noises,crying_baby,ESC50,3.0,-1.4518914222717283,"Baby cry, infant cry",,,,,,,,,,,,,,,,1,danger risk,3-152007-B-20.wav,crying_baby,False,original,1008
ESC50,dog,1,5-213855-A-0.wav,dogs are barking and people are talking in the background,dog,ESC50,,,,,,,,,,,,,,,,,,,1,danger risk,5-213855-A-0.wav,dog,False,original,1811
ESC50,sea_waves,0,3-166422-A-11.wav,waves crash against the shore and the ocean tide splashes,sea_waves,ESC50,3.0,-1.325186848640442,"Wind | Ocean | Waves, surf",,,,,,,,,,,,,,,,0,no danger risk,3-166422-A-11.wav,sea_waves,False,original,1091
ESC50,chirping_birds,0,5-243459-A-14.wav,a bird is chirping and whistling loudly in the background,chirping_birds,ESC50,5.0,-1.1216859817504885,Bird,,,,,,,,,,,,,,,,0,no danger risk,5-243459-A-14.wav,chirping_birds,False,original,1920
ESC50,dog,1,4-183992-A-0.wav,a dog is barking loudly and sporadically,dog,ESC50,,,,,,,,,,,,,,,,,,,1,danger risk,4-183992-A-0.wav,dog,False,original,1431
ESC50,train,0,3-159445-B-45.wav,a train is passing by on the tracks and the wheels are squealing,train,ESC50,3.0,-1.268202543258667,"Vehicle | Rail transport | Train | Railroad car, train wagon | Subway, metro, underground",,,,,,,,,,,,,,,,0,no danger risk,3-159445-B-45.wav,train,False,original,1065
Screaming,screaming,1,Screaming__d1__aslxfM0T8No__10.00.wav,a person is screaming loudly in a large group,Screaming,,,-1.5532437562942505,Screaming,,,,,,,,,,,aslxfM0T8No,10.0,20.0,1.0,1.7498412698412698,1,danger risk,Screaming__d1__aslxfM0T8No__10.00.wav,screaming,False,original,2051
ESC50,clapping,0,3-149465-A-22.wav,a large group of people are clapping and applauding,clapping,ESC50,3.0,-0.9703809022903442,Clapping | Sound effect,,,,,,,,,,,,,,,,0,no danger risk,3-149465-A-22.wav,clapping,False,original,989
ESC50,clock_alarm,0,4-204684-A-37.wav,an alarm clock is ringing loudly and very slowly,clock_alarm,ESC50,4.0,-1.349776029586792,Alarm | Alarm clock | Clock,,,,,,,,,,,,,,,,0,no danger risk,4-204684-A-37.wav,clock_alarm,False,original,1531
ESC50,laughing,0,4-155670-A-26.wav,a group of people are laughing and talking in the background,laughing,ESC50,4.0,-1.1182180643081665,Speech | Chatter,,,,,,,,,,,,,,,,0,no danger risk,4-155670-A-26.wav,laughing,False,original,1282
ESC50,clapping,0,3-177083-A-22.wav,a large group of people are clapping and applauding,clapping,ESC50,3.0,-0.9811497926712036,Clapping | Applause | Sound effect,,,,,,,,,,,,,,,,0,no danger risk,3-177083-A-22.wav,clapping,False,original,1113
ESC50,keyboard_typing,0,3-154781-A-32.wav,a person types on a keyboard typing on a typewriter,keyboard_typing,ESC50,3.0,-1.24414324760437,Typing | Computer keyboard,,,,,,,,,,,,,,,,0,no danger risk,3-154781-A-32.wav,keyboard_typing,False,original,1025
ESC50,door_wood_knock,0,1-26188-A-30.wav,a person is knocking on a door five times,door_wood_knock,ESC50,1.0,-1.0007216930389404,Music | Knock,,,,,,,,,,,,,,,,0,no danger risk,1-26188-A-30.wav,door_wood_knock,False,original,139
ESC50,insects,0,3-110913-D-7.wav,a bee buzzing loudly and flies buzz around,insects,ESC50,3.0,-1.4399548768997192,"Insect | Mosquito | Fly, housefly",,,,,,,,,,,,,,,,0,no danger risk,3-110913-D-7.wav,insects,False,original,838
ESC50,snoring,0,4-191297-A-28.wav,a person is snoring very loudly and consistently,snoring,ESC50,4.0,-1.12675678730011,Snoring,,,,,,,,,,,,,,,,0,no danger risk,4-191297-A-28.wav,snoring,False,original,1480
ESC50,sneezing,1,5-201274-A-21.wav,a man coughs five times and then burps again,sneezing,ESC50,,,,,,,,,,,,,,,,,,,1,danger risk,5-201274-A-21.wav,sneezing,False,original,1753
ESC50,chainsaw,1,2-50667-B-41.wav,a chainsaw is cutting wood with a saw,chainsaw,ESC50,,,,,,,,,,,,,,,,,,,1,danger risk,2-50667-B-41.wav,chainsaw,False,original,646
ESC50,crying_baby,1,2-66637-A-20.wav,a baby is crying and cooing while another person is coughing in the background,crying_baby,ESC50,,,,,,,,,,,,,,,,,,,1,danger risk,2-66637-A-20.wav,crying_baby,False,original,684
ESC50,pouring_water,0,2-102414-C-17.wav,a liquid is poured into a container and then becomes louder as time goes on,pouring_water,ESC50,2.0,-1.087470531463623,Water | Liquid | Fill (with liquid),,,,,,,,,,,,,,,,0,no danger risk,2-102414-C-17.wav,pouring_water,False,original,405
ESC50,wind,0,1-47714-A-16.wav,the wind is blowing very strongly and getting louder,wind,ESC50,1.0,-1.319354772567749,Eruption,,,,,,,,,,,,,,,,0,no danger risk,1-47714-A-16.wav,wind,False,original,228
ESC50,clock_tick,0,1-35687-A-38.wav,a clock is ticking very slowly and steadily,clock_tick,ESC50,1.0,-1.27902090549469,Clock | Tick | Tick-tock,,,,,,,,,,,,,,,,0,no danger risk,1-35687-A-38.wav,clock_tick,False,original,182
ESC50,door_wood_creaks,0,4-132839-A-33.wav,a creaky door is creaking as it is being opened and closed,door_wood_creaks,ESC50,,,,,,,,,,,,,,,,,,,0,no danger risk,4-132839-A-33.wav,door_wood_creaks,False,original,1241
ESC50,mouse_click,0,2-119139-A-31.wav,a person is using a manual typewriter to make a clinking sound,mouse_click,ESC50,2.0,-1.2058478593826294,,,,,,,,,,,,,,,,,0,no danger risk,2-119139-A-31.wav,mouse_click,False,original,505
ESC50,can_opening,0,3-166546-B-34.wav,a person is using a knife to dig up and down,can_opening,ESC50,3.0,-1.599802017211914,Sound effect,,,,,,,,,,,,,,,,0,no danger risk,3-166546-B-34.wav,can_opening,False,original,1093
ESC50,pig,0,2-158746-A-2.wav,a pig oinking in the background as it is snorting and roaring,pig,ESC50,2.0,-1.397563099861145,Grunt | Animal | Pig,,,,,,,,,,,,,,,,0,no danger risk,2-158746-A-2.wav,pig,False,original,584
ESC50,rain,0,2-81731-A-10.wav,water drips onto a hard surface and hits the ground,rain,ESC50,2.0,-1.1560269594192505,Raindrop,,,,,,,,,,,,,,,,0,no danger risk,2-81731-A-10.wav,rain,False,original,741
ESC50,car_horn,1,5-180156-C-43.wav,a car horn honks while cars honk and horns beep in the background,car_horn,ESC50,5.0,-1.1929389238357544,"Vehicle | Toot | Traffic noise, roadway noise",,,,,,,,,,,,,,,,1,danger risk,5-180156-C-43.wav,car_horn,False,original,1668
ESC50,crickets,0,3-162786-A-13.wav,crickets are chirping and a cricket is singing in the background,crickets,ESC50,3.0,-1.091777205467224,Insect,,,,,,,,,,,,,,,,0,no danger risk,3-162786-A-13.wav,crickets,False,original,1070
ESC50,pouring_water,0,4-186693-A-17.wav,water is being poured into a glass jar,pouring_water,ESC50,4.0,-1.0023329257965088,Water | Pour,,,,,,,,,,,,,,,,0,no danger risk,4-186693-A-17.wav,pouring_water,False,original,1443
ESC50,thunderstorm,0,5-188495-A-19.wav,thunder rumbles in the distance as it rains,thunderstorm,ESC50,5.0,-1.2386114597320557,Thunderstorm | Thunder,,,,,,,,,,,,,,,,0,no danger risk,5-188495-A-19.wav,thunderstorm,False,original,1689
ESC50,toilet_flush,0,5-156698-A-18.wav,a toilet is flushed and water is running,toilet_flush,ESC50,,,,,,,,,,,,,,,,,,,0,no danger risk,5-156698-A-18.wav,toilet_flush,False,original,1622
ESC50,sheep,0,3-140199-C-8.wav,a sheep bleats loudly in the background,sheep,ESC50,3.0,-1.4288368225097656,Bleat | Sheep,,,,,,,,,,,,,,,,0,no danger risk,3-140199-C-8.wav,sheep,False,original,934
ESC50,sneezing,1,3-148330-A-21.wav,a man coughs five times and sniffs repeatedly,sneezing,ESC50,3.0,-1.3177621364593506,Sneeze,,,,,,,,,,,,,,,,1,danger risk,3-148330-A-21.wav,sneezing,False,original,984
ESC50,door_wood_creaks,0,1-51805-D-33.wav,a squeaky door is being opened and closed repeatedly,door_wood_creaks,ESC50,1.0,-0.8722968101501465,,,,,,,,,,,,,,,,,0,no danger risk,1-51805-D-33.wav,door_wood_creaks,False,original,255
ESC50,hen,0,2-75726-A-6.wav,a chicken is clucking while other birds are chirping in the background,hen,ESC50,2.0,-0.7182206511497498,"Fowl | Chicken, rooster | Cluck",,,,,,,,,,,,,,,,0,no danger risk,2-75726-A-6.wav,hen,False,original,717
ESC50,airplane,0,2-105270-A-47.wav,a helicopter flies overhead and then fades away,airplane,ESC50,2.0,-1.192163109779358,"Vehicle | Aircraft | Propeller, airscrew",,,,,,,,,,,,,,,,0,no danger risk,2-105270-A-47.wav,airplane,False,original,432
ESC50,crackling_fire,0,1-17808-B-12.wav,a fire crackles and pops in the distance,crackling_fire,ESC50,1.0,-1.0799922943115234,Fire,,,,,,,,,,,,,,,,0,no danger risk,1-17808-B-12.wav,crackling_fire,False,original,67
ESC50,breathing,0,2-66205-A-23.wav,a person is breathing heavily while another woman is whispering,breathing,ESC50,,,,,,,,,,,,,,,,,,,0,no danger risk,2-66205-A-23.wav,breathing,False,original,683
ESC50,engine,0,2-106015-A-44.wav,a motor is running and a motorcycle engine is idling,engine,ESC50,2.0,-1.2536612749099731,Vehicle | Car,,,,,,,,,,,,,,,,0,no danger risk,2-106015-A-44.wav,engine,False,original,434
ESC50,brushing_teeth,0,3-100024-A-27.wav,someone is brushing their teeth with a toothbrush,brushing_teeth,ESC50,,,,,,,,,,,,,,,,,,,0,no danger risk,3-100024-A-27.wav,brushing_teeth,False,original,801
ESC50,sneezing,1,1-29680-A-21.wav,a person is grunting and groaning in pain,sneezing,ESC50,1.0,-1.133838176727295,Sigh,,,,,,,,,,,,,,,,1,danger risk,1-29680-A-21.wav,sneezing,False,original,153
ESC50,crow,0,4-173865-B-9.wav,a crow caws in the background as other birds chirp in the distance,crow,ESC50,4.0,-1.0118600130081177,Crow | Caw,,,,,,,,,,,,,,,,0,no danger risk,4-173865-B-9.wav,crow,False,original,1377
UrbanSound8K,gun_shot,1,163460-6-0-0.wav,a gun is fired and gunshots in the distance,gun_shot,,2.0,-1.998297095298767,"Gunshot, gunfire | Machine gun",163460-6-0-0.wav,163460.0,0.0,0.672222,1.0,6.0,gun_shot,clotho,danger_risk,1.0,,,,,,1,danger risk,163460-6-0-0.wav,gun_shot,False,original,2010
ESC50,thunderstorm,0,2-39441-A-19.wav,thunder rumbles in the distance as rain falls,thunderstorm,ESC50,2.0,-0.8640862107276917,Thunderstorm | Thunder | Rain,,,,,,,,,,,,,,,,0,no danger risk,2-39441-A-19.wav,thunderstorm,False,original,634
ESC50,drinking_sipping,0,3-185456-A-29.wav,a person is drinking water from a bottle and breathing in the background,drinking_sipping,ESC50,3.0,-1.5583524703979492,,,,,,,,,,,,,,,,,0,no danger risk,3-185456-A-29.wav,drinking_sipping,False,original,1125
ESC50,mouse_click,0,2-146877-B-31.wav,a person is typing on a keyboard and clicking it,mouse_click,ESC50,2.0,-1.123180627822876,Clicking,,,,,,,,,,,,,,,,0,no danger risk,2-146877-B-31.wav,mouse_click,False,original,576
ESC50,sneezing,1,1-81883-A-21.wav,a person is sneezing twice and then coughs again,sneezing,ESC50,1.0,-1.5235893726348877,Sneeze,,,,,,,,,,,,,,,,1,danger risk,1-81883-A-21.wav,sneezing,False,original,366
ESC50,frog,0,2-52085-A-4.wav,frogs are croaking in the background and a frog is quacking,frog,ESC50,2.0,-1.3076056241989136,Frog | Croak,,,,,,,,,,,,,,,,0,no danger risk,2-52085-A-4.wav,frog,False,original,655
ESC50,frog,0,3-70962-A-4.wav,a frog is croaking with other birds chirping in the background,frog,ESC50,3.0,-0.9696995615959167,Frog,,,,,,,,,,,,,,,,0,no danger risk,3-70962-A-4.wav,frog,False,original,1173
ESC50,airplane,0,4-161105-B-47.wav,an airplane is flying overhead and getting ready to take off,airplane,ESC50,4.0,-1.2863497734069824,"Vehicle | Aircraft | Propeller, airscrew | Fixed-wing aircraft, airplane",,,,,,,,,,,,,,,,0,no danger risk,4-161105-B-47.wav,airplane,False,original,1304
ESC50,clock_alarm,0,4-209698-A-37.wav,a telephone rings three times and then stops for a moment before ringing again,clock_alarm,ESC50,,,,,,,,,,,,,,,,,,,0,no danger risk,4-209698-A-37.wav,clock_alarm,False,original,1543
ESC50,clapping,0,4-189832-A-22.wav,a crowd of people are clapping and applauding,clapping,ESC50,4.0,-1.1881554126739502,Applause,,,,,,,,,,,,,,,,0,no danger risk,4-189832-A-22.wav,clapping,False,original,1472
ESC50,clock_alarm,0,5-219242-A-37.wav,an alarm clock is beeping loudly and then stops,clock_alarm,ESC50,5.0,-1.3610740900039673,Alarm | Alarm clock,,,,,,,,,,,,,,,,0,no danger risk,5-219242-A-37.wav,clock_alarm,False,original,1842
ESC50,chirping_birds,0,2-108761-A-14.wav,birds are chirping and singing in the background,chirping_birds,ESC50,2.0,-0.9664075374603271,"Bird | Bird vocalization, bird call, bird song | Environmental noise",,,,,,,,,,,,,,,,0,no danger risk,2-108761-A-14.wav,chirping_birds,False,original,450
ESC50,cat,0,4-161303-A-5.wav,a cat meowing and crying at a steady pace,cat,ESC50,4.0,-1.0153517723083496,Animal | Cat | Meow,,,,,,,,,,,,,,,,0,no danger risk,4-161303-A-5.wav,cat,False,original,1306
ESC50,crying_baby,1,3-152007-C-20.wav,a baby is crying and making a loud babbling sound,crying_baby,ESC50,3.0,-1.3271106481552124,"Wail, moan",,,,,,,,,,,,,,,,1,danger risk,3-152007-C-20.wav,crying_baby,False,original,1009
ESC50,engine,0,1-50455-A-44.wav,an engine is idling and then it idles and then starts again,engine,ESC50,,,,,,,,,,,,,,,,,,,0,no danger risk,1-50455-A-44.wav,engine,False,original,240
ESC50,can_opening,0,3-148932-A-34.wav,someone is opening and closing a can of soda,can_opening,ESC50,3.0,-1.3837037086486816,Crunch,,,,,,,,,,,,,,,,0,no danger risk,3-148932-A-34.wav,can_opening,False,original,985
ESC50,water_drops,0,3-166324-A-15.wav,someone is tapping on a metal object with a stick,water_drops,ESC50,3.0,-1.152849555015564,Clock,,,,,,,,,,,,,,,,0,no danger risk,3-166324-A-15.wav,water_drops,False,original,1089
UrbanSound8K,gun_shot,1,159702-6-5-0.wav,a gun is fired in a dozen gunshots,gun_shot,,6.0,-1.8487777709960933,Whip,159702-6-5-0.wav,159702.0,3.003087,3.621884,1.0,6.0,gun_shot,clotho,danger_risk,1.0,,,,,,1,danger risk,159702-6-5-0.wav,gun_shot,False,original,2021
ESC50,thunderstorm,0,1-24524-B-19.wav,thunder rolls in the distance as rain falls,thunderstorm,ESC50,1.0,-1.159706950187683,Thunderstorm | Thunder | Rain,,,,,,,,,,,,,,,,0,no danger risk,1-24524-B-19.wav,thunderstorm,False,original,127
ESC50,siren,1,4-111671-A-42.wav,a siren is blaring and a police car is driving by,siren,ESC50,,,,,,,,,,,,,,,,,,,1,danger risk,4-111671-A-42.wav,siren,False,original,1208
ESC50,insects,0,4-191246-B-7.wav,a person holding a plastic bag of paper,insects,ESC50,4.0,-1.8239893913269043,Speech | Fart,,,,,,,,,,,,,,,,0,no danger risk,4-191246-B-7.wav,insects,False,original,1479
ESC50,dog,1,2-114587-A-0.wav,a dog is barking and growling at a medium pitch,dog,ESC50,,,,,,,,,,,,,,,,,,,1,danger risk,2-114587-A-0.wav,dog,False,original,479
ESC50,frog,0,5-189795-A-4.wav,a frog is croaking and frogs croak in the background,frog,ESC50,5.0,-1.1430234909057615,Frog | Croak,,,,,,,,,,,,,,,,0,no danger risk,5-189795-A-4.wav,frog,False,original,1697
ESC50,breathing,0,5-235593-A-23.wav,a person is breathing heavily in their breath,breathing,ESC50,5.0,-1.302587628364563,Gasp | Snort,,,,,,,,,,,,,,,,0,no danger risk,5-235593-A-23.wav,breathing,False,original,1892
ESC50,snoring,0,4-180337-A-28.wav,a person is snoring very loudly and steadily,snoring,ESC50,4.0,-1.0453993082046509,Snoring,,,,,,,,,,,,,,,,0,no danger risk,4-180337-A-28.wav,snoring,False,original,1400
ESC50,crow,0,3-117293-A-9.wav,birds are chirping in the background while a bird is cawing in the distance,crow,ESC50,3.0,-1.128918170928955,Animal | Crow | Caw,,,,,,,,,,,,,,,,0,no danger risk,3-117293-A-9.wav,crow,False,original,851
ESC50,engine,0,5-243773-A-44.wav,an engine is idling and then it starts to idle,engine,ESC50,5.0,-1.4314088821411133,Vehicle | Engine | Engine knocking | Idling,,,,,,,,,,,,,,,,0,no danger risk,5-243773-A-44.wav,engine,False,original,1923
ESC50,thunderstorm,0,3-103051-B-19.wav,thunder rolls in the distance and then fades away,thunderstorm,ESC50,3.0,-1.1637427806854248,Thunderstorm | Thunder,,,,,,,,,,,,,,,,0,no danger risk,3-103051-B-19.wav,thunderstorm,False,original,811
ESC50,clock_alarm,0,3-132340-A-37.wav,an alarm is going off and a bell is ringing,clock_alarm,ESC50,3.0,-1.1910744905471802,Alarm | Alarm clock,,,,,,,,,,,,,,,,0,no danger risk,3-132340-A-37.wav,clock_alarm,False,original,909
ESC50,breathing,0,5-213293-A-23.wav,a person is breathing heavily and steadily in their nose,breathing,ESC50,5.0,-1.3665634393692017,Wheeze,,,,,,,,,,,,,,,,0,no danger risk,5-213293-A-23.wav,breathing,False,original,1805
ESC50,pouring_water,0,5-214362-A-17.wav,liquid is poured into a glass jar and then pouring water into a cup,pouring_water,ESC50,5.0,-1.3886054754257202,Liquid | Fill (with liquid),,,,,,,,,,,,,,,,0,no danger risk,5-214362-A-17.wav,pouring_water,False,original,1812
ESC50,clock_tick,0,3-164688-A-38.wav,a ticking clock ticks as the second hand of a pendulum is clicking,clock_tick,ESC50,3.0,-1.7911185026168823,Tick | Tick-tock,,,,,,,,,,,,,,,,0,no danger risk,3-164688-A-38.wav,clock_tick,False,original,1085
ESC50,drinking_sipping,0,4-188191-B-29.wav,someone is pouring a drink into a cup,drinking_sipping,ESC50,4.0,-1.4736027717590332,"Burping, eructation",,,,,,,,,,,,,,,,0,no danger risk,4-188191-B-29.wav,drinking_sipping,False,original,1458
ESC50,snoring,0,4-184237-A-28.wav,a person is snoring very loudly in their sleep,snoring,ESC50,4.0,-1.0639489889144895,Snoring,,,,,,,,,,,,,,,,0,no danger risk,4-184237-A-28.wav,snoring,False,original,1433
ESC50,keyboard_typing,0,3-155568-A-32.wav,someone is typing on a keyboard with a pencil,keyboard_typing,ESC50,3.0,-1.1045479774475098,Typing | Computer keyboard,,,,,,,,,,,,,,,,0,no danger risk,3-155568-A-32.wav,keyboard_typing,False,original,1033
ESC50,footsteps,0,3-103598-A-25.wav,a person is walking on a gravel path,footsteps,ESC50,3.0,-1.1925603151321411,"Walk, footsteps",,,,,,,,,,,,,,,,0,no danger risk,3-103598-A-25.wav,footsteps,False,original,818
ESC50,snoring,0,3-124795-A-28.wav,a person is snoring very slowly and then quickly,snoring,ESC50,3.0,-1.5418598651885986,Speech,,,,,,,,,,,,,,,,0,no danger risk,3-124795-A-28.wav,snoring,False,original,885
ESC50,crow,0,1-103298-A-9.wav,a bird is squawking loudly while other birds are chirping in the background,crow,ESC50,1.0,-0.909447968006134,Animal | Bird | Crow | Caw,,,,,,,,,,,,,,,,0,no danger risk,1-103298-A-9.wav,crow,False,original,8
ESC50,coughing,1,4-169726-A-24.wav,a person coughs five times and then burps again,coughing,ESC50,4.0,-1.1468948125839231,Throat clearing,,,,,,,,,,,,,,,,1,danger risk,4-169726-A-24.wav,coughing,False,original,1352
ESC50,cat,0,3-146965-A-5.wav,a cat is purring and meowing at the same time,cat,ESC50,3.0,-0.9423282146453856,"Animal | Domestic animals, pets | Cat | Caterwaul",,,,,,,,,,,,,,,,0,no danger risk,3-146965-A-5.wav,cat,False,original,978
ESC50,pouring_water,0,1-51436-A-17.wav,liquid is poured into a glass jar and then more water is pouring into a container,pouring_water,ESC50,1.0,-1.391455054283142,Water,,,,,,,,,,,,,,,,0,no danger risk,1-51436-A-17.wav,pouring_water,False,original,251
ESC50,pouring_water,0,2-102414-E-17.wav,a liquid is poured into a container that is filled with water,pouring_water,ESC50,2.0,-1.1081091165542605,Water | Liquid,,,,,,,,,,,,,,,,0,no danger risk,2-102414-E-17.wav,pouring_water,False,original,407
ESC50,door_wood_creaks,0,5-191497-A-33.wav,a squeaky door is being opened and closed repeatedly,door_wood_creaks,ESC50,5.0,-0.9082986116409302,,,,,,,,,,,,,,,,,0,no danger risk,5-191497-A-33.wav,door_wood_creaks,False,original,1699
ESC50,car_horn,1,1-24076-A-43.wav,a car horn honks and a vehicle drives by,car_horn,ESC50,1.0,-1.3360878229141235,Vehicle | Toot,,,,,,,,,,,,,,,,1,danger risk,1-24076-A-43.wav,car_horn,False,original,125
ESC50,brushing_teeth,0,5-185516-A-27.wav,someone is brushing their teeth with a toothbrush,brushing_teeth,ESC50,,,,,,,,,,,,,,,,,,,0,no danger risk,5-185516-A-27.wav,brushing_teeth,False,original,1679
ESC50,crickets,0,2-96033-A-13.wav,a cricket is chirping in the background and a bird is singing,crickets,ESC50,2.0,-1.1577783823013306,Insect | Cricket,,,,,,,,,,,,,,,,0,no danger risk,2-96033-A-13.wav,crickets,False,original,787
ESC50,chainsaw,1,1-19898-B-41.wav,a chainsaw is cutting through a piece of wood,chainsaw,ESC50,1.0,-1.3004266023635864,Chainsaw,,,,,,,,,,,,,,,,1,danger risk,1-19898-B-41.wav,chainsaw,False,original,93
ESC50,wind,0,2-109371-A-16.wav,the wind is blowing very strongly and strong winds blow,wind,ESC50,2.0,-1.2960940599441528,Vehicle,,,,,,,,,,,,,,,,0,no danger risk,2-109371-A-16.wav,wind,False,original,460
ESC50,church_bells,0,2-56926-A-46.wav,church bells are ringing loudly in the tower,church_bells,ESC50,2.0,-1.1631604433059692,Church bell,,,,,,,,,,,,,,,,0,no danger risk,2-56926-A-46.wav,church_bells,False,original,661
ESC50,sea_waves,0,3-155642-A-11.wav,waves are crashing against the shore and the wind is blowing,sea_waves,ESC50,3.0,-0.9249845147132874,"Ocean | Waves, surf",,,,,,,,,,,,,,,,0,no danger risk,3-155642-A-11.wav,sea_waves,False,original,1040
ESC50,sheep,0,1-196660-B-8.wav,a sheep bleats loudly in the background,sheep,ESC50,1.0,-1.41905677318573,Bleat | Sheep,,,,,,,,,,,,,,,,0,no danger risk,1-196660-B-8.wav,sheep,False,original,88
UrbanSound8K,gun_shot,1,135527-6-14-3.wav,a gun is fired in the distance and then a match is lit,gun_shot,,7.0,-1.4423401355743408,"Gunshot, gunfire | Artillery fire",135527-6-14-3.wav,135527.0,49.906976,53.906976,2.0,6.0,gun_shot,clotho,danger_risk,1.0,,,,,,1,danger risk,135527-6-14-3.wav,gun_shot,False,original,2001
ESC50,washing_machine,0,3-151269-A-35.wav,a washing machine is running at a constant speed,washing_machine,ESC50,3.0,-0.9987913966178894,,,,,,,,,,,,,,,,,0,no danger risk,3-151269-A-35.wav,washing_machine,False,original,1003
UrbanSound8K,gun_shot,1,46656-6-0-0.wav,a gun is being fired in the distance,gun_shot,,1.0,-1.3769830465316772,Whip,46656-6-0-0.wav,46656.0,0.247654,1.666033,1.0,6.0,gun_shot,clotho,danger_risk,1.0,,,,,,1,danger risk,46656-6-0-0.wav,gun_shot,False,original,2000
ESC50,vacuum_cleaner,0,2-141681-B-36.wav,a vacuum cleaner is running at a high speed,vacuum_cleaner,ESC50,2.0,-1.1091384887695312,Vacuum cleaner,,,,,,,,,,,,,,,,0,no danger risk,2-141681-B-36.wav,vacuum_cleaner,False,original,570
ESC50,siren,1,5-117118-A-42.wav,a civil defense siren is going off in a high pitch,siren,ESC50,5.0,-1.515238642692566,Siren | Civil defense siren,,,,,,,,,,,,,,,,1,danger risk,5-117118-A-42.wav,siren,False,original,1606
ESC50,laughing,0,3-152997-A-26.wav,a person is laughing and talking while they laugh their nose,laughing,ESC50,3.0,-1.6448653936386108,Speech,,,,,,,,,,,,,,,,0,no danger risk,3-152997-A-26.wav,laughing,False,original,1019
ESC50,sneezing,1,1-47274-A-21.wav,a person is sneezing twice and then blows their nose,sneezing,ESC50,,,,,,,,,,,,,,,,,,,1,danger risk,1-47274-A-21.wav,sneezing,False,original,226
ESC50,can_opening,0,2-83688-A-34.wav,a lighter is being opened and closed over and over again,can_opening,ESC50,,,,,,,,,,,,,,,,,,,0,no danger risk,2-83688-A-34.wav,can_opening,False,original,755
ESC50,clapping,0,2-25293-A-22.wav,a crowd of people are clapping and cheering at a steady pace,clapping,ESC50,2.0,-0.9331830143928528,Speech | Clapping,,,,,,,,,,,,,,,,0,no danger risk,2-25293-A-22.wav,clapping,False,original,618
ESC50,rain,0,3-157149-A-10.wav,rain is pouring down on the roof of a house,rain,ESC50,3.0,-1.3666441440582275,Rain on surface | Stream | Waterfall,,,,,,,,,,,,,,,,0,no danger risk,3-157149-A-10.wav,rain,False,original,1050
ESC50,chirping_birds,0,5-242490-A-14.wav,birds are chirping and tweeting in the background,chirping_birds,ESC50,5.0,-1.0047117471694946,"Bird | Bird vocalization, bird call, bird song | Chirp, tweet",,,,,,,,,,,,,,,,0,no danger risk,5-242490-A-14.wav,chirping_birds,False,original,1909
ESC50,pouring_water,0,2-126433-A-17.wav,water is poured into a container and then pouring into a cup,pouring_water,ESC50,2.0,-1.434937596321106,Water | Drip,,,,,,,,,,,,,,,,0,no danger risk,2-126433-A-17.wav,pouring_water,False,original,536
ESC50,hand_saw,0,3-97909-B-49.wav,a person is sawing a piece of wood,hand_saw,ESC50,3.0,-1.108507752418518,Sawing | Wood,,,,,,,,,,,,,,,,0,no danger risk,3-97909-B-49.wav,hand_saw,False,original,1196
ESC50,frog,0,1-15689-A-4.wav,frogs are croaking in the background with one bird in the foreground,frog,ESC50,1.0,-1.202794909477234,Frog | Croak,,,,,,,,,,,,,,,,0,no danger risk,1-15689-A-4.wav,frog,False,original,45
ESC50,washing_machine,0,1-23996-B-35.wav,a machine is running at a constant speed and volume,washing_machine,ESC50,1.0,-1.0494812726974487,Vehicle | Heavy engine (low frequency),,,,,,,,,,,,,,,,0,no danger risk,1-23996-B-35.wav,washing_machine,False,original,123
ESC50,brushing_teeth,0,1-68628-A-27.wav,someone is brushing their teeth with their mouth open,brushing_teeth,ESC50,1.0,-0.7649457454681396,Toothbrush,,,,,,,,,,,,,,,,0,no danger risk,1-68628-A-27.wav,brushing_teeth,False,original,322
UrbanSound8K,gun_shot,1,162435-6-3-0.wav,a gun is fired and gunshots firing shots and a gunshot is being shot,gun_shot,,4.0,-2.3836982250213623,"Gunshot, gunfire | Machine gun",162435-6-3-0.wav,162435.0,2.27278,3.004229,1.0,6.0,gun_shot,clotho,danger_risk,1.0,,,,,,1,danger risk,162435-6-3-0.wav,gun_shot,False,original,2017
ESC50,mouse_click,0,3-185313-A-31.wav,a person is typing on a keyboard and writing on a piece of paper,mouse_click,ESC50,3.0,-0.9094324111938475,Computer keyboard | Writing,,,,,,,,,,,,,,,,0,no danger risk,3-185313-A-31.wav,mouse_click,False,original,1124
ESC50,vacuum_cleaner,0,1-19840-A-36.wav,a machine is running at a constant speed and steady,vacuum_cleaner,ESC50,1.0,-1.0785183906555176,,,,,,,,,,,,,,,,,0,no danger risk,1-19840-A-36.wav,vacuum_cleaner,False,original,89
ESC50,church_bells,0,4-125825-B-46.wav,church bells are ringing loudly and consistently but at a steady rate,church_bells,ESC50,4.0,-1.4283726215362549,Church bell,,,,,,,,,,,,,,,,0,no danger risk,4-125825-B-46.wav,church_bells,False,original,1229
ESC50,helicopter,0,5-205898-A-40.wav,an airplane is flying overhead and getting ready to take off,helicopter,ESC50,5.0,-1.160014510154724,Vehicle | Helicopter,,,,,,,,,,,,,,,,0,no danger risk,5-205898-A-40.wav,helicopter,False,original,1771
ESC50,vacuum_cleaner,0,3-152020-C-36.wav,a vacuum cleaner is being used to cut up and down,vacuum_cleaner,ESC50,3.0,-1.1673115491867063,Blender | Vacuum cleaner,,,,,,,,,,,,,,,,0,no danger risk,3-152020-C-36.wav,vacuum_cleaner,False,original,1014
ESC50,cow,0,1-16568-A-3.wav,several cows are mooing in the distance,cow,ESC50,1.0,-1.0978646278381348,"Livestock, farm animals, working animals | Cattle, bovinae | Moo",,,,,,,,,,,,,,,,0,no danger risk,1-16568-A-3.wav,cow,False,original,49
ESC50,chirping_birds,0,4-216211-A-14.wav,a bird is chirping in the foreground with a lot of birds in the background,chirping_birds,ESC50,4.0,-0.9583117961883544,Bird,,,,,,,,,,,,,,,,0,no danger risk,4-216211-A-14.wav,chirping_birds,False,original,1559
ESC50,drinking_sipping,0,2-122763-A-29.wav,a person is drinking water from a container to make a lot of bubbles,drinking_sipping,ESC50,2.0,-1.643572449684143,Stomach rumble,,,,,,,,,,,,,,,,0,no danger risk,2-122763-A-29.wav,drinking_sipping,False,original,524
ESC50,toilet_flush,0,5-197913-A-18.wav,a toilet is flushed and water is flushing,toilet_flush,ESC50,5.0,-1.422060489654541,Toilet flush,,,,,,,,,,,,,,,,0,no danger risk,5-197913-A-18.wav,toilet_flush,False,original,1721
ESC50,crackling_fire,0,4-171207-A-12.wav,water is dripping from a faucet into a metal container,crackling_fire,ESC50,4.0,-1.4112143516540527,,,,,,,,,,,,,,,,,0,no danger risk,4-171207-A-12.wav,crackling_fire,False,original,1356
ESC50,toilet_flush,0,4-119720-A-18.wav,a toilet is flushed and the water is flushing,toilet_flush,ESC50,4.0,-1.3341774940490725,Water | Toilet flush,,,,,,,,,,,,,,,,0,no danger risk,4-119720-A-18.wav,toilet_flush,False,original,1220
ESC50,keyboard_typing,0,1-61212-A-32.wav,a person is typing on a keyboard and types on a typewriter,keyboard_typing,ESC50,1.0,-1.1649712324142456,Typing | Computer keyboard,,,,,,,,,,,,,,,,0,no danger risk,1-61212-A-32.wav,keyboard_typing,False,original,302
ESC50,breathing,0,1-36393-A-23.wav,a person is grunting and groaning in pain,breathing,ESC50,,,,,,,,,,,,,,,,,,,0,no danger risk,1-36393-A-23.wav,breathing,False,original,185
ESC50,coughing,1,5-178997-A-24.wav,a person coughs five times and then coughing again,coughing,ESC50,5.0,-1.2205405235290527,Cough | Throat clearing,,,,,,,,,,,,,,,,1,danger risk,5-178997-A-24.wav,coughing,False,original,1657
ESC50,snoring,0,1-40967-A-28.wav,a person is breathing heavily in the background,snoring,ESC50,1.0,-1.20356285572052,Snort,,,,,,,,,,,,,,,,0,no danger risk,1-40967-A-28.wav,snoring,False,original,202
ESC50,breathing,0,2-54962-A-23.wav,a person is making a loud roaring sound,breathing,ESC50,,,,,,,,,,,,,,,,,,,0,no danger risk,2-54962-A-23.wav,breathing,False,original,660
ESC50,siren,1,4-90014-B-42.wav,a police car with a siren is blaring and traffic noise in the background,siren,ESC50,,,,,,,,,,,,,,,,,,,1,danger risk,4-90014-B-42.wav,siren,False,original,1593
ESC50,dog,1,3-180977-A-0.wav,a dog is barking and growling at a medium pitch,dog,ESC50,,,,,,,,,,,,,,,,,,,1,danger risk,3-180977-A-0.wav,dog,False,original,1117
ESC50,laughing,0,4-133674-A-26.wav,a person is laughing and making a loud roaring sound,laughing,ESC50,4.0,-1.5208072662353516,Sound effect | Echo,,,,,,,,,,,,,,,,0,no danger risk,4-133674-A-26.wav,laughing,False,original,1245
ESC50,glass_breaking,1,3-203374-A-39.wav,glass is broken by a person breaking a metal object,glass_breaking,ESC50,,,,,,,,,,,,,,,,,,,1,danger risk,3-203374-A-39.wav,glass_breaking,False,original,1139
ESC50,sheep,0,2-196688-A-8.wav,a sheep bleats and a cow moos in the background,sheep,ESC50,2.0,-0.9629321694374084,Animal | Bleat | Sheep,,,,,,,,,,,,,,,,0,no danger risk,2-196688-A-8.wav,sheep,False,original,606
ESC50,can_opening,0,1-58846-A-34.wav,a person is using a shovel to dig into the ground,can_opening,ESC50,1.0,-1.1831979751586914,Cap gun,,,,,,,,,,,,,,,,0,no danger risk,1-58846-A-34.wav,can_opening,False,original,291
ESC50,pouring_water,0,2-102414-F-17.wav,water is being poured into a container at a steady pace,pouring_water,ESC50,2.0,-1.037198781967163,Water | Liquid,,,,,,,,,,,,,,,,0,no danger risk,2-102414-F-17.wav,pouring_water,False,original,408
ESC50,rooster,0,5-194930-B-1.wav,a chicken is clucking while a rooster is crowing,rooster,ESC50,5.0,-0.9948213696479796,"Fowl | Chicken, rooster | Crowing, cock-a-doodle-doo | Bird",,,,,,,,,,,,,,,,0,no danger risk,5-194930-B-1.wav,rooster,False,original,1711
ESC50,chainsaw,1,3-118972-B-41.wav,a chainsaw is started and then revved up and down,chainsaw,ESC50,3.0,-1.671319603919983,Chainsaw,,,,,,,,,,,,,,,,1,danger risk,3-118972-B-41.wav,chainsaw,False,original,867
ESC50,dog,1,4-194754-A-0.wav,a dog is barking loudly at a steady pace,dog,ESC50,,,,,,,,,,,,,,,,,,,1,danger risk,4-194754-A-0.wav,dog,False,original,1490
ESC50,helicopter,0,5-191131-A-40.wav,an airplane is flying overhead while the wind is blowing in the background,helicopter,ESC50,5.0,-0.97811758518219,Vehicle | Aircraft,,,,,,,,,,,,,,,,0,no danger risk,5-191131-A-40.wav,helicopter,False,original,1698
ESC50,rain,0,5-202898-A-10.wav,water is pouring down and splashing on a roof,rain,ESC50,5.0,-1.4253885746002195,Rain | Raindrop | Rain on surface,,,,,,,,,,,,,,,,0,no danger risk,5-202898-A-10.wav,rain,False,original,1759
ESC50,hen,0,4-200330-B-6.wav,a chicken is clucking while birds are chirping in the background,hen,ESC50,4.0,-0.7542588114738464,"Fowl | Chicken, rooster | Cluck",,,,,,,,,,,,,,,,0,no danger risk,4-200330-B-6.wav,hen,False,original,1517
ESC50,crackling_fire,0,4-170247-B-12.wav,a fire is burning and crackling as it burns,crackling_fire,ESC50,4.0,-0.9897015690803528,Fire,,,,,,,,,,,,,,,,0,no danger risk,4-170247-B-12.wav,crackling_fire,False,original,1355
ESC50,crackling_fire,0,1-4211-A-12.wav,a fire is burning and crackling and popping as it burns,crackling_fire,ESC50,1.0,-1.3172647953033447,Fire,,,,,,,,,,,,,,,,0,no danger risk,1-4211-A-12.wav,crackling_fire,False,original,204
ESC50,sea_waves,0,5-200461-A-11.wav,waves crash against the shore on the beach,sea_waves,ESC50,5.0,-0.973546266555786,"Ocean | Waves, surf",,,,,,,,,,,,,,,,0,no danger risk,5-200461-A-11.wav,sea_waves,False,original,1748
ESC50,door_wood_knock,0,1-101336-A-30.wav,a person is knocking on a wooden door and then tapping on a hard surface,door_wood_knock,ESC50,1.0,-1.24000346660614,Knock,,,,,,,,,,,,,,,,0,no danger risk,1-101336-A-30.wav,door_wood_knock,False,original,6
ESC50,fireworks,0,3-172922-A-48.wav,fireworks are going off in the distance,fireworks,ESC50,3.0,-0.8457207679748535,Fireworks | Firecracker,,,,,,,,,,,,,,,,0,no danger risk,3-172922-A-48.wav,fireworks,False,original,1109
ESC50,laughing,0,1-33658-A-26.wav,a baby is laughing and another person is giggling,laughing,ESC50,,,,,,,,,,,,,,,,,,,0,no danger risk,1-33658-A-26.wav,laughing,False,original,174
ESC50,washing_machine,0,1-32373-B-35.wav,a machine is running at a constant speed,washing_machine,ESC50,1.0,-1.0089316368103027,,,,,,,,,,,,,,,,,0,no danger risk,1-32373-B-35.wav,washing_machine,False,original,172
ESC50,crickets,0,4-195805-A-13.wav,crickets are chirping in the background as a train passes by,crickets,ESC50,4.0,-1.2468879222869873,,,,,,,,,,,,,,,,,0,no danger risk,4-195805-A-13.wav,crickets,False,original,1499
ESC50,siren,1,2-70936-A-42.wav,a siren is blaring and a police car is driving by,siren,ESC50,,,,,,,,,,,,,,,,,,,1,danger risk,2-70936-A-42.wav,siren,False,original,699
ESC50,keyboard_typing,0,2-109316-A-32.wav,a person is typing on a keyboard and types on a typewriter,keyboard_typing,ESC50,2.0,-1.0827540159225464,Typing | Computer keyboard,,,,,,,,,,,,,,,,0,no danger risk,2-109316-A-32.wav,keyboard_typing,False,original,459
ESC50,sea_waves,0,4-167063-B-11.wav,waves are crashing against the shore and splashing the ocean,sea_waves,ESC50,4.0,-1.2232974767684937,"Wind | Wind noise (microphone) | Ocean | Waves, surf",,,,,,,,,,,,,,,,0,no danger risk,4-167063-B-11.wav,sea_waves,False,original,1338
ESC50,rooster,0,1-34119-B-1.wav,a chicken is crowing and a rooster crows,rooster,ESC50,,,,,,,,,,,,,,,,,,,0,no danger risk,1-34119-B-1.wav,rooster,False,original,178
ESC50,coughing,1,3-125418-A-24.wav,a person coughs five times and then coughing again,coughing,ESC50,,,,,,,,,,,,,,,,,,,1,danger risk,3-125418-A-24.wav,coughing,False,original,888
ESC50,door_wood_knock,0,5-235644-A-30.wav,someone is knocking on a door five times at a consistent rate,door_wood_knock,ESC50,,,,,,,,,,,,,,,,,,,0,no danger risk,5-235644-A-30.wav,door_wood_knock,False,original,1893
ESC50,crickets,0,2-125821-A-13.wav,a cricket is chirping and the water is flowing,crickets,ESC50,2.0,-1.1702297925949097,Insect | Cricket,,,,,,,,,,,,,,,,0,no danger risk,2-125821-A-13.wav,crickets,False,original,533
ESC50,church_bells,0,4-156827-A-46.wav,church bells are ringing in the tower,church_bells,ESC50,4.0,-1.2566248178482056,Change ringing (campanology),,,,,,,,,,,,,,,,0,no danger risk,4-156827-A-46.wav,church_bells,False,original,1284
ESC50,rooster,0,3-145382-A-1.wav,a chicken is crowing and a rooster crows,rooster,ESC50,3.0,-1.0972580909729004,"Fowl | Chicken, rooster | Crowing, cock-a-doodle-doo",,,,,,,,,,,,,,,,0,no danger risk,3-145382-A-1.wav,rooster,False,original,967
ESC50,rooster,0,5-200334-B-1.wav,a chicken is crowing and clucking while other birds are chirping in the background,rooster,ESC50,5.0,-0.9573838710784912,"Fowl | Chicken, rooster | Crowing, cock-a-doodle-doo",,,,,,,,,,,,,,,,0,no danger risk,5-200334-B-1.wav,rooster,False,original,1746
ESC50,dog,1,5-212454-A-0.wav,a dog is barking loudly at a steady pace,dog,ESC50,,,,,,,,,,,,,,,,,,,1,danger risk,5-212454-A-0.wav,dog,False,original,1800
ESC50,clock_tick,0,3-170383-A-38.wav,a clock is ticking and a pendulum ticks,clock_tick,ESC50,3.0,-1.4419339895248413,Clock,,,,,,,,,,,,,,,,0,no danger risk,3-170383-A-38.wav,clock_tick,False,original,1100
UrbanSound8K,gun_shot,1,148827-6-4-0.wav,a gun is being fired in a gunshots,gun_shot,,7.0,-1.8743765354156487,Whip,148827-6-4-0.wav,148827.0,5.17942,5.746939,1.0,6.0,gun_shot,clotho,danger_risk,1.0,,,,,,1,danger risk,148827-6-4-0.wav,gun_shot,False,original,2009
ESC50,hand_saw,0,3-96606-A-49.wav,a person is sawing wood with a saw,hand_saw,ESC50,3.0,-1.5275169610977173,Sawing | Wood | Rub,,,,,,,,,,,,,,,,0,no danger risk,3-96606-A-49.wav,hand_saw,False,original,1193
ESC50,brushing_teeth,0,1-17092-A-27.wav,someone is brushing their teeth with a toothbrush,brushing_teeth,ESC50,1.0,-0.9283201694488524,,,,,,,,,,,,,,,,,0,no danger risk,1-17092-A-27.wav,brushing_teeth,False,original,51
ESC50,fireworks,0,2-117615-B-48.wav,fireworks are going off in the distance,fireworks,ESC50,2.0,-0.8159593343734741,Fireworks | Firecracker,,,,,,,,,,,,,,,,0,no danger risk,2-117615-B-48.wav,fireworks,False,original,487
ESC50,crackling_fire,0,1-7057-A-12.wav,a fire burns and crackles as it is crackling,crackling_fire,ESC50,1.0,-1.3567417860031128,Wind | Fire,,,,,,,,,,,,,,,,0,no danger risk,1-7057-A-12.wav,crackling_fire,False,original,330
ESC50,insects,0,5-194932-A-7.wav,a bee is buzzing around a hive,insects,ESC50,5.0,-1.183226227760315,"Insect | Fly, housefly",,,,,,,,,,,,,,,,0,no danger risk,5-194932-A-7.wav,insects,False,original,1712
ESC50,crackling_fire,0,3-104632-A-12.wav,a man is speaking while people are talking in the background,crackling_fire,ESC50,3.0,-0.7747252583503723,Speech,,,,,,,,,,,,,,,,0,no danger risk,3-104632-A-12.wav,crackling_fire,False,original,821
ESC50,brushing_teeth,0,2-96904-A-27.wav,a person is brushing their teeth with their mouth,brushing_teeth,ESC50,2.0,-0.8377375602722168,Toothbrush,,,,,,,,,,,,,,,,0,no danger risk,2-96904-A-27.wav,brushing_teeth,False,original,791
ESC50,footsteps,0,4-117627-A-25.wav,a person is walking on a gravel path,footsteps,ESC50,4.0,-1.139698505401611,,,,,,,,,,,,,,,,,0,no danger risk,4-117627-A-25.wav,footsteps,False,original,1210
ESC50,airplane,0,5-215447-A-47.wav,the wind is blowing very strongly and a plane is flying overhead,airplane,ESC50,5.0,-1.237911820411682,Eruption,,,,,,,,,,,,,,,,0,no danger risk,5-215447-A-47.wav,airplane,False,original,1820
ESC50,pouring_water,0,5-207781-A-17.wav,water is being poured into a container at a steady pace,pouring_water,ESC50,5.0,-0.9634707570075988,Water | Liquid | Fill (with liquid),,,,,,,,,,,,,,,,0,no danger risk,5-207781-A-17.wav,pouring_water,False,original,1773
ESC50,cow,0,4-213915-A-3.wav,a cow mooing cows moo loudly in the background,cow,ESC50,4.0,-1.4121965169906616,"Livestock, farm animals, working animals | Cattle, bovinae | Moo",,,,,,,,,,,,,,,,0,no danger risk,4-213915-A-3.wav,cow,False,original,1555
ESC50,glass_breaking,1,5-233607-A-39.wav,a person is hammering a metal object onto another hard surface,glass_breaking,ESC50,5.0,-1.229042887687683,,,,,,,,,,,,,,,,,1,danger risk,5-233607-A-39.wav,glass_breaking,False,original,1880
ESC50,wind,0,3-136608-A-16.wav,the wind is blowing and birds are chirping in the background,wind,ESC50,3.0,-0.8974297642707825,White noise | Pink noise,,,,,,,,,,,,,,,,0,no danger risk,3-136608-A-16.wav,wind,False,original,925
ESC50,dog,1,2-114280-A-0.wav,a dog is barking loudly at a steady pace,dog,ESC50,,,,,,,,,,,,,,,,,,,1,danger risk,2-114280-A-0.wav,dog,False,original,478
ESC50,siren,1,2-70939-A-42.wav,a siren is blaring and a police car alarm is going off,siren,ESC50,2.0,-1.2598919868469238,Emergency vehicle | Ambulance (siren) | Siren,,,,,,,,,,,,,,,,1,danger risk,2-70939-A-42.wav,siren,False,original,701
ESC50,train,0,2-122066-A-45.wav,a train is passing by on a railroad track,train,ESC50,2.0,-0.9014876484870912,"Vehicle | Rail transport | Train | Railroad car, train wagon | Clickety-clack",,,,,,,,,,,,,,,,0,no danger risk,2-122066-A-45.wav,train,False,original,517
ESC50,sheep,0,4-188703-A-8.wav,a sheep bleats loudly in the background as birds chirp in the distance,sheep,ESC50,4.0,-1.1648657321929932,Animal | Bleat | Sheep,,,,,,,,,,,,,,,,0,no danger risk,4-188703-A-8.wav,sheep,False,original,1464
ESC50,sea_waves,0,5-208810-A-11.wav,waves are crashing against the shore and splashing against the beach,sea_waves,ESC50,5.0,-1.0878123044967651,"Ocean | Waves, surf",,,,,,,,,,,,,,,,0,no danger risk,5-208810-A-11.wav,sea_waves,False,original,1783
ESC50,hand_saw,0,5-253101-C-49.wav,a saw is being used with a piece of wood,hand_saw,ESC50,5.0,-1.317542552947998,Sawing | Wood,,,,,,,,,,,,,,,,0,no danger risk,5-253101-C-49.wav,hand_saw,False,original,1963
ESC50,cow,0,4-181955-C-3.wav,a cow mooing cows moo loudly in the background,cow,ESC50,4.0,-1.3914467096328735,"Livestock, farm animals, working animals | Cattle, bovinae | Moo",,,,,,,,,,,,,,,,0,no danger risk,4-181955-C-3.wav,cow,False,original,1414
ESC50,church_bells,0,3-98193-A-46.wav,church bells are ringing loudly in the tower,church_bells,ESC50,3.0,-1.0504027605056765,Bell | Church bell,,,,,,,,,,,,,,,,0,no danger risk,3-98193-A-46.wav,church_bells,False,original,1197
ESC50,car_horn,1,1-28808-A-43.wav,a car horn is honking while traffic horns are blaring in the background,car_horn,ESC50,1.0,-1.290999412536621,Speech | Vehicle | Toot,,,,,,,,,,,,,,,,1,danger risk,1-28808-A-43.wav,car_horn,False,original,150
ESC50,pouring_water,0,1-67152-A-17.wav,water is being poured into a container at a steady pace,pouring_water,ESC50,1.0,-1.0096471309661863,Water | Liquid | Fill (with liquid),,,,,,,,,,,,,,,,0,no danger risk,1-67152-A-17.wav,pouring_water,False,original,319
ESC50,cat,0,3-95698-A-5.wav,a cat is meowing and crying at the same time,cat,ESC50,3.0,-1.003933072090149,"Animal | Domestic animals, pets | Cat | Meow",,,,,,,,,,,,,,,,0,no danger risk,3-95698-A-5.wav,cat,False,original,1192
ESC50,engine,0,1-22882-A-44.wav,an engine is idling and then it starts to idle,engine,ESC50,,,,,,,,,,,,,,,,,,,0,no danger risk,1-22882-A-44.wav,engine,False,original,116
ESC50,sea_waves,0,2-155801-A-11.wav,waves are crashing on the shore and the wind is blowing,sea_waves,ESC50,2.0,-0.9074559807777404,"Wind | Ocean | Waves, surf",,,,,,,,,,,,,,,,0,no danger risk,2-155801-A-11.wav,sea_waves,False,original,582
ESC50,vacuum_cleaner,0,5-263902-A-36.wav,a vacuum cleaner is running at a constant speed,vacuum_cleaner,ESC50,,,,,,,,,,,,,,,,,,,0,no danger risk,5-263902-A-36.wav,vacuum_cleaner,False,original,1996
ESC50,toilet_flush,0,4-135439-A-18.wav,a toilet is flushed two times and then the water is turned off,toilet_flush,ESC50,4.0,-1.307687759399414,Toilet flush,,,,,,,,,,,,,,,,0,no danger risk,4-135439-A-18.wav,toilet_flush,False,original,1247
ESC50,glass_breaking,1,1-84704-A-39.wav,glass bottles are broken and thrown onto the ground,glass_breaking,ESC50,1.0,-1.2395577430725098,Glass | Breaking,,,,,,,,,,,,,,,,1,danger risk,1-84704-A-39.wav,glass_breaking,False,original,370
ESC50,vacuum_cleaner,0,5-182007-A-36.wav,a machine is running at a constant speed and air is moving in the background,vacuum_cleaner,ESC50,5.0,-1.1882108449935913,,,,,,,,,,,,,,,,,0,no danger risk,5-182007-A-36.wav,vacuum_cleaner,False,original,1673
ESC50,brushing_teeth,0,4-154405-B-27.wav,someone is brushing their teeth with a toothbrush,brushing_teeth,ESC50,4.0,-0.8066989183425903,Toothbrush,,,,,,,,,,,,,,,,0,no danger risk,4-154405-B-27.wav,brushing_teeth,False,original,1277
ESC50,pig,0,3-253084-E-2.wav,a pig is oinking in the background,pig,ESC50,3.0,-1.0725919008255005,Animal | Pig,,,,,,,,,,,,,,,,0,no danger risk,3-253084-E-2.wav,pig,False,original,1158
ESC50,footsteps,0,5-234855-A-25.wav,someone is walking on a hard surface at a steady pace,footsteps,ESC50,5.0,-0.9504349827766418,"Walk, footsteps",,,,,,,,,,,,,,,,0,no danger risk,5-234855-A-25.wav,footsteps,False,original,1887
ESC50,helicopter,0,3-68630-A-40.wav,an airplane is flying overhead and a helicopter is in the background,helicopter,ESC50,3.0,-1.2139089107513428,Vehicle | Aircraft | Helicopter,,,,,,,,,,,,,,,,0,no danger risk,3-68630-A-40.wav,helicopter,False,original,1170
ESC50,chainsaw,1,2-50667-A-41.wav,a chainsaw is cutting through a piece of wood,chainsaw,ESC50,,,,,,,,,,,,,,,,,,,1,danger risk,2-50667-A-41.wav,chainsaw,False,original,645
ESC50,pouring_water,0,1-79220-A-17.wav,water is being poured into a glass at a steady pace,pouring_water,ESC50,1.0,-1.0408604145050049,Water | Liquid,,,,,,,,,,,,,,,,0,no danger risk,1-79220-A-17.wav,pouring_water,False,original,353
ESC50,crying_baby,1,5-198411-B-20.wav,a baby is crying and laughing with other sounds in the background,crying_baby,ESC50,,,,,,,,,,,,,,,,,,,1,danger risk,5-198411-B-20.wav,crying_baby,False,original,1729
ESC50,drinking_sipping,0,4-194808-A-29.wav,a person is breathing heavily and then another man coughs,drinking_sipping,ESC50,4.0,-1.5082859992980957,,,,,,,,,,,,,,,,,0,no danger risk,4-194808-A-29.wav,drinking_sipping,False,original,1491
ESC50,fireworks,0,1-115545-B-48.wav,fireworks are going off in the distance,fireworks,ESC50,1.0,-0.8734920024871826,Fireworks | Firecracker,,,,,,,,,,,,,,,,0,no danger risk,1-115545-B-48.wav,fireworks,False,original,18
ESC50,door_wood_knock,0,2-140841-A-30.wav,a person is knocking on a door five times,door_wood_knock,ESC50,2.0,-0.942674458026886,Knock,,,,,,,,,,,,,,,,0,no danger risk,2-140841-A-30.wav,door_wood_knock,False,original,566
ESC50,wind,0,4-163608-B-16.wav,the wind is blowing and waves are crashing on the shore,wind,ESC50,4.0,-0.939292013645172,"Ocean | Waves, surf",,,,,,,,,,,,,,,,0,no danger risk,4-163608-B-16.wav,wind,False,original,1313
ESC50,thunderstorm,0,3-123224-A-19.wav,thunder rumbles and rain falls as it rains,thunderstorm,ESC50,3.0,-1.3371034860610962,Thunderstorm | Thunder | Rain,,,,,,,,,,,,,,,,0,no danger risk,3-123224-A-19.wav,thunderstorm,False,original,881
ESC50,hen,0,5-263831-A-6.wav,a chicken is clucking while other birds are chirping in the background,hen,ESC50,5.0,-0.7366896271705627,"Fowl | Chicken, rooster | Cluck",,,,,,,,,,,,,,,,0,no danger risk,5-263831-A-6.wav,hen,False,original,1994
ESC50,clapping,0,1-115921-A-22.wav,a crowd of people clapping and applauding at a steady pace,clapping,ESC50,1.0,-1.1536566019058228,Clapping,,,,,,,,,,,,,,,,0,no danger risk,1-115921-A-22.wav,clapping,False,original,23
ESC50,thunderstorm,0,2-39945-C-19.wav,thunder claps in the distance and then lightning strike,thunderstorm,ESC50,2.0,-1.4640781879425049,Thunderstorm | Thunder | Rain,,,,,,,,,,,,,,,,0,no danger risk,2-39945-C-19.wav,thunderstorm,False,original,639
ESC50,coughing,1,5-211197-A-24.wav,a person coughs five times and then coughing then clearing their throat,coughing,ESC50,5.0,-1.1299484968185425,Cough,,,,,,,,,,,,,,,,1,danger risk,5-211197-A-24.wav,coughing,False,original,1794
ESC50,cat,0,4-133047-B-5.wav,a cat is meowing and crying at the same time,cat,ESC50,4.0,-1.0458991527557373,"Animal | Domestic animals, pets",,,,,,,,,,,,,,,,0,no danger risk,4-133047-B-5.wav,cat,False,original,1243
ESC50,crying_baby,1,4-167077-B-20.wav,a baby is crying and making infant noises,crying_baby,ESC50,,,,,,,,,,,,,,,,,,,1,danger risk,4-167077-B-20.wav,crying_baby,False,original,1341
ESC50,hen,0,4-232495-A-6.wav,a chicken is clucking and a rooster is crowing,hen,ESC50,4.0,-1.0432928800582886,"Fowl | Chicken, rooster | Cluck | Crowing, cock-a-doodle-doo",,,,,,,,,,,,,,,,0,no danger risk,4-232495-A-6.wav,hen,False,original,1573
ESC50,cow,0,2-103428-A-3.wav,a large group of cows are mooing in the background,cow,ESC50,2.0,-1.0249730348587036,"Livestock, farm animals, working animals | Cattle, bovinae | Moo",,,,,,,,,,,,,,,,0,no danger risk,2-103428-A-3.wav,cow,False,original,423
ESC50,water_drops,0,1-12654-A-15.wav,water is dripping from a faucet into a sink,water_drops,ESC50,1.0,-1.01198410987854,Drip,,,,,,,,,,,,,,,,0,no danger risk,1-12654-A-15.wav,water_drops,False,original,31
ESC50,pig,0,2-158746-B-2.wav,a pig is oinking in the background as it is snorting and pigs are grunting,pig,ESC50,2.0,-1.4846649169921875,Grunt | Animal | Pig,,,,,,,,,,,,,,,,0,no danger risk,2-158746-B-2.wav,pig,False,original,585
ESC50,hen,0,3-164216-B-6.wav,a chicken is clucking and flapping its wings,hen,ESC50,,,,,,,,,,,,,,,,,,,0,no danger risk,3-164216-B-6.wav,hen,False,original,1078
ESC50,dog,1,4-182395-A-0.wav,a dog is barking repeatedly and then barks twice,dog,ESC50,,,,,,,,,,,,,,,,,,,1,danger risk,4-182395-A-0.wav,dog,False,original,1423
ESC50,breathing,0,1-30709-A-23.wav,a person is breathing heavily and steadily in the background,breathing,ESC50,1.0,-1.4923640489578247,Gasp | Snort,,,,,,,,,,,,,,,,0,no danger risk,1-30709-A-23.wav,breathing,False,original,159
ESC50,coughing,1,2-85292-A-24.wav,a person coughs five times and then coughing and clearing their throat,coughing,ESC50,,,,,,,,,,,,,,,,,,,1,danger risk,2-85292-A-24.wav,coughing,False,original,762
ESC50,clock_tick,0,3-142593-A-38.wav,a person is typing on a keyboard that is not in the background,clock_tick,ESC50,3.0,-1.4274863004684448,Typing | Computer keyboard,,,,,,,,,,,,,,,,0,no danger risk,3-142593-A-38.wav,clock_tick,False,original,945
ESC50,insects,0,2-81970-A-7.wav,a bee is buzzing around a hive,insects,ESC50,2.0,-1.1124659776687622,"Insect | Mosquito | Fly, housefly",,,,,,,,,,,,,,,,0,no danger risk,2-81970-A-7.wav,insects,False,original,742
ESC50,door_wood_knock,0,1-82817-A-30.wav,a person is knocking on a door five times,door_wood_knock,ESC50,1.0,-0.935602068901062,Knock,,,,,,,,,,,,,,,,0,no danger risk,1-82817-A-30.wav,door_wood_knock,False,original,367
ESC50,hand_saw,0,2-60180-B-49.wav,a person is using a saw to cut wood,hand_saw,ESC50,2.0,-1.1901977062225342,Sawing | Wood,,,,,,,,,,,,,,,,0,no danger risk,2-60180-B-49.wav,hand_saw,False,original,669
ESC50,can_opening,0,1-101404-A-34.wav,someone is opening and closing a can of soda,can_opening,ESC50,1.0,-1.27461838722229,,,,,,,,,,,,,,,,,0,no danger risk,1-101404-A-34.wav,can_opening,False,original,7
ESC50,sea_waves,0,1-61252-A-11.wav,waves crash against the shore and the ocean tide is crashing,sea_waves,ESC50,1.0,-1.26363205909729,"Wind | Ocean | Waves, surf",,,,,,,,,,,,,,,,0,no danger risk,1-61252-A-11.wav,sea_waves,False,original,304
ESC50,brushing_teeth,0,2-92627-A-27.wav,someone is brushing their teeth with a toothbrush,brushing_teeth,ESC50,2.0,-0.9674438834190368,,,,,,,,,,,,,,,,,0,no danger risk,2-92627-A-27.wav,brushing_teeth,False,original,778
ESC50,hand_saw,0,1-9887-A-49.wav,a person is using a wrench on a piece of metal,hand_saw,ESC50,1.0,-1.2114423513412476,Tools,,,,,,,,,,,,,,,,0,no danger risk,1-9887-A-49.wav,hand_saw,False,original,397
ESC50,crow,0,1-56234-A-9.wav,a crow caws in the background while a bird chirps in the foreground,crow,ESC50,,,,,,,,,,,,,,,,,,,0,no danger risk,1-56234-A-9.wav,crow,False,original,278
ESC50,thunderstorm,0,1-115521-A-19.wav,thunder rolls in the distance and then fades away,thunderstorm,ESC50,1.0,-1.2598373889923096,Thunderstorm | Thunder,,,,,,,,,,,,,,,,0,no danger risk,1-115521-A-19.wav,thunderstorm,False,original,16
ESC50,rooster,0,5-200334-A-1.wav,a chicken is crowing and clucking while other birds are chirping in the background,rooster,ESC50,5.0,-0.9488981366157532,"Fowl | Chicken, rooster | Cluck | Crowing, cock-a-doodle-doo",,,,,,,,,,,,,,,,0,no danger risk,5-200334-A-1.wav,rooster,False,original,1745
ESC50,pig,0,1-208757-E-2.wav,a pig is oinking in the background and a dog is growling,pig,ESC50,1.0,-1.2312761545181274,Animal | Pig,,,,,,,,,,,,,,,,0,no danger risk,1-208757-E-2.wav,pig,False,original,103
ESC50,snoring,0,3-151557-B-28.wav,a person is snoring very loudly and steadily,snoring,ESC50,3.0,-1.021491527557373,Snoring,,,,,,,,,,,,,,,,0,no danger risk,3-151557-B-28.wav,snoring,False,original,1006
ESC50,hand_saw,0,1-7974-B-49.wav,a person is using a piece of wood,hand_saw,ESC50,,,,,,,,,,,,,,,,,,,0,no danger risk,1-7974-B-49.wav,hand_saw,False,original,358
Screaming,screaming,1,Screaming__d1__dfsvT5xImNg__80.00.wav,a child is screaming and yelling while other people are talking in the background,Screaming,,,-1.2699577808380127,Speech | Screaming,,,,,,,,,,,dfsvT5xImNg,80.0,90.0,1.0,4.499591836734694,1,danger risk,Screaming__d1__dfsvT5xImNg__80.00.wav,screaming,False,original,2045
ESC50,wind,0,4-144085-A-16.wav,a siren is blaring in the distance and then it speeds up,wind,ESC50,4.0,-1.7287733554840088,Siren | Civil defense siren,,,,,,,,,,,,,,,,0,no danger risk,4-144085-A-16.wav,wind,False,original,1257
ESC50,thunderstorm,0,3-103051-C-19.wav,thunder claps in the distance as it rains,thunderstorm,ESC50,3.0,-1.1902410984039309,Thunderstorm | Thunder,,,,,,,,,,,,,,,,0,no danger risk,3-103051-C-19.wav,thunderstorm,False,original,812
ESC50,engine,0,3-146186-A-44.wav,a motor is running and a motorcycle engine is idling in the background,engine,ESC50,3.0,-1.224814772605896,,,,,,,,,,,,,,,,,0,no danger risk,3-146186-A-44.wav,engine,False,original,974
UrbanSound8K,gun_shot,1,148837-6-0-0.wav,a gun is fired in the distance with a slight echo in the background,gun_shot,,4.0,-1.1953891515731812,"Gunshot, gunfire | Clang",148837-6-0-0.wav,148837.0,0.564257,1.772279,1.0,6.0,gun_shot,clotho,danger_risk,1.0,,,,,,1,danger risk,148837-6-0-0.wav,gun_shot,False,original,2025
ESC50,hand_saw,0,4-251645-A-49.wav,a person is sawing wood with a brush saw,hand_saw,ESC50,,,,,,,,,,,,,,,,,,,0,no danger risk,4-251645-A-49.wav,hand_saw,False,original,1581
ESC50,breathing,0,4-198025-A-23.wav,a person is breathing heavily in the air,breathing,ESC50,4.0,-1.3078490495681765,Breathing,,,,,,,,,,,,,,,,0,no danger risk,4-198025-A-23.wav,breathing,False,original,1507
ESC50,airplane,0,4-161100-A-47.wav,an airplane is flying overhead and getting ready to take off,airplane,ESC50,4.0,-1.26423442363739,"Vehicle | Aircraft | Propeller, airscrew | Fixed-wing aircraft, airplane",,,,,,,,,,,,,,,,0,no danger risk,4-161100-A-47.wav,airplane,False,original,1301
ESC50,insects,0,2-160128-A-7.wav,bees are buzzing and insects are chirping in the background,insects,ESC50,2.0,-1.2963114976882937,"Insect | Fly, housefly | Buzz | Bee, wasp, etc.",,,,,,,,,,,,,,,,0,no danger risk,2-160128-A-7.wav,insects,False,original,588
ESC50,vacuum_cleaner,0,2-106072-A-36.wav,a vacuum cleaner is running at a constant speed,vacuum_cleaner,ESC50,2.0,-1.1739873886108398,Hair dryer,,,,,,,,,,,,,,,,0,no danger risk,2-106072-A-36.wav,vacuum_cleaner,False,original,437
Screaming,screaming,1,Screaming__d1__1LTxZ2aNytc__30.00.wav,a group of people are laughing and screaming while a baby is crying,Screaming,,,-1.133794188499451,Speech | Screaming | Music,,,,,,,,,,,1LTxZ2aNytc,30.0,40.0,1.0,4.249614512471656,1,danger risk,Screaming__d1__1LTxZ2aNytc__30.00.wav,screaming,False,original,2040
ESC50,hen,0,4-200330-A-6.wav,a chicken is clucking and flapping a rooster crowing,hen,ESC50,4.0,-1.2669053077697754,"Livestock, farm animals, working animals | Fowl | Chicken, rooster | Cluck | Bird",,,,,,,,,,,,,,,,0,no danger risk,4-200330-A-6.wav,hen,False,original,1516
ESC50,mouse_click,0,5-232802-A-31.wav,a person is using a manual typewriter to write something,mouse_click,ESC50,5.0,-1.242385745048523,,,,,,,,,,,,,,,,,0,no danger risk,5-232802-A-31.wav,mouse_click,False,original,1873
ESC50,chirping_birds,0,4-223125-A-14.wav,birds are chirping and singing while cars are driving by,chirping_birds,ESC50,4.0,-1.047877311706543,"Bird | Bird vocalization, bird call, bird song | Chirp, tweet",,,,,,,,,,,,,,,,0,no danger risk,4-223125-A-14.wav,chirping_birds,False,original,1571
ESC50,chainsaw,1,2-77945-A-41.wav,a chainsaw is revved up and then cuts through a material,chainsaw,ESC50,2.0,-1.1833237409591677,Chainsaw,,,,,,,,,,,,,,,,1,danger risk,2-77945-A-41.wav,chainsaw,False,original,725
ESC50,breathing,0,3-144128-B-23.wav,a person is breathing heavily and steadily in the background,breathing,ESC50,3.0,-1.4319403171539309,Gasp | Snort,,,,,,,,,,,,,,,,0,no danger risk,3-144128-B-23.wav,breathing,False,original,958
ESC50,can_opening,0,4-175025-A-34.wav,a person is using a shovel to dig up and down,can_opening,ESC50,4.0,-1.5847749710083008,,,,,,,,,,,,,,,,,0,no danger risk,4-175025-A-34.wav,can_opening,False,original,1384
ESC50,vacuum_cleaner,0,4-146200-A-36.wav,a machine is running at a constant speed and volume,vacuum_cleaner,ESC50,4.0,-1.185449719429016,,,,,,,,,,,,,,,,,0,no danger risk,4-146200-A-36.wav,vacuum_cleaner,False,original,1262
ESC50,glass_breaking,1,3-203371-A-39.wav,a person is breaking a glass bottle and hitting the ground,glass_breaking,ESC50,,,,,,,,,,,,,,,,,,,1,danger risk,3-203371-A-39.wav,glass_breaking,False,original,1137
ESC50,engine,0,4-186962-A-44.wav,a motorcycle engine is idling and getting closer and louder as it gets farther away,engine,ESC50,4.0,-1.371977686882019,Vehicle,,,,,,,,,,,,,,,,0,no danger risk,4-186962-A-44.wav,engine,False,original,1448
ESC50,crickets,0,2-125875-A-13.wav,crickets are chirping and people are talking in the background,crickets,ESC50,2.0,-0.8968088030815125,Insect | Cricket,,,,,,,,,,,,,,,,0,no danger risk,2-125875-A-13.wav,crickets,False,original,534
ESC50,hen,0,2-120587-A-6.wav,a chicken is clucking and flapping its wings,hen,ESC50,2.0,-0.6181002855300903,"Fowl | Chicken, rooster | Cluck",,,,,,,,,,,,,,,,0,no danger risk,2-120587-A-6.wav,hen,False,original,514
ESC50,coughing,1,2-87794-A-24.wav,a person is coughing then coughs again and again,coughing,ESC50,2.0,-1.065462350845337,,,,,,,,,,,,,,,,,1,danger risk,2-87794-A-24.wav,coughing,False,original,771
ESC50,siren,1,4-90014-A-42.wav,a siren is sounding in the background as a vehicle drives by,siren,ESC50,4.0,-1.170926213264465,Vehicle | Emergency vehicle | Ambulance (siren) | Siren,,,,,,,,,,,,,,,,1,danger risk,4-90014-A-42.wav,siren,False,original,1592
ESC50,clapping,0,4-189828-A-22.wav,a crowd of people clapping and applauding at the same time,clapping,ESC50,4.0,-1.393343806266785,Applause,,,,,,,,,,,,,,,,0,no danger risk,4-189828-A-22.wav,clapping,False,original,1470
ESC50,cat,0,4-133047-C-5.wav,a cat is meowing and crying at a steady pace,cat,ESC50,4.0,-1.053702712059021,"Animal | Domestic animals, pets | Cat | Meow",,,,,,,,,,,,,,,,0,no danger risk,4-133047-C-5.wav,cat,False,original,1244
ESC50,hen,0,2-127109-A-6.wav,a chicken is clucking and flapping its wings,hen,ESC50,2.0,-0.8004952669143677,"Chicken, rooster | Cluck | Bird",,,,,,,,,,,,,,,,0,no danger risk,2-127109-A-6.wav,hen,False,original,539
ESC50,dog,1,2-118072-A-0.wav,a dog is barking loudly and sporadically,dog,ESC50,,,,,,,,,,,,,,,,,,,1,danger risk,2-118072-A-0.wav,dog,False,original,496
ESC50,crickets,0,3-134802-A-13.wav,a cricket is chirping and crickets are singing in the background,crickets,ESC50,3.0,-0.9259272217750548,Insect | Cricket,,,,,,,,,,,,,,,,0,no danger risk,3-134802-A-13.wav,crickets,False,original,919
ESC50,washing_machine,0,2-102567-B-35.wav,a machine is running at a constant speed and then stops,washing_machine,ESC50,2.0,-1.255426287651062,,,,,,,,,,,,,,,,,0,no danger risk,2-102567-B-35.wav,washing_machine,False,original,412
ESC50,clapping,0,1-110537-A-22.wav,a crowd of people are clapping and applauding loudly,clapping,ESC50,1.0,-1.2182328701019287,Applause,,,,,,,,,,,,,,,,0,no danger risk,1-110537-A-22.wav,clapping,False,original,15
ESC50,thunderstorm,0,2-104105-B-19.wav,thunder rumbles and lightning claps in the distance,thunderstorm,ESC50,2.0,-1.5328313112258911,Thunderstorm | Thunder | Rain,,,,,,,,,,,,,,,,0,no danger risk,2-104105-B-19.wav,thunderstorm,False,original,425
ESC50,cat,0,2-82274-A-5.wav,a cat is meowing and making noises in the background,cat,ESC50,,,,,,,,,,,,,,,,,,,0,no danger risk,2-82274-A-5.wav,cat,False,original,747
ESC50,sea_waves,0,5-200461-B-11.wav,waves are crashing against the shore and the wind is blowing,sea_waves,ESC50,5.0,-1.072900414466858,"Ocean | Waves, surf",,,,,,,,,,,,,,,,0,no danger risk,5-200461-B-11.wav,sea_waves,False,original,1749
ESC50,mouse_click,0,1-85123-A-31.wav,a person is typing on a computer keyboard,mouse_click,ESC50,1.0,-1.190070629119873,,,,,,,,,,,,,,,,,0,no danger risk,1-85123-A-31.wav,mouse_click,False,original,372
ESC50,hen,0,1-72229-A-6.wav,a chicken is clucking while birds are chirping in the background,hen,ESC50,,,,,,,,,,,,,,,,,,,0,no danger risk,1-72229-A-6.wav,hen,False,original,334
ESC50,water_drops,0,3-156907-A-15.wav,someone is tapping their fingers on a table with a gradual increase in pitch,water_drops,ESC50,3.0,-1.460992455482483,Plop,,,,,,,,,,,,,,,,0,no danger risk,3-156907-A-15.wav,water_drops,False,original,1049
ESC50,airplane,0,5-251957-A-47.wav,a jet aircraft flies overhead as it passes by,airplane,ESC50,5.0,-1.27006196975708,"Vehicle | Aircraft | Aircraft engine | Fixed-wing aircraft, airplane",,,,,,,,,,,,,,,,0,no danger risk,5-251957-A-47.wav,airplane,False,original,1950
ESC50,crow,0,4-156227-A-9.wav,a crow caws in the background while a bird chirps in the foreground,crow,ESC50,4.0,-1.151187539100647,Animal | Crow | Caw,,,,,,,,,,,,,,,,0,no danger risk,4-156227-A-9.wav,crow,False,original,1283
Screaming,screaming,1,Screaming__d1__BFqHyCoypfM__16.00.wav,a person is screaming and making a loud scream,Screaming,,,-1.6037734746932983,Screaming,,,,,,,,,,,BFqHyCoypfM,16.0,26.0,1.0,0.0,1,danger risk,Screaming__d1__BFqHyCoypfM__16.00.wav,screaming,False,original,2041
UrbanSound8K,gun_shot,1,157207-6-10-0.wav,a gun is being fired at a distance,gun_shot,,10.0,-1.3241124153137207,"Gunshot, gunfire | Machine gun",157207-6-10-0.wav,157207.0,18.830944,20.802585,1.0,6.0,gun_shot,clotho,danger_risk,1.0,,,,,,1,danger risk,157207-6-10-0.wav,gun_shot,False,original,2012
ESC50,sea_waves,0,5-219379-A-11.wav,waves crash against the shore and the ocean wave crashes,sea_waves,ESC50,5.0,-1.2725603580474854,"Ocean | Waves, surf",,,,,,,,,,,,,,,,0,no danger risk,5-219379-A-11.wav,sea_waves,False,original,1846
ESC50,church_bells,0,4-125825-A-46.wav,church bells are ringing loudly in a melody,church_bells,ESC50,,,,,,,,,,,,,,,,,,,0,no danger risk,4-125825-A-46.wav,church_bells,False,original,1228
ESC50,breathing,0,2-50774-A-23.wav,a person is breathing heavily and steadily in the background,breathing,ESC50,2.0,-1.2592686414718628,Sigh | Gasp | Snort,,,,,,,,,,,,,,,,0,no danger risk,2-50774-A-23.wav,breathing,False,original,649
ESC50,sheep,0,4-188703-D-8.wav,a sheep is bleating while birds are chirping in the background,sheep,ESC50,4.0,-0.7830893993377686,Animal | Bleat | Sheep,,,,,,,,,,,,,,,,0,no danger risk,4-188703-D-8.wav,sheep,False,original,1467
ESC50,vacuum_cleaner,0,2-141682-A-36.wav,a vacuum cleaner is turned on and then it cuts off,vacuum_cleaner,ESC50,2.0,-1.1791393756866455,Vacuum cleaner,,,,,,,,,,,,,,,,0,no danger risk,2-141682-A-36.wav,vacuum_cleaner,False,original,571
ESC50,chainsaw,1,2-50668-A-41.wav,a chainsaw is cutting through a piece of wood,chainsaw,ESC50,2.0,-0.951771080493927,Chainsaw,,,,,,,,,,,,,,,,1,danger risk,2-50668-A-41.wav,chainsaw,False,original,647
ESC50,coughing,1,5-251489-A-24.wav,a person coughs five times and then burps again,coughing,ESC50,5.0,-1.2323215007781982,Throat clearing,,,,,,,,,,,,,,,,1,danger risk,5-251489-A-24.wav,coughing,False,original,1949
ESC50,footsteps,0,2-209478-A-25.wav,a person is walking on a hardwood floor,footsteps,ESC50,2.0,-1.0866423845291138,,,,,,,,,,,,,,,,,0,no danger risk,2-209478-A-25.wav,footsteps,False,original,615
ESC50,crow,0,5-213836-A-9.wav,a crow caws in the background while other birds chirp in the distance,crow,ESC50,5.0,-1.0479847192764282,Animal | Crow | Caw,,,,,,,,,,,,,,,,0,no danger risk,5-213836-A-9.wav,crow,False,original,1807
ESC50,train,0,1-70300-A-45.wav,a train is passing by on the tracks and a horn is blowing,train,ESC50,1.0,-1.1132725477218628,"Vehicle | Rail transport | Train | Railroad car, train wagon | Clickety-clack",,,,,,,,,,,,,,,,0,no danger risk,1-70300-A-45.wav,train,False,original,329
ESC50,keyboard_typing,0,4-185613-A-32.wav,a person is typing on a keyboard with keys in the background,keyboard_typing,ESC50,4.0,-1.2197587490081787,Typing | Computer keyboard,,,,,,,,,,,,,,,,0,no danger risk,4-185613-A-32.wav,keyboard_typing,False,original,1440
ESC50,rain,0,4-166661-A-10.wav,rain is falling down onto the roof of a house,rain,ESC50,4.0,-1.0438915491104126,Rain | Raindrop | Rain on surface,,,,,,,,,,,,,,,,0,no danger risk,4-166661-A-10.wav,rain,False,original,1336
ESC50,coughing,1,3-142604-A-24.wav,a person coughs five times and then coughing again,coughing,ESC50,,,,,,,,,,,,,,,,,,,1,danger risk,3-142604-A-24.wav,coughing,False,original,947
ESC50,cat,0,5-256452-A-5.wav,a cat is meowing and crying at a steady pace,cat,ESC50,5.0,-0.8624613285064697,"Animal | Domestic animals, pets | Cat | Meow",,,,,,,,,,,,,,,,0,no danger risk,5-256452-A-5.wav,cat,False,original,1968
ESC50,sea_waves,0,1-39901-B-11.wav,water is splashing in the ocean waves are crashing against the shore,sea_waves,ESC50,1.0,-1.2845450639724731,"Ocean | Waves, surf | Field recording",,,,,,,,,,,,,,,,0,no danger risk,1-39901-B-11.wav,sea_waves,False,original,196
ESC50,water_drops,0,4-212604-B-15.wav,water is dripping from a faucet into a tub,water_drops,ESC50,4.0,-0.9269316792488098,Water | Drip,,,,,,,,,,,,,,,,0,no danger risk,4-212604-B-15.wav,water_drops,False,original,1550
ESC50,clock_alarm,0,1-74517-A-37.wav,an alarm clock is beeping and going off,clock_alarm,ESC50,1.0,-1.2684556245803833,Alarm | Alarm clock,,,,,,,,,,,,,,,,0,no danger risk,1-74517-A-37.wav,clock_alarm,False,original,339
ESC50,crickets,0,4-172143-A-13.wav,a cricket is chirping in the background with crickets in the foreground,crickets,ESC50,4.0,-1.1983534097671509,Insect | Cricket,,,,,,,,,,,,,,,,0,no danger risk,4-172143-A-13.wav,crickets,False,original,1362
ESC50,snoring,0,5-244459-A-28.wav,a person is snoring loudly and consistently in the background,snoring,ESC50,5.0,-1.0350298881530762,Snoring,,,,,,,,,,,,,,,,0,no danger risk,5-244459-A-28.wav,snoring,False,original,1932
ESC50,sneezing,1,2-118104-A-21.wav,a person coughs five times and then sniffs repeatedly,sneezing,ESC50,,,,,,,,,,,,,,,,,,,1,danger risk,2-118104-A-21.wav,sneezing,False,original,497
ESC50,cow,0,4-181955-B-3.wav,several cows are mooing in the background,cow,ESC50,4.0,-1.2012951374053955,"Livestock, farm animals, working animals | Cattle, bovinae | Moo",,,,,,,,,,,,,,,,0,no danger risk,4-181955-B-3.wav,cow,False,original,1413
ESC50,rooster,0,2-65750-A-1.wav,a chicken is crowing and birds are chirping in the background,rooster,ESC50,2.0,-0.7893556952476501,"Fowl | Chicken, rooster | Cluck | Crowing, cock-a-doodle-doo",,,,,,,,,,,,,,,,0,no danger risk,2-65750-A-1.wav,rooster,False,original,682
ESC50,crow,0,4-145081-A-9.wav,a bird is squawking loudly and another crow caws in the background,crow,ESC50,,,,,,,,,,,,,,,,,,,0,no danger risk,4-145081-A-9.wav,crow,False,original,1261
ESC50,crow,0,4-136381-A-9.wav,a crow caws in the background as a bird squawks continuously,crow,ESC50,4.0,-1.2621841430664062,Animal | Crow | Caw,,,,,,,,,,,,,,,,0,no danger risk,4-136381-A-9.wav,crow,False,original,1248
ESC50,clock_alarm,0,3-131943-A-37.wav,an alarm clock is ringing loudly in a high pitched tone,clock_alarm,ESC50,3.0,-1.3179264068603516,Alarm | Alarm clock,,,,,,,,,,,,,,,,0,no danger risk,3-131943-A-37.wav,clock_alarm,False,original,908
ESC50,clock_alarm,0,1-72195-A-37.wav,a beeping sound is being made with a high pitched beep,clock_alarm,ESC50,1.0,-1.3063538074493408,Alarm | Alarm clock | Clock,,,,,,,,,,,,,,,,0,no danger risk,1-72195-A-37.wav,clock_alarm,False,original,332
ESC50,cat,0,1-47819-C-5.wav,a cat is meowing and crying at a steady pace,cat,ESC50,1.0,-0.9930864572525024,"Animal | Domestic animals, pets | Cat | Meow",,,,,,,,,,,,,,,,0,no danger risk,1-47819-C-5.wav,cat,False,original,231
ESC50,thunderstorm,0,2-39945-A-19.wav,thunder claps in the distance and then lightning strike,thunderstorm,ESC50,2.0,-1.3592500686645508,Thunderstorm | Thunder,,,,,,,,,,,,,,,,0,no danger risk,2-39945-A-19.wav,thunderstorm,False,original,637
UrbanSound8K,gun_shot,1,145611-6-3-0.wav,a gun is fired in the distance and a gunshot is firing,gun_shot,,5.0,-1.690306305885315,Machine gun,145611-6-3-0.wav,145611.0,17.855555,18.975026,2.0,6.0,gun_shot,clotho,danger_risk,1.0,,,,,,1,danger risk,145611-6-3-0.wav,gun_shot,False,original,2031
ESC50,door_wood_creaks,0,2-7321-A-33.wav,a person is walking on a hard surface and then a door opens and closes,door_wood_creaks,ESC50,2.0,-1.297394037246704,Pink noise,,,,,,,,,,,,,,,,0,no danger risk,2-7321-A-33.wav,door_wood_creaks,False,original,712
ESC50,clapping,0,2-57733-A-22.wav,a large group of people are clapping and applauding,clapping,ESC50,2.0,-1.153242588043213,Clapping | Applause | Sound effect,,,,,,,,,,,,,,,,0,no danger risk,2-57733-A-22.wav,clapping,False,original,663
ESC50,toilet_flush,0,1-54752-A-18.wav,a toilet is flushed and then the water is turned on,toilet_flush,ESC50,1.0,-1.090541124343872,Water | Toilet flush,,,,,,,,,,,,,,,,0,no danger risk,1-54752-A-18.wav,toilet_flush,False,original,273
ESC50,laughing,0,2-62226-A-26.wav,a group of people are laughing and talking,laughing,ESC50,,,,,,,,,,,,,,,,,,,0,no danger risk,2-62226-A-26.wav,laughing,False,original,676
ESC50,pig,0,5-103421-A-2.wav,a pig is grunting and oinking in the background,pig,ESC50,5.0,-0.99900883436203,Animal | Pig | Oink,,,,,,,,,,,,,,,,0,no danger risk,5-103421-A-2.wav,pig,False,original,1604
ESC50,chainsaw,1,4-165823-B-41.wav,a chainsaw is revved up and then cuts through the grass,chainsaw,ESC50,4.0,-1.3846664428710938,Chainsaw,,,,,,,,,,,,,,,,1,danger risk,4-165823-B-41.wav,chainsaw,False,original,1332
ESC50,vacuum_cleaner,0,5-182010-A-36.wav,a machine is running at a constant speed and air is moving in the background,vacuum_cleaner,ESC50,,,,,,,,,,,,,,,,,,,0,no danger risk,5-182010-A-36.wav,vacuum_cleaner,False,original,1674
ESC50,can_opening,0,4-215635-A-34.wav,a person is tapping on a wooden object with a stick then banging on it,can_opening,ESC50,4.0,-1.3515642881393433,Sound effect,,,,,,,,,,,,,,,,0,no danger risk,4-215635-A-34.wav,can_opening,False,original,1558
ESC50,helicopter,0,5-220955-A-40.wav,a plane is flying overhead while a person is breathing in the background,helicopter,ESC50,5.0,-1.1225303411483765,Vehicle | Field recording,,,,,,,,,,,,,,,,0,no danger risk,5-220955-A-40.wav,helicopter,False,original,1852
ESC50,clock_tick,0,1-21935-A-38.wav,a clock is ticking very loud and steady,clock_tick,ESC50,1.0,-1.389698505401611,,,,,,,,,,,,,,,,,0,no danger risk,1-21935-A-38.wav,clock_tick,False,original,111
ESC50,insects,0,5-195518-A-7.wav,a bee is buzzing around in a circular motion,insects,ESC50,5.0,-1.1272861957550049,,,,,,,,,,,,,,,,,0,no danger risk,5-195518-A-7.wav,insects,False,original,1714
ESC50,door_wood_creaks,0,3-103401-B-33.wav,a wooden door is creaking back and forth slowly,door_wood_creaks,ESC50,3.0,-1.130867838859558,,,,,,,,,,,,,,,,,0,no danger risk,3-103401-B-33.wav,door_wood_creaks,False,original,814
ESC50,water_drops,0,2-139749-A-15.wav,water is dripping from a faucet into a sink,water_drops,ESC50,2.0,-1.1897693872451782,,,,,,,,,,,,,,,,,0,no danger risk,2-139749-A-15.wav,water_drops,False,original,564
ESC50,cat,0,1-56380-A-5.wav,a cat is meowing and crying at a steady pace,cat,ESC50,1.0,-0.8834884166717529,"Animal | Domestic animals, pets | Cat | Meow",,,,,,,,,,,,,,,,0,no danger risk,1-56380-A-5.wav,cat,False,original,282
ESC50,mouse_click,0,2-152964-A-31.wav,a person is typing on a computer keyboard,mouse_click,ESC50,2.0,-0.9123280644416808,,,,,,,,,,,,,,,,,0,no danger risk,2-152964-A-31.wav,mouse_click,False,original,579
ESC50,cow,0,2-103423-A-3.wav,several cows are mooing in the foreground,cow,ESC50,2.0,-1.1597833633422852,"Livestock, farm animals, working animals | Cattle, bovinae | Moo",,,,,,,,,,,,,,,,0,no danger risk,2-103423-A-3.wav,cow,False,original,419
ESC50,washing_machine,0,3-135469-A-35.wav,a machine is running and making noise in the background,washing_machine,ESC50,3.0,-1.2497366666793823,Vehicle | Bus,,,,,,,,,,,,,,,,0,no danger risk,3-135469-A-35.wav,washing_machine,False,original,920
ESC50,siren,1,3-51376-A-42.wav,a civil defense siren is blaring with a high pitch,siren,ESC50,,,,,,,,,,,,,,,,,,,1,danger risk,3-51376-A-42.wav,siren,False,original,1161
ESC50,water_drops,0,2-68595-B-15.wav,water is dripping from a faucet into a sink,water_drops,ESC50,2.0,-0.9531909823417664,Drip,,,,,,,,,,,,,,,,0,no danger risk,2-68595-B-15.wav,water_drops,False,original,690
ESC50,crying_baby,1,3-152007-D-20.wav,a baby cries loudly and another child screams in the background,crying_baby,ESC50,3.0,-1.281868577003479,"Crying, sobbing | Baby cry, infant cry",,,,,,,,,,,,,,,,1,danger risk,3-152007-D-20.wav,crying_baby,False,original,1010
ESC50,frog,0,1-17970-A-4.wav,a frog is croaking and birds are chirping in the background,frog,ESC50,1.0,-0.9304340481758118,Frog,,,,,,,,,,,,,,,,0,no danger risk,1-17970-A-4.wav,frog,False,original,69
Screaming,screaming,1,Screaming__d1__nRMmafPUAEU__80.00.wav,a woman is speaking and a child is crying,Screaming,,,-1.2881731986999512,Speech | Groan,,,,,,,,,,,nRMmafPUAEU,80.0,90.0,1.0,0.0,1,danger risk,Screaming__d1__nRMmafPUAEU__80.00.wav,screaming,False,original,2046
ESC50,vacuum_cleaner,0,2-141681-A-36.wav,a vacuum cleaner is running at a constant speed,vacuum_cleaner,ESC50,,,,,,,,,,,,,,,,,,,0,no danger risk,2-141681-A-36.wav,vacuum_cleaner,False,original,569
ESC50,hand_saw,0,1-46353-A-49.wav,a saw is cutting through a piece of wood,hand_saw,ESC50,1.0,-0.8740139007568359,Tools | Sawing | Wood,,,,,,,,,,,,,,,,0,no danger risk,1-46353-A-49.wav,hand_saw,False,original,219
ESC50,cow,0,3-124376-B-3.wav,a cow mooing cows moo louder as the wind blows in the background,cow,ESC50,3.0,-1.546315312385559,"Livestock, farm animals, working animals | Cattle, bovinae | Moo | Cowbell",,,,,,,,,,,,,,,,0,no danger risk,3-124376-B-3.wav,cow,False,original,883
ESC50,sea_waves,0,4-182613-A-11.wav,waves are crashing on the beach and the ocean wave crashes,sea_waves,ESC50,4.0,-1.3381184339523315,"Ocean | Waves, surf",,,,,,,,,,,,,,,,0,no danger risk,4-182613-A-11.wav,sea_waves,False,original,1424
ESC50,laughing,0,3-110536-A-26.wav,a baby is laughing and crying for a moment before another woman laughs,laughing,ESC50,3.0,-1.312615156173706,Giggle | Whimper | Sound effect,,,,,,,,,,,,,,,,0,no danger risk,3-110536-A-26.wav,laughing,False,original,834
ESC50,rain,0,4-160999-A-10.wav,rain is falling on a tin roof top of a house,rain,ESC50,4.0,-1.0004147291183472,Rain | Rain on surface,,,,,,,,,,,,,,,,0,no danger risk,4-160999-A-10.wav,rain,False,original,1298
ESC50,church_bells,0,1-13571-A-46.wav,church bells are ringing loudly in a large room,church_bells,ESC50,1.0,-1.1573926210403442,Bell | Church bell,,,,,,,,,,,,,,,,0,no danger risk,1-13571-A-46.wav,church_bells,False,original,33
ESC50,cat,0,5-172639-A-5.wav,a cat is meowing repeatedly and then it gets louder,cat,ESC50,5.0,-1.4002894163131714,Animal | Cat,,,,,,,,,,,,,,,,0,no danger risk,5-172639-A-5.wav,cat,False,original,1647
ESC50,church_bells,0,2-57191-A-46.wav,church bells are ringing loudly in a tower,church_bells,ESC50,2.0,-1.1344276666641235,Church bell | Change ringing (campanology),,,,,,,,,,,,,,,,0,no danger risk,2-57191-A-46.wav,church_bells,False,original,662
ESC50,door_wood_knock,0,1-81001-A-30.wav,someone is knocking on a door five times,door_wood_knock,ESC50,1.0,-1.0901297330856323,,,,,,,,,,,,,,,,,0,no danger risk,1-81001-A-30.wav,door_wood_knock,False,original,362
ESC50,crickets,0,3-155766-A-13.wav,crickets chirp in the background as the wind blows,crickets,ESC50,3.0,-1.0891754627227783,,,,,,,,,,,,,,,,,0,no danger risk,3-155766-A-13.wav,crickets,False,original,1043
ESC50,door_wood_knock,0,2-118624-A-30.wav,a person is knocking on a door five times,door_wood_knock,ESC50,2.0,-0.9151775240898132,Knock,,,,,,,,,,,,,,,,0,no danger risk,2-118624-A-30.wav,door_wood_knock,False,original,500
ESC50,cat,0,2-110011-A-5.wav,a cat meowing and crying at a steady pace,cat,ESC50,2.0,-0.928179919719696,"Animal | Domestic animals, pets | Cat | Meow",,,,,,,,,,,,,,,,0,no danger risk,2-110011-A-5.wav,cat,False,original,469
ESC50,hen,0,5-244315-B-6.wav,a chicken is clucking and chickens are making a rooster crowing,hen,ESC50,5.0,-1.4538917541503906,"Fowl | Chicken, rooster | Cluck | Bird",,,,,,,,,,,,,,,,0,no danger risk,5-244315-B-6.wav,hen,False,original,1929
ESC50,crickets,0,5-216214-A-13.wav,a cricket is chirping and crickets are singing in the background,crickets,ESC50,5.0,-0.909730851650238,Insect | Cricket,,,,,,,,,,,,,,,,0,no danger risk,5-216214-A-13.wav,crickets,False,original,1827
ESC50,sea_waves,0,3-187710-A-11.wav,waves are crashing against the shore and the wind is blowing,sea_waves,ESC50,,,,,,,,,,,,,,,,,,,0,no danger risk,3-187710-A-11.wav,sea_waves,False,original,1128
ESC50,car_horn,1,3-161010-A-43.wav,a car horn honks while cars drive by in the distance,car_horn,ESC50,3.0,-1.0506898164749146,Pink noise,,,,,,,,,,,,,,,,1,danger risk,3-161010-A-43.wav,car_horn,False,original,1068
ESC50,snoring,0,3-151557-A-28.wav,a person is snoring in the background while a man is breathing in the foreground,snoring,ESC50,3.0,-1.1773934364318848,Snoring,,,,,,,,,,,,,,,,0,no danger risk,3-151557-A-28.wav,snoring,False,original,1005
ESC50,crackling_fire,0,4-170247-A-12.wav,a fire is burning and crackling and popping as it burns,crackling_fire,ESC50,4.0,-1.0620192289352417,Fire,,,,,,,,,,,,,,,,0,no danger risk,4-170247-A-12.wav,crackling_fire,False,original,1354
ESC50,siren,1,2-43802-A-42.wav,a siren is blaring and emergency sirens are sounding in the background,siren,ESC50,,,,,,,,,,,,,,,,,,,1,danger risk,2-43802-A-42.wav,siren,False,original,641
ESC50,coughing,1,3-132601-A-24.wav,a person is coughing then coughs five times,coughing,ESC50,,,,,,,,,,,,,,,,,,,1,danger risk,3-132601-A-24.wav,coughing,False,original,910
ESC50,laughing,0,1-30039-A-26.wav,a group of people are laughing and talking in the background,laughing,ESC50,1.0,-1.171916127204895,"Speech | Chuckle, chortle",,,,,,,,,,,,,,,,0,no danger risk,1-30039-A-26.wav,laughing,False,original,154
ESC50,hen,0,5-248341-B-6.wav,a chicken is clucking and flapping its wings,hen,ESC50,,,,,,,,,,,,,,,,,,,0,no danger risk,5-248341-B-6.wav,hen,False,original,1938
ESC50,sheep,0,3-140199-B-8.wav,a sheep bleats loudly in the background,sheep,ESC50,3.0,-1.2933251857757568,Bleat | Sheep,,,,,,,,,,,,,,,,0,no danger risk,3-140199-B-8.wav,sheep,False,original,933
ESC50,keyboard_typing,0,4-172742-A-32.wav,a person is typing on a keyboard with a pencil,keyboard_typing,ESC50,4.0,-0.977888822555542,Typing | Computer keyboard,,,,,,,,,,,,,,,,0,no danger risk,4-172742-A-32.wav,keyboard_typing,False,original,1375
ESC50,helicopter,0,1-172649-A-40.wav,an airplane is flying overhead while a helicopter is in the background,helicopter,ESC50,1.0,-1.3097147941589355,Vehicle | Aircraft | Helicopter,,,,,,,,,,,,,,,,0,no danger risk,1-172649-A-40.wav,helicopter,False,original,55
ESC50,rooster,0,5-234879-B-1.wav,a chicken is crowing and clucking while birds are chirping in the background,rooster,ESC50,5.0,-0.8729949593544006,"Fowl | Chicken, rooster | Cluck | Crowing, cock-a-doodle-doo",,,,,,,,,,,,,,,,0,no danger risk,5-234879-B-1.wav,rooster,False,original,1889
ESC50,helicopter,0,1-172649-F-40.wav,a helicopter is flying overhead and a plane flies over the sky,helicopter,ESC50,1.0,-1.7039939165115356,Vehicle | Aircraft | Helicopter,,,,,,,,,,,,,,,,0,no danger risk,1-172649-F-40.wav,helicopter,False,original,60
ESC50,fireworks,0,3-251617-A-48.wav,a gun is fired in the distance and then a second shot occurs,fireworks,ESC50,3.0,-1.5945837497711182,Fireworks | Firecracker,,,,,,,,,,,,,,,,0,no danger risk,3-251617-A-48.wav,fireworks,False,original,1152
ESC50,chirping_birds,0,5-242491-A-14.wav,birds are chirping and tweeting in the background,chirping_birds,ESC50,5.0,-1.0057272911071775,"Bird | Bird vocalization, bird call, bird song | Chirp, tweet",,,,,,,,,,,,,,,,0,no danger risk,5-242491-A-14.wav,chirping_birds,False,original,1910
ESC50,sneezing,1,3-150231-A-21.wav,a person is sneezing twice and then coughs again,sneezing,ESC50,3.0,-1.449442744255066,Sneeze,,,,,,,,,,,,,,,,1,danger risk,3-150231-A-21.wav,sneezing,False,original,990
ESC50,fireworks,0,4-119647-A-48.wav,fireworks are going off in the distance,fireworks,ESC50,4.0,-0.9228394031524658,Fireworks | Firecracker,,,,,,,,,,,,,,,,0,no danger risk,4-119647-A-48.wav,fireworks,False,original,1212
ESC50,clock_tick,0,2-141584-A-38.wav,a clock is ticking very slowly at a steady pace,clock_tick,ESC50,2.0,-1.0398821830749512,Clock | Tick | Tick-tock,,,,,,,,,,,,,,,,0,no danger risk,2-141584-A-38.wav,clock_tick,False,original,568
ESC50,clapping,0,3-177082-A-22.wav,a crowd of people are clapping and applauding,clapping,ESC50,3.0,-1.1768763065338137,Applause,,,,,,,,,,,,,,,,0,no danger risk,3-177082-A-22.wav,clapping,False,original,1112
ESC50,chirping_birds,0,5-257839-A-14.wav,a variety of different birds are chirping and singing,chirping_birds,ESC50,5.0,-0.9705896377563475,"Bird | Bird vocalization, bird call, bird song | Chirp, tweet",,,,,,,,,,,,,,,,0,no danger risk,5-257839-A-14.wav,chirping_birds,False,original,1972
ESC50,pouring_water,0,1-61221-A-17.wav,someone is pouring water into a container of liquid,pouring_water,ESC50,1.0,-1.3581286668777466,Water | Liquid,,,,,,,,,,,,,,,,0,no danger risk,1-61221-A-17.wav,pouring_water,False,original,303
UrbanSound8K,gun_shot,1,145683-6-5-0.wav,fireworks are exploding in the distance in the sky,gun_shot,,9.0,-1.5886691808700562,Fireworks | Firecracker,145683-6-5-0.wav,145683.0,26.109938,26.612052,2.0,6.0,gun_shot,clotho,danger_risk,1.0,,,,,,1,danger risk,145683-6-5-0.wav,gun_shot,False,original,2007
ESC50,pouring_water,0,3-108451-B-17.wav,a liquid is poured into a container and then a person is pouring a drink,pouring_water,ESC50,3.0,-1.4929144382476809,Water | Liquid,,,,,,,,,,,,,,,,0,no danger risk,3-108451-B-17.wav,pouring_water,False,original,831
ESC50,crying_baby,1,4-185575-A-20.wav,a baby is crying and a person is coughing,crying_baby,ESC50,,,,,,,,,,,,,,,,,,,1,danger risk,4-185575-A-20.wav,crying_baby,False,original,1437
Screaming,screaming,1,Screaming__d1__-QSNQGKiGT4__260.00.wav,a baby is crying and a man is speaking,Screaming,,,-0.9361421465873718,Speech | Screaming,,,,,,,,,,,-QSNQGKiGT4,260.0,270.0,1.0,0.0,1,danger risk,Screaming__d1__-QSNQGKiGT4__260.00.wav,screaming,False,original,2047
ESC50,sheep,0,1-121951-A-8.wav,a sheep is bleating and birds are chirping in the background,sheep,ESC50,1.0,-0.7727681994438171,Animal | Bleat | Sheep,,,,,,,,,,,,,,,,0,no danger risk,1-121951-A-8.wav,sheep,False,original,29
ESC50,door_wood_knock,0,1-52290-A-30.wav,a person is knocking on a door five times,door_wood_knock,ESC50,,,,,,,,,,,,,,,,,,,0,no danger risk,1-52290-A-30.wav,door_wood_knock,False,original,261
ESC50,toilet_flush,0,5-185908-A-18.wav,a toilet flushes and water drains and then flushing,toilet_flush,ESC50,,,,,,,,,,,,,,,,,,,0,no danger risk,5-185908-A-18.wav,toilet_flush,False,original,1682
ESC50,breathing,0,3-112557-A-23.wav,a person is breathing heavily and steadily in the background,breathing,ESC50,,,,,,,,,,,,,,,,,,,0,no danger risk,3-112557-A-23.wav,breathing,False,original,844
ESC50,door_wood_knock,0,2-134915-A-30.wav,a person is knocking on a door at a steady pace,door_wood_knock,ESC50,,,,,,,,,,,,,,,,,,,0,no danger risk,2-134915-A-30.wav,door_wood_knock,False,original,553
ESC50,door_wood_creaks,0,3-118194-A-33.wav,a creaky door is creaking as it is slowly opened and closed,door_wood_creaks,ESC50,3.0,-1.0324214696884155,Creak,,,,,,,,,,,,,,,,0,no danger risk,3-118194-A-33.wav,door_wood_creaks,False,original,859
ESC50,laughing,0,5-263775-B-26.wav,a person is laughing and screaming loudly,laughing,ESC50,5.0,-1.6357688903808594,Speech | Screaming | Laughter,,,,,,,,,,,,,,,,0,no danger risk,5-263775-B-26.wav,laughing,False,original,1993
ESC50,hand_saw,0,5-253101-A-49.wav,a person is using a saw with a piece of wood,hand_saw,ESC50,5.0,-1.4043635129928589,Sawing | Wood,,,,,,,,,,,,,,,,0,no danger risk,5-253101-A-49.wav,hand_saw,False,original,1961
ESC50,car_horn,1,3-243726-A-43.wav,a train horn blows and a car honks its whistle,car_horn,ESC50,,,,,,,,,,,,,,,,,,,1,danger risk,3-243726-A-43.wav,car_horn,False,original,1148
ESC50,vacuum_cleaner,0,4-172736-A-36.wav,a machine is running at a constant speed and then it is raining,vacuum_cleaner,ESC50,4.0,-1.295160889625549,Vacuum cleaner,,,,,,,,,,,,,,,,0,no danger risk,4-172736-A-36.wav,vacuum_cleaner,False,original,1373
ESC50,train,0,4-165845-A-45.wav,a train is moving along a railroad track,train,ESC50,4.0,-1.2113407850265503,"Vehicle | Rail transport | Train | Railroad car, train wagon | Clickety-clack",,,,,,,,,,,,,,,,0,no danger risk,4-165845-A-45.wav,train,False,original,1333
ESC50,car_horn,1,2-128465-A-43.wav,a car horn honks while cars drive by in the background,car_horn,ESC50,2.0,-1.1511398553848269,"Vehicle | Car | Traffic noise, roadway noise",,,,,,,,,,,,,,,,1,danger risk,2-128465-A-43.wav,car_horn,False,original,540
ESC50,car_horn,1,5-179863-A-43.wav,a car alarm is sounding in the background while traffic is moving in the distance,car_horn,ESC50,,,,,,,,,,,,,,,,,,,1,danger risk,5-179863-A-43.wav,car_horn,False,original,1662
ESC50,insects,0,1-19501-A-7.wav,a bee is buzzing around and birds are chirping in the background,insects,ESC50,1.0,-0.8070428371429443,"Insect | Fly, housefly | Bee, wasp, etc.",,,,,,,,,,,,,,,,0,no danger risk,1-19501-A-7.wav,insects,False,original,86
ESC50,siren,1,4-111671-B-42.wav,a police car siren is blaring and it gets closer and louder,siren,ESC50,,,,,,,,,,,,,,,,,,,1,danger risk,4-111671-B-42.wav,siren,False,original,1209
ESC50,helicopter,0,4-175000-C-40.wav,a helicopter is flying overhead while a plane is in the distance,helicopter,ESC50,4.0,-1.300205945968628,Vehicle | Helicopter,,,,,,,,,,,,,,,,0,no danger risk,4-175000-C-40.wav,helicopter,False,original,1383
ESC50,drinking_sipping,0,1-37226-A-29.wav,a person is breathing heavily into a glass jar,drinking_sipping,ESC50,,,,,,,,,,,,,,,,,,,0,no danger risk,1-37226-A-29.wav,drinking_sipping,False,original,190
ESC50,hen,0,2-72268-A-6.wav,a chicken is clucking while birds are chirping in the background,hen,ESC50,,,,,,,,,,,,,,,,,,,0,no danger risk,2-72268-A-6.wav,hen,False,original,703
ESC50,clapping,0,4-189838-A-22.wav,a crowd of people are clapping and applauding,clapping,ESC50,4.0,-1.200148105621338,Applause,,,,,,,,,,,,,,,,0,no danger risk,4-189838-A-22.wav,clapping,False,original,1476
ESC50,church_bells,0,5-201172-A-46.wav,church bells are ringing in the tower,church_bells,ESC50,,,,,,,,,,,,,,,,,,,0,no danger risk,5-201172-A-46.wav,church_bells,False,original,1751
ESC50,clapping,0,1-104089-A-22.wav,a large group of people are clapping and applauding,clapping,ESC50,1.0,-1.0865094661712646,Clapping,,,,,,,,,,,,,,,,0,no danger risk,1-104089-A-22.wav,clapping,False,original,11
ESC50,vacuum_cleaner,0,1-46744-A-36.wav,a machine is running and then it is turned off,vacuum_cleaner,ESC50,1.0,-1.2519901990890503,Blender,,,,,,,,,,,,,,,,0,no danger risk,1-46744-A-36.wav,vacuum_cleaner,False,original,220
ESC50,train,0,4-178881-A-45.wav,a train is passing by on a railroad track,train,ESC50,4.0,-0.914807677268982,"Vehicle | Rail transport | Train | Railroad car, train wagon | Clickety-clack",,,,,,,,,,,,,,,,0,no danger risk,4-178881-A-45.wav,train,False,original,1397
ESC50,car_horn,1,2-138465-A-43.wav,a car drives by and a siren blares in the distance,car_horn,ESC50,,,,,,,,,,,,,,,,,,,1,danger risk,2-138465-A-43.wav,car_horn,False,original,561
ESC50,brushing_teeth,0,4-172500-C-27.wav,a dog is barking and growling at a fast pace,brushing_teeth,ESC50,,,,,,,,,,,,,,,,,,,0,no danger risk,4-172500-C-27.wav,brushing_teeth,False,original,1368
ESC50,breathing,0,5-234335-A-23.wav,a person is breathing heavily in their sleep in and deliberately,breathing,ESC50,5.0,-1.360814094543457,Sigh | Breathing,,,,,,,,,,,,,,,,0,no danger risk,5-234335-A-23.wav,breathing,False,original,1886
ESC50,engine,0,4-195451-A-44.wav,an engine is idling and then it starts to idle,engine,ESC50,4.0,-1.526841640472412,Engine | Engine knocking,,,,,,,,,,,,,,,,0,no danger risk,4-195451-A-44.wav,engine,False,original,1495
ESC50,pig,0,2-158746-D-2.wav,a pig is snorting as it is oinking in the background,pig,ESC50,2.0,-0.869364321231842,Animal | Pig,,,,,,,,,,,,,,,,0,no danger risk,2-158746-D-2.wav,pig,False,original,587
ESC50,snoring,0,1-20545-A-28.wav,a person is snoring very loudly and slowly,snoring,ESC50,1.0,-1.0060045719146729,Breathing | Snoring,,,,,,,,,,,,,,,,0,no danger risk,1-20545-A-28.wav,snoring,False,original,97
ESC50,fireworks,0,4-119648-C-48.wav,fireworks are going off in the distance,fireworks,ESC50,4.0,-0.8269403576850891,Fireworks | Firecracker,,,,,,,,,,,,,,,,0,no danger risk,4-119648-C-48.wav,fireworks,False,original,1218
ESC50,drinking_sipping,0,1-67230-A-29.wav,a person is snoring loudly and slowly with their mouth open,drinking_sipping,ESC50,1.0,-1.4057096242904663,Snoring,,,,,,,,,,,,,,,,0,no danger risk,1-67230-A-29.wav,drinking_sipping,False,original,320
ESC50,dog,1,2-122104-A-0.wav,a dog is barking loudly at a consistent rate,dog,ESC50,,,,,,,,,,,,,,,,,,,1,danger risk,2-122104-A-0.wav,dog,False,original,521
ESC50,train,0,2-262579-A-45.wav,a train is passing by on a railroad track,train,ESC50,2.0,-1.0398929119110107,"Vehicle | Rail transport | Train | Railroad car, train wagon | Subway, metro, underground",,,,,,,,,,,,,,,,0,no danger risk,2-262579-A-45.wav,train,False,original,619
ESC50,dog,1,2-117271-A-0.wav,a dog barking and dogs bark in the background,dog,ESC50,,,,,,,,,,,,,,,,,,,1,danger risk,2-117271-A-0.wav,dog,False,original,484
ESC50,sea_waves,0,1-91359-B-11.wav,cars are driving by on a wet road,sea_waves,ESC50,1.0,-1.0746623277664185,,,,,,,,,,,,,,,,,0,no danger risk,1-91359-B-11.wav,sea_waves,False,original,384
ESC50,chirping_birds,0,2-72547-C-14.wav,birds are chirping in the background while a bird is singing,chirping_birds,ESC50,2.0,-0.9636192321777344,"Bird | Bird vocalization, bird call, bird song | Chirp, tweet | Pigeon, dove | Coo",,,,,,,,,,,,,,,,0,no danger risk,2-72547-C-14.wav,chirping_birds,False,original,706
ESC50,door_wood_knock,0,5-250026-A-30.wav,someone is knocking on a door five times and then knocks three more urgent,door_wood_knock,ESC50,5.0,-1.3885151147842407,Knock,,,,,,,,,,,,,,,,0,no danger risk,5-250026-A-30.wav,door_wood_knock,False,original,1942
ESC50,footsteps,0,5-243025-A-25.wav,a person is walking on a gravel path,footsteps,ESC50,5.0,-1.0260435342788696,"Walk, footsteps",,,,,,,,,,,,,,,,0,no danger risk,5-243025-A-25.wav,footsteps,False,original,1915
ESC50,frog,0,5-187201-A-4.wav,frogs are croaking and crickets are chirping in the background,frog,ESC50,5.0,-0.897453248500824,Frog | Croak,,,,,,,,,,,,,,,,0,no danger risk,5-187201-A-4.wav,frog,False,original,1684
ESC50,snoring,0,1-40621-A-28.wav,a person is snoring very loudly and consistently,snoring,ESC50,1.0,-1.097070574760437,Snoring,,,,,,,,,,,,,,,,0,no danger risk,1-40621-A-28.wav,snoring,False,original,200
ESC50,chirping_birds,0,5-243448-A-14.wav,birds are chirping in the trees and the wind is blowing,chirping_birds,ESC50,5.0,-0.9344637393951416,Environmental noise,,,,,,,,,,,,,,,,0,no danger risk,5-243448-A-14.wav,chirping_birds,False,original,1917
ESC50,crying_baby,1,3-151080-A-20.wav,a baby is crying and making a loud noise,crying_baby,ESC50,,,,,,,,,,,,,,,,,,,1,danger risk,3-151080-A-20.wav,crying_baby,False,original,995
ESC50,glass_breaking,1,5-257642-A-39.wav,a person is breaking a glass bottle cap on a hard surface,glass_breaking,ESC50,5.0,-1.4306738376617432,Glass | Breaking,,,,,,,,,,,,,,,,1,danger risk,5-257642-A-39.wav,glass_breaking,False,original,1971
ESC50,church_bells,0,5-204741-A-46.wav,birds are chirping and a bell is ringing in the background,church_bells,ESC50,5.0,-1.0610233545303345,Bell | Church bell,,,,,,,,,,,,,,,,0,no danger risk,5-204741-A-46.wav,church_bells,False,original,1767
ESC50,airplane,0,1-11687-A-47.wav,an airplane is flying over a runway and getting ready to take off,airplane,ESC50,,,,,,,,,,,,,,,,,,,0,no danger risk,1-11687-A-47.wav,airplane,False,original,25
ESC50,hen,0,1-72229-B-6.wav,a chicken is clucking while other birds are chirping in the background,hen,ESC50,,,,,,,,,,,,,,,,,,,0,no danger risk,1-72229-B-6.wav,hen,False,original,335
ESC50,crickets,0,5-216216-A-13.wav,crickets are chirping and insects are buzzing in the night,crickets,ESC50,5.0,-0.9975828528404236,Insect | Cricket,,,,,,,,,,,,,,,,0,no danger risk,5-216216-A-13.wav,crickets,False,original,1828
ESC50,crow,0,5-222041-A-9.wav,birds are squawking and cawing in the forest,crow,ESC50,5.0,-1.2824851274490356,Animal | Crow | Caw,,,,,,,,,,,,,,,,0,no danger risk,5-222041-A-9.wav,crow,False,original,1861
ESC50,train,0,4-165933-A-45.wav,a train is moving along a bumpy road,train,ESC50,4.0,-1.4252357482910156,"Vehicle | Rail transport | Train | Railroad car, train wagon | Clickety-clack",,,,,,,,,,,,,,,,0,no danger risk,4-165933-A-45.wav,train,False,original,1335
ESC50,coughing,1,5-204604-A-24.wav,a person coughs five times and then coughing again,coughing,ESC50,,,,,,,,,,,,,,,,,,,1,danger risk,5-204604-A-24.wav,coughing,False,original,1766
ESC50,cat,0,4-161303-B-5.wav,a cat is meowing and crying at a steady pace,cat,ESC50,4.0,-0.9486647248268129,Cat | Meow,,,,,,,,,,,,,,,,0,no danger risk,4-161303-B-5.wav,cat,False,original,1307
ESC50,thunderstorm,0,3-103051-A-19.wav,thunder rumbles in the distance as rain pours down,thunderstorm,ESC50,3.0,-1.0017822980880735,Thunderstorm | Thunder,,,,,,,,,,,,,,,,0,no danger risk,3-103051-A-19.wav,thunderstorm,False,original,810
ESC50,train,0,1-88409-A-45.wav,a train is passing by while people are talking in the background,train,ESC50,1.0,-0.7652311325073242,"Vehicle | Rail transport | Train | Railroad car, train wagon | Subway, metro, underground",,,,,,,,,,,,,,,,0,no danger risk,1-88409-A-45.wav,train,False,original,378
ESC50,rain,0,5-198321-A-10.wav,rain is pouring down on the roof of a house,rain,ESC50,5.0,-1.2491275072097778,Rain | Raindrop | Rain on surface,,,,,,,,,,,,,,,,0,no danger risk,5-198321-A-10.wav,rain,False,original,1726
Screaming,screaming,1,Screaming__d1__n08qMfFB_UM__190.00.wav,a group of children are laughing and screaming while playing in the background,Screaming,,,-1.228648066520691,Speech | Snicker,,,,,,,,,,,n08qMfFB_UM,190.0,200.0,1.0,4.999546485260771,1,danger risk,Screaming__d1__n08qMfFB_UM__190.00.wav,screaming,False,original,2057
ESC50,drinking_sipping,0,3-144253-A-29.wav,a person is chewing on a crunchy surface with their mouth open,drinking_sipping,ESC50,,,,,,,,,,,,,,,,,,,0,no danger risk,3-144253-A-29.wav,drinking_sipping,False,original,959
ESC50,church_bells,0,3-111102-B-46.wav,church bells are ringing in a town square bell tower,church_bells,ESC50,3.0,-1.1808830499649048,Change ringing (campanology),,,,,,,,,,,,,,,,0,no danger risk,3-111102-B-46.wav,church_bells,False,original,840
ESC50,keyboard_typing,0,5-205090-A-32.wav,a person is typing on a keyboard with a pencil,keyboard_typing,ESC50,5.0,-1.0165027379989624,Computer keyboard,,,,,,,,,,,,,,,,0,no danger risk,5-205090-A-32.wav,keyboard_typing,False,original,1768
ESC50,snoring,0,5-235893-A-28.wav,a person is snoring very loudly in the background,snoring,ESC50,5.0,-1.0826537609100342,Snoring,,,,,,,,,,,,,,,,0,no danger risk,5-235893-A-28.wav,snoring,False,original,1896
ESC50,chirping_birds,0,4-159609-B-14.wav,birds are chirping and singing in the distance,chirping_birds,ESC50,4.0,-1.0339339971542358,"Bird | Bird vocalization, bird call, bird song | Chirp, tweet",,,,,,,,,,,,,,,,0,no danger risk,4-159609-B-14.wav,chirping_birds,False,original,1295
ESC50,helicopter,0,4-161579-A-40.wav,a helicopter flies overhead and then fades away,helicopter,ESC50,4.0,-1.0526018142700195,Vehicle | Aircraft | Helicopter,,,,,,,,,,,,,,,,0,no danger risk,4-161579-A-40.wav,helicopter,False,original,1309
ESC50,laughing,0,2-60795-A-26.wav,a large group of people are laughing and talking,laughing,ESC50,,,,,,,,,,,,,,,,,,,0,no danger risk,2-60795-A-26.wav,laughing,False,original,672
ESC50,rain,0,4-181286-A-10.wav,rain is falling down on the roof of a house,rain,ESC50,4.0,-1.262945532798767,,,,,,,,,,,,,,,,,0,no danger risk,4-181286-A-10.wav,rain,False,original,1404
ESC50,glass_breaking,1,2-250710-A-39.wav,a person is throwing glass against the ground with a spoon and then picking it to the dishes,glass_breaking,ESC50,2.0,-1.5442204475402832,"Glass | Chink, clink",,,,,,,,,,,,,,,,1,danger risk,2-250710-A-39.wav,glass_breaking,False,original,616
ESC50,siren,1,3-51731-A-42.wav,a siren is blaring and a police car passes by,siren,ESC50,,,,,,,,,,,,,,,,,,,1,danger risk,3-51731-A-42.wav,siren,False,original,1162
ESC50,rooster,0,4-164021-A-1.wav,a chicken is clucking and flapping its wings,rooster,ESC50,4.0,-0.8672701120376587,"Fowl | Chicken, rooster | Cluck | Crowing, cock-a-doodle-doo",,,,,,,,,,,,,,,,0,no danger risk,4-164021-A-1.wav,rooster,False,original,1317
ESC50,chainsaw,1,1-19898-C-41.wav,a chainsaw is cutting through a piece of wood,chainsaw,ESC50,1.0,-1.0962746143341064,Chainsaw,,,,,,,,,,,,,,,,1,danger risk,1-19898-C-41.wav,chainsaw,False,original,94
ESC50,snoring,0,5-235874-A-28.wav,a person is snoring very loudly and slowly,snoring,ESC50,5.0,-1.1512726545333862,,,,,,,,,,,,,,,,,0,no danger risk,5-235874-A-28.wav,snoring,False,original,1895
ESC50,clapping,0,1-104089-B-22.wav,a large group of people are clapping and applauding,clapping,ESC50,1.0,-1.0375741720199585,Clapping,,,,,,,,,,,,,,,,0,no danger risk,1-104089-B-22.wav,clapping,False,original,12
ESC50,wind,0,2-109371-B-16.wav,the wind is blowing very strong and howling in the background,wind,ESC50,2.0,-1.505725383758545,"Vehicle | Subway, metro, underground",,,,,,,,,,,,,,,,0,no danger risk,2-109371-B-16.wav,wind,False,original,461
ESC50,washing_machine,0,4-218199-D-35.wav,a machine is running at a constant speed and then stops,washing_machine,ESC50,4.0,-1.0269362926483154,Engine,,,,,,,,,,,,,,,,0,no danger risk,4-218199-D-35.wav,washing_machine,False,original,1564
ESC50,siren,1,5-184323-A-42.wav,a civil defense siren is blaring with a high pitched whistle,siren,ESC50,,,,,,,,,,,,,,,,,,,1,danger risk,5-184323-A-42.wav,siren,False,original,1677
ESC50,brushing_teeth,0,4-172500-A-27.wav,a person is using a piece of paper with a pencil,brushing_teeth,ESC50,4.0,-1.377429485321045,Pant | Mechanical fan,,,,,,,,,,,,,,,,0,no danger risk,4-172500-A-27.wav,brushing_teeth,False,original,1366
ESC50,water_drops,0,1-23094-B-15.wav,water drips from a faucet into a metal container,water_drops,ESC50,1.0,-1.0308887958526611,,,,,,,,,,,,,,,,,0,no danger risk,1-23094-B-15.wav,water_drops,False,original,118
ESC50,rain,0,1-17367-A-10.wav,rain is pouring down and thunder is rumbling in the background,rain,ESC50,1.0,-0.9850532412528992,Thunderstorm | Rain | Raindrop | Rain on surface,,,,,,,,,,,,,,,,0,no danger risk,1-17367-A-10.wav,rain,False,original,62
ESC50,washing_machine,0,5-238021-A-35.wav,a machine is running at a constant speed and volume,washing_machine,ESC50,5.0,-1.2677141427993774,Vehicle | Aircraft | Jet engine,,,,,,,,,,,,,,,,0,no danger risk,5-238021-A-35.wav,washing_machine,False,original,1903
ESC50,helicopter,0,3-150979-A-40.wav,the wind is blowing and the rain is hitting the ground,helicopter,ESC50,3.0,-1.220426082611084,Mechanical fan,,,,,,,,,,,,,,,,0,no danger risk,3-150979-A-40.wav,helicopter,False,original,992
ESC50,train,0,2-135649-A-45.wav,a train is passing by on a railroad track,train,ESC50,2.0,-0.9811437726020812,"Rail transport | Train | Railroad car, train wagon | Clickety-clack",,,,,,,,,,,,,,,,0,no danger risk,2-135649-A-45.wav,train,False,original,554
ESC50,train,0,1-62509-A-45.wav,a train is passing by on a railroad track,train,ESC50,1.0,-0.9005227088928223,"Vehicle | Rail transport | Train | Railroad car, train wagon | Clickety-clack",,,,,,,,,,,,,,,,0,no danger risk,1-62509-A-45.wav,train,False,original,307
ESC50,hen,0,5-244315-A-6.wav,a chicken is clucking and chickens are making a rooster crowing,hen,ESC50,5.0,-1.4151326417922974,"Livestock, farm animals, working animals | Fowl | Chicken, rooster | Cluck | Bird",,,,,,,,,,,,,,,,0,no danger risk,5-244315-A-6.wav,hen,False,original,1928
ESC50,laughing,0,4-132810-A-26.wav,a baby is laughing and making noise with their mouth open,laughing,ESC50,4.0,-1.2944947481155396,Giggle,,,,,,,,,,,,,,,,0,no danger risk,4-132810-A-26.wav,laughing,False,original,1239
ESC50,crackling_fire,0,5-193473-A-12.wav,a fire burns and crackles in the background as a campfire is burning,crackling_fire,ESC50,5.0,-1.480208158493042,Fire,,,,,,,,,,,,,,,,0,no danger risk,5-193473-A-12.wav,crackling_fire,False,original,1702
ESC50,cow,0,3-160993-A-3.wav,several cows are mooing in the distance,cow,ESC50,3.0,-1.3095932006835938,"Livestock, farm animals, working animals | Cattle, bovinae | Moo",,,,,,,,,,,,,,,,0,no danger risk,3-160993-A-3.wav,cow,False,original,1067
ESC50,drinking_sipping,0,3-174866-A-29.wav,a person is walking on a hard surface,drinking_sipping,ESC50,3.0,-1.0725324153900146,,,,,,,,,,,,,,,,,0,no danger risk,3-174866-A-29.wav,drinking_sipping,False,original,1111
ESC50,clock_alarm,0,2-89516-A-37.wav,an alarm is ringing loudly and stops for a minute,clock_alarm,ESC50,,,,,,,,,,,,,,,,,,,0,no danger risk,2-89516-A-37.wav,clock_alarm,False,original,775
ESC50,washing_machine,0,5-207811-A-35.wav,a machine is running at a constant speed and steady,washing_machine,ESC50,5.0,-0.9974483251571656,,,,,,,,,,,,,,,,,0,no danger risk,5-207811-A-35.wav,washing_machine,False,original,1774
ESC50,car_horn,1,1-26176-A-43.wav,a car horn honks repeatedly while people talk in the background,car_horn,ESC50,1.0,-1.029038429260254,"Speech | Vehicle | Vehicle horn, car horn, honking",,,,,,,,,,,,,,,,1,danger risk,1-26176-A-43.wav,car_horn,False,original,137
ESC50,drinking_sipping,0,5-207836-C-29.wav,a person is drinking water from a bottle and then pouring it into a cup,drinking_sipping,ESC50,5.0,-1.4649766683578491,"Burping, eructation",,,,,,,,,,,,,,,,0,no danger risk,5-207836-C-29.wav,drinking_sipping,False,original,1778
ESC50,clock_alarm,0,2-78562-B-37.wav,an alarm clock is ringing loudly and very loud,clock_alarm,ESC50,,,,,,,,,,,,,,,,,,,0,no danger risk,2-78562-B-37.wav,clock_alarm,False,original,729
ESC50,can_opening,0,2-144031-A-34.wav,someone is opening and closing a knife with a shovel,can_opening,ESC50,2.0,-1.1907378435134888,Scissors | Crack,,,,,,,,,,,,,,,,0,no danger risk,2-144031-A-34.wav,can_opening,False,original,573
ESC50,clapping,0,2-25292-A-22.wav,a crowd of people are clapping and cheering,clapping,ESC50,2.0,-1.301914095878601,Speech | Applause,,,,,,,,,,,,,,,,0,no danger risk,2-25292-A-22.wav,clapping,False,original,617
ESC50,frog,0,3-71964-C-4.wav,frogs are croaking in the background and a frog is quacking,frog,ESC50,3.0,-1.307229995727539,Frog | Croak,,,,,,,,,,,,,,,,0,no danger risk,3-71964-C-4.wav,frog,False,original,1178
ESC50,can_opening,0,3-155659-A-34.wav,someone is opening and closing a can of soda,can_opening,ESC50,,,,,,,,,,,,,,,,,,,0,no danger risk,3-155659-A-34.wav,can_opening,False,original,1042
ESC50,frog,0,4-99644-B-4.wav,frogs are croaking and crickets are chirping in the night,frog,ESC50,4.0,-0.962402880191803,Frog | Croak,,,,,,,,,,,,,,,,0,no danger risk,4-99644-B-4.wav,frog,False,original,1597
Screaming,screaming,1,Screaming__d1__a59ivTlYoNk__310.00.wav,a man is speaking and a baby is crying,Screaming,,,-0.9744014739990234,"Speech | Screaming | Inside, small room",,,,,,,,,,,a59ivTlYoNk,310.0,320.0,1.0,3.249705215419501,1,danger risk,Screaming__d1__a59ivTlYoNk__310.00.wav,screaming,False,original,2044
ESC50,chirping_birds,0,4-223127-A-14.wav,birds are chirping and singing in the background,chirping_birds,ESC50,4.0,-1.0844964981079102,"Bird | Bird vocalization, bird call, bird song | Environmental noise",,,,,,,,,,,,,,,,0,no danger risk,4-223127-A-14.wav,chirping_birds,False,original,1572
ESC50,water_drops,0,5-254832-B-15.wav,water dripping from a faucet into a tub,water_drops,ESC50,5.0,-0.8946955800056458,Drip,,,,,,,,,,,,,,,,0,no danger risk,5-254832-B-15.wav,water_drops,False,original,1967
ESC50,wind,0,3-134699-B-16.wav,the wind is blowing and waves are crashing on the beach,wind,ESC50,3.0,-0.8957663178443909,"Wind | Wind noise (microphone) | Ocean | Waves, surf",,,,,,,,,,,,,,,,0,no danger risk,3-134699-B-16.wav,wind,False,original,917
ESC50,insects,0,1-7973-A-7.wav,a bee is buzzing loudly and then stops,insects,ESC50,1.0,-1.414519190788269,"Insect | Mosquito | Fly, housefly",,,,,,,,,,,,,,,,0,no danger risk,1-7973-A-7.wav,insects,False,original,356
ESC50,can_opening,0,5-244327-A-34.wav,a person is using a shovel to dig up and down,can_opening,ESC50,5.0,-1.4366459846496582,,,,,,,,,,,,,,,,,0,no danger risk,5-244327-A-34.wav,can_opening,False,original,1931
ESC50,crickets,0,2-106019-A-13.wav,crickets are chirping and insects are buzzing in the night,crickets,ESC50,,,,,,,,,,,,,,,,,,,0,no danger risk,2-106019-A-13.wav,crickets,False,original,436
ESC50,can_opening,0,2-81190-A-34.wav,a person is using a shovel to dig into the air,can_opening,ESC50,2.0,-1.2590595483779907,"Gunshot, gunfire | Cap gun",,,,,,,,,,,,,,,,0,no danger risk,2-81190-A-34.wav,can_opening,False,original,739
ESC50,fireworks,0,4-119648-B-48.wav,fireworks are exploding in the distance in the sky,fireworks,ESC50,4.0,-1.0460580587387085,Fireworks | Firecracker,,,,,,,,,,,,,,,,0,no danger risk,4-119648-B-48.wav,fireworks,False,original,1217
ESC50,crying_baby,1,5-198411-D-20.wav,a baby is crying and making a loud noise,crying_baby,ESC50,5.0,-1.3611586093902588,"Crying, sobbing | Baby cry, infant cry",,,,,,,,,,,,,,,,1,danger risk,5-198411-D-20.wav,crying_baby,False,original,1731
ESC50,dog,1,3-144028-A-0.wav,a dog is barking loudly at the same time,dog,ESC50,,,,,,,,,,,,,,,,,,,1,danger risk,3-144028-A-0.wav,dog,False,original,954
ESC50,brushing_teeth,0,4-144468-B-27.wav,a person is brushing their teeth with their mouth,brushing_teeth,ESC50,4.0,-0.8579425811767578,Speech | Toothbrush,,,,,,,,,,,,,,,,0,no danger risk,4-144468-B-27.wav,brushing_teeth,False,original,1259
ESC50,crow,0,5-261325-A-9.wav,a group of crows are squawking and cawing loudly,crow,ESC50,5.0,-1.293590068817139,Speech | Animal | Crow | Caw,,,,,,,,,,,,,,,,0,no danger risk,5-261325-A-9.wav,crow,False,original,1983
ESC50,keyboard_typing,0,2-104168-A-32.wav,someone is typing on a keyboard and types on a typewriter,keyboard_typing,ESC50,2.0,-1.2425771951675415,Typing | Computer keyboard,,,,,,,,,,,,,,,,0,no danger risk,2-104168-A-32.wav,keyboard_typing,False,original,426
ESC50,sheep,0,1-196660-A-8.wav,a sheep bleats loudly and a cow moos in the background,sheep,ESC50,1.0,-1.1996582746505735,"Animal | Livestock, farm animals, working animals | Bleat | Sheep",,,,,,,,,,,,,,,,0,no danger risk,1-196660-A-8.wav,sheep,False,original,87
ESC50,hen,0,1-18074-A-6.wav,a chicken is clucking and flapping its wings,hen,ESC50,,,,,,,,,,,,,,,,,,,0,no danger risk,1-18074-A-6.wav,hen,False,original,70
ESC50,crackling_fire,0,3-65748-A-12.wav,a fire is crackling and popping as it burns,crackling_fire,ESC50,3.0,-0.9893229603767396,Fire,,,,,,,,,,,,,,,,0,no danger risk,3-65748-A-12.wav,crackling_fire,False,original,1169
ESC50,fireworks,0,2-165801-A-48.wav,fireworks are going off in the distance,fireworks,ESC50,2.0,-0.8085315823554993,Fireworks | Firecracker,,,,,,,,,,,,,,,,0,no danger risk,2-165801-A-48.wav,fireworks,False,original,590
ESC50,hand_saw,0,2-59321-A-49.wav,someone is sawing a piece of wood with a saw,hand_saw,ESC50,2.0,-1.0206025838851929,Sawing | Wood | Rub,,,,,,,,,,,,,,,,0,no danger risk,2-59321-A-49.wav,hand_saw,False,original,665
ESC50,drinking_sipping,0,2-102581-A-29.wav,a large object is being thrown into a container,drinking_sipping,ESC50,2.0,-1.4595601558685305,,,,,,,,,,,,,,,,,0,no danger risk,2-102581-A-29.wav,drinking_sipping,False,original,416
ESC50,sea_waves,0,4-167063-A-11.wav,waves are crashing against the shore and the wind is blowing,sea_waves,ESC50,4.0,-1.0149577856063845,"Wind | Ocean | Waves, surf | Boat, Water vehicle",,,,,,,,,,,,,,,,0,no danger risk,4-167063-A-11.wav,sea_waves,False,original,1337
ESC50,pouring_water,0,2-102414-B-17.wav,water is being poured into a container at a steady pace,pouring_water,ESC50,2.0,-0.9834192395210266,Water | Liquid,,,,,,,,,,,,,,,,0,no danger risk,2-102414-B-17.wav,pouring_water,False,original,404
ESC50,airplane,0,3-143560-A-47.wav,a plane is flying overhead and getting ready to take off,airplane,ESC50,3.0,-1.125916600227356,"Vehicle | Aircraft | Propeller, airscrew | Fixed-wing aircraft, airplane",,,,,,,,,,,,,,,,0,no danger risk,3-143560-A-47.wav,airplane,False,original,950
ESC50,door_wood_creaks,0,3-103401-A-33.wav,a creaky door is creaking as it is being opened and closed,door_wood_creaks,ESC50,3.0,-0.8573778867721558,Creak,,,,,,,,,,,,,,,,0,no danger risk,3-103401-A-33.wav,door_wood_creaks,False,original,813
ESC50,fireworks,0,1-25777-A-48.wav,fireworks are going off in the distance,fireworks,ESC50,1.0,-0.7571683526039124,Fireworks | Firecracker,,,,,,,,,,,,,,,,0,no danger risk,1-25777-A-48.wav,fireworks,False,original,131
ESC50,vacuum_cleaner,0,4-172732-A-36.wav,a machine is running at a constant speed and steady,vacuum_cleaner,ESC50,4.0,-1.2049520015716553,Vacuum cleaner,,,,,,,,,,,,,,,,0,no danger risk,4-172732-A-36.wav,vacuum_cleaner,False,original,1370
ESC50,glass_breaking,1,4-204777-B-39.wav,a glass bottle is broken and breaking against another hard surface,glass_breaking,ESC50,4.0,-1.401102900505066,Glass | Shatter | Breaking,,,,,,,,,,,,,,,,1,danger risk,4-204777-B-39.wav,glass_breaking,False,original,1533
ESC50,drinking_sipping,0,2-92978-A-29.wav,water is dripping from a tap onto a hard surface,drinking_sipping,ESC50,2.0,-1.0903512239456177,,,,,,,,,,,,,,,,,0,no danger risk,2-92978-A-29.wav,drinking_sipping,False,original,779
ESC50,keyboard_typing,0,1-94231-B-32.wav,someone is typing on a keyboard and types on a computer,keyboard_typing,ESC50,1.0,-1.0147937536239624,Typing | Computer keyboard,,,,,,,,,,,,,,,,0,no danger risk,1-94231-B-32.wav,keyboard_typing,False,original,387
ESC50,helicopter,0,2-37806-A-40.wav,a helicopter is flying over the sky and the engine is running,helicopter,ESC50,2.0,-1.4478297233581543,"Vehicle | Aircraft | Propeller, airscrew | Helicopter",,,,,,,,,,,,,,,,0,no danger risk,2-37806-A-40.wav,helicopter,False,original,629
ESC50,crickets,0,4-181362-A-13.wav,crickets chirp in the background as a cricket chirps,crickets,ESC50,4.0,-1.0776952505111694,,,,,,,,,,,,,,,,,0,no danger risk,4-181362-A-13.wav,crickets,False,original,1405
ESC50,crying_baby,1,4-59579-B-20.wav,a baby is crying for a moment and over again,crying_baby,ESC50,,,,,,,,,,,,,,,,,,,1,danger risk,4-59579-B-20.wav,crying_baby,False,original,1589
ESC50,sneezing,1,5-221518-A-21.wav,a person is sneezing twice and then coughs again,sneezing,ESC50,5.0,-1.4858944416046145,Sneeze,,,,,,,,,,,,,,,,1,danger risk,5-221518-A-21.wav,sneezing,False,original,1853
ESC50,car_horn,1,4-178402-A-43.wav,a car horn is blown over and over again,car_horn,ESC50,4.0,-1.0935723781585691,"Vehicle horn, car horn, honking",,,,,,,,,,,,,,,,1,danger risk,4-178402-A-43.wav,car_horn,False,original,1396
ESC50,vacuum_cleaner,0,1-100210-B-36.wav,a vacuum cleaner is being used to cut something,vacuum_cleaner,ESC50,1.0,-1.2738054990768433,Vacuum cleaner,,,,,,,,,,,,,,,,0,no danger risk,1-100210-B-36.wav,vacuum_cleaner,False,original,3
ESC50,chainsaw,1,5-170338-B-41.wav,a chainsaw is revved up and revving up and down,chainsaw,ESC50,,,,,,,,,,,,,,,,,,,1,danger risk,5-170338-B-41.wav,chainsaw,False,original,1643
ESC50,toilet_flush,0,2-67422-A-18.wav,a toilet is flushed and water is running,toilet_flush,ESC50,2.0,-1.1212660074234009,Toilet flush,,,,,,,,,,,,,,,,0,no danger risk,2-67422-A-18.wav,toilet_flush,False,original,686
ESC50,crickets,0,2-85139-A-13.wav,crickets are chirping and insects are buzzing in the night,crickets,ESC50,2.0,-0.8841661214828491,Insect | Cricket,,,,,,,,,,,,,,,,0,no danger risk,2-85139-A-13.wav,crickets,False,original,761
ESC50,keyboard_typing,0,3-132830-A-32.wav,someone is typing on a keyboard and types on a typewriter,keyboard_typing,ESC50,3.0,-1.2886418104171753,Typing | Computer keyboard,,,,,,,,,,,,,,,,0,no danger risk,3-132830-A-32.wav,keyboard_typing,False,original,912
ESC50,sheep,0,1-49409-B-8.wav,a sheep is bleating loudly and a goat bleats,sheep,ESC50,1.0,-1.4212610721588137,Animal | Bleat | Sheep,,,,,,,,,,,,,,,,0,no danger risk,1-49409-B-8.wav,sheep,False,original,237
ESC50,airplane,0,1-43807-A-47.wav,an airplane is flying overhead and a helicopter is in the background,airplane,ESC50,1.0,-1.142594814300537,Vehicle | Ship,,,,,,,,,,,,,,,,0,no danger risk,1-43807-A-47.wav,airplane,False,original,209
ESC50,glass_breaking,1,1-84705-A-39.wav,someone is throwing glass against the ground repeatedly,glass_breaking,ESC50,1.0,-1.5146080255508425,,,,,,,,,,,,,,,,,1,danger risk,1-84705-A-39.wav,glass_breaking,False,original,371
ESC50,crow,0,1-56233-A-9.wav,a bird is squawking loudly in the background,crow,ESC50,1.0,-1.158794403076172,Crow | Caw,,,,,,,,,,,,,,,,0,no danger risk,1-56233-A-9.wav,crow,False,original,277
ESC50,pig,0,4-250869-B-2.wav,a pig is oinking loudly in the background,pig,ESC50,4.0,-1.3111929893493652,Animal | Pig,,,,,,,,,,,,,,,,0,no danger risk,4-250869-B-2.wav,pig,False,original,1579
ESC50,clapping,0,5-218494-A-22.wav,a large group of people are clapping and cheering,clapping,ESC50,5.0,-0.9182534217834472,Clapping | Applause | Sound effect,,,,,,,,,,,,,,,,0,no danger risk,5-218494-A-22.wav,clapping,False,original,1838
ESC50,helicopter,0,2-188822-B-40.wav,an airplane is flying overhead while a plane is passing by,helicopter,ESC50,2.0,-1.228097915649414,Vehicle | Aircraft | Helicopter,,,,,,,,,,,,,,,,0,no danger risk,2-188822-B-40.wav,helicopter,False,original,603
ESC50,car_horn,1,4-175845-A-43.wav,a car honks its horn as it drives by,car_horn,ESC50,4.0,-1.08213472366333,Vehicle | Toot,,,,,,,,,,,,,,,,1,danger risk,4-175845-A-43.wav,car_horn,False,original,1385
ESC50,can_opening,0,5-260011-A-34.wav,someone is opening and closing a can of soda,can_opening,ESC50,5.0,-1.2950905561447144,,,,,,,,,,,,,,,,,0,no danger risk,5-260011-A-34.wav,can_opening,False,original,1977
ESC50,chainsaw,1,3-118657-B-41.wav,a chainsaw is cutting through a piece of wood,chainsaw,ESC50,3.0,-0.8660776019096375,Chainsaw,,,,,,,,,,,,,,,,1,danger risk,3-118657-B-41.wav,chainsaw,False,original,863
ESC50,clock_tick,0,5-201194-A-38.wav,a clock is ticking and a pendulum is clicking,clock_tick,ESC50,5.0,-1.4344451427459717,Tick | Tick-tock,,,,,,,,,,,,,,,,0,no danger risk,5-201194-A-38.wav,clock_tick,False,original,1752
ESC50,clapping,0,1-115920-B-22.wav,a crowd of people are clapping and applauding,clapping,ESC50,1.0,-1.258526086807251,Speech | Clapping,,,,,,,,,,,,,,,,0,no danger risk,1-115920-B-22.wav,clapping,False,original,22
ESC50,door_wood_knock,0,4-261068-A-30.wav,a person is knocking on a door five times,door_wood_knock,ESC50,,,,,,,,,,,,,,,,,,,0,no danger risk,4-261068-A-30.wav,door_wood_knock,False,original,1586
ESC50,clock_alarm,0,4-151242-A-37.wav,an alarm clock is beeping and going off,clock_alarm,ESC50,4.0,-1.2497764825820925,Alarm | Alarm clock,,,,,,,,,,,,,,,,0,no danger risk,4-151242-A-37.wav,clock_alarm,False,original,1273
ESC50,mouse_click,0,5-233019-A-31.wav,a person is writing on a piece of paper with a pencil,mouse_click,ESC50,5.0,-0.8349885940551758,,,,,,,,,,,,,,,,,0,no danger risk,5-233019-A-31.wav,mouse_click,False,original,1875
ESC50,engine,0,5-243773-B-44.wav,an engine is idling and then it starts to idle,engine,ESC50,5.0,-1.5046123266220093,Vehicle | Engine,,,,,,,,,,,,,,,,0,no danger risk,5-243773-B-44.wav,engine,False,original,1924
ESC50,footsteps,0,4-218304-B-25.wav,a person is walking on a gravel path,footsteps,ESC50,4.0,-1.0510101318359375,"Walk, footsteps",,,,,,,,,,,,,,,,0,no danger risk,4-218304-B-25.wav,footsteps,False,original,1570
ESC50,crickets,0,5-204352-B-13.wav,crickets are chirping and insects are buzzing in the night,crickets,ESC50,5.0,-0.8450669646263123,Insect | Cricket,,,,,,,,,,,,,,,,0,no danger risk,5-204352-B-13.wav,crickets,False,original,1765
ESC50,thunderstorm,0,3-103050-A-19.wav,thunder rumbles in the distance as a storm rolls by,thunderstorm,ESC50,3.0,-1.241610407829285,Thunderstorm | Thunder,,,,,,,,,,,,,,,,0,no danger risk,3-103050-A-19.wav,thunderstorm,False,original,809
ESC50,mouse_click,0,5-223103-A-31.wav,a person is tapping their fingers on a keyboard,mouse_click,ESC50,5.0,-1.161954045295715,Clicking,,,,,,,,,,,,,,,,0,no danger risk,5-223103-A-31.wav,mouse_click,False,original,1866
ESC50,water_drops,0,4-212604-A-15.wav,water drips from a faucet into a sink and then a low hum is followed by a few clicks,water_drops,ESC50,4.0,-1.4331402778625488,Drip,,,,,,,,,,,,,,,,0,no danger risk,4-212604-A-15.wav,water_drops,False,original,1549
ESC50,wind,0,3-117504-A-16.wav,a machine is running at a constant speed and steady,wind,ESC50,3.0,-1.1546708345413208,Vehicle,,,,,,,,,,,,,,,,0,no danger risk,3-117504-A-16.wav,wind,False,original,852
ESC50,footsteps,0,3-94342-A-25.wav,a person is walking through leaves through a wooded area,footsteps,ESC50,3.0,-1.2440563440322876,,,,,,,,,,,,,,,,,0,no danger risk,3-94342-A-25.wav,footsteps,False,original,1184
ESC50,cat,0,1-34094-A-5.wav,a cat is meowing and making a loud noise in the background,cat,ESC50,,,,,,,,,,,,,,,,,,,0,no danger risk,1-34094-A-5.wav,cat,False,original,175
ESC50,crying_baby,1,4-59579-A-20.wav,a baby is crying for a long time,crying_baby,ESC50,4.0,-1.1905033588409424,,,,,,,,,,,,,,,,,1,danger risk,4-59579-A-20.wav,crying_baby,False,original,1588
ESC50,pouring_water,0,4-187504-A-17.wav,water is being poured into a container at a steady pace,pouring_water,ESC50,4.0,-0.983153760433197,Water | Liquid,,,,,,,,,,,,,,,,0,no danger risk,4-187504-A-17.wav,pouring_water,False,original,1451
ESC50,chainsaw,1,2-68391-A-41.wav,a chainsaw is cutting through a piece of wood,chainsaw,ESC50,,,,,,,,,,,,,,,,,,,1,danger risk,2-68391-A-41.wav,chainsaw,False,original,687
ESC50,crow,0,1-75162-A-9.wav,a group of crows are squawking loudly with one another,crow,ESC50,1.0,-1.13677179813385,Crow | Caw,,,,,,,,,,,,,,,,0,no danger risk,1-75162-A-9.wav,crow,False,original,341
ESC50,breathing,0,3-144128-A-23.wav,a person is breathing heavily and steadily in the background,breathing,ESC50,3.0,-1.4729915857315063,Breathing | Gasp | Snort,,,,,,,,,,,,,,,,0,no danger risk,3-144128-A-23.wav,breathing,False,original,957
ESC50,clapping,0,1-94036-A-22.wav,a large group of people are clapping and applauding,clapping,ESC50,1.0,-1.1561824083328247,Clapping | Applause,,,,,,,,,,,,,,,,0,no danger risk,1-94036-A-22.wav,clapping,False,original,385
ESC50,fireworks,0,4-119648-D-48.wav,fireworks are going off in the distance,fireworks,ESC50,4.0,-0.7980008125305176,Fireworks | Firecracker,,,,,,,,,,,,,,,,0,no danger risk,4-119648-D-48.wav,fireworks,False,original,1219
ESC50,mouse_click,0,4-201800-A-31.wav,a person is tapping on a piece of wood,mouse_click,ESC50,4.0,-1.1139074563980105,Clicking,,,,,,,,,,,,,,,,0,no danger risk,4-201800-A-31.wav,mouse_click,False,original,1519
ESC50,clapping,0,4-189830-A-22.wav,a crowd of people are clapping and cheering,clapping,ESC50,4.0,-0.9986700415611268,"Speech | Run | Outside, urban or manmade",,,,,,,,,,,,,,,,0,no danger risk,4-189830-A-22.wav,clapping,False,original,1471
ESC50,can_opening,0,5-244933-A-34.wav,a person is tapping on a table with a tool,can_opening,ESC50,5.0,-1.40455961227417,,,,,,,,,,,,,,,,,0,no danger risk,5-244933-A-34.wav,can_opening,False,original,1935
ESC50,coughing,1,2-87799-A-24.wav,a person coughs five times and then coughing again,coughing,ESC50,,,,,,,,,,,,,,,,,,,1,danger risk,2-87799-A-24.wav,coughing,False,original,773
ESC50,sea_waves,0,1-43760-A-11.wav,water is flowing in a stream and splashing over rocks,sea_waves,ESC50,1.0,-1.0692297220230105,"Vehicle | Boat, Water vehicle | Rowboat, canoe, kayak",,,,,,,,,,,,,,,,0,no danger risk,1-43760-A-11.wav,sea_waves,False,original,207
ESC50,hen,0,3-187549-A-6.wav,a chicken is clucking while birds are chirping in the background,hen,ESC50,3.0,-0.7687202095985413,"Fowl | Chicken, rooster | Cluck | Bird",,,,,,,,,,,,,,,,0,no danger risk,3-187549-A-6.wav,hen,False,original,1126
ESC50,helicopter,0,3-154926-B-40.wav,an airplane is flying overhead and getting ready to take off,helicopter,ESC50,3.0,-1.2342686653137207,"Vehicle | Aircraft | Propeller, airscrew",,,,,,,,,,,,,,,,0,no danger risk,3-154926-B-40.wav,helicopter,False,original,1027
ESC50,frog,0,3-71964-B-4.wav,frogs are croaking in the background and a frog is quacking,frog,ESC50,3.0,-1.256919503211975,Frog | Croak,,,,,,,,,,,,,,,,0,no danger risk,3-71964-B-4.wav,frog,False,original,1177
ESC50,clock_alarm,0,3-117883-A-37.wav,an alarm beeps and then it stops beeping and then it is turned off,clock_alarm,ESC50,3.0,-1.5834193229675293,Alarm | Alarm clock,,,,,,,,,,,,,,,,0,no danger risk,3-117883-A-37.wav,clock_alarm,False,original,855
ESC50,keyboard_typing,0,2-99796-A-32.wav,a person is typing quickly on a piece of paper,keyboard_typing,ESC50,2.0,-1.0468569993972778,Typing | Computer keyboard,,,,,,,,,,,,,,,,0,no danger risk,2-99796-A-32.wav,keyboard_typing,False,original,796
ESC50,dog,1,5-203128-B-0.wav,a dog is barking loudly at a steady pace,dog,ESC50,,,,,,,,,,,,,,,,,,,1,danger risk,5-203128-B-0.wav,dog,False,original,1761
ESC50,chirping_birds,0,1-46040-A-14.wav,birds are chirping and a bird is singing in the background,chirping_birds,ESC50,1.0,-0.9620689749717712,Crow | Caw,,,,,,,,,,,,,,,,0,no danger risk,1-46040-A-14.wav,chirping_birds,False,original,216
ESC50,wind,0,1-47709-A-16.wav,the wind is blowing very strongly and very hard,wind,ESC50,1.0,-1.2460572719573977,"Wind | Wind noise (microphone) | Boat, Water vehicle",,,,,,,,,,,,,,,,0,no danger risk,1-47709-A-16.wav,wind,False,original,227
ESC50,chirping_birds,0,1-38560-A-14.wav,birds are chirping and singing in the distance,chirping_birds,ESC50,1.0,-0.9864681959152222,Owl,,,,,,,,,,,,,,,,0,no danger risk,1-38560-A-14.wav,chirping_birds,False,original,192
ESC50,sea_waves,0,2-125966-A-11.wav,water is splashing in a stream and a person is swimming,sea_waves,ESC50,2.0,-1.5590473413467407,"Ocean | Vehicle | Boat, Water vehicle | Rowboat, canoe, kayak",,,,,,,,,,,,,,,,0,no danger risk,2-125966-A-11.wav,sea_waves,False,original,535
ESC50,laughing,0,3-107123-A-26.wav,a baby is laughing and making a loud laughter,laughing,ESC50,,,,,,,,,,,,,,,,,,,0,no danger risk,3-107123-A-26.wav,laughing,False,original,827
ESC50,vacuum_cleaner,0,3-152020-B-36.wav,a machine is running at a constant speed and high pressure,vacuum_cleaner,ESC50,3.0,-1.415698528289795,,,,,,,,,,,,,,,,,0,no danger risk,3-152020-B-36.wav,vacuum_cleaner,False,original,1013
ESC50,keyboard_typing,0,2-118817-A-32.wav,a person is typing on a keyboard and types on a computer,keyboard_typing,ESC50,2.0,-1.1582480669021606,Typing | Computer keyboard,,,,,,,,,,,,,,,,0,no danger risk,2-118817-A-32.wav,keyboard_typing,False,original,502
ESC50,dog,1,1-110389-A-0.wav,a dog is barking and growling at a consistent rate,dog,ESC50,,,,,,,,,,,,,,,,,,,1,danger risk,1-110389-A-0.wav,dog,False,original,14
ESC50,frog,0,2-52789-A-4.wav,a group of birds are chirping and a rooster is crowing,frog,ESC50,2.0,-1.2030287981033323,"Speech | Fowl | Chicken, rooster | Cluck",,,,,,,,,,,,,,,,0,no danger risk,2-52789-A-4.wav,frog,False,original,657
ESC50,door_wood_creaks,0,2-123712-A-33.wav,someone is rocking back and forth on a wooden chair,door_wood_creaks,ESC50,2.0,-0.9438452124595642,,,,,,,,,,,,,,,,,0,no danger risk,2-123712-A-33.wav,door_wood_creaks,False,original,528
ESC50,drinking_sipping,0,5-207836-D-29.wav,a person is drinking water from a bottle and then burping,drinking_sipping,ESC50,5.0,-1.5206197500228882,Speech,,,,,,,,,,,,,,,,0,no danger risk,5-207836-D-29.wav,drinking_sipping,False,original,1779
ESC50,rain,0,2-82367-A-10.wav,rain is falling down onto the roof of a house,rain,ESC50,2.0,-1.0380889177322388,Rain | Raindrop | Rain on surface,,,,,,,,,,,,,,,,0,no danger risk,2-82367-A-10.wav,rain,False,original,749
ESC50,keyboard_typing,0,2-118459-B-32.wav,someone is typing on a typewriter and types on a keyboard,keyboard_typing,ESC50,2.0,-1.206994652748108,Typing | Computer keyboard,,,,,,,,,,,,,,,,0,no danger risk,2-118459-B-32.wav,keyboard_typing,False,original,499
ESC50,crying_baby,1,3-152007-A-20.wav,a baby is crying and making a loud squeaking sound,crying_baby,ESC50,,,,,,,,,,,,,,,,,,,1,danger risk,3-152007-A-20.wav,crying_baby,False,original,1007
ESC50,crickets,0,4-194246-A-13.wav,crickets chirp in the background as a steady wind blows,crickets,ESC50,4.0,-1.0946193933486938,,,,,,,,,,,,,,,,,0,no danger risk,4-194246-A-13.wav,crickets,False,original,1487
UrbanSound8K,gun_shot,1,197318-6-5-0.wav,a gun is being fired at a consistent pace,gun_shot,,1.0,-1.1994287967681885,"Gunshot, gunfire | Fireworks | Firecracker",197318-6-5-0.wav,197318.0,13.70439,15.411163,1.0,6.0,gun_shot,clotho,danger_risk,1.0,,,,,,1,danger risk,197318-6-5-0.wav,gun_shot,False,original,2015
ESC50,footsteps,0,1-155858-A-25.wav,someone is walking on a hard surface with shoes,footsteps,ESC50,1.0,-1.2823593616485596,"Walk, footsteps",,,,,,,,,,,,,,,,0,no danger risk,1-155858-A-25.wav,footsteps,False,original,39
ESC50,clock_tick,0,4-181035-A-38.wav,a clock is ticking very loudly and consistently,clock_tick,ESC50,4.0,-1.22939133644104,Clock,,,,,,,,,,,,,,,,0,no danger risk,4-181035-A-38.wav,clock_tick,False,original,1403
ESC50,coughing,1,3-151213-A-24.wav,a person coughs five times and then burps again,coughing,ESC50,3.0,-1.16695237159729,Throat clearing,,,,,,,,,,,,,,,,1,danger risk,3-151213-A-24.wav,coughing,False,original,1001
ESC50,helicopter,0,5-177957-D-40.wav,a helicopter is flying in the sky and the propeller is spinning,helicopter,ESC50,5.0,-1.4947049617767334,Vehicle | Aircraft | Helicopter,,,,,,,,,,,,,,,,0,no danger risk,5-177957-D-40.wav,helicopter,False,original,1655
ESC50,clapping,0,5-262957-A-22.wav,a large crowd of people are clapping and cheering,clapping,ESC50,5.0,-1.0219597816467283,Applause,,,,,,,,,,,,,,,,0,no danger risk,5-262957-A-22.wav,clapping,False,original,1988
ESC50,footsteps,0,4-194979-A-25.wav,a person is walking through the snow wearing boots,footsteps,ESC50,4.0,-1.1052706241607666,"Walk, footsteps",,,,,,,,,,,,,,,,0,no danger risk,4-194979-A-25.wav,footsteps,False,original,1492
ESC50,car_horn,1,3-145577-A-43.wav,a car horn honks repeatedly and then a vehicle drives by,car_horn,ESC50,,,,,,,,,,,,,,,,,,,1,danger risk,3-145577-A-43.wav,car_horn,False,original,970
ESC50,cow,0,4-213915-C-3.wav,a cow mooing cows moo loudly in the background,cow,ESC50,4.0,-1.5214787721633911,"Livestock, farm animals, working animals | Cattle, bovinae | Moo",,,,,,,,,,,,,,,,0,no danger risk,4-213915-C-3.wav,cow,False,original,1557
ESC50,insects,0,4-182314-B-7.wav,a swarm of bees are buzzing around a hive,insects,ESC50,4.0,-1.0193440914154053,"Insect | Fly, housefly | Bee, wasp, etc.",,,,,,,,,,,,,,,,0,no danger risk,4-182314-B-7.wav,insects,False,original,1420
Screaming,screaming,1,Screaming__d1__h86zLS_6M9Y__250.00.wav,a man is shouting and screaming while another person is yelling,Screaming,,,-1.3507070541381836,Speech | Groan | Music,,,,,,,,,,,h86zLS_6M9Y,250.0,260.0,1.0,0.0,1,danger risk,Screaming__d1__h86zLS_6M9Y__250.00.wav,screaming,False,original,2053
ESC50,drinking_sipping,0,1-17295-A-29.wav,someone is drinking water from a container to make their mouth open,drinking_sipping,ESC50,1.0,-1.4453245401382446,,,,,,,,,,,,,,,,,0,no danger risk,1-17295-A-29.wav,drinking_sipping,False,original,61
ESC50,washing_machine,0,3-182710-A-35.wav,a washing machine is running in a factory,washing_machine,ESC50,3.0,-1.3076108694076538,,,,,,,,,,,,,,,,,0,no danger risk,3-182710-A-35.wav,washing_machine,False,original,1122
ESC50,crickets,0,5-215172-A-13.wav,crickets chirp in the background as a cricket is chirping,crickets,ESC50,5.0,-1.1265944242477417,Cricket | Mechanical fan,,,,,,,,,,,,,,,,0,no danger risk,5-215172-A-13.wav,crickets,False,original,1817
ESC50,helicopter,0,2-37806-C-40.wav,a helicopter is flying overhead and getting ready to takeoff,helicopter,ESC50,2.0,-1.3801037073135376,"Vehicle | Aircraft | Propeller, airscrew | Helicopter",,,,,,,,,,,,,,,,0,no danger risk,2-37806-C-40.wav,helicopter,False,original,631
ESC50,brushing_teeth,0,1-61534-A-27.wav,a person is eating with their mouth open,brushing_teeth,ESC50,1.0,-1.2366472482681274,,,,,,,,,,,,,,,,,0,no danger risk,1-61534-A-27.wav,brushing_teeth,False,original,306
ESC50,crying_baby,1,2-107351-B-20.wav,a baby is crying and making loud noises,crying_baby,ESC50,,,,,,,,,,,,,,,,,,,1,danger risk,2-107351-B-20.wav,crying_baby,False,original,446
ESC50,siren,1,3-58772-A-42.wav,a civil defense siren is going off and getting louder,siren,ESC50,3.0,-1.435336351394653,Siren | Civil defense siren,,,,,,,,,,,,,,,,1,danger risk,3-58772-A-42.wav,siren,False,original,1166
ESC50,laughing,0,4-132816-A-26.wav,a baby is crying and laughing and screaming,laughing,ESC50,4.0,-1.352636456489563,Laughter | Belly laugh,,,,,,,,,,,,,,,,0,no danger risk,4-132816-A-26.wav,laughing,False,original,1240
ESC50,keyboard_typing,0,4-158653-A-32.wav,someone is typing on a keyboard and types on a typewriter,keyboard_typing,ESC50,4.0,-1.1459075212478638,Typing | Computer keyboard,,,,,,,,,,,,,,,,0,no danger risk,4-158653-A-32.wav,keyboard_typing,False,original,1292
ESC50,keyboard_typing,0,3-144106-A-32.wav,someone is typing on a keyboard and types on a typewriter,keyboard_typing,ESC50,3.0,-1.115291953086853,Typing | Computer keyboard,,,,,,,,,,,,,,,,0,no danger risk,3-144106-A-32.wav,keyboard_typing,False,original,955
ESC50,dog,1,1-59513-A-0.wav,a dog is barking loudly and consistently in the background,dog,ESC50,,,,,,,,,,,,,,,,,,,1,danger risk,1-59513-A-0.wav,dog,False,original,296
ESC50,crying_baby,1,5-198411-C-20.wav,a baby is crying and making noises in the background,crying_baby,ESC50,5.0,-0.9821884632110596,"Crying, sobbing | Baby cry, infant cry | Whimper",,,,,,,,,,,,,,,,1,danger risk,5-198411-C-20.wav,crying_baby,False,original,1730
ESC50,drinking_sipping,0,4-188595-A-29.wav,a person is breathing heavily while they are drinking water,drinking_sipping,ESC50,,,,,,,,,,,,,,,,,,,0,no danger risk,4-188595-A-29.wav,drinking_sipping,False,original,1463
ESC50,crying_baby,1,2-50666-A-20.wav,a baby is crying and babbling while a child is speaking in the background,crying_baby,ESC50,,,,,,,,,,,,,,,,,,,1,danger risk,2-50666-A-20.wav,crying_baby,False,original,644
ESC50,clock_alarm,0,1-67033-A-37.wav,an alarm clock is beeping loudly and then it stops,clock_alarm,ESC50,1.0,-1.539381742477417,Alarm | Alarm clock | Clock,,,,,,,,,,,,,,,,0,no danger risk,1-67033-A-37.wav,clock_alarm,False,original,318
ESC50,sneezing,1,5-187979-A-21.wav,a person coughs five times and sniffs repeatedly,sneezing,ESC50,5.0,-1.1636312007904053,Throat clearing | Sneeze,,,,,,,,,,,,,,,,1,danger risk,5-187979-A-21.wav,sneezing,False,original,1687
ESC50,dog,1,5-231762-A-0.wav,a dog is barking loudly and sporadically,dog,ESC50,,,,,,,,,,,,,,,,,,,1,danger risk,5-231762-A-0.wav,dog,False,original,1871
ESC50,cow,0,5-253085-B-3.wav,several cows are mooing and a cow moos in the distance,cow,ESC50,5.0,-1.0523861646652222,"Livestock, farm animals, working animals | Cattle, bovinae | Moo",,,,,,,,,,,,,,,,0,no danger risk,5-253085-B-3.wav,cow,False,original,1956
ESC50,church_bells,0,1-13572-A-46.wav,church bells are ringing loudly in the background,church_bells,ESC50,1.0,-1.1161619424819946,Bell | Church bell,,,,,,,,,,,,,,,,0,no danger risk,1-13572-A-46.wav,church_bells,False,original,34
ESC50,insects,0,4-130891-A-7.wav,a bee is buzzing loudly and then stops for a long time,insects,ESC50,4.0,-1.3302048444747925,"Insect | Fly, housefly",,,,,,,,,,,,,,,,0,no danger risk,4-130891-A-7.wav,insects,False,original,1235
UrbanSound8K,gun_shot,1,135528-6-4-0.wav,a gun is fired in the distance and a gunshot is firing,gun_shot,,4.0,-1.6819841861724854,"Gunshot, gunfire | Machine gun | Artillery fire",135528-6-4-0.wav,135528.0,21.359911,25.359911,2.0,6.0,gun_shot,clotho,danger_risk,1.0,,,,,,1,danger risk,135528-6-4-0.wav,gun_shot,False,original,2013
ESC50,rain,0,5-203739-A-10.wav,rain is falling down onto the roof of a house,rain,ESC50,5.0,-1.049633264541626,Rain | Raindrop | Rain on surface,,,,,,,,,,,,,,,,0,no danger risk,5-203739-A-10.wav,rain,False,original,1762
ESC50,cow,0,2-117795-B-3.wav,several cows are mooing loudly in the background,cow,ESC50,2.0,-1.1952177286148071,"Livestock, farm animals, working animals | Cattle, bovinae | Moo",,,,,,,,,,,,,,,,0,no danger risk,2-117795-B-3.wav,cow,False,original,495
ESC50,wind,0,5-217186-A-16.wav,the wind is blowing and the cars are passing by,wind,ESC50,5.0,-1.0939710140228271,Field recording,,,,,,,,,,,,,,,,0,no danger risk,5-217186-A-16.wav,wind,False,original,1833
ESC50,brushing_teeth,0,3-100024-B-27.wav,someone is brushing their teeth with a toothbrush,brushing_teeth,ESC50,3.0,-1.0294404029846191,Sanding | Rub,,,,,,,,,,,,,,,,0,no danger risk,3-100024-B-27.wav,brushing_teeth,False,original,802
ESC50,insects,0,4-182314-A-7.wav,bees are buzzing around and birds are chirping in the background,insects,ESC50,4.0,-0.8371424078941345,"Insect | Mosquito | Fly, housefly | Bee, wasp, etc.",,,,,,,,,,,,,,,,0,no danger risk,4-182314-A-7.wav,insects,False,original,1419
ESC50,brushing_teeth,0,4-144468-A-27.wav,someone is brushing their teeth with a toothbrush,brushing_teeth,ESC50,4.0,-1.027369737625122,Toothbrush,,,,,,,,,,,,,,,,0,no danger risk,4-144468-A-27.wav,brushing_teeth,False,original,1258
ESC50,sea_waves,0,1-28135-A-11.wav,waves are crashing against the shore and the wind is blowing,sea_waves,ESC50,1.0,-0.9851295948028564,"Wind | Wind noise (microphone) | Ocean | Waves, surf",,,,,,,,,,,,,,,,0,no danger risk,1-28135-A-11.wav,sea_waves,False,original,148
ESC50,church_bells,0,1-56907-A-46.wav,church bells are ringing in the tower,church_bells,ESC50,1.0,-1.2905678749084473,Church bell | Change ringing (campanology),,,,,,,,,,,,,,,,0,no danger risk,1-56907-A-46.wav,church_bells,False,original,284
ESC50,cat,0,2-110010-A-5.wav,a cat meowing and crying at a steady pace,cat,ESC50,,,,,,,,,,,,,,,,,,,0,no danger risk,2-110010-A-5.wav,cat,False,original,468
ESC50,glass_breaking,1,2-112213-A-39.wav,glass bottles are breaking and broken against each other,glass_breaking,ESC50,,,,,,,,,,,,,,,,,,,1,danger risk,2-112213-A-39.wav,glass_breaking,False,original,475
ESC50,toilet_flush,0,5-177034-A-18.wav,a toilet is flushed and the water is running,toilet_flush,ESC50,5.0,-1.1679329872131348,Water | Toilet flush,,,,,,,,,,,,,,,,0,no danger risk,5-177034-A-18.wav,toilet_flush,False,original,1649
ESC50,mouse_click,0,5-244651-A-31.wav,a person is clicking a piece of wood,mouse_click,ESC50,5.0,-1.421217441558838,Clicking,,,,,,,,,,,,,,,,0,no danger risk,5-244651-A-31.wav,mouse_click,False,original,1934
ESC50,laughing,0,2-79775-A-26.wav,a person is laughing with their mouth open and then they laugh,laughing,ESC50,2.0,-1.277772307395935,Giggle,,,,,,,,,,,,,,,,0,no danger risk,2-79775-A-26.wav,laughing,False,original,734
ESC50,vacuum_cleaner,0,2-141682-B-36.wav,a machine is running at a constant speed,vacuum_cleaner,ESC50,,,,,,,,,,,,,,,,,,,0,no danger risk,2-141682-B-36.wav,vacuum_cleaner,False,original,572
ESC50,crow,0,3-127890-B-9.wav,a bird is squawking loudly in the background and a crow cawing,crow,ESC50,3.0,-1.3203843832015991,Crow,,,,,,,,,,,,,,,,0,no danger risk,3-127890-B-9.wav,crow,False,original,897
ESC50,brushing_teeth,0,5-147297-A-27.wav,a person is brushing their teeth vigorously with their mouth,brushing_teeth,ESC50,5.0,-0.94932359457016,Toothbrush,,,,,,,,,,,,,,,,0,no danger risk,5-147297-A-27.wav,brushing_teeth,False,original,1615
ESC50,footsteps,0,4-218304-A-25.wav,a person is walking on a gravel path,footsteps,ESC50,4.0,-1.0947585105895996,"Walk, footsteps",,,,,,,,,,,,,,,,0,no danger risk,4-218304-A-25.wav,footsteps,False,original,1569
ESC50,brushing_teeth,0,5-180229-A-27.wav,someone is brushing teeth with a toothbrush,brushing_teeth,ESC50,5.0,-1.110518455505371,Toothbrush,,,,,,,,,,,,,,,,0,no danger risk,5-180229-A-27.wav,brushing_teeth,False,original,1669
ESC50,sheep,0,2-119161-C-8.wav,a sheep bleats loudly while other birds chirp in the background,sheep,ESC50,2.0,-0.7955970168113708,"Animal | Livestock, farm animals, working animals | Bleat | Sheep",,,,,,,,,,,,,,,,0,no danger risk,2-119161-C-8.wav,sheep,False,original,508
UrbanSound8K,gun_shot,1,24631-6-0-0.wav,a bird is chirping in the background while a soft wind is blowing,gun_shot,,7.0,-1.2080185413360596,,24631-6-0-0.wav,24631.0,9.230523,9.486839,2.0,6.0,gun_shot,clotho,danger_risk,1.0,,,,,,1,danger risk,24631-6-0-0.wav,gun_shot,False,original,2008
ESC50,footsteps,0,2-209473-A-25.wav,a person is walking on a hard floor with heavy boots,footsteps,ESC50,2.0,-1.1681238412857056,,,,,,,,,,,,,,,,,0,no danger risk,2-209473-A-25.wav,footsteps,False,original,610
ESC50,frog,0,4-99644-D-4.wav,frogs are croaking and birds are chirping in the background,frog,ESC50,4.0,-0.8586763739585876,Frog | Croak,,,,,,,,,,,,,,,,0,no danger risk,4-99644-D-4.wav,frog,False,original,1599
ESC50,sheep,0,4-250864-A-8.wav,a sheep is bleating loudly while other birds are chirping in the background,sheep,ESC50,,,,,,,,,,,,,,,,,,,0,no danger risk,4-250864-A-8.wav,sheep,False,original,1577
ESC50,frog,0,3-70962-B-4.wav,a bird is chirping and a frog is croaking in the background,frog,ESC50,3.0,-1.1263182163238523,Frog,,,,,,,,,,,,,,,,0,no danger risk,3-70962-B-4.wav,frog,False,original,1174
ESC50,thunderstorm,0,4-161519-A-19.wav,thunder claps in the distance as birds chirp in the background,thunderstorm,ESC50,4.0,-0.9115837216377258,Thunderstorm | Thunder | Rain,,,,,,,,,,,,,,,,0,no danger risk,4-161519-A-19.wav,thunderstorm,False,original,1308
ESC50,laughing,0,1-36164-B-26.wav,a baby is laughing and a person is giggling,laughing,ESC50,1.0,-1.3925325870513916,"Laughter | Snicker | Chuckle, chortle",,,,,,,,,,,,,,,,0,no danger risk,1-36164-B-26.wav,laughing,False,original,184
ESC50,keyboard_typing,0,5-234923-A-32.wav,a person is typing on a typewriter and types on a keyboard,keyboard_typing,ESC50,5.0,-1.1779893636703491,Typing | Computer keyboard,,,,,,,,,,,,,,,,0,no danger risk,5-234923-A-32.wav,keyboard_typing,False,original,1890
ESC50,wind,0,3-246513-B-16.wav,the wind is blowing and the rain is hitting the ground,wind,ESC50,3.0,-1.1466163396835327,,,,,,,,,,,,,,,,,0,no danger risk,3-246513-B-16.wav,wind,False,original,1150
ESC50,clock_tick,0,4-188033-A-38.wav,a person is tapping on a wall repeatedly,clock_tick,ESC50,4.0,-1.4286547899246216,Clock | Tick,,,,,,,,,,,,,,,,0,no danger risk,4-188033-A-38.wav,clock_tick,False,original,1456
ESC50,clock_alarm,0,4-172366-A-37.wav,an alarm clock is beeping and going off,clock_alarm,ESC50,,,,,,,,,,,,,,,,,,,0,no danger risk,4-172366-A-37.wav,clock_alarm,False,original,1364
ESC50,hand_saw,0,3-96606-B-49.wav,a person is using a saw with a piece of wood,hand_saw,ESC50,3.0,-1.44928777217865,Sawing | Wood | Rub,,,,,,,,,,,,,,,,0,no danger risk,3-96606-B-49.wav,hand_saw,False,original,1194
ESC50,glass_breaking,1,5-221529-A-39.wav,glass is broken by a few pieces of metal,glass_breaking,ESC50,,,,,,,,,,,,,,,,,,,1,danger risk,5-221529-A-39.wav,glass_breaking,False,original,1855
UrbanSound8K,gun_shot,1,135528-6-4-2.wav,a gun is fired in the distance and then a match is lit,gun_shot,,4.0,-1.2531331777572632,"Gunshot, gunfire | Artillery fire",135528-6-4-2.wav,135528.0,22.359911,26.359911,2.0,6.0,gun_shot,clotho,danger_risk,1.0,,,,,,1,danger risk,135528-6-4-2.wav,gun_shot,False,original,2004
ESC50,crackling_fire,0,1-17565-A-12.wav,a fire crackling and popping as it crackles in the background,crackling_fire,ESC50,1.0,-1.1407020092010498,,,,,,,,,,,,,,,,,0,no danger risk,1-17565-A-12.wav,crackling_fire,False,original,63
ESC50,drinking_sipping,0,3-133977-A-29.wav,a person is taking a basketball on the ground,drinking_sipping,ESC50,3.0,-1.3477303981781006,,,,,,,,,,,,,,,,,0,no danger risk,3-133977-A-29.wav,drinking_sipping,False,original,914
ESC50,fireworks,0,3-119120-C-48.wav,fireworks are going off in the distance,fireworks,ESC50,3.0,-0.8148449659347534,Fireworks,,,,,,,,,,,,,,,,0,no danger risk,3-119120-C-48.wav,fireworks,False,original,870
ESC50,snoring,0,5-234145-A-28.wav,a person is snoring loudly and consistently in the background,snoring,ESC50,5.0,-1.2391167879104614,"Snoring | Animal | Domestic animals, pets | Dog",,,,,,,,,,,,,,,,0,no danger risk,5-234145-A-28.wav,snoring,False,original,1883
ESC50,coughing,1,4-155650-B-24.wav,a person coughs five times then coughing then clearing their throat,coughing,ESC50,,,,,,,,,,,,,,,,,,,1,danger risk,4-155650-B-24.wav,coughing,False,original,1281
ESC50,clapping,0,3-181278-A-22.wav,a crowd of people are clapping and cheering,clapping,ESC50,3.0,-1.2348459959030151,Speech | Applause,,,,,,,,,,,,,,,,0,no danger risk,3-181278-A-22.wav,clapping,False,original,1119
ESC50,crying_baby,1,2-50665-A-20.wav,a baby cries loudly and another child screams in the background,crying_baby,ESC50,2.0,-1.0179647207260132,"Baby cry, infant cry",,,,,,,,,,,,,,,,1,danger risk,2-50665-A-20.wav,crying_baby,False,original,643
ESC50,door_wood_creaks,0,1-51805-F-33.wav,a creaky door is slowly opened and closed repeatedly,door_wood_creaks,ESC50,1.0,-0.9489749670028688,,,,,,,,,,,,,,,,,0,no danger risk,1-51805-F-33.wav,door_wood_creaks,False,original,257
ESC50,can_opening,0,1-60676-A-34.wav,a person is using a shovel to dig into the air,can_opening,ESC50,,,,,,,,,,,,,,,,,,,0,no danger risk,1-60676-A-34.wav,can_opening,False,original,299
ESC50,fireworks,0,1-115546-A-48.wav,fireworks are going off in the distance,fireworks,ESC50,1.0,-0.8390029072761536,Fireworks | Firecracker,,,,,,,,,,,,,,,,0,no danger risk,1-115546-A-48.wav,fireworks,False,original,20
ESC50,frog,0,5-156026-B-4.wav,a frog is croaking with other ducks quacking in the background,frog,ESC50,5.0,-0.932102620601654,Frog | Croak,,,,,,,,,,,,,,,,0,no danger risk,5-156026-B-4.wav,frog,False,original,1619
ESC50,door_wood_knock,0,3-182023-A-30.wav,someone is knocking on a door five times at a consistent rate,door_wood_knock,ESC50,3.0,-1.1227967739105225,Knock,,,,,,,,,,,,,,,,0,no danger risk,3-182023-A-30.wav,door_wood_knock,False,original,1120
ESC50,wind,0,2-109374-A-16.wav,a fan is running in the background while a low hum is in the distance,wind,ESC50,2.0,-1.2048523426055908,,,,,,,,,,,,,,,,,0,no danger risk,2-109374-A-16.wav,wind,False,original,464
ESC50,thunderstorm,0,3-144891-B-19.wav,thunder claps in the distance as rain falls,thunderstorm,ESC50,3.0,-1.1247198581695557,Thunderstorm | Thunder,,,,,,,,,,,,,,,,0,no danger risk,3-144891-B-19.wav,thunderstorm,False,original,966
ESC50,wind,0,1-51037-A-16.wav,waves are crashing on the shore and the wind is blowing,wind,ESC50,1.0,-1.061304211616516,"Ocean | Waves, surf",,,,,,,,,,,,,,,,0,no danger risk,1-51037-A-16.wav,wind,False,original,247
ESC50,hen,0,4-253649-A-6.wav,a chicken is making a lot of noises,hen,ESC50,4.0,-1.322221755981445,Fowl | Turkey | Gobble,,,,,,,,,,,,,,,,0,no danger risk,4-253649-A-6.wav,hen,False,original,1584
ESC50,crow,0,2-108767-A-9.wav,a bird is squawking loudly in the background,crow,ESC50,2.0,-1.201915264129639,Crow | Caw,,,,,,,,,,,,,,,,0,no danger risk,2-108767-A-9.wav,crow,False,original,453
ESC50,toilet_flush,0,1-51170-A-18.wav,a toilet flushes and water drains and then the flushing of the tank refills,toilet_flush,ESC50,,,,,,,,,,,,,,,,,,,0,no danger risk,1-51170-A-18.wav,toilet_flush,False,original,249
ESC50,frog,0,3-102908-A-4.wav,a frog is croaking and frogs are quacking in the background,frog,ESC50,3.0,-0.9547895789146424,Frog | Croak,,,,,,,,,,,,,,,,0,no danger risk,3-102908-A-4.wav,frog,False,original,808
ESC50,footsteps,0,3-103597-A-25.wav,a person is walking on a hard surface with a broom,footsteps,ESC50,3.0,-1.4727360010147097,Pink noise,,,,,,,,,,,,,,,,0,no danger risk,3-103597-A-25.wav,footsteps,False,original,817
ESC50,church_bells,0,3-87936-A-46.wav,church bells are ringing loudly in a large room,church_bells,ESC50,3.0,-1.1816351413726809,Bell | Church bell,,,,,,,,,,,,,,,,0,no danger risk,3-87936-A-46.wav,church_bells,False,original,1180
ESC50,sheep,0,4-188703-B-8.wav,a sheep bleats and birds chirp in the background,sheep,ESC50,4.0,-0.9420276880264282,Bleat | Sheep,,,,,,,,,,,,,,,,0,no danger risk,4-188703-B-8.wav,sheep,False,original,1465
ESC50,dog,1,4-184575-A-0.wav,a dog is barking loudly at a steady pace,dog,ESC50,,,,,,,,,,,,,,,,,,,1,danger risk,4-184575-A-0.wav,dog,False,original,1435
ESC50,drinking_sipping,0,2-122763-B-29.wav,a person is drinking water from a bottle and then they laugh their nose then they reach their throat,drinking_sipping,ESC50,2.0,-1.753326654434204,Stomach rumble,,,,,,,,,,,,,,,,0,no danger risk,2-122763-B-29.wav,drinking_sipping,False,original,525
ESC50,engine,0,1-62565-A-44.wav,a motorcycle engine is idling and revving up,engine,ESC50,1.0,-1.32542085647583,,,,,,,,,,,,,,,,,0,no danger risk,1-62565-A-44.wav,engine,False,original,308
ESC50,siren,1,2-70052-B-42.wav,a police car with a siren going off,siren,ESC50,,,,,,,,,,,,,,,,,,,1,danger risk,2-70052-B-42.wav,siren,False,original,694
ESC50,crying_baby,1,1-211527-A-20.wav,a baby is crying and making noises in the background,crying_baby,ESC50,1.0,-1.116880178451538,,,,,,,,,,,,,,,,,1,danger risk,1-211527-A-20.wav,crying_baby,False,original,104
ESC50,rain,0,4-180380-A-10.wav,rain is falling down on the roof of a house,rain,ESC50,,,,,,,,,,,,,,,,,,,0,no danger risk,4-180380-A-10.wav,rain,False,original,1401
ESC50,cat,0,2-69131-A-5.wav,a cat is meowing and making a kitten meows at the same time,cat,ESC50,2.0,-1.2609137296676636,"Animal | Domestic animals, pets | Cat | Meow",,,,,,,,,,,,,,,,0,no danger risk,2-69131-A-5.wav,cat,False,original,691
ESC50,chirping_birds,0,4-182795-A-14.wav,birds are chirping and singing in the trees,chirping_birds,ESC50,4.0,-1.058135986328125,"Bird vocalization, bird call, bird song | Environmental noise",,,,,,,,,,,,,,,,0,no danger risk,4-182795-A-14.wav,chirping_birds,False,original,1426
ESC50,chainsaw,1,4-149294-B-41.wav,a chainsaw is cutting through a piece of wood,chainsaw,ESC50,4.0,-1.14871346950531,"Motorboat, speedboat",,,,,,,,,,,,,,,,1,danger risk,4-149294-B-41.wav,chainsaw,False,original,1268
ESC50,brushing_teeth,0,3-126391-B-27.wav,someone is brushing their teeth vigorously with a toothbrush,brushing_teeth,ESC50,3.0,-0.976360023021698,Pant,,,,,,,,,,,,,,,,0,no danger risk,3-126391-B-27.wav,brushing_teeth,False,original,894
ESC50,fireworks,0,5-160614-C-48.wav,fireworks are going off in the distance and exploding,fireworks,ESC50,5.0,-1.1016007661819458,Fireworks,,,,,,,,,,,,,,,,0,no danger risk,5-160614-C-48.wav,fireworks,False,original,1633
ESC50,door_wood_knock,0,5-218981-A-30.wav,a person is hitting a piece of wood with a hammer,door_wood_knock,ESC50,5.0,-1.0080355405807495,Thunk,,,,,,,,,,,,,,,,0,no danger risk,5-218981-A-30.wav,door_wood_knock,False,original,1840
ESC50,frog,0,4-99644-A-4.wav,a bird squawks continuously while other birds chirp in the background,frog,ESC50,4.0,-0.909522533416748,Frog,,,,,,,,,,,,,,,,0,no danger risk,4-99644-A-4.wav,frog,False,original,1596
ESC50,breathing,0,3-166125-B-23.wav,a person is breathing heavily in their nose at a consistent rate,breathing,ESC50,3.0,-1.2449395656585691,,,,,,,,,,,,,,,,,0,no danger risk,3-166125-B-23.wav,breathing,False,original,1088
ESC50,wind,0,5-179496-B-16.wav,the wind is howling and whistling loudly in the distance,wind,ESC50,5.0,-1.3160046339035034,,,,,,,,,,,,,,,,,0,no danger risk,5-179496-B-16.wav,wind,False,original,1660
ESC50,train,0,5-197118-A-45.wav,a train is chugging down the tracks and steam is hissing,train,ESC50,5.0,-1.2139970064163208,"Vehicle | Rail transport | Train | Railroad car, train wagon | Clickety-clack",,,,,,,,,,,,,,,,0,no danger risk,5-197118-A-45.wav,train,False,original,1717
ESC50,hen,0,5-248341-A-6.wav,a chicken is clucking and flapping its wings,hen,ESC50,5.0,-0.7172873020172119,"Fowl | Chicken, rooster | Cluck",,,,,,,,,,,,,,,,0,no danger risk,5-248341-A-6.wav,hen,False,original,1937
ESC50,breathing,0,3-108160-A-23.wav,a person is breathing heavily and steadily in the background,breathing,ESC50,3.0,-1.594254970550537,Gasp | Snort,,,,,,,,,,,,,,,,0,no danger risk,3-108160-A-23.wav,breathing,False,original,829
ESC50,sea_waves,0,3-155642-B-11.wav,waves crash against the shore and the wind blows,sea_waves,ESC50,3.0,-1.0625146627426147,"Wind | Ocean | Waves, surf",,,,,,,,,,,,,,,,0,no danger risk,3-155642-B-11.wav,sea_waves,False,original,1041
ESC50,snoring,0,3-123086-A-28.wav,a person is snoring very loudly and consistently,snoring,ESC50,,,,,,,,,,,,,,,,,,,0,no danger risk,3-123086-A-28.wav,snoring,False,original,880
ESC50,glass_breaking,1,5-221528-A-39.wav,glass is broken and breaking against a rocky surface,glass_breaking,ESC50,5.0,-1.36806321144104,"Chink, clink | Breaking",,,,,,,,,,,,,,,,1,danger risk,5-221528-A-39.wav,glass_breaking,False,original,1854
Screaming,screaming,1,Screaming__d1__l3DJ2MJ5CzY__20.00.wav,a man is screaming and shouting while another person is yelling in the background,Screaming,,,-1.2325958013534546,Speech | Screaming,,,,,,,,,,,l3DJ2MJ5CzY,20.0,30.0,1.0,0.0,1,danger risk,Screaming__d1__l3DJ2MJ5CzY__20.00.wav,screaming,False,original,2055
ESC50,footsteps,0,1-155858-E-25.wav,a person is walking on a hard surface,footsteps,ESC50,1.0,-1.154451608657837,"Walk, footsteps",,,,,,,,,,,,,,,,0,no danger risk,1-155858-E-25.wav,footsteps,False,original,43
ESC50,thunderstorm,0,3-144891-A-19.wav,thunder rumbles in the distance as rain pours down,thunderstorm,ESC50,3.0,-0.9735931158065796,Thunderstorm | Thunder | Rain | Rain on surface,,,,,,,,,,,,,,,,0,no danger risk,3-144891-A-19.wav,thunderstorm,False,original,965
ESC50,pouring_water,0,1-50625-A-17.wav,water is being poured into a glass jar and then more liquid is being filled with a container,pouring_water,ESC50,1.0,-1.4441701173782349,Water,,,,,,,,,,,,,,,,0,no danger risk,1-50625-A-17.wav,pouring_water,False,original,242
ESC50,snoring,0,3-130998-B-28.wav,a person is snoring loudly in the background,snoring,ESC50,3.0,-1.0619676113128662,Snoring,,,,,,,,,,,,,,,,0,no danger risk,3-130998-B-28.wav,snoring,False,original,907
ESC50,airplane,0,5-251971-A-47.wav,an airplane is flying overhead with a high pitch,airplane,ESC50,,,,,,,,,,,,,,,,,,,0,no danger risk,5-251971-A-47.wav,airplane,False,original,1953
ESC50,pig,0,3-257858-A-2.wav,a pig is oinking in the background,pig,ESC50,3.0,-1.1077632904052734,Animal | Pig,,,,,,,,,,,,,,,,0,no danger risk,3-257858-A-2.wav,pig,False,original,1159
ESC50,clock_alarm,0,1-96890-A-37.wav,an alarm is going off and then it beeps again,clock_alarm,ESC50,1.0,-1.124901294708252,Alarm clock,,,,,,,,,,,,,,,,0,no danger risk,1-96890-A-37.wav,clock_alarm,False,original,389
ESC50,car_horn,1,2-42101-A-43.wav,a car horn honks while cars drive by in the background,car_horn,ESC50,2.0,-1.0623146295547483,"Vehicle | Toot | Traffic noise, roadway noise",,,,,,,,,,,,,,,,1,danger risk,2-42101-A-43.wav,car_horn,False,original,640
ESC50,rain,0,3-157615-A-10.wav,a heavy rain is falling down on a roof,rain,ESC50,3.0,-1.361660718917847,Rain | Rain on surface,,,,,,,,,,,,,,,,0,no danger risk,3-157615-A-10.wav,rain,False,original,1054
ESC50,drinking_sipping,0,1-85909-A-29.wav,a person is drinking water from a bottle,drinking_sipping,ESC50,1.0,-1.432042121887207,Stomach rumble,,,,,,,,,,,,,,,,0,no danger risk,1-85909-A-29.wav,drinking_sipping,False,original,376
ESC50,crackling_fire,0,5-186924-A-12.wav,a fire is burning and crackling and popping as it burns,crackling_fire,ESC50,5.0,-1.2579801082611084,Fire | Eruption,,,,,,,,,,,,,,,,0,no danger risk,5-186924-A-12.wav,crackling_fire,False,original,1683
ESC50,sheep,0,2-182508-B-8.wav,a sheep bleats loudly in the background,sheep,ESC50,2.0,-1.2523349523544312,Bleat | Sheep,,,,,,,,,,,,,,,,0,no danger risk,2-182508-B-8.wav,sheep,False,original,598
ESC50,crackling_fire,0,5-189212-A-12.wav,a fire is crackling and popping as it burns,crackling_fire,ESC50,5.0,-1.1811081171035769,,,,,,,,,,,,,,,,,0,no danger risk,5-189212-A-12.wav,crackling_fire,False,original,1695
ESC50,chainsaw,1,1-64398-B-41.wav,a chainsaw is cutting through a piece of wood,chainsaw,ESC50,1.0,-0.8944696187973022,Chainsaw | Tools | Power tool,,,,,,,,,,,,,,,,1,danger risk,1-64398-B-41.wav,chainsaw,False,original,315
ESC50,crickets,0,3-163607-A-13.wav,the wind is blowing and the birds are chirping in the background,crickets,ESC50,3.0,-0.9777786731719972,Vehicle,,,,,,,,,,,,,,,,0,no danger risk,3-163607-A-13.wav,crickets,False,original,1073
ESC50,crying_baby,1,3-151081-B-20.wav,a baby is crying and making infant noises,crying_baby,ESC50,3.0,-1.2332298755645752,"Baby cry, infant cry",,,,,,,,,,,,,,,,1,danger risk,3-151081-B-20.wav,crying_baby,False,original,997
ESC50,rain,0,1-29561-A-10.wav,rain is falling on a tin roof and then it is raining,rain,ESC50,,,,,,,,,,,,,,,,,,,0,no danger risk,1-29561-A-10.wav,rain,False,original,152
ESC50,breathing,0,4-210000-A-23.wav,a person is breathing heavily in their sleep in and out,breathing,ESC50,4.0,-1.2649527788162231,Sigh | Snort,,,,,,,,,,,,,,,,0,no danger risk,4-210000-A-23.wav,breathing,False,original,1544
ESC50,rooster,0,4-164064-C-1.wav,a chicken is clucking and flapping its wings,rooster,ESC50,4.0,-0.8024019598960876,"Fowl | Chicken, rooster | Crowing, cock-a-doodle-doo",,,,,,,,,,,,,,,,0,no danger risk,4-164064-C-1.wav,rooster,False,original,1320
ESC50,sheep,0,3-140199-D-8.wav,a sheep bleats loudly in the background,sheep,ESC50,,,,,,,,,,,,,,,,,,,0,no danger risk,3-140199-D-8.wav,sheep,False,original,935
ESC50,clapping,0,3-130330-A-22.wav,a group of people are clapping their hands,clapping,ESC50,3.0,-0.930832862854004,Speech | Clapping,,,,,,,,,,,,,,,,0,no danger risk,3-130330-A-22.wav,clapping,False,original,905
ESC50,wind,0,4-163609-B-16.wav,the wind is blowing very strong and gusts strongly,wind,ESC50,4.0,-1.2722909450531006,Eruption,,,,,,,,,,,,,,,,0,no danger risk,4-163609-B-16.wav,wind,False,original,1315
ESC50,engine,0,3-115382-A-44.wav,a motorcycle engine revs and accelerates and then speeds up again,engine,ESC50,3.0,-1.454117774963379,Vehicle,,,,,,,,,,,,,,,,0,no danger risk,3-115382-A-44.wav,engine,False,original,846
ESC50,insects,0,3-110913-B-7.wav,a bee buzzing around a hive and flies away,insects,ESC50,3.0,-1.3245259523391724,"Insect | Mosquito | Fly, housefly",,,,,,,,,,,,,,,,0,no danger risk,3-110913-B-7.wav,insects,False,original,836
ESC50,mouse_click,0,1-18655-A-31.wav,a person is clicking a ball against a wall,mouse_click,ESC50,1.0,-1.5441821813583374,Plop,,,,,,,,,,,,,,,,0,no danger risk,1-18655-A-31.wav,mouse_click,False,original,77
ESC50,vacuum_cleaner,0,2-106073-A-36.wav,a machine is running at a constant speed and high pressure,vacuum_cleaner,ESC50,2.0,-1.3403903245925903,,,,,,,,,,,,,,,,,0,no danger risk,2-106073-A-36.wav,vacuum_cleaner,False,original,438
ESC50,car_horn,1,3-146697-A-43.wav,cars are driving by on a busy street,car_horn,ESC50,,,,,,,,,,,,,,,,,,,1,danger risk,3-146697-A-43.wav,car_horn,False,original,975
ESC50,cow,0,3-124376-A-3.wav,a cow cows moo as the wind chimes are mooing in the background,cow,ESC50,3.0,-1.6646822690963743,"Livestock, farm animals, working animals | Cattle, bovinae | Moo | Cowbell",,,,,,,,,,,,,,,,0,no danger risk,3-124376-A-3.wav,cow,False,original,882
ESC50,clock_alarm,0,4-169508-A-37.wav,an alarm is ringing loudly and stops for a minute,clock_alarm,ESC50,,,,,,,,,,,,,,,,,,,0,no danger risk,4-169508-A-37.wav,clock_alarm,False,original,1351
ESC50,sneezing,1,4-185415-A-21.wav,a person coughs five times and then burps again,sneezing,ESC50,4.0,-1.2680785655975342,Throat clearing,,,,,,,,,,,,,,,,1,danger risk,4-185415-A-21.wav,sneezing,False,original,1436
ESC50,cow,0,1-81269-A-3.wav,a cow is mooing and birds are chirping in the background,cow,ESC50,1.0,-0.8377326130867004,"Livestock, farm animals, working animals | Cattle, bovinae | Moo",,,,,,,,,,,,,,,,0,no danger risk,1-81269-A-3.wav,cow,False,original,364
ESC50,keyboard_typing,0,4-167155-A-32.wav,someone is typing on a keyboard and types on a typewriter,keyboard_typing,ESC50,4.0,-1.1612021923065186,Typing | Computer keyboard,,,,,,,,,,,,,,,,0,no danger risk,4-167155-A-32.wav,keyboard_typing,False,original,1343
ESC50,snoring,0,1-47923-A-28.wav,a person is snoring very loudly and steadily,snoring,ESC50,1.0,-1.208824634552002,Snoring | Snort,,,,,,,,,,,,,,,,0,no danger risk,1-47923-A-28.wav,snoring,False,original,232
ESC50,sea_waves,0,2-137162-A-11.wav,waves crash against the shore and the ocean wave crashes into the beach,sea_waves,ESC50,2.0,-1.2075347900390625,"Ocean | Waves, surf",,,,,,,,,,,,,,,,0,no danger risk,2-137162-A-11.wav,sea_waves,False,original,559
ESC50,sea_waves,0,1-91359-A-11.wav,waves are crashing against the shore and the wind is blowing,sea_waves,ESC50,1.0,-1.0012056827545166,"Wind | Ocean | Waves, surf",,,,,,,,,,,,,,,,0,no danger risk,1-91359-A-11.wav,sea_waves,False,original,383
ESC50,rooster,0,4-164064-B-1.wav,a chicken is clucking and flapping its wings,rooster,ESC50,4.0,-0.9883993864059448,"Fowl | Chicken, rooster | Cluck | Crowing, cock-a-doodle-doo",,,,,,,,,,,,,,,,0,no danger risk,4-164064-B-1.wav,rooster,False,original,1319
ESC50,frog,0,2-32515-A-4.wav,a frog is croaking and frogs croak in the background,frog,ESC50,2.0,-1.1308594942092896,Frog | Croak,,,,,,,,,,,,,,,,0,no danger risk,2-32515-A-4.wav,frog,False,original,624
ESC50,glass_breaking,1,1-88807-A-39.wav,keys are being moved around in a glass jar,glass_breaking,ESC50,,,,,,,,,,,,,,,,,,,1,danger risk,1-88807-A-39.wav,glass_breaking,False,original,381
ESC50,sea_waves,0,1-39901-A-11.wav,water is flowing in a stream and splashing in a pool,sea_waves,ESC50,1.0,-1.252932906150818,Squish,,,,,,,,,,,,,,,,0,no danger risk,1-39901-A-11.wav,sea_waves,False,original,195
ESC50,thunderstorm,0,1-23222-A-19.wav,thunder claps and lightning strike as rain falls in the distance,thunderstorm,ESC50,1.0,-1.4241023063659668,Thunderstorm | Thunder,,,,,,,,,,,,,,,,0,no danger risk,1-23222-A-19.wav,thunderstorm,False,original,119
ESC50,cat,0,2-83934-B-5.wav,a cat is meowing and purring,cat,ESC50,2.0,-1.1400976181030271,"Animal | Domestic animals, pets | Cat | Meow",,,,,,,,,,,,,,,,0,no danger risk,2-83934-B-5.wav,cat,False,original,757
ESC50,keyboard_typing,0,1-79711-A-32.wav,a person is typing on a keyboard and types on a typewriter,keyboard_typing,ESC50,1.0,-1.2525454759597778,Typing | Computer keyboard,,,,,,,,,,,,,,,,0,no danger risk,1-79711-A-32.wav,keyboard_typing,False,original,355
ESC50,toilet_flush,0,1-20736-A-18.wav,a toilet is flushed and water is running,toilet_flush,ESC50,1.0,-1.196577787399292,Water | Toilet flush,,,,,,,,,,,,,,,,0,no danger risk,1-20736-A-18.wav,toilet_flush,False,original,98
ESC50,snoring,0,2-110417-B-28.wav,a person is snoring very loudly at a consistent rate,snoring,ESC50,2.0,-0.9048179984092712,Snoring,,,,,,,,,,,,,,,,0,no danger risk,2-110417-B-28.wav,snoring,False,original,471
ESC50,rain,0,1-63871-A-10.wav,rain is pouring down on a roof and a car is driving by,rain,ESC50,,,,,,,,,,,,,,,,,,,0,no danger risk,1-63871-A-10.wav,rain,False,original,313
ESC50,drinking_sipping,0,4-188191-C-29.wav,water is being poured into a container and then gulped down the drain,drinking_sipping,ESC50,4.0,-1.1870900392532349,,,,,,,,,,,,,,,,,0,no danger risk,4-188191-C-29.wav,drinking_sipping,False,original,1459
ESC50,insects,0,1-46938-A-7.wav,bees are buzzing loudly in the background,insects,ESC50,1.0,-1.2169973850250244,"Insect | Fly, housefly | Bee, wasp, etc.",,,,,,,,,,,,,,,,0,no danger risk,1-46938-A-7.wav,insects,False,original,221
ESC50,engine,0,3-119455-A-44.wav,a motorcycle engine is idling and then it gets louder,engine,ESC50,3.0,-1.46803081035614,Vehicle | Lawn mower,,,,,,,,,,,,,,,,0,no danger risk,3-119455-A-44.wav,engine,False,original,873
ESC50,crackling_fire,0,5-189237-A-12.wav,a fire crackles and pops in a fireplace,crackling_fire,ESC50,5.0,-1.0932246446609497,Fire,,,,,,,,,,,,,,,,0,no danger risk,5-189237-A-12.wav,crackling_fire,False,original,1696
ESC50,vacuum_cleaner,0,4-172736-B-36.wav,a vacuum cleaner is running at a constant speed,vacuum_cleaner,ESC50,,,,,,,,,,,,,,,,,,,0,no danger risk,4-172736-B-36.wav,vacuum_cleaner,False,original,1374
ESC50,dog,1,4-191687-A-0.wav,a dog is barking loudly and sporadically,dog,ESC50,,,,,,,,,,,,,,,,,,,1,danger risk,4-191687-A-0.wav,dog,False,original,1482
ESC50,cat,0,4-149940-A-5.wav,a cat is meowing and crying at the same time,cat,ESC50,4.0,-0.9537849426269532,"Whimper | Animal | Domestic animals, pets | Dog",,,,,,,,,,,,,,,,0,no danger risk,4-149940-A-5.wav,cat,False,original,1269
ESC50,insects,0,2-99955-A-7.wav,a person is making a buzzing sound with their mouth,insects,ESC50,2.0,-1.341550588607788,Sound effect,,,,,,,,,,,,,,,,0,no danger risk,2-99955-A-7.wav,insects,False,original,797
ESC50,breathing,0,2-54961-A-23.wav,a person is breathing heavily in their sleep in and out,breathing,ESC50,2.0,-1.233814358711243,Snort,,,,,,,,,,,,,,,,0,no danger risk,2-54961-A-23.wav,breathing,False,original,659
UrbanSound8K,gun_shot,1,84254-6-0-0.wav,a gun is fired repeatedly in the distance,gun_shot,,5.0,-1.17074453830719,"Gunshot, gunfire | Machine gun | Cap gun",84254-6-0-0.wav,84254.0,0.314041,1.369388,1.0,6.0,gun_shot,clotho,danger_risk,1.0,,,,,,1,danger risk,84254-6-0-0.wav,gun_shot,False,original,2029
ESC50,crickets,0,1-9841-A-13.wav,crickets chirp in the background as a car drives by,crickets,ESC50,1.0,-1.0763694047927856,Owl,,,,,,,,,,,,,,,,0,no danger risk,1-9841-A-13.wav,crickets,False,original,395
ESC50,car_horn,1,4-175855-A-43.wav,a car horn honks three times and then a vehicle drives by,car_horn,ESC50,4.0,-1.1541367769241333,"Vehicle | Car | Vehicle horn, car horn, honking | Toot",,,,,,,,,,,,,,,,1,danger risk,4-175855-A-43.wav,car_horn,False,original,1387
ESC50,snoring,0,1-27403-A-28.wav,a person is snoring loudly and consistently in the background,snoring,ESC50,1.0,-1.015275478363037,Snoring,,,,,,,,,,,,,,,,0,no danger risk,1-27403-A-28.wav,snoring,False,original,144
ESC50,laughing,0,1-1791-A-26.wav,a person is laughing and making a lot of noise,laughing,ESC50,,,,,,,,,,,,,,,,,,,0,no danger risk,1-1791-A-26.wav,laughing,False,original,68
ESC50,footsteps,0,3-94343-A-25.wav,a person is walking on a gravel path at a steady pace,footsteps,ESC50,3.0,-1.0107216835021973,"Walk, footsteps",,,,,,,,,,,,,,,,0,no danger risk,3-94343-A-25.wav,footsteps,False,original,1185
ESC50,crickets,0,1-57316-A-13.wav,a cricket is chirping and a snake is rattling,crickets,ESC50,1.0,-1.2697904109954834,Insect | Cricket,,,,,,,,,,,,,,,,0,no danger risk,1-57316-A-13.wav,crickets,False,original,286
ESC50,rooster,0,2-100786-A-1.wav,a chicken is clucking and flapping its wings,rooster,ESC50,2.0,-0.8689781427383423,"Fowl | Chicken, rooster | Cluck | Crowing, cock-a-doodle-doo",,,,,,,,,,,,,,,,0,no danger risk,2-100786-A-1.wav,rooster,False,original,401
ESC50,keyboard_typing,0,4-181708-A-32.wav,someone is typing on a keyboard and types on a typewriter,keyboard_typing,ESC50,4.0,-1.1667780876159668,Typing | Computer keyboard,,,,,,,,,,,,,,,,0,no danger risk,4-181708-A-32.wav,keyboard_typing,False,original,1410
ESC50,crackling_fire,0,2-28314-A-12.wav,a fire is burning and crackling and popping as it burns,crackling_fire,ESC50,2.0,-1.1602827310562134,Fire,,,,,,,,,,,,,,,,0,no danger risk,2-28314-A-12.wav,crackling_fire,False,original,620
ESC50,door_wood_creaks,0,5-161270-B-33.wav,an electric guitar is being played with a high pitch,door_wood_creaks,ESC50,5.0,-1.4319090843200684,Music | Musical instrument,,,,,,,,,,,,,,,,0,no danger risk,5-161270-B-33.wav,door_wood_creaks,False,original,1640
ESC50,coughing,1,2-108017-A-24.wav,a person is coughing then coughs five times,coughing,ESC50,2.0,-0.99905925989151,Cough | Throat clearing,,,,,,,,,,,,,,,,1,danger risk,2-108017-A-24.wav,coughing,False,original,447
ESC50,cow,0,3-126358-B-3.wav,several cows are mooing in the background,cow,ESC50,3.0,-1.3512465953826904,"Livestock, farm animals, working animals | Cattle, bovinae | Moo",,,,,,,,,,,,,,,,0,no danger risk,3-126358-B-3.wav,cow,False,original,892
ESC50,breathing,0,5-238492-A-23.wav,a person is breathing heavily while walking on a hard surface,breathing,ESC50,5.0,-1.2115592956542969,Snort,,,,,,,,,,,,,,,,0,no danger risk,5-238492-A-23.wav,breathing,False,original,1904
ESC50,sheep,0,2-110614-B-8.wav,a sheep bleats loudly in the background,sheep,ESC50,2.0,-1.3558164834976196,Bleat | Sheep,,,,,,,,,,,,,,,,0,no danger risk,2-110614-B-8.wav,sheep,False,original,474
ESC50,clock_tick,0,2-140147-A-38.wav,a clock is ticking back and forth in a rhythmic pattern,clock_tick,ESC50,2.0,-1.1565052270889282,Tick,,,,,,,,,,,,,,,,0,no danger risk,2-140147-A-38.wav,clock_tick,False,original,565
ESC50,pig,0,4-234644-A-2.wav,pigs oinking in the background as a pig oinks,pig,ESC50,4.0,-1.208348512649536,Animal | Pig,,,,,,,,,,,,,,,,0,no danger risk,4-234644-A-2.wav,pig,False,original,1574
ESC50,toilet_flush,0,2-84943-A-18.wav,a toilet flushes and water drains and then stops,toilet_flush,ESC50,2.0,-1.2656277418136597,Water | Toilet flush,,,,,,,,,,,,,,,,0,no danger risk,2-84943-A-18.wav,toilet_flush,False,original,759
ESC50,pouring_water,0,5-212736-A-17.wav,water is being poured into a glass jar,pouring_water,ESC50,5.0,-1.128851056098938,Water | Liquid | Fill (with liquid),,,,,,,,,,,,,,,,0,no danger risk,5-212736-A-17.wav,pouring_water,False,original,1803
ESC50,rain,0,1-21189-A-10.wav,rain is falling down on the roof of a house,rain,ESC50,1.0,-1.1327515840530396,Rain | Raindrop | Rain on surface,,,,,,,,,,,,,,,,0,no danger risk,1-21189-A-10.wav,rain,False,original,107
ESC50,frog,0,4-99193-B-4.wav,a frog is quacking and frogs are croaking in the background,frog,ESC50,4.0,-1.101559281349182,Frog,,,,,,,,,,,,,,,,0,no danger risk,4-99193-B-4.wav,frog,False,original,1595
ESC50,chainsaw,1,2-77945-B-41.wav,a chainsaw is cutting through a piece of wood,chainsaw,ESC50,,,,,,,,,,,,,,,,,,,1,danger risk,2-77945-B-41.wav,chainsaw,False,original,726
ESC50,church_bells,0,1-22804-A-46.wav,church bells are ringing in the tower,church_bells,ESC50,1.0,-1.3432319164276123,Change ringing (campanology),,,,,,,,,,,,,,,,0,no danger risk,1-22804-A-46.wav,church_bells,False,original,115
ESC50,footsteps,0,4-194981-A-25.wav,a person is walking on a hard surface at a steady pace,footsteps,ESC50,4.0,-0.907021939754486,"Walk, footsteps",,,,,,,,,,,,,,,,0,no danger risk,4-194981-A-25.wav,footsteps,False,original,1493
ESC50,wind,0,4-163606-A-16.wav,wind blows in the background as a strong breeze is blowing,wind,ESC50,4.0,-1.2384179830551147,Whale vocalization,,,,,,,,,,,,,,,,0,no danger risk,4-163606-A-16.wav,wind,False,original,1312
ESC50,crying_baby,1,2-107351-A-20.wav,a baby is crying and making loud noises,crying_baby,ESC50,,,,,,,,,,,,,,,,,,,1,danger risk,2-107351-A-20.wav,crying_baby,False,original,445
ESC50,water_drops,0,5-261433-A-15.wav,water is being poured into a container at a steady pace,water_drops,ESC50,5.0,-1.1428970098495483,Liquid | Drip,,,,,,,,,,,,,,,,0,no danger risk,5-261433-A-15.wav,water_drops,False,original,1984
ESC50,can_opening,0,4-187384-A-34.wav,a person is using a shovel to dig up and down again,can_opening,ESC50,4.0,-1.3901267051696775,Cap gun | Sound effect,,,,,,,,,,,,,,,,0,no danger risk,4-187384-A-34.wav,can_opening,False,original,1450
ESC50,wind,0,3-134699-C-16.wav,a bird is chirping and cars are driving by on the road,wind,ESC50,3.0,-1.0829932689666748,Eruption,,,,,,,,,,,,,,,,0,no danger risk,3-134699-C-16.wav,wind,False,original,918
ESC50,footsteps,0,3-103599-A-25.wav,a person is walking on a gravel path at a steady pace,footsteps,ESC50,3.0,-0.9444090723991394,"Walk, footsteps",,,,,,,,,,,,,,,,0,no danger risk,3-103599-A-25.wav,footsteps,False,original,819
ESC50,clock_alarm,0,2-78562-A-37.wav,an alarm clock is ringing loudly and very loud,clock_alarm,ESC50,2.0,-1.3028931617736816,Alarm | Alarm clock | Clock,,,,,,,,,,,,,,,,0,no danger risk,2-78562-A-37.wav,clock_alarm,False,original,728
ESC50,insects,0,4-133895-A-7.wav,a person is using a shovel to write on a piece of paper,insects,ESC50,,,,,,,,,,,,,,,,,,,0,no danger risk,4-133895-A-7.wav,insects,False,original,1246
ESC50,clock_tick,0,4-175945-A-38.wav,a clock is ticking and a person is laughing,clock_tick,ESC50,4.0,-1.411166429519653,,,,,,,,,,,,,,,,,0,no danger risk,4-175945-A-38.wav,clock_tick,False,original,1389
ESC50,pig,0,5-103422-A-2.wav,a pig is oinking in the background,pig,ESC50,5.0,-1.3917546272277832,Snort | Oink,,,,,,,,,,,,,,,,0,no danger risk,5-103422-A-2.wav,pig,False,original,1605
ESC50,hand_saw,0,5-253094-B-49.wav,a person is using a saw to cut wood,hand_saw,ESC50,5.0,-1.0964909791946411,Sawing | Wood | Rub,,,,,,,,,,,,,,,,0,no danger risk,5-253094-B-49.wav,hand_saw,False,original,1958
ESC50,water_drops,0,4-174797-A-15.wav,a person is hitting the ground with a hammer,water_drops,ESC50,4.0,-1.5507787466049194,Bathtub (filling or washing),,,,,,,,,,,,,,,,0,no danger risk,4-174797-A-15.wav,water_drops,False,original,1378
ESC50,crow,0,5-213836-C-9.wav,a large flock of crows are cawing loudly,crow,ESC50,5.0,-1.258643627166748,Crow | Caw,,,,,,,,,,,,,,,,0,no danger risk,5-213836-C-9.wav,crow,False,original,1809
ESC50,dog,1,3-157695-A-0.wav,a dog is barking and growling at a steady pace,dog,ESC50,,,,,,,,,,,,,,,,,,,1,danger risk,3-157695-A-0.wav,dog,False,original,1055
ESC50,pouring_water,0,3-127874-A-17.wav,water is pouring into a container and then poured into a glass,pouring_water,ESC50,3.0,-1.1720831394195557,Liquid | Drip | Fill (with liquid),,,,,,,,,,,,,,,,0,no danger risk,3-127874-A-17.wav,pouring_water,False,original,895
ESC50,sneezing,1,4-171519-A-21.wav,a person coughs five times and sneezes twice,sneezing,ESC50,4.0,-1.211270451545715,Sneeze,,,,,,,,,,,,,,,,1,danger risk,4-171519-A-21.wav,sneezing,False,original,1358
UrbanSound8K,gun_shot,1,145608-6-2-0.wav,a gun is fired in the distance with a shot in the background,gun_shot,,2.0,-1.575535774230957,Fireworks | Firecracker,145608-6-2-0.wav,145608.0,5.875533,6.833593,2.0,6.0,gun_shot,clotho,danger_risk,1.0,,,,,,1,danger risk,145608-6-2-0.wav,gun_shot,False,original,2019
ESC50,brushing_teeth,0,1-58923-B-27.wav,someone is brushing their teeth with a toothbrush,brushing_teeth,ESC50,,,,,,,,,,,,,,,,,,,0,no danger risk,1-58923-B-27.wav,brushing_teeth,False,original,293
ESC50,brushing_teeth,0,2-86160-A-27.wav,someone is brushing their teeth with a toothbrush,brushing_teeth,ESC50,2.0,-0.8351020216941833,Toothbrush,,,,,,,,,,,,,,,,0,no danger risk,2-86160-A-27.wav,brushing_teeth,False,original,766
ESC50,frog,0,1-18755-A-4.wav,frogs are croaking and ducks are quacking in the background,frog,ESC50,1.0,-1.134804129600525,Frog | Croak,,,,,,,,,,,,,,,,0,no danger risk,1-18755-A-4.wav,frog,False,original,79
ESC50,hand_saw,0,3-102583-A-49.wav,someone is sawing through a piece of wood,hand_saw,ESC50,3.0,-0.8242583870887756,Sawing | Wood,,,,,,,,,,,,,,,,0,no danger risk,3-102583-A-49.wav,hand_saw,False,original,805
ESC50,fireworks,0,3-119120-A-48.wav,fireworks are going off in the distance,fireworks,ESC50,3.0,-0.7905263900756836,Fireworks | Firecracker,,,,,,,,,,,,,,,,0,no danger risk,3-119120-A-48.wav,fireworks,False,original,868
ESC50,snoring,0,1-27405-A-28.wav,a person is snoring very loudly and slowly,snoring,ESC50,1.0,-1.0485012531280518,Snoring,,,,,,,,,,,,,,,,0,no danger risk,1-27405-A-28.wav,snoring,False,original,145
ESC50,cow,0,5-194899-C-3.wav,several cows are mooing in the background,cow,ESC50,5.0,-1.1264301538467407,"Livestock, farm animals, working animals | Cattle, bovinae | Moo",,,,,,,,,,,,,,,,0,no danger risk,5-194899-C-3.wav,cow,False,original,1708
ESC50,frog,0,5-156026-A-4.wav,a duck is quacking loudly and another bird is chirping in the background,frog,ESC50,5.0,-0.8866931200027466,Frog,,,,,,,,,,,,,,,,0,no danger risk,5-156026-A-4.wav,frog,False,original,1618
ESC50,coughing,1,3-145487-A-24.wav,a person is coughing then they are laughing and getting louder,coughing,ESC50,3.0,-1.610939383506775,"Chuckle, chortle",,,,,,,,,,,,,,,,1,danger risk,3-145487-A-24.wav,coughing,False,original,969
ESC50,water_drops,0,4-168155-A-15.wav,water is dripping from a faucet into a tub,water_drops,ESC50,4.0,-0.9648779630661012,Drip,,,,,,,,,,,,,,,,0,no danger risk,4-168155-A-15.wav,water_drops,False,original,1346
ESC50,clock_alarm,0,4-189332-A-37.wav,an alarm clock is beeping and going off,clock_alarm,ESC50,4.0,-1.180178165435791,Alarm | Alarm clock | Clock,,,,,,,,,,,,,,,,0,no danger risk,4-189332-A-37.wav,clock_alarm,False,original,1469
ESC50,toilet_flush,0,4-141365-A-18.wav,a toilet is flushed and the water is running,toilet_flush,ESC50,4.0,-1.1992428302764893,Toilet flush,,,,,,,,,,,,,,,,0,no danger risk,4-141365-A-18.wav,toilet_flush,False,original,1251
ESC50,fireworks,0,5-160614-A-48.wav,fireworks are going off in the distance and exploding,fireworks,ESC50,5.0,-0.9984092712402344,Speech | Fireworks | Firecracker,,,,,,,,,,,,,,,,0,no danger risk,5-160614-A-48.wav,fireworks,False,original,1631
ESC50,dog,1,4-192236-A-0.wav,a dog is barking loudly at a steady pace,dog,ESC50,,,,,,,,,,,,,,,,,,,1,danger risk,4-192236-A-0.wav,dog,False,original,1484
ESC50,water_drops,0,5-257349-A-15.wav,water is being poured from a pitcher into a container,water_drops,ESC50,5.0,-1.0950605869293213,"Chewing, mastication | Sound effect",,,,,,,,,,,,,,,,0,no danger risk,5-257349-A-15.wav,water_drops,False,original,1970
ESC50,airplane,0,2-160888-A-47.wav,a vehicle is driving on the road with a loud engine,airplane,ESC50,2.0,-1.4707518815994265,Vehicle,,,,,,,,,,,,,,,,0,no danger risk,2-160888-A-47.wav,airplane,False,original,589
ESC50,footsteps,0,5-263490-A-25.wav,a person is walking on a hard surface and a horse walks by,footsteps,ESC50,5.0,-1.205064058303833,"Walk, footsteps | Clip-clop",,,,,,,,,,,,,,,,0,no danger risk,5-263490-A-25.wav,footsteps,False,original,1989
ESC50,frog,0,4-130584-A-4.wav,a group of frogs are croaking with each other,frog,ESC50,,,,,,,,,,,,,,,,,,,0,no danger risk,4-130584-A-4.wav,frog,False,original,1234
ESC50,door_wood_creaks,0,2-70367-A-33.wav,a creaky door is creaking as it is opened and closed,door_wood_creaks,ESC50,2.0,-0.9120288491249084,,,,,,,,,,,,,,,,,0,no danger risk,2-70367-A-33.wav,door_wood_creaks,False,original,698
ESC50,sneezing,1,4-156844-A-21.wav,a woman coughs sniffs repeatedly and then sneezes twice,sneezing,ESC50,,,,,,,,,,,,,,,,,,,1,danger risk,4-156844-A-21.wav,sneezing,False,original,1286
ESC50,water_drops,0,2-68595-A-15.wav,water is dripping into a metal container that echoes in the background,water_drops,ESC50,2.0,-1.136874437332153,Drip,,,,,,,,,,,,,,,,0,no danger risk,2-68595-A-15.wav,water_drops,False,original,689
ESC50,fireworks,0,3-119120-E-48.wav,fireworks are exploding in the sky and the firecrackers are going off,fireworks,ESC50,3.0,-1.3149609565734863,Fireworks,,,,,,,,,,,,,,,,0,no danger risk,3-119120-E-48.wav,fireworks,False,original,872
ESC50,coughing,1,1-63679-A-24.wav,a person coughing and clearing their throat and coughs,coughing,ESC50,,,,,,,,,,,,,,,,,,,1,danger risk,1-63679-A-24.wav,coughing,False,original,312
ESC50,door_wood_creaks,0,2-91912-B-33.wav,a creaky wooden door is creaking back and forth,door_wood_creaks,ESC50,,,,,,,,,,,,,,,,,,,0,no danger risk,2-91912-B-33.wav,door_wood_creaks,False,original,777
ESC50,sheep,0,1-57795-A-8.wav,a sheep bleats and a cow moos once in the background,sheep,ESC50,1.0,-1.1282835006713867,"Animal | Livestock, farm animals, working animals | Bleat | Sheep",,,,,,,,,,,,,,,,0,no danger risk,1-57795-A-8.wav,sheep,False,original,288
ESC50,sneezing,1,3-144692-A-21.wav,a person blows air out of their nose then sniffs repeatedly,sneezing,ESC50,3.0,-1.4925752878189087,Sneeze,,,,,,,,,,,,,,,,1,danger risk,3-144692-A-21.wav,sneezing,False,original,962
ESC50,pig,0,3-233151-A-2.wav,a horse is snorting as it is neighing loudly,pig,ESC50,3.0,-1.2382346391677856,"Horse | Neigh, whinny",,,,,,,,,,,,,,,,0,no danger risk,3-233151-A-2.wav,pig,False,original,1147
ESC50,keyboard_typing,0,5-223099-A-32.wav,a person is typing on a keyboard with a pencil,keyboard_typing,ESC50,5.0,-1.1208128929138184,Typing | Computer keyboard,,,,,,,,,,,,,,,,0,no danger risk,5-223099-A-32.wav,keyboard_typing,False,original,1864
ESC50,washing_machine,0,1-21896-A-35.wav,a machine is running at a constant speed and then stops,washing_machine,ESC50,1.0,-1.1690016984939575,,,,,,,,,,,,,,,,,0,no danger risk,1-21896-A-35.wav,washing_machine,False,original,109
ESC50,glass_breaking,1,4-204115-A-39.wav,a person is throwing glass against the ground repeatedly,glass_breaking,ESC50,4.0,-1.4148411750793457,"Music | Chink, clink | Smash, crash | Breaking",,,,,,,,,,,,,,,,1,danger risk,4-204115-A-39.wav,glass_breaking,False,original,1523
ESC50,can_opening,0,3-166546-A-34.wav,a person is using a shovel to dig up and down,can_opening,ESC50,3.0,-1.4253568649291992,Cap gun,,,,,,,,,,,,,,,,0,no danger risk,3-166546-A-34.wav,can_opening,False,original,1092
ESC50,glass_breaking,1,1-85168-A-39.wav,glass is broken into a pile of metal,glass_breaking,ESC50,,,,,,,,,,,,,,,,,,,1,danger risk,1-85168-A-39.wav,glass_breaking,False,original,373
ESC50,mouse_click,0,4-202298-A-31.wav,a person is tapping on a wooden object with a clicking noise in the background,mouse_click,ESC50,4.0,-1.380725979804993,Plop,,,,,,,,,,,,,,,,0,no danger risk,4-202298-A-31.wav,mouse_click,False,original,1521
ESC50,engine,0,2-106015-B-44.wav,a motor is running and a motorcycle engine is idling,engine,ESC50,2.0,-1.1824164390563965,Vehicle | Car,,,,,,,,,,,,,,,,0,no danger risk,2-106015-B-44.wav,engine,False,original,435
ESC50,engine,0,2-106014-A-44.wav,a machine is running at a constant speed,engine,ESC50,2.0,-1.0120999813079834,Vehicle | Microwave oven,,,,,,,,,,,,,,,,0,no danger risk,2-106014-A-44.wav,engine,False,original,433
ESC50,washing_machine,0,3-182710-B-35.wav,a machine is running and then stops and then starts again,washing_machine,ESC50,3.0,-1.1014719009399414,,,,,,,,,,,,,,,,,0,no danger risk,3-182710-B-35.wav,washing_machine,False,original,1123
ESC50,church_bells,0,1-21421-A-46.wav,church bells are ringing in the tower,church_bells,ESC50,1.0,-1.2372978925704956,Church bell,,,,,,,,,,,,,,,,0,no danger risk,1-21421-A-46.wav,church_bells,False,original,108
ESC50,fireworks,0,1-115545-C-48.wav,a gun is fired in the distance and then more gunshots go off in the background,fireworks,ESC50,1.0,-1.2897686958312988,Fireworks | Firecracker,,,,,,,,,,,,,,,,0,no danger risk,1-115545-C-48.wav,fireworks,False,original,19
ESC50,wind,0,2-205966-A-16.wav,cars are driving by on a highway in the distance,wind,ESC50,2.0,-1.1916308403015137,Vehicle | White noise,,,,,,,,,,,,,,,,0,no danger risk,2-205966-A-16.wav,wind,False,original,607
ESC50,brushing_teeth,0,3-118069-A-27.wav,someone is brushing their teeth with a toothbrush,brushing_teeth,ESC50,,,,,,,,,,,,,,,,,,,0,no danger risk,3-118069-A-27.wav,brushing_teeth,False,original,857
ESC50,clock_tick,0,4-194711-A-38.wav,a clock is ticking and the alarm is going off,clock_tick,ESC50,4.0,-1.2294683456420898,Clock,,,,,,,,,,,,,,,,0,no danger risk,4-194711-A-38.wav,clock_tick,False,original,1489
ESC50,brushing_teeth,0,5-220939-A-27.wav,a person is brushing their teeth with their mouth open,brushing_teeth,ESC50,5.0,-0.9338921904563904,Sound effect,,,,,,,,,,,,,,,,0,no danger risk,5-220939-A-27.wav,brushing_teeth,False,original,1851
ESC50,frog,0,3-83527-A-4.wav,frogs are croaking and crickets are chirping in the night,frog,ESC50,3.0,-0.8398652672767639,Frog | Croak,,,,,,,,,,,,,,,,0,no danger risk,3-83527-A-4.wav,frog,False,original,1179
ESC50,toilet_flush,0,1-28005-A-18.wav,a toilet flushes and water drains and then flushed,toilet_flush,ESC50,1.0,-1.4406973123550415,Toilet flush,,,,,,,,,,,,,,,,0,no danger risk,1-28005-A-18.wav,toilet_flush,False,original,147
ESC50,cat,0,5-177614-A-5.wav,a cat is meowing and crying at a steady pace,cat,ESC50,,,,,,,,,,,,,,,,,,,0,no danger risk,5-177614-A-5.wav,cat,False,original,1650
ESC50,pig,0,2-158746-C-2.wav,a pig is snorting as crickets chirp in the background,pig,ESC50,2.0,-1.0501221418380735,Animal | Pig,,,,,,,,,,,,,,,,0,no danger risk,2-158746-C-2.wav,pig,False,original,586
ESC50,sneezing,1,1-47273-A-21.wav,a person coughs sniffs repeatedly and then sneezes twice,sneezing,ESC50,1.0,-1.299352526664734,Sneeze,,,,,,,,,,,,,,,,1,danger risk,1-47273-A-21.wav,sneezing,False,original,225
ESC50,insects,0,1-17585-A-7.wav,birds are chirping and bees are buzzing in the background,insects,ESC50,1.0,-0.9285374283790588,"Insect | Fly, housefly | Bee, wasp, etc.",,,,,,,,,,,,,,,,0,no danger risk,1-17585-A-7.wav,insects,False,original,64
ESC50,cow,0,5-194899-A-3.wav,several cows are mooing and a cow moos in the background,cow,ESC50,5.0,-0.9193186163902284,"Livestock, farm animals, working animals | Cattle, bovinae | Moo",,,,,,,,,,,,,,,,0,no danger risk,5-194899-A-3.wav,cow,False,original,1706
ESC50,sneezing,1,5-220026-A-21.wav,a person is sneezing twice and then coughs again,sneezing,ESC50,5.0,-1.503674030303955,Sneeze,,,,,,,,,,,,,,,,1,danger risk,5-220026-A-21.wav,sneezing,False,original,1849
ESC50,helicopter,0,5-177957-E-40.wav,a motor is running at a constant speed and volume,helicopter,ESC50,5.0,-1.172575831413269,Vehicle,,,,,,,,,,,,,,,,0,no danger risk,5-177957-E-40.wav,helicopter,False,original,1656
ESC50,rain,0,4-161127-A-10.wav,a heavy rain is falling down on a roof,rain,ESC50,,,,,,,,,,,,,,,,,,,0,no danger risk,4-161127-A-10.wav,rain,False,original,1305
ESC50,frog,0,3-71964-A-4.wav,frogs are croaking in the background and a frog croaks,frog,ESC50,3.0,-1.174662470817566,Frog | Croak,,,,,,,,,,,,,,,,0,no danger risk,3-71964-A-4.wav,frog,False,original,1176
ESC50,door_wood_knock,0,3-152594-A-30.wav,a person is knocking on a door at a steady pace,door_wood_knock,ESC50,3.0,-0.9120755791664124,Knock,,,,,,,,,,,,,,,,0,no danger risk,3-152594-A-30.wav,door_wood_knock,False,original,1017
ESC50,rain,0,5-181766-A-10.wav,rain is falling down onto the roof of a house,rain,ESC50,5.0,-1.014358639717102,Rain | Raindrop | Rain on surface,,,,,,,,,,,,,,,,0,no danger risk,5-181766-A-10.wav,rain,False,original,1671
ESC50,car_horn,1,5-180156-A-43.wav,cars are honking at each other on a busy street,car_horn,ESC50,,,,,,,,,,,,,,,,,,,1,danger risk,5-180156-A-43.wav,car_horn,False,original,1666
ESC50,vacuum_cleaner,0,4-172734-A-36.wav,a vacuum cleaner is turned on and then it starts up and begins to run,vacuum_cleaner,ESC50,4.0,-1.1545019149780271,Vacuum cleaner,,,,,,,,,,,,,,,,0,no danger risk,4-172734-A-36.wav,vacuum_cleaner,False,original,1372
ESC50,siren,1,1-54084-A-42.wav,a siren is blaring and a civil defense emergency vehicle is going off,siren,ESC50,1.0,-1.470497727394104,Siren | Civil defense siren,,,,,,,,,,,,,,,,1,danger risk,1-54084-A-42.wav,siren,False,original,270
ESC50,wind,0,4-144083-B-16.wav,wind is blowing and birds are chirping in the background,wind,ESC50,4.0,-1.0541884899139404,"Vehicle | Outside, rural or natural | Field recording",,,,,,,,,,,,,,,,0,no danger risk,4-144083-B-16.wav,wind,False,original,1255
ESC50,pig,0,5-127990-A-2.wav,a pig oinking in the background and a dog growling,pig,ESC50,5.0,-1.313260793685913,"Animal | Livestock, farm animals, working animals | Pig",,,,,,,,,,,,,,,,0,no danger risk,5-127990-A-2.wav,pig,False,original,1611
ESC50,coughing,1,5-208761-A-24.wav,a person coughs five times and then coughing then clearing their throat,coughing,ESC50,5.0,-1.2646020650863647,Throat clearing,,,,,,,,,,,,,,,,1,danger risk,5-208761-A-24.wav,coughing,False,original,1782
ESC50,chirping_birds,0,3-156581-B-14.wav,birds are chirping in the background and a bird is singing,chirping_birds,ESC50,3.0,-1.13764226436615,Bird,,,,,,,,,,,,,,,,0,no danger risk,3-156581-B-14.wav,chirping_birds,False,original,1048
ESC50,insects,0,5-198278-B-7.wav,a swarm of bees are buzzing around a hive,insects,ESC50,5.0,-1.0558677911758425,"Insect | Fly, housefly | Bee, wasp, etc.",,,,,,,,,,,,,,,,0,no danger risk,5-198278-B-7.wav,insects,False,original,1724
ESC50,chainsaw,1,4-157611-A-41.wav,a motorcycle is revving up and down the road,chainsaw,ESC50,,,,,,,,,,,,,,,,,,,1,danger risk,4-157611-A-41.wav,chainsaw,False,original,1290
ESC50,can_opening,0,4-179836-A-34.wav,someone is opening and closing a can of soda,can_opening,ESC50,4.0,-1.2874994277954102,Sound effect,,,,,,,,,,,,,,,,0,no danger risk,4-179836-A-34.wav,can_opening,False,original,1398
ESC50,mouse_click,0,4-204683-A-31.wav,a person is clicking a mouse and tapping on a keyboard,mouse_click,ESC50,4.0,-1.3414424657821655,Clicking,,,,,,,,,,,,,,,,0,no danger risk,4-204683-A-31.wav,mouse_click,False,original,1530
ESC50,door_wood_knock,0,2-114254-A-30.wav,a person is knocking on a wooden door which gets louder and then softer,door_wood_knock,ESC50,2.0,-1.1063015460968018,Knock,,,,,,,,,,,,,,,,0,no danger risk,2-114254-A-30.wav,door_wood_knock,False,original,477
ESC50,cow,0,4-174860-B-3.wav,several cows are mooing and a cow moos in the background,cow,ESC50,4.0,-1.069059133529663,"Livestock, farm animals, working animals | Cattle, bovinae | Moo",,,,,,,,,,,,,,,,0,no danger risk,4-174860-B-3.wav,cow,False,original,1380
ESC50,cow,0,3-152039-B-3.wav,several cows are mooing and people are talking in the background,cow,ESC50,3.0,-0.8187252879142761,"Livestock, farm animals, working animals | Cattle, bovinae | Moo",,,,,,,,,,,,,,,,0,no danger risk,3-152039-B-3.wav,cow,False,original,1016
ESC50,glass_breaking,1,3-216284-A-39.wav,glass is broken by a person breaking and hitting the ground repeatedly,glass_breaking,ESC50,3.0,-1.551863193511963,"Crack | Chink, clink",,,,,,,,,,,,,,,,1,danger risk,3-216284-A-39.wav,glass_breaking,False,original,1146
ESC50,pouring_water,0,3-145719-A-17.wav,water is being poured into a glass jar,pouring_water,ESC50,3.0,-1.0538569688796997,Water,,,,,,,,,,,,,,,,0,no danger risk,3-145719-A-17.wav,pouring_water,False,original,971
ESC50,cat,0,5-172299-A-5.wav,a cat is meowing and crying at the same time,cat,ESC50,5.0,-0.8843190670013428,"Animal | Domestic animals, pets | Cat | Meow",,,,,,,,,,,,,,,,0,no danger risk,5-172299-A-5.wav,cat,False,original,1646
ESC50,cow,0,5-242492-A-3.wav,several cows are mooing and a cow moos once,cow,ESC50,5.0,-1.2105319499969482,"Livestock, farm animals, working animals | Cattle, bovinae | Moo",,,,,,,,,,,,,,,,0,no danger risk,5-242492-A-3.wav,cow,False,original,1911
ESC50,airplane,0,3-128512-A-47.wav,a plane is flying overhead and a helicopter is in the distance,airplane,ESC50,3.0,-1.0243592262268066,,,,,,,,,,,,,,,,,0,no danger risk,3-128512-A-47.wav,airplane,False,original,900
ESC50,rooster,0,5-200339-A-1.wav,a chicken is crowing and a rooster crows,rooster,ESC50,5.0,-1.0748026371002195,"Fowl | Chicken, rooster | Crowing, cock-a-doodle-doo",,,,,,,,,,,,,,,,0,no danger risk,5-200339-A-1.wav,rooster,False,original,1747
ESC50,helicopter,0,4-161579-B-40.wav,a helicopter is flying overhead and getting closer and farther away,helicopter,ESC50,4.0,-1.1961137056350708,Vehicle | Aircraft | Helicopter,,,,,,,,,,,,,,,,0,no danger risk,4-161579-B-40.wav,helicopter,False,original,1310
ESC50,washing_machine,0,4-218199-C-35.wav,a machine is running at a constant speed and then it stops,washing_machine,ESC50,4.0,-1.1039891242980957,,,,,,,,,,,,,,,,,0,no danger risk,4-218199-C-35.wav,washing_machine,False,original,1563
ESC50,coughing,1,4-152995-A-24.wav,a person coughs five times and then coughing again,coughing,ESC50,4.0,-1.1550538539886477,Throat clearing,,,,,,,,,,,,,,,,1,danger risk,4-152995-A-24.wav,coughing,False,original,1275
ESC50,insects,0,1-73585-A-7.wav,bees are buzzing loudly in the background as a bee flies buzz around,insects,ESC50,1.0,-1.1924432516098022,"Insect | Fly, housefly | Bee, wasp, etc.",,,,,,,,,,,,,,,,0,no danger risk,1-73585-A-7.wav,insects,False,original,338
ESC50,footsteps,0,2-209471-A-25.wav,a person is walking on a hard surface and people are talking in the background,footsteps,ESC50,2.0,-1.144067883491516,,,,,,,,,,,,,,,,,0,no danger risk,2-209471-A-25.wav,footsteps,False,original,608
ESC50,crackling_fire,0,5-215658-A-12.wav,a fire is crackling and popping as it burns,crackling_fire,ESC50,5.0,-1.0485718250274658,Fire,,,,,,,,,,,,,,,,0,no danger risk,5-215658-A-12.wav,crackling_fire,False,original,1823
ESC50,cat,0,5-214759-A-5.wav,a cat is meowing and purring,cat,ESC50,5.0,-1.07201087474823,"Animal | Domestic animals, pets | Cat | Meow",,,,,,,,,,,,,,,,0,no danger risk,5-214759-A-5.wav,cat,False,original,1813
ESC50,laughing,0,3-132747-A-26.wav,a baby is laughing and cooing while another person is coughing,laughing,ESC50,3.0,-1.2166892290115356,Snicker,,,,,,,,,,,,,,,,0,no danger risk,3-132747-A-26.wav,laughing,False,original,911
ESC50,clock_tick,0,4-181865-A-38.wav,a clock is ticking very slowly at a steady pace,clock_tick,ESC50,4.0,-1.149140238761902,Clock | Tick | Tick-tock,,,,,,,,,,,,,,,,0,no danger risk,4-181865-A-38.wav,clock_tick,False,original,1411
ESC50,siren,1,5-133989-B-42.wav,a siren is blaring and a civil defense emergency vehicle is passing by,siren,ESC50,5.0,-1.3434847593307495,Siren | Civil defense siren,,,,,,,,,,,,,,,,1,danger risk,5-133989-B-42.wav,siren,False,original,1613
ESC50,chainsaw,1,1-64398-A-41.wav,a chainsaw is started up and then revved up and then cuts off,chainsaw,ESC50,,,,,,,,,,,,,,,,,,,1,danger risk,1-64398-A-41.wav,chainsaw,False,original,314
ESC50,crow,0,1-39835-A-9.wav,a bird is squawking loudly in the background with other birds chirping in the foreground,crow,ESC50,1.0,-1.0596336126327517,Crow | Caw,,,,,,,,,,,,,,,,0,no danger risk,1-39835-A-9.wav,crow,False,original,193
ESC50,door_wood_creaks,0,1-51805-G-33.wav,a creaky door is slowly opened and closed repeatedly,door_wood_creaks,ESC50,1.0,-0.931396782398224,Fart,,,,,,,,,,,,,,,,0,no danger risk,1-51805-G-33.wav,door_wood_creaks,False,original,258
ESC50,chirping_birds,0,1-34497-A-14.wav,birds are chirping in the background while a waterfall is flowing in the distance,chirping_birds,ESC50,1.0,-1.0326416492462158,"Bird | Bird vocalization, bird call, bird song | Chirp, tweet | Environmental noise",,,,,,,,,,,,,,,,0,no danger risk,1-34497-A-14.wav,chirping_birds,False,original,180
ESC50,siren,1,1-76831-D-42.wav,a police siren is blaring and a car is passing by,siren,ESC50,,,,,,,,,,,,,,,,,,,1,danger risk,1-76831-D-42.wav,siren,False,original,347
ESC50,washing_machine,0,5-181977-A-35.wav,a machine is running and then it is turned on and off,washing_machine,ESC50,5.0,-1.176150918006897,,,,,,,,,,,,,,,,,0,no danger risk,5-181977-A-35.wav,washing_machine,False,original,1672
ESC50,chirping_birds,0,1-38559-A-14.wav,birds are chirping and a bird is singing in the background,chirping_birds,ESC50,1.0,-0.9526394009590148,Bird,,,,,,,,,,,,,,,,0,no danger risk,1-38559-A-14.wav,chirping_birds,False,original,191
ESC50,toilet_flush,0,4-123680-A-18.wav,a toilet is flushed and water is flushing,toilet_flush,ESC50,4.0,-1.3341825008392334,Water | Toilet flush,,,,,,,,,,,,,,,,0,no danger risk,4-123680-A-18.wav,toilet_flush,False,original,1223
ESC50,train,0,5-197121-B-45.wav,a train is passing by on a railroad track,train,ESC50,5.0,-1.20728600025177,Rail transport | Train,,,,,,,,,,,,,,,,0,no danger risk,5-197121-B-45.wav,train,False,original,1719
ESC50,church_bells,0,3-139109-A-46.wav,church bells are ringing in a town square bell tower,church_bells,ESC50,3.0,-1.2506098747253418,Change ringing (campanology),,,,,,,,,,,,,,,,0,no danger risk,3-139109-A-46.wav,church_bells,False,original,929
ESC50,car_horn,1,4-176631-A-43.wav,a car is driving and honking its horn,car_horn,ESC50,,,,,,,,,,,,,,,,,,,1,danger risk,4-176631-A-43.wav,car_horn,False,original,1390
ESC50,insects,0,1-46938-B-7.wav,a swarm of bees are buzzing around a hive,insects,ESC50,1.0,-1.1369717121124268,"Insect | Mosquito | Fly, housefly | Bee, wasp, etc.",,,,,,,,,,,,,,,,0,no danger risk,1-46938-B-7.wav,insects,False,original,222
ESC50,rooster,0,3-134049-A-1.wav,a chicken is clucking and flapping its wings,rooster,ESC50,3.0,-0.8512334823608398,"Fowl | Chicken, rooster | Crowing, cock-a-doodle-doo",,,,,,,,,,,,,,,,0,no danger risk,3-134049-A-1.wav,rooster,False,original,915
ESC50,washing_machine,0,1-49098-A-35.wav,a machine is running and then stops and then starts again,washing_machine,ESC50,1.0,-1.162540316581726,Rumble,,,,,,,,,,,,,,,,0,no danger risk,1-49098-A-35.wav,washing_machine,False,original,235
ESC50,sneezing,1,5-194533-A-21.wav,a person coughs sniffs repeatedly and then blows their nose,sneezing,ESC50,5.0,-1.447187900543213,Sneeze,,,,,,,,,,,,,,,,1,danger risk,5-194533-A-21.wav,sneezing,False,original,1704
ESC50,vacuum_cleaner,0,1-79236-A-36.wav,a vacuum cleaner is being used to cut up a hair dryer,vacuum_cleaner,ESC50,1.0,-1.3341635465621948,Vacuum cleaner,,,,,,,,,,,,,,,,0,no danger risk,1-79236-A-36.wav,vacuum_cleaner,False,original,354
ESC50,sheep,0,4-196672-A-8.wav,a sheep bleats loudly while people talk in the background,sheep,ESC50,4.0,-0.8681573271751404,Speech | Animal | Bleat | Sheep,,,,,,,,,,,,,,,,0,no danger risk,4-196672-A-8.wav,sheep,False,original,1502
ESC50,door_wood_creaks,0,4-108352-A-33.wav,a squeaky door is being opened and closed repeatedly,door_wood_creaks,ESC50,,,,,,,,,,,,,,,,,,,0,no danger risk,4-108352-A-33.wav,door_wood_creaks,False,original,1207
ESC50,airplane,0,5-235956-A-47.wav,an airplane is flying overhead and getting ready to take off,airplane,ESC50,5.0,-1.1548868417739868,"Vehicle | Aircraft | Fixed-wing aircraft, airplane | Field recording",,,,,,,,,,,,,,,,0,no danger risk,5-235956-A-47.wav,airplane,False,original,1897
ESC50,snoring,0,2-114609-A-28.wav,a person is snoring very slowly and steadily,snoring,ESC50,2.0,-1.274000883102417,Snoring,,,,,,,,,,,,,,,,0,no danger risk,2-114609-A-28.wav,snoring,False,original,480
ESC50,glass_breaking,1,2-141563-A-39.wav,glass is broken by a large amount of metal is repeatedly thrown into a pile,glass_breaking,ESC50,2.0,-1.5820283889770508,"Glass | Chink, clink | Breaking",,,,,,,,,,,,,,,,1,danger risk,2-141563-A-39.wav,glass_breaking,False,original,567
ESC50,chainsaw,1,1-47250-B-41.wav,a chainsaw is cutting through a piece of wood,chainsaw,ESC50,1.0,-1.0218851566314695,Chainsaw,,,,,,,,,,,,,,,,1,danger risk,1-47250-B-41.wav,chainsaw,False,original,224
ESC50,rooster,0,3-154957-A-1.wav,a chicken is clucking and flapping its wings,rooster,ESC50,3.0,-0.7923843860626221,"Fowl | Chicken, rooster | Crowing, cock-a-doodle-doo",,,,,,,,,,,,,,,,0,no danger risk,3-154957-A-1.wav,rooster,False,original,1028
ESC50,brushing_teeth,0,2-73544-A-27.wav,a person is brushing their teeth with their mouth,brushing_teeth,ESC50,2.0,-0.9206889867782592,Toothbrush,,,,,,,,,,,,,,,,0,no danger risk,2-73544-A-27.wav,brushing_teeth,False,original,714
ESC50,helicopter,0,2-37806-D-40.wav,a helicopter is flying overhead and a plane is taking off,helicopter,ESC50,2.0,-1.6153217554092407,Vehicle | Helicopter,,,,,,,,,,,,,,,,0,no danger risk,2-37806-D-40.wav,helicopter,False,original,632
ESC50,dog,1,3-136288-A-0.wav,a dog is barking loudly and sporadically in the distance,dog,ESC50,,,,,,,,,,,,,,,,,,,1,danger risk,3-136288-A-0.wav,dog,False,original,923
ESC50,chirping_birds,0,1-34495-A-14.wav,birds are chirping and singing in the background,chirping_birds,ESC50,1.0,-0.9594205021858216,"Bird | Bird vocalization, bird call, bird song | Chirp, tweet",,,,,,,,,,,,,,,,0,no danger risk,1-34495-A-14.wav,chirping_birds,False,original,179
ESC50,sheep,0,3-140199-A-8.wav,a sheep bleats and a goat bleating in the background,sheep,ESC50,3.0,-1.5728799104690552,Bleat | Sheep,,,,,,,,,,,,,,,,0,no danger risk,3-140199-A-8.wav,sheep,False,original,932
ESC50,car_horn,1,2-125520-A-43.wav,a car horn is being blown at different speeds,car_horn,ESC50,,,,,,,,,,,,,,,,,,,1,danger risk,2-125520-A-43.wav,car_horn,False,original,532
ESC50,airplane,0,1-36929-A-47.wav,a boat is moving through the water and the wind is blowing,airplane,ESC50,1.0,-1.25586199760437,"Vehicle | Boat, Water vehicle | Ship",,,,,,,,,,,,,,,,0,no danger risk,1-36929-A-47.wav,airplane,False,original,189
ESC50,wind,0,4-144083-C-16.wav,the wind is blowing very strong and howling in the trees,wind,ESC50,4.0,-1.3815670013427734,Civil defense siren | Field recording,,,,,,,,,,,,,,,,0,no danger risk,4-144083-C-16.wav,wind,False,original,1256
ESC50,clock_tick,0,4-179984-A-38.wav,a clock is ticking in a rhythmic pattern,clock_tick,ESC50,4.0,-1.3046908378601074,,,,,,,,,,,,,,,,,0,no danger risk,4-179984-A-38.wav,clock_tick,False,original,1399
ESC50,airplane,0,2-78781-A-47.wav,an airplane is flying overhead with a plane in the sky,airplane,ESC50,2.0,-1.2448190450668335,"Vehicle | Aircraft | Aircraft engine | Fixed-wing aircraft, airplane",,,,,,,,,,,,,,,,0,no danger risk,2-78781-A-47.wav,airplane,False,original,731
ESC50,rooster,0,4-164859-A-1.wav,a chicken is clucking and flapping its wings,rooster,ESC50,4.0,-0.8178554773330688,"Fowl | Chicken, rooster | Cluck | Crowing, cock-a-doodle-doo",,,,,,,,,,,,,,,,0,no danger risk,4-164859-A-1.wav,rooster,False,original,1325
ESC50,door_wood_creaks,0,4-107122-A-33.wav,a creaky door is being opened and closed repeatedly,door_wood_creaks,ESC50,,,,,,,,,,,,,,,,,,,0,no danger risk,4-107122-A-33.wav,door_wood_creaks,False,original,1206
ESC50,frog,0,1-15689-B-4.wav,frogs are croaking in the background,frog,ESC50,1.0,-1.201385259628296,Frog | Croak,,,,,,,,,,,,,,,,0,no danger risk,1-15689-B-4.wav,frog,False,original,46
ESC50,rooster,0,4-170078-A-1.wav,a chicken is clucking and flapping its wings,rooster,ESC50,4.0,-0.8889636993408203,"Fowl | Chicken, rooster | Crowing, cock-a-doodle-doo",,,,,,,,,,,,,,,,0,no danger risk,4-170078-A-1.wav,rooster,False,original,1353
ESC50,mouse_click,0,1-118206-A-31.wav,a person is tapping on a piece of wood,mouse_click,ESC50,1.0,-1.0439361333847046,,,,,,,,,,,,,,,,,0,no danger risk,1-118206-A-31.wav,mouse_click,False,original,26
ESC50,siren,1,1-31482-A-42.wav,an alarm is going off while people are talking in the background,siren,ESC50,,,,,,,,,,,,,,,,,,,1,danger risk,1-31482-A-42.wav,siren,False,original,165
ESC50,footsteps,0,5-234263-A-25.wav,a person is walking on a hard surface at a steady pace,footsteps,ESC50,5.0,-0.9758678078651428,,,,,,,,,,,,,,,,,0,no danger risk,5-234263-A-25.wav,footsteps,False,original,1885
ESC50,pig,0,4-250869-C-2.wav,a cat is meowing and growling and making noises in the background,pig,ESC50,4.0,-1.5552150011062622,"Animal | Domestic animals, pets",,,,,,,,,,,,,,,,0,no danger risk,4-250869-C-2.wav,pig,False,original,1580
ESC50,hand_saw,0,5-253094-D-49.wav,a person is sawing wood with a saw,hand_saw,ESC50,5.0,-1.1207900047302246,Sawing | Wood | Rub,,,,,,,,,,,,,,,,0,no danger risk,5-253094-D-49.wav,hand_saw,False,original,1960
ESC50,crackling_fire,0,2-30322-A-12.wav,a fire is burning and crackling and popping as it burns,crackling_fire,ESC50,2.0,-1.1402229070663452,Fire,,,,,,,,,,,,,,,,0,no danger risk,2-30322-A-12.wav,crackling_fire,False,original,622
ESC50,chainsaw,1,4-157611-B-41.wav,a motor is running at a constant speed and a motorcycle is revving up,chainsaw,ESC50,,,,,,,,,,,,,,,,,,,1,danger risk,4-157611-B-41.wav,chainsaw,False,original,1291
ESC50,keyboard_typing,0,2-99795-A-32.wav,a person is typing on a keyboard quickly,keyboard_typing,ESC50,2.0,-1.3568388223648071,Typing | Computer keyboard,,,,,,,,,,,,,,,,0,no danger risk,2-99795-A-32.wav,keyboard_typing,False,original,795
ESC50,drinking_sipping,0,4-213193-A-29.wav,someone is drinking water from a container to make a lot of bubbling noise,drinking_sipping,ESC50,4.0,-1.5614666938781738,,,,,,,,,,,,,,,,,0,no danger risk,4-213193-A-29.wav,drinking_sipping,False,original,1554
ESC50,footsteps,0,3-94344-A-25.wav,a person is walking through the snow and leaves,footsteps,ESC50,3.0,-1.2402325868606567,,,,,,,,,,,,,,,,,0,no danger risk,3-94344-A-25.wav,footsteps,False,original,1186
ESC50,door_wood_creaks,0,1-51805-C-33.wav,a squeaky door is being opened and closed repeatedly,door_wood_creaks,ESC50,,,,,,,,,,,,,,,,,,,0,no danger risk,1-51805-C-33.wav,door_wood_creaks,False,original,254
ESC50,clock_tick,0,1-57163-A-38.wav,a clock is ticking and a pendulum is clicking,clock_tick,ESC50,1.0,-1.2840158939361572,,,,,,,,,,,,,,,,,0,no danger risk,1-57163-A-38.wav,clock_tick,False,original,285
ESC50,chainsaw,1,4-149294-A-41.wav,a chainsaw is cutting through a piece of wood,chainsaw,ESC50,,,,,,,,,,,,,,,,,,,1,danger risk,4-149294-A-41.wav,chainsaw,False,original,1267
ESC50,chirping_birds,0,3-181132-A-14.wav,birds are chirping and singing in the background,chirping_birds,ESC50,3.0,-0.92479145526886,"Bird vocalization, bird call, bird song | Environmental noise",,,,,,,,,,,,,,,,0,no danger risk,3-181132-A-14.wav,chirping_birds,False,original,1118
ESC50,train,0,4-165791-B-45.wav,a train is passing by on a railroad track,train,ESC50,4.0,-1.0257641077041626,"Vehicle | Rail transport | Train | Railroad car, train wagon | Clickety-clack",,,,,,,,,,,,,,,,0,no danger risk,4-165791-B-45.wav,train,False,original,1328
ESC50,car_horn,1,2-144137-A-43.wav,a car horn honks repeatedly in a steady pace,car_horn,ESC50,,,,,,,,,,,,,,,,,,,1,danger risk,2-144137-A-43.wav,car_horn,False,original,574
ESC50,car_horn,1,5-180156-B-43.wav,cars are honking while traffic is passing by in the background,car_horn,ESC50,5.0,-1.089851140975952,"Vehicle | Car | Toot | Traffic noise, roadway noise",,,,,,,,,,,,,,,,1,danger risk,5-180156-B-43.wav,car_horn,False,original,1667
ESC50,clock_tick,0,1-62849-A-38.wav,a person is using a shovel to cut up and down,clock_tick,ESC50,1.0,-1.4676557779312134,,,,,,,,,,,,,,,,,0,no danger risk,1-62849-A-38.wav,clock_tick,False,original,310
ESC50,train,0,3-135650-A-45.wav,a train is passing by on a railroad track,train,ESC50,3.0,-1.0454280376434326,"Vehicle | Rail transport | Train | Railroad car, train wagon | Subway, metro, underground",,,,,,,,,,,,,,,,0,no danger risk,3-135650-A-45.wav,train,False,original,921
ESC50,engine,0,4-186936-A-44.wav,a motorcycle engine is idling and then it starts to idle,engine,ESC50,4.0,-1.4691344499588013,Vehicle | Engine,,,,,,,,,,,,,,,,0,no danger risk,4-186936-A-44.wav,engine,False,original,1445
ESC50,coughing,1,3-149042-A-24.wav,a person is grunting and groaning in pain,coughing,ESC50,3.0,-1.136709690093994,Grunt | Gasp,,,,,,,,,,,,,,,,1,danger risk,3-149042-A-24.wav,coughing,False,original,986
ESC50,door_wood_creaks,0,5-187444-A-33.wav,a creaky door is creaking as it is slowly opened and closed,door_wood_creaks,ESC50,,,,,,,,,,,,,,,,,,,0,no danger risk,5-187444-A-33.wav,door_wood_creaks,False,original,1686
ESC50,glass_breaking,1,4-204119-A-39.wav,a glass bottle is broken and breaking against a hard surface,glass_breaking,ESC50,,,,,,,,,,,,,,,,,,,1,danger risk,4-204119-A-39.wav,glass_breaking,False,original,1524
ESC50,hen,0,4-204830-A-6.wav,a chicken is clucking and flapping its wings,hen,ESC50,4.0,-0.7426721453666687,"Livestock, farm animals, working animals | Fowl | Chicken, rooster | Cluck | Bird",,,,,,,,,,,,,,,,0,no danger risk,4-204830-A-6.wav,hen,False,original,1535
ESC50,clock_alarm,0,2-104476-A-37.wav,a beeping alarm is going off in the background,clock_alarm,ESC50,2.0,-1.189132809638977,Alarm,,,,,,,,,,,,,,,,0,no danger risk,2-104476-A-37.wav,clock_alarm,False,original,428
ESC50,washing_machine,0,1-27166-A-35.wav,a saw is being used to cut a piece of wood,washing_machine,ESC50,1.0,-1.241085410118103,Vehicle | Jet engine | Engine,,,,,,,,,,,,,,,,0,no danger risk,1-27166-A-35.wav,washing_machine,False,original,143
ESC50,clock_alarm,0,2-96063-A-37.wav,an alarm clock is going off and then stops,clock_alarm,ESC50,2.0,-1.369476556777954,Alarm | Alarm clock | Clock,,,,,,,,,,,,,,,,0,no danger risk,2-96063-A-37.wav,clock_alarm,False,original,788
ESC50,crackling_fire,0,4-164661-B-12.wav,a fire is crackling and popping as it burns,crackling_fire,ESC50,4.0,-1.095179319381714,,,,,,,,,,,,,,,,,0,no danger risk,4-164661-B-12.wav,crackling_fire,False,original,1324
ESC50,sheep,0,3-20861-A-8.wav,a large group of people are making noises in the background,sheep,ESC50,3.0,-1.4442194700241089,,,,,,,,,,,,,,,,,0,no danger risk,3-20861-A-8.wav,sheep,False,original,1142
ESC50,keyboard_typing,0,3-144120-A-32.wav,a person is typing on a keyboard that is being typed on,keyboard_typing,ESC50,3.0,-1.1300711631774902,Typing | Computer keyboard,,,,,,,,,,,,,,,,0,no danger risk,3-144120-A-32.wav,keyboard_typing,False,original,956
ESC50,hen,0,5-263831-B-6.wav,a chicken is clucking and flapping its wings,hen,ESC50,5.0,-1.047469973564148,"Fowl | Chicken, rooster | Cluck | Crowing, cock-a-doodle-doo",,,,,,,,,,,,,,,,0,no danger risk,5-263831-B-6.wav,hen,False,original,1995
ESC50,fireworks,0,2-117617-A-48.wav,fireworks are going off in the distance,fireworks,ESC50,2.0,-1.1508700847625732,Fireworks | Firecracker,,,,,,,,,,,,,,,,0,no danger risk,2-117617-A-48.wav,fireworks,False,original,492
ESC50,sneezing,1,4-157297-A-21.wav,a man coughs five times and sneezes twice,sneezing,ESC50,,,,,,,,,,,,,,,,,,,1,danger risk,4-157297-A-21.wav,sneezing,False,original,1289
ESC50,clock_alarm,0,1-72195-B-37.wav,an alarm clock is beeping and going off,clock_alarm,ESC50,1.0,-1.184582233428955,Alarm | Alarm clock,,,,,,,,,,,,,,,,0,no danger risk,1-72195-B-37.wav,clock_alarm,False,original,333
ESC50,footsteps,0,5-263501-A-25.wav,a person is walking on a gravel path at a steady pace,footsteps,ESC50,5.0,-0.8776247501373291,"Walk, footsteps",,,,,,,,,,,,,,,,0,no danger risk,5-263501-A-25.wav,footsteps,False,original,1991
UrbanSound8K,gun_shot,1,52357-6-0-0.wav,a gun shot gunshots fireworks shooting shots in the distance,gun_shot,,3.0,-2.2497894763946533,Fireworks | Firecracker,52357-6-0-0.wav,52357.0,0.033194,0.902864,1.0,6.0,gun_shot,clotho,danger_risk,1.0,,,,,,1,danger risk,52357-6-0-0.wav,gun_shot,False,original,2018
ESC50,airplane,0,4-251959-A-47.wav,a jet aircraft flies overhead and then speeds up,airplane,ESC50,4.0,-1.3634601831436155,"Vehicle | Aircraft | Fixed-wing aircraft, airplane",,,,,,,,,,,,,,,,0,no danger risk,4-251959-A-47.wav,airplane,False,original,1583
ESC50,snoring,0,4-197454-A-28.wav,a person is snoring very loudly and consistently,snoring,ESC50,4.0,-0.9696906208992004,Snoring,,,,,,,,,,,,,,,,0,no danger risk,4-197454-A-28.wav,snoring,False,original,1504
ESC50,clock_tick,0,2-88724-A-38.wav,a clock is ticking very slowly and then stops,clock_tick,ESC50,2.0,-1.1917248964309692,Clock,,,,,,,,,,,,,,,,0,no danger risk,2-88724-A-38.wav,clock_tick,False,original,774
ESC50,thunderstorm,0,2-39443-B-19.wav,thunder rolls in the distance as rain pours down,thunderstorm,ESC50,2.0,-1.1237924098968506,Thunderstorm | Thunder | Rain,,,,,,,,,,,,,,,,0,no danger risk,2-39443-B-19.wav,thunderstorm,False,original,636
ESC50,pig,0,5-103420-A-2.wav,a baby cries loudly and another bird squawks continuously,pig,ESC50,,,,,,,,,,,,,,,,,,,0,no danger risk,5-103420-A-2.wav,pig,False,original,1603
ESC50,clock_tick,0,1-21934-A-38.wav,a clock is ticking very slowly at a steady pace,clock_tick,ESC50,1.0,-1.1186648607254028,,,,,,,,,,,,,,,,,0,no danger risk,1-21934-A-38.wav,clock_tick,False,original,110
ESC50,glass_breaking,1,3-203375-A-39.wav,a glass bottle is thrown into a pile of metal,glass_breaking,ESC50,3.0,-1.4351096153259275,Glass | Breaking,,,,,,,,,,,,,,,,1,danger risk,3-203375-A-39.wav,glass_breaking,False,original,1140
ESC50,water_drops,0,1-16746-A-15.wav,water is dripping from a faucet into a tub,water_drops,ESC50,1.0,-1.043491244316101,Drip | Plop,,,,,,,,,,,,,,,,0,no danger risk,1-16746-A-15.wav,water_drops,False,original,50
ESC50,toilet_flush,0,4-145006-A-18.wav,a toilet is flushed and water is running,toilet_flush,ESC50,4.0,-1.0370800495147705,Water | Toilet flush,,,,,,,,,,,,,,,,0,no danger risk,4-145006-A-18.wav,toilet_flush,False,original,1260
ESC50,crow,0,3-129264-A-9.wav,a large flock of birds call out to one another in the background,crow,ESC50,3.0,-1.0486280918121338,Animal | Crow | Caw,,,,,,,,,,,,,,,,0,no danger risk,3-129264-A-9.wav,crow,False,original,902
ESC50,crying_baby,1,1-22694-A-20.wav,a baby is crying for a dozen seconds,crying_baby,ESC50,,,,,,,,,,,,,,,,,,,1,danger risk,1-22694-A-20.wav,crying_baby,False,original,113
ESC50,clock_alarm,0,3-117793-A-37.wav,a phone rings repeatedly and then stops for a few seconds,clock_alarm,ESC50,,,,,,,,,,,,,,,,,,,0,no danger risk,3-117793-A-37.wav,clock_alarm,False,original,854
ESC50,church_bells,0,5-188716-A-46.wav,church bells are ringing loudly in a melody,church_bells,ESC50,5.0,-1.2244508266448977,Church bell | Change ringing (campanology),,,,,,,,,,,,,,,,0,no danger risk,5-188716-A-46.wav,church_bells,False,original,1692
ESC50,chainsaw,1,3-118657-A-41.wav,a chainsaw is revved up and then started again,chainsaw,ESC50,,,,,,,,,,,,,,,,,,,1,danger risk,3-118657-A-41.wav,chainsaw,False,original,862
ESC50,brushing_teeth,0,3-126391-A-27.wav,someone is brushing their teeth with a toothbrush,brushing_teeth,ESC50,3.0,-0.902599573135376,Toothbrush,,,,,,,,,,,,,,,,0,no danger risk,3-126391-A-27.wav,brushing_teeth,False,original,893
ESC50,breathing,0,4-176914-A-23.wav,a person is breathing heavily in the air,breathing,ESC50,,,,,,,,,,,,,,,,,,,0,no danger risk,4-176914-A-23.wav,breathing,False,original,1392
ESC50,laughing,0,5-259514-A-26.wav,a person is laughing and breathing heavily while they laugh their nose followed by a man sneezing,laughing,ESC50,5.0,-1.5893415212631226,,,,,,,,,,,,,,,,,0,no danger risk,5-259514-A-26.wav,laughing,False,original,1975
ESC50,mouse_click,0,3-167096-A-31.wav,a person is typing on a computer keyboard and making clicking noises in the background,mouse_click,ESC50,3.0,-1.103218674659729,,,,,,,,,,,,,,,,,0,no danger risk,3-167096-A-31.wav,mouse_click,False,original,1094
ESC50,cat,0,2-82274-B-5.wav,a cat is meowing and purring,cat,ESC50,,,,,,,,,,,,,,,,,,,0,no danger risk,2-82274-B-5.wav,cat,False,original,748
ESC50,keyboard_typing,0,3-125548-A-32.wav,typing on a keyboard typewriter is typed on a computer,keyboard_typing,ESC50,3.0,-1.8449259996414185,Typing | Computer keyboard,,,,,,,,,,,,,,,,0,no danger risk,3-125548-A-32.wav,keyboard_typing,False,original,889
ESC50,helicopter,0,2-188822-D-40.wav,an airplane is flying overhead and a helicopter is in the sky,helicopter,ESC50,2.0,-1.307065725326538,Vehicle | Aircraft | Helicopter,,,,,,,,,,,,,,,,0,no danger risk,2-188822-D-40.wav,helicopter,False,original,605
ESC50,cat,0,4-120160-A-5.wav,a cat is meowing and making noises in the background,cat,ESC50,,,,,,,,,,,,,,,,,,,0,no danger risk,4-120160-A-5.wav,cat,False,original,1221
ESC50,thunderstorm,0,5-156999-C-19.wav,a large explosion is followed by thunder and lightning explosions,thunderstorm,ESC50,5.0,-1.892204999923706,Explosion,,,,,,,,,,,,,,,,0,no danger risk,5-156999-C-19.wav,thunderstorm,False,original,1625
ESC50,clapping,0,5-221568-A-22.wav,a crowd of people are clapping and cheering,clapping,ESC50,5.0,-1.0054850578308103,Speech | Applause,,,,,,,,,,,,,,,,0,no danger risk,5-221568-A-22.wav,clapping,False,original,1857
ESC50,door_wood_creaks,0,2-70344-A-33.wav,a machine gun is fired repeatedly and then stops,door_wood_creaks,ESC50,,,,,,,,,,,,,,,,,,,0,no danger risk,2-70344-A-33.wav,door_wood_creaks,False,original,696
ESC50,siren,1,3-62878-B-42.wav,a police car siren is blaring and it gets louder as it passes,siren,ESC50,3.0,-1.2367264032363892,Emergency vehicle | Police car (siren) | Siren,,,,,,,,,,,,,,,,1,danger risk,3-62878-B-42.wav,siren,False,original,1168
ESC50,footsteps,0,2-209472-A-25.wav,a person is walking on a wooden floor with heavy boots,footsteps,ESC50,2.0,-1.1794798374176023,,,,,,,,,,,,,,,,,0,no danger risk,2-209472-A-25.wav,footsteps,False,original,609
ESC50,toilet_flush,0,4-126532-A-18.wav,a toilet flushes and water drains and then it is flushed,toilet_flush,ESC50,4.0,-1.331870198249817,Toilet flush,,,,,,,,,,,,,,,,0,no danger risk,4-126532-A-18.wav,toilet_flush,False,original,1232
ESC50,keyboard_typing,0,1-53501-A-32.wav,a person is typing on a keyboard and the computer mouse clicks,keyboard_typing,ESC50,1.0,-1.2232836484909058,Typing | Computer keyboard,,,,,,,,,,,,,,,,0,no danger risk,1-53501-A-32.wav,keyboard_typing,False,original,265
ESC50,door_wood_creaks,0,4-107117-A-33.wav,a creaky door is creaking loudly and slowly creaks,door_wood_creaks,ESC50,4.0,-1.507909059524536,Synthesizer,,,,,,,,,,,,,,,,0,no danger risk,4-107117-A-33.wav,door_wood_creaks,False,original,1204
ESC50,washing_machine,0,5-223810-A-35.wav,a machine is running and grinding against a metal surface,washing_machine,ESC50,5.0,-1.314368724822998,Tools,,,,,,,,,,,,,,,,0,no danger risk,5-223810-A-35.wav,washing_machine,False,original,1869
ESC50,siren,1,1-76831-E-42.wav,a police siren is blaring with a car alarm in the background,siren,ESC50,1.0,-1.194602370262146,Car alarm | Emergency vehicle | Police car (siren) | Ambulance (siren) | Siren,,,,,,,,,,,,,,,,1,danger risk,1-76831-E-42.wav,siren,False,original,348
ESC50,thunderstorm,0,1-23222-B-19.wav,thunder rolls in the distance and then fades away,thunderstorm,ESC50,1.0,-1.3723232746124268,Thunderstorm | Thunder,,,,,,,,,,,,,,,,0,no danger risk,1-23222-B-19.wav,thunderstorm,False,original,120
ESC50,keyboard_typing,0,2-120333-A-32.wav,a person is typing on a keyboard and types on a hard surface,keyboard_typing,ESC50,2.0,-1.202576994895935,Typing | Computer keyboard,,,,,,,,,,,,,,,,0,no danger risk,2-120333-A-32.wav,keyboard_typing,False,original,512
ESC50,clock_tick,0,1-48413-A-38.wav,a clock is ticking very loud and steady,clock_tick,ESC50,1.0,-1.2706036567687988,,,,,,,,,,,,,,,,,0,no danger risk,1-48413-A-38.wav,clock_tick,False,original,234
ESC50,crackling_fire,0,5-193473-B-12.wav,a fire is burning and crackling and popping as it burns,crackling_fire,ESC50,5.0,-1.1533795595169067,,,,,,,,,,,,,,,,,0,no danger risk,5-193473-B-12.wav,crackling_fire,False,original,1703
ESC50,sneezing,1,2-109505-A-21.wav,a man coughs five times and sniffs repeatedly,sneezing,ESC50,,,,,,,,,,,,,,,,,,,1,danger risk,2-109505-A-21.wav,sneezing,False,original,465
ESC50,cow,0,1-69641-A-3.wav,a cow is mooing and a person is breathing in the background,cow,ESC50,1.0,-0.9295381903648376,"Livestock, farm animals, working animals | Cattle, bovinae | Moo",,,,,,,,,,,,,,,,0,no danger risk,1-69641-A-3.wav,cow,False,original,327
ESC50,door_wood_knock,0,1-103999-A-30.wav,a person is knocking on a door five times,door_wood_knock,ESC50,1.0,-0.9590166211128236,Knock,,,,,,,,,,,,,,,,0,no danger risk,1-103999-A-30.wav,door_wood_knock,False,original,10
ESC50,pouring_water,0,5-212730-A-17.wav,a liquid is poured into a glass and then gulped down a drain,pouring_water,ESC50,5.0,-1.3245084285736084,Water | Liquid,,,,,,,,,,,,,,,,0,no danger risk,5-212730-A-17.wav,pouring_water,False,original,1801
ESC50,clock_tick,0,4-191327-A-38.wav,a clock is ticking back and forth,clock_tick,ESC50,4.0,-1.032526969909668,Tick,,,,,,,,,,,,,,,,0,no danger risk,4-191327-A-38.wav,clock_tick,False,original,1481
ESC50,fireworks,0,2-117615-E-48.wav,fireworks are going off in the distance,fireworks,ESC50,2.0,-0.938928484916687,Fireworks | Firecracker,,,,,,,,,,,,,,,,0,no danger risk,2-117615-E-48.wav,fireworks,False,original,490
ESC50,dog,1,2-118964-A-0.wav,a dog is barking repeatedly and then barks twice,dog,ESC50,,,,,,,,,,,,,,,,,,,1,danger risk,2-118964-A-0.wav,dog,False,original,503
ESC50,helicopter,0,1-181071-A-40.wav,a helicopter is flying over the sky as it is ready to take off,helicopter,ESC50,1.0,-1.4493882656097412,Vehicle | Helicopter,,,,,,,,,,,,,,,,0,no danger risk,1-181071-A-40.wav,helicopter,False,original,72
ESC50,can_opening,0,4-188003-A-34.wav,a person is tapping on something with a spoon and then the lid is closed,can_opening,ESC50,4.0,-1.5319788455963137,,,,,,,,,,,,,,,,,0,no danger risk,4-188003-A-34.wav,can_opening,False,original,1455
ESC50,train,0,3-138212-A-45.wav,a train is passing by on a railroad track,train,ESC50,3.0,-0.8893888592720032,"Vehicle | Rail transport | Train | Railroad car, train wagon | Clickety-clack",,,,,,,,,,,,,,,,0,no danger risk,3-138212-A-45.wav,train,False,original,928
ESC50,insects,0,5-197446-A-7.wav,bees are buzzing around a bee hive,insects,ESC50,5.0,-1.2750812768936155,"Insect | Fly, housefly | Bee, wasp, etc.",,,,,,,,,,,,,,,,0,no danger risk,5-197446-A-7.wav,insects,False,original,1720
ESC50,laughing,0,2-109759-B-26.wav,a person is laughing with their mouth open and then they laugh,laughing,ESC50,2.0,-1.5359101295471191,Snicker,,,,,,,,,,,,,,,,0,no danger risk,2-109759-B-26.wav,laughing,False,original,467
ESC50,hand_saw,0,1-9887-B-49.wav,a person is using a saw to cut wood,hand_saw,ESC50,1.0,-0.9316831827163696,Sawing | Wood | Rub,,,,,,,,,,,,,,,,0,no danger risk,1-9887-B-49.wav,hand_saw,False,original,398
ESC50,pig,0,5-103418-A-2.wav,a dog is barking and growling at a consistent rate,pig,ESC50,,,,,,,,,,,,,,,,,,,0,no danger risk,5-103418-A-2.wav,pig,False,original,1602
ESC50,thunderstorm,0,3-124600-A-19.wav,thunder rumbles in the distance as rain falls,thunderstorm,ESC50,3.0,-0.9573892951011658,Thunderstorm | Thunder | Rain | Raindrop | Rain on surface,,,,,,,,,,,,,,,,0,no danger risk,3-124600-A-19.wav,thunderstorm,False,original,884
ESC50,drinking_sipping,0,2-102581-B-29.wav,a person is making a lot of noise with their mouth open,drinking_sipping,ESC50,2.0,-1.4246904850006104,,,,,,,,,,,,,,,,,0,no danger risk,2-102581-B-29.wav,drinking_sipping,False,original,417
ESC50,door_wood_knock,0,2-120218-A-30.wav,a person is knocking on a door five times,door_wood_knock,ESC50,2.0,-0.932765007019043,Knock,,,,,,,,,,,,,,,,0,no danger risk,2-120218-A-30.wav,door_wood_knock,False,original,510
ESC50,clapping,0,3-197435-B-22.wav,the clapping of a clap of the hands of a person,clapping,ESC50,3.0,-2.187095880508423,Clapping,,,,,,,,,,,,,,,,0,no danger risk,3-197435-B-22.wav,clapping,False,original,1136
ESC50,frog,0,1-31836-B-4.wav,frogs are croaking and insects are chirping in the background,frog,ESC50,1.0,-0.9097350835800172,Frog | Croak,,,,,,,,,,,,,,,,0,no danger risk,1-31836-B-4.wav,frog,False,original,169
ESC50,clock_alarm,0,2-102435-A-37.wav,a fishing reel is being wound up and spun on a table,clock_alarm,ESC50,2.0,-1.228097915649414,Alarm clock | Clock,,,,,,,,,,,,,,,,0,no danger risk,2-102435-A-37.wav,clock_alarm,False,original,410
ESC50,footsteps,0,5-51149-A-25.wav,a person is walking on a wooden floor and then they are knocking on the door,footsteps,ESC50,5.0,-1.4608904123306274,Slam | Thunk,,,,,,,,,,,,,,,,0,no danger risk,5-51149-A-25.wav,footsteps,False,original,1997
ESC50,clapping,0,4-205738-A-22.wav,a large group of people are clapping and applauding,clapping,ESC50,4.0,-1.140668511390686,Clapping | Applause,,,,,,,,,,,,,,,,0,no danger risk,4-205738-A-22.wav,clapping,False,original,1538
ESC50,chirping_birds,0,4-187769-A-14.wav,birds are chirping and singing in the background,chirping_birds,ESC50,4.0,-0.930845022201538,"Bird | Chirp, tweet | Owl",,,,,,,,,,,,,,,,0,no danger risk,4-187769-A-14.wav,chirping_birds,False,original,1453
ESC50,crackling_fire,0,4-182369-A-12.wav,a fire is burning and crackling as it burns,crackling_fire,ESC50,4.0,-1.1599087715148926,Wind | Wind noise (microphone) | Fire,,,,,,,,,,,,,,,,0,no danger risk,4-182369-A-12.wav,crackling_fire,False,original,1422
ESC50,train,0,3-157492-A-45.wav,a subway train is passing by on a railroad track,train,ESC50,3.0,-1.3273640871047974,"Vehicle | Rail transport | Train | Railroad car, train wagon | Train wheels squealing",,,,,,,,,,,,,,,,0,no danger risk,3-157492-A-45.wav,train,False,original,1053
ESC50,pouring_water,0,1-50688-A-17.wav,water is being poured into a glass jar,pouring_water,ESC50,1.0,-1.082508563995361,Water,,,,,,,,,,,,,,,,0,no danger risk,1-50688-A-17.wav,pouring_water,False,original,244
ESC50,vacuum_cleaner,0,3-152020-A-36.wav,a vacuum cleaner is being used to cut up and down,vacuum_cleaner,ESC50,,,,,,,,,,,,,,,,,,,0,no danger risk,3-152020-A-36.wav,vacuum_cleaner,False,original,1012
ESC50,siren,1,5-117122-A-42.wav,a civil defense siren is going off and getting louder,siren,ESC50,,,,,,,,,,,,,,,,,,,1,danger risk,5-117122-A-42.wav,siren,False,original,1608
ESC50,pouring_water,0,5-205589-A-17.wav,water is being poured into a container at a steady pace,pouring_water,ESC50,5.0,-0.9535743594169616,Water | Liquid | Drip,,,,,,,,,,,,,,,,0,no danger risk,5-205589-A-17.wav,pouring_water,False,original,1769
ESC50,crow,0,1-96950-A-9.wav,a group of crows are squawking with one another in the background,crow,ESC50,1.0,-1.000883936882019,Crow | Caw,,,,,,,,,,,,,,,,0,no danger risk,1-96950-A-9.wav,crow,False,original,390
ESC50,train,0,1-64473-A-45.wav,a train is passing by on a railroad track,train,ESC50,1.0,-0.9716026186943054,"Vehicle | Rail transport | Train | Railroad car, train wagon | Clickety-clack",,,,,,,,,,,,,,,,0,no danger risk,1-64473-A-45.wav,train,False,original,316
ESC50,engine,0,5-232272-A-44.wav,a motor is running and a motorcycle engine is idling,engine,ESC50,,,,,,,,,,,,,,,,,,,0,no danger risk,5-232272-A-44.wav,engine,False,original,1872
ESC50,hand_saw,0,5-253101-B-49.wav,a saw is cutting through a piece of wood,hand_saw,ESC50,5.0,-1.0112638473510742,Sawing | Wood,,,,,,,,,,,,,,,,0,no danger risk,5-253101-B-49.wav,hand_saw,False,original,1962
ESC50,door_wood_creaks,0,5-188606-A-33.wav,a door is creaking as it is slowly opened and closed,door_wood_creaks,ESC50,5.0,-0.7889676690101624,Squeak | Creak,,,,,,,,,,,,,,,,0,no danger risk,5-188606-A-33.wav,door_wood_creaks,False,original,1690
ESC50,vacuum_cleaner,0,5-231551-A-36.wav,a vacuum cleaner is turned on and then it is switched on and off,vacuum_cleaner,ESC50,5.0,-1.0003063678741455,Vacuum cleaner,,,,,,,,,,,,,,,,0,no danger risk,5-231551-A-36.wav,vacuum_cleaner,False,original,1870
ESC50,toilet_flush,0,5-201664-A-18.wav,a toilet flushes and water drains and then the flushing of the tank,toilet_flush,ESC50,5.0,-1.6786088943481443,Water | Toilet flush,,,,,,,,,,,,,,,,0,no danger risk,5-201664-A-18.wav,toilet_flush,False,original,1754
ESC50,clapping,0,5-209989-A-22.wav,a crowd of people are clapping and applauding at a steady pace,clapping,ESC50,5.0,-1.0670720338821411,Clapping | Sound effect,,,,,,,,,,,,,,,,0,no danger risk,5-209989-A-22.wav,clapping,False,original,1788
ESC50,crow,0,4-188287-A-9.wav,a crow caws in the background as a bird chirps in the foreground,crow,ESC50,4.0,-1.1349782943725586,Crow | Caw,,,,,,,,,,,,,,,,0,no danger risk,4-188287-A-9.wav,crow,False,original,1460
ESC50,footsteps,0,2-209474-A-25.wav,a person is walking on a hard surface with heavy boots,footsteps,ESC50,2.0,-1.1780554056167605,,,,,,,,,,,,,,,,,0,no danger risk,2-209474-A-25.wav,footsteps,False,original,611
ESC50,fireworks,0,4-119647-D-48.wav,fireworks are going off in the distance,fireworks,ESC50,4.0,-0.8513451814651489,Fireworks | Firecracker,,,,,,,,,,,,,,,,0,no danger risk,4-119647-D-48.wav,fireworks,False,original,1215
ESC50,toilet_flush,0,5-182404-A-18.wav,a toilet is flushed two times and then the water is turned off,toilet_flush,ESC50,5.0,-1.2442662715911863,Water | Toilet flush,,,,,,,,,,,,,,,,0,no danger risk,5-182404-A-18.wav,toilet_flush,False,original,1676
ESC50,wind,0,1-137296-A-16.wav,wind blows in the background as a car drives by,wind,ESC50,1.0,-1.3493247032165527,White noise,,,,,,,,,,,,,,,,0,no danger risk,1-137296-A-16.wav,wind,False,original,36
ESC50,drinking_sipping,0,2-126756-A-29.wav,a man coughs five times and then a woman laughs,drinking_sipping,ESC50,2.0,-1.3497315645217896,Speech,,,,,,,,,,,,,,,,0,no danger risk,2-126756-A-29.wav,drinking_sipping,False,original,537
ESC50,cat,0,5-214759-B-5.wav,a cat is meowing and making kitten noises,cat,ESC50,5.0,-1.2272047996520996,"Animal | Domestic animals, pets | Cat | Meow",,,,,,,,,,,,,,,,0,no danger risk,5-214759-B-5.wav,cat,False,original,1814
ESC50,snoring,0,2-110417-A-28.wav,a person is snoring very loudly and consistently,snoring,ESC50,2.0,-0.9650543928146362,Snoring,,,,,,,,,,,,,,,,0,no danger risk,2-110417-A-28.wav,snoring,False,original,470
ESC50,door_wood_knock,0,4-188878-A-30.wav,a person is knocking on a door five times,door_wood_knock,ESC50,4.0,-0.8451536893844604,Knock,,,,,,,,,,,,,,,,0,no danger risk,4-188878-A-30.wav,door_wood_knock,False,original,1468
ESC50,hand_saw,0,3-97909-A-49.wav,a person is sawing wood with a saw,hand_saw,ESC50,3.0,-1.2497180700302124,Sawing | Wood,,,,,,,,,,,,,,,,0,no danger risk,3-97909-A-49.wav,hand_saw,False,original,1195
ESC50,toilet_flush,0,3-112356-A-18.wav,a toilet is flushed and the water is flushing,toilet_flush,ESC50,3.0,-1.3320958614349363,Toilet flush,,,,,,,,,,,,,,,,0,no danger risk,3-112356-A-18.wav,toilet_flush,False,original,841
ESC50,insects,0,2-99955-B-7.wav,a bee is buzzing loudly and slowly but gets louder,insects,ESC50,2.0,-1.412880778312683,"Insect | Fly, housefly",,,,,,,,,,,,,,,,0,no danger risk,2-99955-B-7.wav,insects,False,original,798
ESC50,crickets,0,2-80844-A-13.wav,crickets are chirping and insects are buzzing in the background,crickets,ESC50,2.0,-0.9491727948188782,Insect | Environmental noise,,,,,,,,,,,,,,,,0,no danger risk,2-80844-A-13.wav,crickets,False,original,737
ESC50,airplane,0,2-106849-A-47.wav,an airplane is flying overhead with a plane in the sky,airplane,ESC50,2.0,-1.2014288902282717,"Vehicle | Aircraft | Fixed-wing aircraft, airplane",,,,,,,,,,,,,,,,0,no danger risk,2-106849-A-47.wav,airplane,False,original,441
ESC50,rain,0,4-177250-A-10.wav,rain is pouring down on the roof of a house,rain,ESC50,4.0,-1.1612659692764282,Rain | Raindrop | Rain on surface,,,,,,,,,,,,,,,,0,no danger risk,4-177250-A-10.wav,rain,False,original,1394
ESC50,chainsaw,1,3-118972-A-41.wav,a chainsaw is started up and then revved up and down,chainsaw,ESC50,3.0,-1.2454570531845093,Chainsaw,,,,,,,,,,,,,,,,1,danger risk,3-118972-A-41.wav,chainsaw,False,original,866
ESC50,laughing,0,1-36164-A-26.wav,a baby is laughing and making a lot of noise,laughing,ESC50,1.0,-1.3764853477478027,,,,,,,,,,,,,,,,,0,no danger risk,1-36164-A-26.wav,laughing,False,original,183
ESC50,pig,0,1-208757-D-2.wav,pigs oinking in the background as a pig oinks,pig,ESC50,1.0,-1.3371050357818604,Animal | Pig,,,,,,,,,,,,,,,,0,no danger risk,1-208757-D-2.wav,pig,False,original,102
ESC50,washing_machine,0,2-102567-D-35.wav,a machine is running and making a loud noise,washing_machine,ESC50,2.0,-1.382524490356445,Vehicle | Jet engine | Engine,,,,,,,,,,,,,,,,0,no danger risk,2-102567-D-35.wav,washing_machine,False,original,414
ESC50,can_opening,0,5-250753-A-34.wav,a person is opening a door and then closing it and then a man speaks,can_opening,ESC50,5.0,-1.3881365060806274,Speech | Breaking,,,,,,,,,,,,,,,,0,no danger risk,5-250753-A-34.wav,can_opening,False,original,1946
ESC50,crying_baby,1,4-167077-A-20.wav,a baby is crying for a moment and over again,crying_baby,ESC50,4.0,-1.2505532503128052,"Crying, sobbing",,,,,,,,,,,,,,,,1,danger risk,4-167077-A-20.wav,crying_baby,False,original,1340
ESC50,breathing,0,5-232816-A-23.wav,a person is breathing heavily in the distance and then starts to breath,breathing,ESC50,5.0,-1.550755262374878,Breathing | Snort,,,,,,,,,,,,,,,,0,no danger risk,5-232816-A-23.wav,breathing,False,original,1874
ESC50,helicopter,0,3-154926-A-40.wav,a helicopter flies overhead and then fades away,helicopter,ESC50,3.0,-1.058674931526184,"Vehicle | Aircraft | Propeller, airscrew | Helicopter",,,,,,,,,,,,,,,,0,no danger risk,3-154926-A-40.wav,helicopter,False,original,1026
ESC50,pouring_water,0,3-149448-A-17.wav,water is poured into a glass jar and then a liquid is pouring into a cup,pouring_water,ESC50,3.0,-1.3418792486190796,Water | Glass,,,,,,,,,,,,,,,,0,no danger risk,3-149448-A-17.wav,pouring_water,False,original,988
ESC50,mouse_click,0,4-201300-A-31.wav,a person is typing on a computer keyboard,mouse_click,ESC50,4.0,-0.8855660557746887,Computer keyboard,,,,,,,,,,,,,,,,0,no danger risk,4-201300-A-31.wav,mouse_click,False,original,1518
ESC50,coughing,1,4-157296-A-24.wav,a person coughing and coughs as they laugh and cough,coughing,ESC50,,,,,,,,,,,,,,,,,,,1,danger risk,4-157296-A-24.wav,coughing,False,original,1288
ESC50,drinking_sipping,0,1-32579-A-29.wav,bubbles are being blown into a liquid and then the water is splashed around,drinking_sipping,ESC50,1.0,-1.5921894311904907,Stomach rumble,,,,,,,,,,,,,,,,0,no danger risk,1-32579-A-29.wav,drinking_sipping,False,original,173
ESC50,frog,0,2-32834-A-4.wav,frogs are croaking in the night,frog,ESC50,2.0,-1.2586675882339478,Frog | Croak,,,,,,,,,,,,,,,,0,no danger risk,2-32834-A-4.wav,frog,False,original,628
ESC50,water_drops,0,2-64962-A-15.wav,water is dripping from a faucet into a metal container,water_drops,ESC50,2.0,-0.9475083947181702,Chime,,,,,,,,,,,,,,,,0,no danger risk,2-64962-A-15.wav,water_drops,False,original,678
ESC50,clock_tick,0,5-210571-A-38.wav,a clock is ticking very fast and steady,clock_tick,ESC50,5.0,-1.2447710037231443,Clock | Tick | Tick-tock,,,,,,,,,,,,,,,,0,no danger risk,5-210571-A-38.wav,clock_tick,False,original,1792
ESC50,clock_tick,0,3-170377-A-38.wav,a clock is ticking very loudly and consistently,clock_tick,ESC50,3.0,-1.2697664499282837,Clock | Tick | Tick-tock,,,,,,,,,,,,,,,,0,no danger risk,3-170377-A-38.wav,clock_tick,False,original,1099
UrbanSound8K,gun_shot,1,135526-6-2-0.wav,fireworks are going off in the distance as a gun is fired,gun_shot,,3.0,-1.039883375167847,Fireworks,135526-6-2-0.wav,135526.0,6.457848,9.045825,1.0,6.0,gun_shot,clotho,danger_risk,1.0,,,,,,1,danger risk,135526-6-2-0.wav,gun_shot,False,original,2002
ESC50,coughing,1,5-184871-A-24.wav,a person coughs five times and then coughing again,coughing,ESC50,,,,,,,,,,,,,,,,,,,1,danger risk,5-184871-A-24.wav,coughing,False,original,1678
ESC50,glass_breaking,1,4-204121-A-39.wav,glass is broken by a few pieces of metal,glass_breaking,ESC50,4.0,-1.5697203874588013,"Chink, clink | Breaking",,,,,,,,,,,,,,,,1,danger risk,4-204121-A-39.wav,glass_breaking,False,original,1525
ESC50,helicopter,0,1-172649-C-40.wav,a helicopter is flying overhead with an airplane propeller is in the background,helicopter,ESC50,1.0,-1.672115921974182,Vehicle | Aircraft | Helicopter,,,,,,,,,,,,,,,,0,no danger risk,1-172649-C-40.wav,helicopter,False,original,57
ESC50,sneezing,1,4-185619-A-21.wav,a man coughs five times and then sneezes twice,sneezing,ESC50,,,,,,,,,,,,,,,,,,,1,danger risk,4-185619-A-21.wav,sneezing,False,original,1441
ESC50,pig,0,1-208757-A-2.wav,a pig is oinking in the background and a man is grunting in the foreground,pig,ESC50,1.0,-1.322966456413269,Animal | Pig,,,,,,,,,,,,,,,,0,no danger risk,1-208757-A-2.wav,pig,False,original,99
ESC50,can_opening,0,2-83667-A-34.wav,someone is opening and closing a lid of a container,can_opening,ESC50,2.0,-1.1789015531539917,,,,,,,,,,,,,,,,,0,no danger risk,2-83667-A-34.wav,can_opening,False,original,754
ESC50,sheep,0,1-49409-A-8.wav,a sheep is bleating and a goat bleats,sheep,ESC50,1.0,-1.4525727033615112,"Animal | Livestock, farm animals, working animals | Goat | Bleat | Sheep",,,,,,,,,,,,,,,,0,no danger risk,1-49409-A-8.wav,sheep,False,original,236
ESC50,snoring,0,2-52001-A-28.wav,a person is snoring very loudly at a consistent rate,snoring,ESC50,2.0,-1.0568894147872925,"Snoring | Animal | Domestic animals, pets | Dog",,,,,,,,,,,,,,,,0,no danger risk,2-52001-A-28.wav,snoring,False,original,653
ESC50,rooster,0,4-183487-A-1.wav,a chicken is clucking and flapping its wings,rooster,ESC50,4.0,-0.8347129225730896,"Fowl | Chicken, rooster | Cluck | Crowing, cock-a-doodle-doo",,,,,,,,,,,,,,,,0,no danger risk,4-183487-A-1.wav,rooster,False,original,1428
ESC50,rain,0,4-164206-A-10.wav,rain is pouring down on the roof of a house,rain,ESC50,4.0,-1.2470730543136597,Rain | Raindrop | Rain on surface,,,,,,,,,,,,,,,,0,no danger risk,4-164206-A-10.wav,rain,False,original,1321
ESC50,airplane,0,2-78799-A-47.wav,a car is driving on a road with cars passing by in the background,airplane,ESC50,2.0,-1.2037588357925415,"Vehicle | Car | Skidding | Race car, auto racing",,,,,,,,,,,,,,,,0,no danger risk,2-78799-A-47.wav,airplane,False,original,732
ESC50,mouse_click,0,3-158056-A-31.wav,a person is typing on a computer keyboard repeatedly,mouse_click,ESC50,3.0,-1.0311223268508911,Mouse,,,,,,,,,,,,,,,,0,no danger risk,3-158056-A-31.wav,mouse_click,False,original,1056
ESC50,insects,0,2-82077-A-7.wav,a very loud buzzing sound is being played,insects,ESC50,2.0,-1.2923253774642944,Buzz | Sound effect,,,,,,,,,,,,,,,,0,no danger risk,2-82077-A-7.wav,insects,False,original,746
ESC50,door_wood_knock,0,2-133889-A-30.wav,a person is knocking on a door five times,door_wood_knock,ESC50,2.0,-1.031296968460083,Knock,,,,,,,,,,,,,,,,0,no danger risk,2-133889-A-30.wav,door_wood_knock,False,original,550
ESC50,mouse_click,0,4-204612-A-31.wav,a person is tapping on a piece of wood,mouse_click,ESC50,4.0,-1.1412832736968994,Clicking,,,,,,,,,,,,,,,,0,no danger risk,4-204612-A-31.wav,mouse_click,False,original,1528
ESC50,crickets,0,4-202749-A-13.wav,crickets are chirping and insects are making noise in the background,crickets,ESC50,4.0,-0.9170903563499452,Insect | Cricket,,,,,,,,,,,,,,,,0,no danger risk,4-202749-A-13.wav,crickets,False,original,1522
ESC50,train,0,2-122067-A-45.wav,a train is passing by on a railroad track,train,ESC50,2.0,-0.987878918647766,"Vehicle | Rail transport | Train | Railroad car, train wagon | Clickety-clack",,,,,,,,,,,,,,,,0,no danger risk,2-122067-A-45.wav,train,False,original,519
ESC50,pig,0,2-166644-C-2.wav,a pig is oinking in the background as a person is in the foreground,pig,ESC50,2.0,-1.2698339223861694,Animal | Pig,,,,,,,,,,,,,,,,0,no danger risk,2-166644-C-2.wav,pig,False,original,593
ESC50,water_drops,0,3-160119-A-15.wav,water is dripping into a basin and down a drain,water_drops,ESC50,3.0,-1.0346969366073608,Squish | Drip,,,,,,,,,,,,,,,,0,no danger risk,3-160119-A-15.wav,water_drops,False,original,1066
ESC50,toilet_flush,0,2-74977-A-18.wav,a toilet is flushed and water is running,toilet_flush,ESC50,2.0,-1.0781614780426023,Water | Toilet flush,,,,,,,,,,,,,,,,0,no danger risk,2-74977-A-18.wav,toilet_flush,False,original,716
ESC50,washing_machine,0,4-218199-A-35.wav,a washing machine is running while a fan is blowing,washing_machine,ESC50,4.0,-1.2171015739440918,Pump (liquid),,,,,,,,,,,,,,,,0,no danger risk,4-218199-A-35.wav,washing_machine,False,original,1561
ESC50,crackling_fire,0,2-18766-B-12.wav,a fire crackling and popping as it burns and crackles,crackling_fire,ESC50,2.0,-1.3052812814712524,Fire,,,,,,,,,,,,,,,,0,no danger risk,2-18766-B-12.wav,crackling_fire,False,original,601
ESC50,clapping,0,3-138114-A-22.wav,a crowd of people are clapping and applauding,clapping,ESC50,3.0,-1.2659926414489746,Applause,,,,,,,,,,,,,,,,0,no danger risk,3-138114-A-22.wav,clapping,False,original,927
ESC50,car_horn,1,1-26177-A-43.wav,a car horn honks repeatedly while cars drive by in the background,car_horn,ESC50,,,,,,,,,,,,,,,,,,,1,danger risk,1-26177-A-43.wav,car_horn,False,original,138
ESC50,train,0,3-159445-A-45.wav,a subway train is passing by on a railroad track,train,ESC50,3.0,-0.9593524932861328,"Vehicle | Rail transport | Train | Railroad car, train wagon | Subway, metro, underground",,,,,,,,,,,,,,,,0,no danger risk,3-159445-A-45.wav,train,False,original,1064
ESC50,drinking_sipping,0,5-207836-A-29.wav,a person is eating and chewing on a hard surface,drinking_sipping,ESC50,5.0,-1.2829384803771973,,,,,,,,,,,,,,,,,0,no danger risk,5-207836-A-29.wav,drinking_sipping,False,original,1776
ESC50,church_bells,0,1-48298-A-46.wav,church bells are ringing in a large room,church_bells,ESC50,1.0,-1.0400320291519165,Bell | Church bell,,,,,,,,,,,,,,,,0,no danger risk,1-48298-A-46.wav,church_bells,False,original,233
ESC50,hen,0,5-244315-C-6.wav,a chicken is clucking and flapping a rooster crowing,hen,ESC50,,,,,,,,,,,,,,,,,,,0,no danger risk,5-244315-C-6.wav,hen,False,original,1930
ESC50,airplane,0,1-43807-C-47.wav,an airplane is flying overhead and a helicopter is in the distance,airplane,ESC50,1.0,-1.139456033706665,"Vehicle | Aircraft | Propeller, airscrew",,,,,,,,,,,,,,,,0,no danger risk,1-43807-C-47.wav,airplane,False,original,211
ESC50,water_drops,0,2-64963-A-15.wav,water is dripping from a faucet into a metal container,water_drops,ESC50,2.0,-0.8401185870170593,Squish,,,,,,,,,,,,,,,,0,no danger risk,2-64963-A-15.wav,water_drops,False,original,679
ESC50,coughing,1,1-52266-A-24.wav,a person is coughing then coughs five times,coughing,ESC50,1.0,-1.1954959630966189,,,,,,,,,,,,,,,,,1,danger risk,1-52266-A-24.wav,coughing,False,original,260
ESC50,crow,0,2-109231-B-9.wav,a large flock of birds are squawking and cawing in the forest,crow,ESC50,2.0,-1.3322495222091677,Animal | Crow | Caw,,,,,,,,,,,,,,,,0,no danger risk,2-109231-B-9.wav,crow,False,original,457
ESC50,toilet_flush,0,3-98771-A-18.wav,a toilet is flushed and the water is running,toilet_flush,ESC50,3.0,-1.118674874305725,Water | Toilet flush,,,,,,,,,,,,,,,,0,no danger risk,3-98771-A-18.wav,toilet_flush,False,original,1198
ESC50,car_horn,1,3-155234-A-43.wav,a horn honks while people talk in the background,car_horn,ESC50,3.0,-1.0389606952667236,Speech | Ship,,,,,,,,,,,,,,,,1,danger risk,3-155234-A-43.wav,car_horn,False,original,1030
ESC50,train,0,1-54065-A-45.wav,a train is passing by on a railroad track,train,ESC50,1.0,-0.934498965740204,"Vehicle | Rail transport | Train | Railroad car, train wagon | Subway, metro, underground",,,,,,,,,,,,,,,,0,no danger risk,1-54065-A-45.wav,train,False,original,268
ESC50,cat,0,3-95695-B-5.wav,a cat is meowing and crying at a steady pace,cat,ESC50,3.0,-0.894244372844696,"Animal | Domestic animals, pets | Cat | Meow",,,,,,,,,,,,,,,,0,no danger risk,3-95695-B-5.wav,cat,False,original,1190
ESC50,car_horn,1,4-175856-A-43.wav,a car horn honks and then a vehicle drives by,car_horn,ESC50,,,,,,,,,,,,,,,,,,,1,danger risk,4-175856-A-43.wav,car_horn,False,original,1388
ESC50,can_opening,0,3-171937-A-34.wav,a lighter is being used to cut something,can_opening,ESC50,3.0,-1.704426407814026,,,,,,,,,,,,,,,,,0,no danger risk,3-171937-A-34.wav,can_opening,False,original,1106
ESC50,laughing,0,4-167571-A-26.wav,a person is laughing and making loud noises with their mouth,laughing,ESC50,4.0,-1.3702178001403809,Sound effect,,,,,,,,,,,,,,,,0,no danger risk,4-167571-A-26.wav,laughing,False,original,1344
ESC50,chirping_birds,0,3-155579-A-14.wav,birds are chirping and singing in the background,chirping_birds,ESC50,3.0,-1.0637080669403076,"Bird | Bird vocalization, bird call, bird song | Chirp, tweet",,,,,,,,,,,,,,,,0,no danger risk,3-155579-A-14.wav,chirping_birds,False,original,1037
ESC50,train,0,3-136451-A-45.wav,a train is passing by on a railroad track,train,ESC50,3.0,-0.9260655641555786,"Vehicle | Rail transport | Train | Railroad car, train wagon | Clickety-clack",,,,,,,,,,,,,,,,0,no danger risk,3-136451-A-45.wav,train,False,original,924
ESC50,car_horn,1,5-179865-A-43.wav,a car horn honks and a vehicle drives by,car_horn,ESC50,,,,,,,,,,,,,,,,,,,1,danger risk,5-179865-A-43.wav,car_horn,False,original,1663
ESC50,vacuum_cleaner,0,3-159346-A-36.wav,a machine is running at a constant speed and volume,vacuum_cleaner,ESC50,,,,,,,,,,,,,,,,,,,0,no danger risk,3-159346-A-36.wav,vacuum_cleaner,False,original,1059
ESC50,snoring,0,5-249748-A-28.wav,a person is snoring very loudly and slowly,snoring,ESC50,5.0,-1.014966368675232,Snoring,,,,,,,,,,,,,,,,0,no danger risk,5-249748-A-28.wav,snoring,False,original,1940
ESC50,church_bells,0,2-59565-A-46.wav,church bells are ringing loudly in the tower,church_bells,ESC50,,,,,,,,,,,,,,,,,,,0,no danger risk,2-59565-A-46.wav,church_bells,False,original,666
ESC50,airplane,0,3-193767-A-47.wav,an airplane is flying overhead and getting ready to take off,airplane,ESC50,3.0,-0.9510968327522278,Vehicle,,,,,,,,,,,,,,,,0,no danger risk,3-193767-A-47.wav,airplane,False,original,1131
ESC50,clapping,0,2-76408-A-22.wav,a person is clapping their hands at a steady pace,clapping,ESC50,2.0,-1.1354854106903076,Clapping,,,,,,,,,,,,,,,,0,no danger risk,2-76408-A-22.wav,clapping,False,original,718
ESC50,pouring_water,0,4-181628-A-17.wav,water is poured into a container filled with liquid,pouring_water,ESC50,4.0,-1.261440396308899,Music | Water | Drip,,,,,,,,,,,,,,,,0,no danger risk,4-181628-A-17.wav,pouring_water,False,original,1408
UrbanSound8K,gun_shot,1,157207-6-3-0.wav,a gun is fired in the distance and then a shot is followed by a,gun_shot,,10.0,-1.5325454473495483,"Gunshot, gunfire | Machine gun",157207-6-3-0.wav,157207.0,9.504019,10.401293,1.0,6.0,gun_shot,clotho,danger_risk,1.0,,,,,,1,danger risk,157207-6-3-0.wav,gun_shot,False,original,2014
ESC50,glass_breaking,1,4-212698-A-39.wav,glass is broken by a person breaking and hitting the ground,glass_breaking,ESC50,,,,,,,,,,,,,,,,,,,1,danger risk,4-212698-A-39.wav,glass_breaking,False,original,1552
ESC50,washing_machine,0,5-141683-A-35.wav,a machine is running at a constant speed,washing_machine,ESC50,5.0,-1.0623427629470823,Whir,,,,,,,,,,,,,,,,0,no danger risk,5-141683-A-35.wav,washing_machine,False,original,1614
ESC50,fireworks,0,3-119120-B-48.wav,fireworks are going off in the distance,fireworks,ESC50,3.0,-0.7954056262969971,Fireworks | Firecracker,,,,,,,,,,,,,,,,0,no danger risk,3-119120-B-48.wav,fireworks,False,original,869
ESC50,vacuum_cleaner,0,5-182012-A-36.wav,a machine is running at a constant speed and then it is turned off,vacuum_cleaner,ESC50,,,,,,,,,,,,,,,,,,,0,no danger risk,5-182012-A-36.wav,vacuum_cleaner,False,original,1675
ESC50,mouse_click,0,5-238926-A-31.wav,a person is typing on a computer keyboard,mouse_click,ESC50,5.0,-0.969334840774536,Computer keyboard | Clicking,,,,,,,,,,,,,,,,0,no danger risk,5-238926-A-31.wav,mouse_click,False,original,1905
ESC50,engine,0,1-18527-B-44.wav,a truck is driving on a road with a heavy engine,engine,ESC50,1.0,-1.4472633600234983,Vehicle | Bus,,,,,,,,,,,,,,,,0,no danger risk,1-18527-B-44.wav,engine,False,original,75
ESC50,water_drops,0,5-261439-A-15.wav,a person is drinking water from a faucet into a tub,water_drops,ESC50,5.0,-1.2594033479690552,,,,,,,,,,,,,,,,,0,no danger risk,5-261439-A-15.wav,water_drops,False,original,1985
ESC50,church_bells,0,5-201170-A-46.wav,church bells are ringing in the tower,church_bells,ESC50,5.0,-1.1399962902069092,Change ringing (campanology),,,,,,,,,,,,,,,,0,no danger risk,5-201170-A-46.wav,church_bells,False,original,1750
ESC50,hen,0,3-164216-C-6.wav,a chicken is clucking and flapping its wings,hen,ESC50,,,,,,,,,,,,,,,,,,,0,no danger risk,3-164216-C-6.wav,hen,False,original,1079
ESC50,can_opening,0,3-170002-A-34.wav,someone is opening and closing a knife with a scraper,can_opening,ESC50,3.0,-1.3232330083847046,,,,,,,,,,,,,,,,,0,no danger risk,3-170002-A-34.wav,can_opening,False,original,1096
ESC50,insects,0,3-105235-A-7.wav,a bee flies buzzing and birds chirping in the background,insects,ESC50,3.0,-0.9897875189781188,"Insect | Fly, housefly | Bee, wasp, etc.",,,,,,,,,,,,,,,,0,no danger risk,3-105235-A-7.wav,insects,False,original,825
ESC50,hand_saw,0,2-184077-A-49.wav,a person is sawing wood with a saw in the background,hand_saw,ESC50,2.0,-1.2820590734481812,Rub,,,,,,,,,,,,,,,,0,no danger risk,2-184077-A-49.wav,hand_saw,False,original,599
ESC50,airplane,0,3-115387-B-47.wav,an airplane is flying overhead and getting ready to takeoff,airplane,ESC50,3.0,-1.348211407661438,"Vehicle | Aircraft | Propeller, airscrew | Fixed-wing aircraft, airplane",,,,,,,,,,,,,,,,0,no danger risk,3-115387-B-47.wav,airplane,False,original,848
ESC50,chainsaw,1,4-169127-B-41.wav,a chainsaw is cutting through a piece of wood,chainsaw,ESC50,4.0,-1.1193095445632937,Chainsaw,,,,,,,,,,,,,,,,1,danger risk,4-169127-B-41.wav,chainsaw,False,original,1350
ESC50,fireworks,0,5-160614-D-48.wav,fireworks are going off in the distance and exploding,fireworks,ESC50,5.0,-1.2443312406539917,Fireworks,,,,,,,,,,,,,,,,0,no danger risk,5-160614-D-48.wav,fireworks,False,original,1634
ESC50,cow,0,2-104877-A-3.wav,a cow moos a group of cows are mooing and people are talking in the background,cow,ESC50,2.0,-0.9551416039466858,"Livestock, farm animals, working animals | Cattle, bovinae | Moo",,,,,,,,,,,,,,,,0,no danger risk,2-104877-A-3.wav,cow,False,original,429
ESC50,clock_alarm,0,4-209536-A-37.wav,an alarm clock is ringing loudly and then stops,clock_alarm,ESC50,4.0,-1.2486892938613892,Alarm | Alarm clock | Clock,,,,,,,,,,,,,,,,0,no danger risk,4-209536-A-37.wav,clock_alarm,False,original,1542
ESC50,brushing_teeth,0,2-82071-A-27.wav,a person is writing on a piece of paper with a marker,brushing_teeth,ESC50,2.0,-0.9184452295303344,Scratch,,,,,,,,,,,,,,,,0,no danger risk,2-82071-A-27.wav,brushing_teeth,False,original,745
ESC50,hand_saw,0,4-198360-B-49.wav,a person is using a saw with a piece of wood,hand_saw,ESC50,4.0,-1.0933197736740112,Wood | Rub,,,,,,,,,,,,,,,,0,no danger risk,4-198360-B-49.wav,hand_saw,False,original,1509
ESC50,sneezing,1,3-156558-A-21.wav,a man coughs five times and then sneezes twice,sneezing,ESC50,3.0,-1.2248176336288452,Sneeze,,,,,,,,,,,,,,,,1,danger risk,3-156558-A-21.wav,sneezing,False,original,1046
ESC50,crickets,0,3-129338-A-13.wav,crickets are chirping and insects are making noise in the background,crickets,ESC50,3.0,-0.9163215160369872,Cricket,,,,,,,,,,,,,,,,0,no danger risk,3-129338-A-13.wav,crickets,False,original,903
ESC50,engine,0,5-235507-A-44.wav,a large diesel engine is idling and vibrating,engine,ESC50,5.0,-1.5476021766662598,Vehicle,,,,,,,,,,,,,,,,0,no danger risk,5-235507-A-44.wav,engine,False,original,1891
ESC50,crickets,0,5-210540-A-13.wav,crickets are chirping and insects are buzzing in the night,crickets,ESC50,5.0,-0.8969152569770813,Insect | Cricket,,,,,,,,,,,,,,,,0,no danger risk,5-210540-A-13.wav,crickets,False,original,1791
ESC50,car_horn,1,5-179860-A-43.wav,a car horn honks and a vehicle drives by,car_horn,ESC50,5.0,-1.1663085222244265,"Vehicle horn, car horn, honking",,,,,,,,,,,,,,,,1,danger risk,5-179860-A-43.wav,car_horn,False,original,1661
ESC50,door_wood_creaks,0,4-128659-A-33.wav,a creaky rocking chair is creaking back and forth,door_wood_creaks,ESC50,4.0,-0.987051010131836,,,,,,,,,,,,,,,,,0,no danger risk,4-128659-A-33.wav,door_wood_creaks,False,original,1233
ESC50,sea_waves,0,4-182613-B-11.wav,ocean waves crash against the shore and the wind blows,sea_waves,ESC50,4.0,-1.1387765407562256,"Ocean | Waves, surf",,,,,,,,,,,,,,,,0,no danger risk,4-182613-B-11.wav,sea_waves,False,original,1425
ESC50,hand_saw,0,5-253094-A-49.wav,a person is sawing wood with a saw,hand_saw,ESC50,5.0,-1.3119189739227295,Sawing | Wood | Rub,,,,,,,,,,,,,,,,0,no danger risk,5-253094-A-49.wav,hand_saw,False,original,1957
ESC50,rain,0,4-163264-A-10.wav,rain is falling down on a roof and down a gutter,rain,ESC50,4.0,-1.4545764923095703,Rain | Raindrop | Rain on surface,,,,,,,,,,,,,,,,0,no danger risk,4-163264-A-10.wav,rain,False,original,1311
ESC50,sea_waves,0,3-164630-A-11.wav,water is flowing in a stream and splashing against rocks,sea_waves,ESC50,3.0,-1.1672465801239014,"Boat, Water vehicle",,,,,,,,,,,,,,,,0,no danger risk,3-164630-A-11.wav,sea_waves,False,original,1084
ESC50,water_drops,0,4-188293-B-15.wav,water dripping from a faucet into a metal container,water_drops,ESC50,4.0,-1.039147138595581,,,,,,,,,,,,,,,,,0,no danger risk,4-188293-B-15.wav,water_drops,False,original,1462
ESC50,crying_baby,1,1-211527-C-20.wav,a small dog is crying and whining in the background,crying_baby,ESC50,1.0,-1.3342951536178589,"Animal | Domestic animals, pets",,,,,,,,,,,,,,,,1,danger risk,1-211527-C-20.wav,crying_baby,False,original,106
ESC50,church_bells,0,2-77346-A-46.wav,church bells are ringing in the tower,church_bells,ESC50,2.0,-1.1126457452774048,Church bell | Change ringing (campanology),,,,,,,,,,,,,,,,0,no danger risk,2-77346-A-46.wav,church_bells,False,original,723
ESC50,hand_saw,0,4-102844-B-49.wav,a person is sawing wood with a saw,hand_saw,ESC50,,,,,,,,,,,,,,,,,,,0,no danger risk,4-102844-B-49.wav,hand_saw,False,original,1201
ESC50,door_wood_knock,0,1-81001-B-30.wav,someone is knocking on a wooden door five times,door_wood_knock,ESC50,1.0,-1.0076048374176023,,,,,,,,,,,,,,,,,0,no danger risk,1-81001-B-30.wav,door_wood_knock,False,original,363
ESC50,train,0,5-197121-A-45.wav,a train is passing by on a railroad track,train,ESC50,5.0,-0.9789316058158876,"Vehicle | Rail transport | Train | Railroad car, train wagon | Clickety-clack",,,,,,,,,,,,,,,,0,no danger risk,5-197121-A-45.wav,train,False,original,1718
ESC50,pig,0,1-260640-A-2.wav,a pig oinking in the background as a person is grunting in the foreground,pig,ESC50,1.0,-1.3288151025772097,Speech | Animal | Pig,,,,,,,,,,,,,,,,0,no danger risk,1-260640-A-2.wav,pig,False,original,133
ESC50,crackling_fire,0,4-164661-A-12.wav,a fire is burning and crackling and popping as it burns,crackling_fire,ESC50,4.0,-1.39292573928833,,,,,,,,,,,,,,,,,0,no danger risk,4-164661-A-12.wav,crackling_fire,False,original,1323
UrbanSound8K,gun_shot,1,135526-6-9-0.wav,a gun is being fired repeatedly in the distance,gun_shot,,3.0,-1.1481609344482422,"Gunshot, gunfire | Machine gun | Artillery fire",135526-6-9-0.wav,135526.0,20.776374,22.759683,1.0,6.0,gun_shot,clotho,danger_risk,1.0,,,,,,1,danger risk,135526-6-9-0.wav,gun_shot,False,original,2037
ESC50,rain,0,2-73260-A-10.wav,rain falling on the roof of a house,rain,ESC50,2.0,-1.299751043319702,Rain | Raindrop | Rain on surface,,,,,,,,,,,,,,,,0,no danger risk,2-73260-A-10.wav,rain,False,original,713
ESC50,washing_machine,0,5-207811-B-35.wav,a machine is running at a constant speed and a motor is in the background,washing_machine,ESC50,5.0,-1.3219163417816162,Jet engine | Engine | Heavy engine (low frequency),,,,,,,,,,,,,,,,0,no danger risk,5-207811-B-35.wav,washing_machine,False,original,1775
ESC50,crickets,0,4-171823-A-13.wav,crickets are chirping and insects are buzzing in the night,crickets,ESC50,4.0,-0.9246678948402404,Insect | Cricket,,,,,,,,,,,,,,,,0,no danger risk,4-171823-A-13.wav,crickets,False,original,1361
ESC50,chirping_birds,0,5-243459-B-14.wav,birds are chirping and singing in the background,chirping_birds,ESC50,5.0,-1.2247604131698608,,,,,,,,,,,,,,,,,0,no danger risk,5-243459-B-14.wav,chirping_birds,False,original,1921
ESC50,sheep,0,2-182508-A-8.wav,a crow cawing loudly and a sheep bleats in the background,sheep,ESC50,2.0,-1.4862977266311646,Sheep | Crow,,,,,,,,,,,,,,,,0,no danger risk,2-182508-A-8.wav,sheep,False,original,597
ESC50,fireworks,0,4-119647-B-48.wav,fireworks are exploding in the distance and then a match is lit,fireworks,ESC50,4.0,-1.1267117261886597,Fireworks,,,,,,,,,,,,,,,,0,no danger risk,4-119647-B-48.wav,fireworks,False,original,1213
ESC50,door_wood_knock,0,2-118625-A-30.wav,a person is knocking on a door five times,door_wood_knock,ESC50,,,,,,,,,,,,,,,,,,,0,no danger risk,2-118625-A-30.wav,door_wood_knock,False,original,501
ESC50,rooster,0,3-163288-A-1.wav,a chicken is clucking and flapping its wings,rooster,ESC50,,,,,,,,,,,,,,,,,,,0,no danger risk,3-163288-A-1.wav,rooster,False,original,1071
ESC50,crow,0,5-213836-D-9.wav,a group of crows are squawking loudly and cawing,crow,ESC50,5.0,-1.226845145225525,Crow | Caw,,,,,,,,,,,,,,,,0,no danger risk,5-213836-D-9.wav,crow,False,original,1810
ESC50,siren,1,3-62878-A-42.wav,a siren is blaring and a police car is passing by,siren,ESC50,3.0,-1.130151391029358,Emergency vehicle | Police car (siren) | Siren,,,,,,,,,,,,,,,,1,danger risk,3-62878-A-42.wav,siren,False,original,1167
ESC50,church_bells,0,2-77347-A-46.wav,church bells are ringing loudly in a large room,church_bells,ESC50,2.0,-1.1559102535247805,Bell | Church bell,,,,,,,,,,,,,,,,0,no danger risk,2-77347-A-46.wav,church_bells,False,original,724
ESC50,door_wood_creaks,0,3-103401-C-33.wav,a rocking chair is slowly creaking back and forth,door_wood_creaks,ESC50,3.0,-1.1027591228485107,Mechanisms,,,,,,,,,,,,,,,,0,no danger risk,3-103401-C-33.wav,door_wood_creaks,False,original,815
ESC50,hen,0,3-164216-A-6.wav,a chicken is clucking and flapping its wings,hen,ESC50,3.0,-0.8983723521232605,"Fowl | Chicken, rooster | Cluck",,,,,,,,,,,,,,,,0,no danger risk,3-164216-A-6.wav,hen,False,original,1077
ESC50,hen,0,4-197103-A-6.wav,a chicken is clucking and flapping its wings,hen,ESC50,4.0,-1.0137394666671753,"Fowl | Chicken, rooster | Cluck | Crowing, cock-a-doodle-doo",,,,,,,,,,,,,,,,0,no danger risk,4-197103-A-6.wav,hen,False,original,1503
ESC50,sea_waves,0,3-144827-B-11.wav,waves are crashing against the shore and the ocean wave crashes against the shoreline,sea_waves,ESC50,3.0,-1.3283100128173828,"Wind | Ocean | Waves, surf",,,,,,,,,,,,,,,,0,no danger risk,3-144827-B-11.wav,sea_waves,False,original,964
ESC50,pouring_water,0,3-142349-A-17.wav,water is being poured into a container at a steady pace,pouring_water,ESC50,3.0,-0.9682552814483644,Water | Liquid | Drip,,,,,,,,,,,,,,,,0,no danger risk,3-142349-A-17.wav,pouring_water,False,original,944
ESC50,toilet_flush,0,2-65484-A-18.wav,a toilet is flushed and the water is running,toilet_flush,ESC50,2.0,-1.1268250942230225,Water | Toilet flush,,,,,,,,,,,,,,,,0,no danger risk,2-65484-A-18.wav,toilet_flush,False,original,680
ESC50,can_opening,0,5-236299-A-34.wav,a person is using a shovel to dig up and down,can_opening,ESC50,,,,,,,,,,,,,,,,,,,0,no danger risk,5-236299-A-34.wav,can_opening,False,original,1899
ESC50,laughing,0,3-119459-A-26.wav,a person is laughing with their mouth open,laughing,ESC50,3.0,-1.4212976694107056,"Laughter | Snicker | Chuckle, chortle",,,,,,,,,,,,,,,,0,no danger risk,3-119459-A-26.wav,laughing,False,original,874
ESC50,clock_tick,0,2-127108-A-38.wav,a clock is ticking very slowly at a steady pace,clock_tick,ESC50,2.0,-1.0845710039138794,Clock | Tick | Tick-tock,,,,,,,,,,,,,,,,0,no danger risk,2-127108-A-38.wav,clock_tick,False,original,538
ESC50,airplane,0,2-74361-A-47.wav,an airplane is flying overhead while a plane is taking off,airplane,ESC50,2.0,-1.2420631647109983,Music | Field recording,,,,,,,,,,,,,,,,0,no danger risk,2-74361-A-47.wav,airplane,False,original,715
ESC50,train,0,1-119125-A-45.wav,a train is passing by on the tracks and the wind is blowing,train,ESC50,1.0,-1.0781912803649902,"Vehicle | Rail transport | Train | Railroad car, train wagon | Clickety-clack",,,,,,,,,,,,,,,,0,no danger risk,1-119125-A-45.wav,train,False,original,28
ESC50,helicopter,0,1-172649-B-40.wav,an airplane is flying overhead while a helicopter is in the background,helicopter,ESC50,1.0,-1.3284647464752195,Speech | Vehicle | Aircraft | Helicopter,,,,,,,,,,,,,,,,0,no danger risk,1-172649-B-40.wav,helicopter,False,original,56
ESC50,laughing,0,3-152912-A-26.wav,a person is laughing with their mouth open and then they laugh,laughing,ESC50,3.0,-1.2612086534500122,Giggle,,,,,,,,,,,,,,,,0,no danger risk,3-152912-A-26.wav,laughing,False,original,1018
ESC50,sheep,0,2-110614-A-8.wav,a sheep bleats loudly in the background,sheep,ESC50,2.0,-1.2694984674453735,Bleat | Sheep,,,,,,,,,,,,,,,,0,no danger risk,2-110614-A-8.wav,sheep,False,original,473
ESC50,sneezing,1,3-142601-A-21.wav,a person is sneezing twice with a few short pauses,sneezing,ESC50,,,,,,,,,,,,,,,,,,,1,danger risk,3-142601-A-21.wav,sneezing,False,original,946
ESC50,rooster,0,4-208021-A-1.wav,a chicken is crowing and a rooster crows,rooster,ESC50,,,,,,,,,,,,,,,,,,,0,no danger risk,4-208021-A-1.wav,rooster,False,original,1541
ESC50,thunderstorm,0,5-156999-A-19.wav,thunder claps in the distance as rain falls,thunderstorm,ESC50,5.0,-1.170567750930786,Thunderstorm | Thunder,,,,,,,,,,,,,,,,0,no danger risk,5-156999-A-19.wav,thunderstorm,False,original,1623
ESC50,mouse_click,0,5-237315-A-31.wav,a person is typing on a keyboard with a clicking sound in the background,mouse_click,ESC50,5.0,-1.0963343381881714,Clicking,,,,,,,,,,,,,,,,0,no danger risk,5-237315-A-31.wav,mouse_click,False,original,1900
ESC50,sneezing,1,5-202220-A-21.wav,a person coughs five times and then sneezes twice,sneezing,ESC50,5.0,-1.4009405374526978,Cough | Sneeze,,,,,,,,,,,,,,,,1,danger risk,5-202220-A-21.wav,sneezing,False,original,1756
ESC50,chainsaw,1,1-47250-A-41.wav,a chainsaw is cutting through a piece of wood,chainsaw,ESC50,,,,,,,,,,,,,,,,,,,1,danger risk,1-47250-A-41.wav,chainsaw,False,original,223
ESC50,insects,0,2-81970-C-7.wav,a bee is buzzing loudly and slowly but gets louder,insects,ESC50,2.0,-1.3185368776321411,"Insect | Mosquito | Fly, housefly",,,,,,,,,,,,,,,,0,no danger risk,2-81970-C-7.wav,insects,False,original,744
ESC50,mouse_click,0,3-170851-A-31.wav,a person is tapping on a keyboard that is popping in the background,mouse_click,ESC50,3.0,-1.6500126123428345,Hands,,,,,,,,,,,,,,,,0,no danger risk,3-170851-A-31.wav,mouse_click,False,original,1102
ESC50,breathing,0,1-18631-A-23.wav,a person is breathing heavily and steadily in the background,breathing,ESC50,1.0,-1.3497289419174194,,,,,,,,,,,,,,,,,0,no danger risk,1-18631-A-23.wav,breathing,False,original,76
ESC50,crickets,0,2-83270-A-13.wav,a high pitched alarm is going off at a steady pace,crickets,ESC50,2.0,-1.1795297861099243,,,,,,,,,,,,,,,,,0,no danger risk,2-83270-A-13.wav,crickets,False,original,752
ESC50,wind,0,5-217186-C-16.wav,the wind is howling and whistling loudly in the distance,wind,ESC50,5.0,-1.3780642747879028,,,,,,,,,,,,,,,,,0,no danger risk,5-217186-C-16.wav,wind,False,original,1835
ESC50,door_wood_knock,0,3-182025-A-30.wav,a person is knocking on a door five times,door_wood_knock,ESC50,3.0,-0.994985580444336,Knock,,,,,,,,,,,,,,,,0,no danger risk,3-182025-A-30.wav,door_wood_knock,False,original,1121
ESC50,water_drops,0,2-124564-A-15.wav,water dripping from a faucet into a tub,water_drops,ESC50,2.0,-1.0316765308380127,Beatboxing,,,,,,,,,,,,,,,,0,no danger risk,2-124564-A-15.wav,water_drops,False,original,530
ESC50,engine,0,5-243783-A-44.wav,an engine is idling and then it starts to idle,engine,ESC50,5.0,-1.4071145057678225,Vehicle | Engine | Idling,,,,,,,,,,,,,,,,0,no danger risk,5-243783-A-44.wav,engine,False,original,1925
ESC50,crying_baby,1,3-152007-E-20.wav,a baby is crying and making infant noises,crying_baby,ESC50,3.0,-1.4667136669158936,"Baby cry, infant cry",,,,,,,,,,,,,,,,1,danger risk,3-152007-E-20.wav,crying_baby,False,original,1011
ESC50,pouring_water,0,4-172377-A-17.wav,water is being poured into a container that is filled with liquid,pouring_water,ESC50,4.0,-1.0222933292388916,Liquid,,,,,,,,,,,,,,,,0,no danger risk,4-172377-A-17.wav,pouring_water,False,original,1365
ESC50,can_opening,0,4-216349-A-34.wav,someone is opening and closing a plastic bottle,can_opening,ESC50,4.0,-1.349340319633484,,,,,,,,,,,,,,,,,0,no danger risk,4-216349-A-34.wav,can_opening,False,original,1560
ESC50,mouse_click,0,2-146877-A-31.wav,a person is typing on a keyboard and clicking it,mouse_click,ESC50,2.0,-1.171899437904358,Clicking,,,,,,,,,,,,,,,,0,no danger risk,2-146877-A-31.wav,mouse_click,False,original,575
ESC50,sheep,0,5-198891-A-8.wav,a sheep is bleating and birds are chirping in the background,sheep,ESC50,5.0,-0.7121726870536804,"Animal | Livestock, farm animals, working animals | Goat | Sheep",,,,,,,,,,,,,,,,0,no danger risk,5-198891-A-8.wav,sheep,False,original,1736
ESC50,pig,0,4-147240-A-2.wav,a pig is oinking in the background,pig,ESC50,4.0,-1.0133965015411377,"Animal | Livestock, farm animals, working animals | Pig",,,,,,,,,,,,,,,,0,no danger risk,4-147240-A-2.wav,pig,False,original,1263
ESC50,breathing,0,1-36397-A-23.wav,a person is breathing heavily and blowing their nose at the same time,breathing,ESC50,1.0,-1.1842918395996094,Breathing | Gasp,,,,,,,,,,,,,,,,0,no danger risk,1-36397-A-23.wav,breathing,False,original,186
ESC50,sea_waves,0,2-102852-A-11.wav,waves are crashing against the shore and splashing against the beach,sea_waves,ESC50,2.0,-1.1847304105758667,Ocean | Field recording,,,,,,,,,,,,,,,,0,no danger risk,2-102852-A-11.wav,sea_waves,False,original,418
ESC50,crying_baby,1,1-60997-B-20.wav,a baby is crying and making a loud noise,crying_baby,ESC50,1.0,-1.323489546775818,"Baby cry, infant cry",,,,,,,,,,,,,,,,1,danger risk,1-60997-B-20.wav,crying_baby,False,original,301
ESC50,crackling_fire,0,3-145774-A-12.wav,a fire is crackling and popping as it burns,crackling_fire,ESC50,3.0,-1.0822596549987793,Fire,,,,,,,,,,,,,,,,0,no danger risk,3-145774-A-12.wav,crackling_fire,False,original,972
ESC50,rain,0,3-142005-A-10.wav,rain is pouring down and thunder is rumbling in the background,rain,ESC50,3.0,-0.992281436920166,Rain | Raindrop | Rain on surface,,,,,,,,,,,,,,,,0,no danger risk,3-142005-A-10.wav,rain,False,original,942
ESC50,helicopter,0,1-172649-E-40.wav,a helicopter is flying overhead and a plane flies over the sky,helicopter,ESC50,1.0,-1.8420389890670776,Vehicle | Aircraft | Helicopter,,,,,,,,,,,,,,,,0,no danger risk,1-172649-E-40.wav,helicopter,False,original,59
UrbanSound8K,gun_shot,1,197320-6-2-0.wav,a gun is being fired at a consistent pace,gun_shot,,2.0,-1.190882444381714,"Gunshot, gunfire",197320-6-2-0.wav,197320.0,4.914352,7.290776,1.0,6.0,gun_shot,clotho,danger_risk,1.0,,,,,,1,danger risk,197320-6-2-0.wav,gun_shot,False,original,2034
ESC50,clock_tick,0,5-208624-A-38.wav,a clock is ticking very slowly and steadily,clock_tick,ESC50,5.0,-1.546802282333374,,,,,,,,,,,,,,,,,0,no danger risk,5-208624-A-38.wav,clock_tick,False,original,1781
ESC50,glass_breaking,1,4-204123-A-39.wav,glass is broken by a person breaking a hard object and then another man speaks,glass_breaking,ESC50,,,,,,,,,,,,,,,,,,,1,danger risk,4-204123-A-39.wav,glass_breaking,False,original,1526
UrbanSound8K,gun_shot,1,135544-6-17-0.wav,a gun is fired in the distance and then gunshots are firing,gun_shot,,6.0,-1.7165898084640503,"Gunshot, gunfire | Machine gun | Artillery fire",135544-6-17-0.wav,135544.0,42.731599,44.338884,1.0,6.0,gun_shot,clotho,danger_risk,1.0,,,,,,1,danger risk,135544-6-17-0.wav,gun_shot,False,original,2022
ESC50,clock_tick,0,2-135728-A-38.wav,a clock is ticking very slowly and steadily,clock_tick,ESC50,2.0,-1.2563036680221558,Clock | Tick | Tick-tock,,,,,,,,,,,,,,,,0,no danger risk,2-135728-A-38.wav,clock_tick,False,original,557
ESC50,church_bells,0,5-219044-A-46.wav,church bells are ringing in the background,church_bells,ESC50,5.0,-1.277423858642578,Church bell,,,,,,,,,,,,,,,,0,no danger risk,5-219044-A-46.wav,church_bells,False,original,1841
ESC50,wind,0,2-104952-B-16.wav,the wind is blowing very strongly and strong winds blow,wind,ESC50,2.0,-1.194637894630432,Eruption,,,,,,,,,,,,,,,,0,no danger risk,2-104952-B-16.wav,wind,False,original,431
ESC50,dog,1,1-85362-A-0.wav,a dog is barking and dogs bark in the background,dog,ESC50,,,,,,,,,,,,,,,,,,,1,danger risk,1-85362-A-0.wav,dog,False,original,375
ESC50,airplane,0,3-128512-B-47.wav,a car is driving down the road with the window open,airplane,ESC50,3.0,-1.0517064332962036,Vehicle,,,,,,,,,,,,,,,,0,no danger risk,3-128512-B-47.wav,airplane,False,original,901
UrbanSound8K,gun_shot,1,145683-6-0-0.wav,fireworks are going off in the distance,gun_shot,,9.0,-0.8861145973205566,Skateboard | Fireworks | Firecracker,145683-6-0-0.wav,145683.0,2.970842,4.205206,2.0,6.0,gun_shot,clotho,danger_risk,1.0,,,,,,1,danger risk,145683-6-0-0.wav,gun_shot,False,original,2035
ESC50,mouse_click,0,1-99958-A-31.wav,a person is tapping on a piece of wood,mouse_click,ESC50,1.0,-1.1839025020599363,,,,,,,,,,,,,,,,,0,no danger risk,1-99958-A-31.wav,mouse_click,False,original,399
ESC50,crickets,0,3-146033-A-13.wav,crickets chirp in the background as a cricket is chirping,crickets,ESC50,3.0,-1.0523489713668823,Insect | Cricket,,,,,,,,,,,,,,,,0,no danger risk,3-146033-A-13.wav,crickets,False,original,973
ESC50,pig,0,1-260640-C-2.wav,a pig oinking in the background as it is snorting and pigs oink,pig,ESC50,1.0,-1.5041253566741943,Animal | Pig,,,,,,,,,,,,,,,,0,no danger risk,1-260640-C-2.wav,pig,False,original,135
ESC50,door_wood_knock,0,4-211502-A-30.wav,a person is hammering on a piece of wood,door_wood_knock,ESC50,4.0,-1.039442777633667,Music,,,,,,,,,,,,,,,,0,no danger risk,4-211502-A-30.wav,door_wood_knock,False,original,1548
ESC50,sheep,0,3-197408-C-8.wav,a sheep bleats loudly in the background as a goat baas in the foreground,sheep,ESC50,3.0,-1.2546695470809937,Bleat | Sheep,,,,,,,,,,,,,,,,0,no danger risk,3-197408-C-8.wav,sheep,False,original,1134
ESC50,chirping_birds,0,3-155578-A-14.wav,birds are chirping and singing in the background,chirping_birds,ESC50,3.0,-1.2711338996887207,"Bird | Bird vocalization, bird call, bird song | Chirp, tweet",,,,,,,,,,,,,,,,0,no danger risk,3-155578-A-14.wav,chirping_birds,False,original,1036
ESC50,hand_saw,0,4-251645-B-49.wav,a person is sawing through a piece of wood,hand_saw,ESC50,,,,,,,,,,,,,,,,,,,0,no danger risk,4-251645-B-49.wav,hand_saw,False,original,1582
ESC50,dog,1,4-207124-A-0.wav,a dog is barking loudly at a steady pace,dog,ESC50,,,,,,,,,,,,,,,,,,,1,danger risk,4-207124-A-0.wav,dog,False,original,1540
ESC50,pig,0,1-260640-B-2.wav,pigs oinking in the background and a pig oinks,pig,ESC50,1.0,-1.3695552349090576,Animal | Pig,,,,,,,,,,,,,,,,0,no danger risk,1-260640-B-2.wav,pig,False,original,134
ESC50,clock_alarm,0,3-120526-B-37.wav,an alarm clock is beeping and going off,clock_alarm,ESC50,3.0,-1.2210006713867188,Alarm | Alarm clock | Clock,,,,,,,,,,,,,,,,0,no danger risk,3-120526-B-37.wav,clock_alarm,False,original,876
ESC50,rooster,0,3-137152-A-1.wav,a chicken is clucking while other birds are chirping in the background,rooster,ESC50,3.0,-0.812131941318512,"Fowl | Chicken, rooster | Crowing, cock-a-doodle-doo",,,,,,,,,,,,,,,,0,no danger risk,3-137152-A-1.wav,rooster,False,original,926
ESC50,water_drops,0,3-164593-A-15.wav,a person is using a faucet to wash their hands,water_drops,ESC50,3.0,-1.4600850343704224,,,,,,,,,,,,,,,,,0,no danger risk,3-164593-A-15.wav,water_drops,False,original,1081
ESC50,cow,0,1-58277-A-3.wav,a cow is mooing and a man is speaking,cow,ESC50,,,,,,,,,,,,,,,,,,,0,no danger risk,1-58277-A-3.wav,cow,False,original,289
ESC50,engine,0,2-106487-A-44.wav,a motor is running and a vehicle engine is idling,engine,ESC50,2.0,-1.3297123908996582,Vehicle,,,,,,,,,,,,,,,,0,no danger risk,2-106487-A-44.wav,engine,False,original,440
ESC50,rooster,0,5-234879-A-1.wav,a chicken is clucking and flapping its wings,rooster,ESC50,5.0,-0.7973842024803162,"Fowl | Chicken, rooster | Cluck | Crowing, cock-a-doodle-doo",,,,,,,,,,,,,,,,0,no danger risk,5-234879-A-1.wav,rooster,False,original,1888
ESC50,engine,0,5-209992-B-44.wav,a large diesel engine is idling and vibrating,engine,ESC50,5.0,-1.485100507736206,Vehicle | Heavy engine (low frequency) | Idling,,,,,,,,,,,,,,,,0,no danger risk,5-209992-B-44.wav,engine,False,original,1790
ESC50,crow,0,3-124925-A-9.wav,a crow caws in the background as a bird squawks continuously,crow,ESC50,,,,,,,,,,,,,,,,,,,0,no danger risk,3-124925-A-9.wav,crow,False,original,886
ESC50,dog,1,5-203128-A-0.wav,a dog is barking loudly at a steady pace,dog,ESC50,,,,,,,,,,,,,,,,,,,1,danger risk,5-203128-A-0.wav,dog,False,original,1760
Screaming,screaming,1,Screaming__d1__C4YMjmJ7tt4__90.00.wav,a man is speaking and a child is screaming,Screaming,,,-1.2301830053329468,"Speech | Wail, moan | Music",,,,,,,,,,,C4YMjmJ7tt4,90.0,100.0,1.0,4.999546485260771,1,danger risk,Screaming__d1__C4YMjmJ7tt4__90.00.wav,screaming,False,original,2042
ESC50,glass_breaking,1,1-84536-A-39.wav,glass is broken by a person breaking a bottle and then a metal object is dropped onto another hard surface,glass_breaking,ESC50,1.0,-1.5838266611099243,Glass | Breaking,,,,,,,,,,,,,,,,1,danger risk,1-84536-A-39.wav,glass_breaking,False,original,369
ESC50,crackling_fire,0,3-147965-A-12.wav,a fire is burning and crackling as it cooks,crackling_fire,ESC50,3.0,-1.2446491718292236,,,,,,,,,,,,,,,,,0,no danger risk,3-147965-A-12.wav,crackling_fire,False,original,982
ESC50,laughing,0,3-126113-A-26.wav,a large group of people are laughing and making a lot of noises,laughing,ESC50,3.0,-1.1773993968963623,,,,,,,,,,,,,,,,,0,no danger risk,3-126113-A-26.wav,laughing,False,original,890
ESC50,crying_baby,1,1-22694-B-20.wav,a baby is crying and making noises in the background,crying_baby,ESC50,1.0,-0.9900611639022828,,,,,,,,,,,,,,,,,1,danger risk,1-22694-B-20.wav,crying_baby,False,original,114
ESC50,washing_machine,0,4-218199-F-35.wav,a washing machine is running in the background while a fan is operating,washing_machine,ESC50,4.0,-1.3612533807754517,,,,,,,,,,,,,,,,,0,no danger risk,4-218199-F-35.wav,washing_machine,False,original,1566
ESC50,laughing,0,2-109759-A-26.wav,a person is laughing and breathing while they are coughing,laughing,ESC50,2.0,-1.5903843641281128,Snicker,,,,,,,,,,,,,,,,0,no danger risk,2-109759-A-26.wav,laughing,False,original,466
ESC50,crackling_fire,0,1-17808-A-12.wav,a fire crackles in the background as a campfire burns,crackling_fire,ESC50,1.0,-1.1074215173721311,Wind | Wind noise (microphone) | Fire,,,,,,,,,,,,,,,,0,no danger risk,1-17808-A-12.wav,crackling_fire,False,original,66
ESC50,airplane,0,4-161105-A-47.wav,an airplane is flying overhead while a helicopter is in the background,airplane,ESC50,4.0,-1.1461025476455688,"Vehicle | Aircraft | Propeller, airscrew | Fixed-wing aircraft, airplane",,,,,,,,,,,,,,,,0,no danger risk,4-161105-A-47.wav,airplane,False,original,1303
ESC50,thunderstorm,0,2-39945-B-19.wav,thunder claps in the distance as rain falls,thunderstorm,ESC50,2.0,-1.1081801652908323,Thunderstorm | Thunder,,,,,,,,,,,,,,,,0,no danger risk,2-39945-B-19.wav,thunderstorm,False,original,638
ESC50,siren,1,5-133989-A-42.wav,a siren is blaring and a civil defense emergency vehicle is passing by,siren,ESC50,5.0,-1.267218828201294,Siren | Civil defense siren,,,,,,,,,,,,,,,,1,danger risk,5-133989-A-42.wav,siren,False,original,1612
ESC50,clock_tick,0,2-131943-A-38.wav,a clock is ticking very slowly and then stops,clock_tick,ESC50,2.0,-1.5164964199066162,,,,,,,,,,,,,,,,,0,no danger risk,2-131943-A-38.wav,clock_tick,False,original,546
ESC50,fireworks,0,5-160614-H-48.wav,fireworks are exploding in the sky and the firecrackers are going off,fireworks,ESC50,5.0,-1.2104542255401611,Fireworks | Firecracker,,,,,,,,,,,,,,,,0,no danger risk,5-160614-H-48.wav,fireworks,False,original,1638
ESC50,washing_machine,0,3-188726-A-35.wav,a motor is running and a motorcycle engine is idling,washing_machine,ESC50,3.0,-1.26233172416687,Vehicle,,,,,,,,,,,,,,,,0,no danger risk,3-188726-A-35.wav,washing_machine,False,original,1130
ESC50,can_opening,0,2-85471-A-34.wav,someone is opening and closing a lighter repeatedly,can_opening,ESC50,2.0,-1.284026861190796,,,,,,,,,,,,,,,,,0,no danger risk,2-85471-A-34.wav,can_opening,False,original,764
ESC50,washing_machine,0,1-27165-A-35.wav,a machine is running at a constant speed and then it is turned off,washing_machine,ESC50,,,,,,,,,,,,,,,,,,,0,no danger risk,1-27165-A-35.wav,washing_machine,False,original,142
ESC50,glass_breaking,1,3-203373-A-39.wav,glass is broken by a person breaking and smashing a rocky surface,glass_breaking,ESC50,,,,,,,,,,,,,,,,,,,1,danger risk,3-203373-A-39.wav,glass_breaking,False,original,1138
ESC50,crow,0,2-109231-C-9.wav,a bird squawks continuously while other birds chirp in the background,crow,ESC50,2.0,-0.9294591546058656,Animal | Crow | Caw,,,,,,,,,,,,,,,,0,no danger risk,2-109231-C-9.wav,crow,False,original,458
ESC50,door_wood_knock,0,4-182041-A-30.wav,a person is knocking on a door five times,door_wood_knock,ESC50,4.0,-0.9432477951049804,Knock,,,,,,,,,,,,,,,,0,no danger risk,4-182041-A-30.wav,door_wood_knock,False,original,1418
ESC50,sheep,0,3-197408-A-8.wav,a sheep bleats loudly in the background,sheep,ESC50,3.0,-1.5395371913909912,Animal | Bleat | Sheep,,,,,,,,,,,,,,,,0,no danger risk,3-197408-A-8.wav,sheep,False,original,1132
ESC50,helicopter,0,1-172649-D-40.wav,a helicopter is flying overhead and a plane flies over the sky,helicopter,ESC50,1.0,-1.7922840118408203,Vehicle | Aircraft | Helicopter,,,,,,,,,,,,,,,,0,no danger risk,1-172649-D-40.wav,helicopter,False,original,58
ESC50,keyboard_typing,0,5-244178-A-32.wav,a person is typing on a keyboard and types on a typewriter,keyboard_typing,ESC50,5.0,-1.063022494316101,Typing | Computer keyboard,,,,,,,,,,,,,,,,0,no danger risk,5-244178-A-32.wav,keyboard_typing,False,original,1926
ESC50,washing_machine,0,3-151273-A-35.wav,a washing machine is running in the background,washing_machine,ESC50,3.0,-1.3014181852340698,Pump (liquid),,,,,,,,,,,,,,,,0,no danger risk,3-151273-A-35.wav,washing_machine,False,original,1004
ESC50,cat,0,5-259169-A-5.wav,a cat meowing and crying at a steady pace,cat,ESC50,5.0,-0.9347875714302064,"Animal | Domestic animals, pets | Cat | Meow",,,,,,,,,,,,,,,,0,no danger risk,5-259169-A-5.wav,cat,False,original,1973
ESC50,airplane,0,4-161099-B-47.wav,an airplane is flying overhead with a plane propeller in the sky,airplane,ESC50,4.0,-1.3924317359924316,"Vehicle | Aircraft | Propeller, airscrew | Fixed-wing aircraft, airplane",,,,,,,,,,,,,,,,0,no danger risk,4-161099-B-47.wav,airplane,False,original,1300
UrbanSound8K,gun_shot,1,135526-6-0-0.wav,a gun is fired in the distance with a loud explosion in the background,gun_shot,,3.0,-1.4734212160110474,"Gunshot, gunfire | Artillery fire | Fireworks | Firecracker",135526-6-0-0.wav,135526.0,3.531258,5.006647,1.0,6.0,gun_shot,clotho,danger_risk,1.0,,,,,,1,danger risk,135526-6-0-0.wav,gun_shot,False,original,2020
ESC50,crow,0,5-213836-B-9.wav,a group of crows are squawking loudly in the background,crow,ESC50,5.0,-1.1898611783981323,Crow | Caw,,,,,,,,,,,,,,,,0,no danger risk,5-213836-B-9.wav,crow,False,original,1808
ESC50,chirping_birds,0,3-156581-A-14.wav,birds are chirping in the background and a bird is singing,chirping_birds,ESC50,3.0,-1.0863702297210691,,,,,,,,,,,,,,,,,0,no danger risk,3-156581-A-14.wav,chirping_birds,False,original,1047
ESC50,cow,0,2-103427-A-3.wav,a large group of cows are mooing in the foreground,cow,ESC50,2.0,-1.0042606592178345,"Livestock, farm animals, working animals | Cattle, bovinae | Moo",,,,,,,,,,,,,,,,0,no danger risk,2-103427-A-3.wav,cow,False,original,422
ESC50,train,0,5-188945-A-45.wav,a train is passing by on a railroad track,train,ESC50,5.0,-0.8820136189460754,"Vehicle | Rail transport | Train | Railroad car, train wagon | Clickety-clack",,,,,,,,,,,,,,,,0,no danger risk,5-188945-A-45.wav,train,False,original,1694
ESC50,drinking_sipping,0,5-259640-A-29.wav,a person is coughing and clearing their throat,drinking_sipping,ESC50,5.0,-1.3795766830444336,Stomach rumble,,,,,,,,,,,,,,,,0,no danger risk,5-259640-A-29.wav,drinking_sipping,False,original,1976
ESC50,crackling_fire,0,3-120644-A-12.wav,a fire is crackling and popping as it burns,crackling_fire,ESC50,3.0,-1.003414511680603,Fire,,,,,,,,,,,,,,,,0,no danger risk,3-120644-A-12.wav,crackling_fire,False,original,877
ESC50,wind,0,3-246513-A-16.wav,wind is blowing at a steady pace in the background,wind,ESC50,3.0,-1.4226864576339722,,,,,,,,,,,,,,,,,0,no danger risk,3-246513-A-16.wav,wind,False,original,1149
ESC50,insects,0,5-233787-A-7.wav,a buzzing sound is being made with a high pitch,insects,ESC50,5.0,-1.2763537168502808,"Fly, housefly",,,,,,,,,,,,,,,,0,no danger risk,5-233787-A-7.wav,insects,False,original,1882
ESC50,engine,0,3-141240-B-44.wav,a motor is started and then revved up and then starts again,engine,ESC50,3.0,-1.4980660676956177,Vehicle,,,,,,,,,,,,,,,,0,no danger risk,3-141240-B-44.wav,engine,False,original,939
ESC50,cow,0,1-202111-A-3.wav,a cow is mooing in the foreground with other birds chirping in the background,cow,ESC50,1.0,-1.0632884502410889,"Livestock, farm animals, working animals | Cattle, bovinae | Moo",,,,,,,,,,,,,,,,0,no danger risk,1-202111-A-3.wav,cow,False,original,96
ESC50,can_opening,0,1-68734-A-34.wav,a person is tapping a ball against a wall,can_opening,ESC50,1.0,-1.2971147298812866,Wood block,,,,,,,,,,,,,,,,0,no danger risk,1-68734-A-34.wav,can_opening,False,original,324
ESC50,train,0,2-135649-B-45.wav,a train is passing by on a railroad track,train,ESC50,2.0,-0.9421930313110352,"Vehicle | Rail transport | Train | Railroad car, train wagon | Subway, metro, underground",,,,,,,,,,,,,,,,0,no danger risk,2-135649-B-45.wav,train,False,original,555
ESC50,cow,0,3-152039-A-3.wav,several cows are mooing and people are talking in the background,cow,ESC50,3.0,-0.6851639747619629,"Livestock, farm animals, working animals | Cattle, bovinae | Moo",,,,,,,,,,,,,,,,0,no danger risk,3-152039-A-3.wav,cow,False,original,1015
ESC50,toilet_flush,0,2-72677-A-18.wav,a toilet is flushed and water is flushing,toilet_flush,ESC50,2.0,-1.4210517406463623,Water | Toilet flush,,,,,,,,,,,,,,,,0,no danger risk,2-72677-A-18.wav,toilet_flush,False,original,708
ESC50,wind,0,5-157204-A-16.wav,the wind is howling and whistling loudly as it blows,wind,ESC50,5.0,-1.4926543235778809,Whir,,,,,,,,,,,,,,,,0,no danger risk,5-157204-A-16.wav,wind,False,original,1628
ESC50,water_drops,0,5-254832-A-15.wav,water dripping from a faucet into a tub,water_drops,ESC50,5.0,-0.9490495324134828,Drip,,,,,,,,,,,,,,,,0,no danger risk,5-254832-A-15.wav,water_drops,False,original,1966
ESC50,washing_machine,0,2-51173-A-35.wav,a machine is running and then it is turned on,washing_machine,ESC50,2.0,-1.3461591005325315,,,,,,,,,,,,,,,,,0,no danger risk,2-51173-A-35.wav,washing_machine,False,original,650
UrbanSound8K,gun_shot,1,135527-6-4-0.wav,a gun is fired in the distance as a car passes by,gun_shot,,7.0,-1.1401158571243286,"Gunshot, gunfire | Artillery fire",135527-6-4-0.wav,135527.0,10.486146,12.680921,2.0,6.0,gun_shot,clotho,danger_risk,1.0,,,,,,1,danger risk,135527-6-4-0.wav,gun_shot,False,original,2032
ESC50,car_horn,1,3-174840-A-43.wav,a car alarm goes off while a man is speaking,car_horn,ESC50,3.0,-0.9051167964935304,"Speech | Vehicle horn, car horn, honking | Car alarm",,,,,,,,,,,,,,,,1,danger risk,3-174840-A-43.wav,car_horn,False,original,1110
ESC50,cow,0,5-194899-B-3.wav,several cows are mooing in the background,cow,ESC50,5.0,-1.0791404247283936,"Livestock, farm animals, working animals | Cattle, bovinae | Moo",,,,,,,,,,,,,,,,0,no danger risk,5-194899-B-3.wav,cow,False,original,1707
ESC50,coughing,1,2-123896-A-24.wav,a person coughs five times and then coughing then clearing their throat,coughing,ESC50,,,,,,,,,,,,,,,,,,,1,danger risk,2-123896-A-24.wav,coughing,False,original,529
ESC50,church_bells,0,3-87936-B-46.wav,church bells are ringing in the tower,church_bells,ESC50,3.0,-1.0854406356811523,Church bell | Change ringing (campanology),,,,,,,,,,,,,,,,0,no danger risk,3-87936-B-46.wav,church_bells,False,original,1181
ESC50,siren,1,5-150409-A-42.wav,a siren is going off and a horn is blaring in the background,siren,ESC50,,,,,,,,,,,,,,,,,,,1,danger risk,5-150409-A-42.wav,siren,False,original,1616
ESC50,thunderstorm,0,4-125072-B-19.wav,thunder rolls in the distance as rain pours down,thunderstorm,ESC50,4.0,-1.102935552597046,Thunderstorm | Thunder,,,,,,,,,,,,,,,,0,no danger risk,4-125072-B-19.wav,thunderstorm,False,original,1227
ESC50,fireworks,0,3-119120-D-48.wav,fireworks are exploding in the sky and the firecrackers are going off,fireworks,ESC50,3.0,-1.2165582180023191,Fireworks | Firecracker,,,,,,,,,,,,,,,,0,no danger risk,3-119120-D-48.wav,fireworks,False,original,871
ESC50,water_drops,0,2-139748-A-15.wav,water drips into a metal container at a steady pace,water_drops,ESC50,2.0,-1.245845079421997,Music | Musical instrument | Wood block,,,,,,,,,,,,,,,,0,no danger risk,2-139748-A-15.wav,water_drops,False,original,562
ESC50,insects,0,2-99955-C-7.wav,a bee is buzzing loudly and consistently but it is pretty fast,insects,ESC50,2.0,-1.53861403465271,,,,,,,,,,,,,,,,,0,no danger risk,2-99955-C-7.wav,insects,False,original,799
ESC50,rooster,0,5-194930-A-1.wav,a chicken is clucking and flapping its wings,rooster,ESC50,,,,,,,,,,,,,,,,,,,0,no danger risk,5-194930-A-1.wav,rooster,False,original,1710
ESC50,breathing,0,2-98392-A-23.wav,a large group of people are grunting and groaning in pain,breathing,ESC50,,,,,,,,,,,,,,,,,,,0,no danger risk,2-98392-A-23.wav,breathing,False,original,792
ESC50,crying_baby,1,2-151079-A-20.wav,a baby is crying and making a loud squeaking sound,crying_baby,ESC50,2.0,-1.14447021484375,"Baby cry, infant cry",,,,,,,,,,,,,,,,1,danger risk,2-151079-A-20.wav,crying_baby,False,original,577
ESC50,pig,0,3-253084-B-2.wav,a pig oinking in the background as it is snorting,pig,ESC50,3.0,-1.28486967086792,Animal | Pig,,,,,,,,,,,,,,,,0,no danger risk,3-253084-B-2.wav,pig,False,original,1155
ESC50,train,0,4-165845-B-45.wav,a train is moving along a track making a clacking sound,train,ESC50,4.0,-1.3056693077087402,"Vehicle | Rail transport | Train | Railroad car, train wagon | Clickety-clack",,,,,,,,,,,,,,,,0,no danger risk,4-165845-B-45.wav,train,False,original,1334
ESC50,coughing,1,1-30830-A-24.wav,a person coughs five times and then coughing again,coughing,ESC50,,,,,,,,,,,,,,,,,,,1,danger risk,1-30830-A-24.wav,coughing,False,original,162
ESC50,breathing,0,1-30709-B-23.wav,a person is breathing heavily in a large room,breathing,ESC50,,,,,,,,,,,,,,,,,,,0,no danger risk,1-30709-B-23.wav,breathing,False,original,160
ESC50,rooster,0,1-43382-A-1.wav,a chicken is clucking and flapping its wings,rooster,ESC50,1.0,-0.8701343536376953,"Fowl | Chicken, rooster | Cluck | Crowing, cock-a-doodle-doo",,,,,,,,,,,,,,,,0,no danger risk,1-43382-A-1.wav,rooster,False,original,206
ESC50,thunderstorm,0,4-125071-A-19.wav,thunder rolls in the distance and then fades away,thunderstorm,ESC50,4.0,-1.0797526836395264,Thunderstorm | Thunder,,,,,,,,,,,,,,,,0,no danger risk,4-125071-A-19.wav,thunderstorm,False,original,1225
ESC50,rooster,0,2-71162-A-1.wav,a chicken is clucking and crowing while other birds are chirping in the background,rooster,ESC50,2.0,-1.044296145439148,"Fowl | Chicken, rooster | Crowing, cock-a-doodle-doo",,,,,,,,,,,,,,,,0,no danger risk,2-71162-A-1.wav,rooster,False,original,702
ESC50,washing_machine,0,2-102567-C-35.wav,a motor is running and a machine is operating,washing_machine,ESC50,2.0,-1.3253438472747805,Vehicle,,,,,,,,,,,,,,,,0,no danger risk,2-102567-C-35.wav,washing_machine,False,original,413
ESC50,rain,0,2-87781-A-10.wav,rain is falling down onto the roof of a house,rain,ESC50,2.0,-1.036016583442688,Rain | Raindrop | Rain on surface,,,,,,,,,,,,,,,,0,no danger risk,2-87781-A-10.wav,rain,False,original,770
ESC50,breathing,0,4-205526-A-23.wav,a person is breathing heavily and steadily in the background,breathing,ESC50,4.0,-1.256375432014465,Breathing | Snort,,,,,,,,,,,,,,,,0,no danger risk,4-205526-A-23.wav,breathing,False,original,1536
ESC50,door_wood_knock,0,5-218980-A-30.wav,a person is knocking on a door five times,door_wood_knock,ESC50,5.0,-0.9405571222305298,Knock,,,,,,,,,,,,,,,,0,no danger risk,5-218980-A-30.wav,door_wood_knock,False,original,1839
ESC50,chainsaw,1,2-68391-B-41.wav,a chainsaw is cutting through a piece of wood,chainsaw,ESC50,,,,,,,,,,,,,,,,,,,1,danger risk,2-68391-B-41.wav,chainsaw,False,original,688
ESC50,hand_saw,0,4-102844-C-49.wav,a person is sawing wood with a saw,hand_saw,ESC50,4.0,-1.360249400138855,Sawing | Wood | Rub,,,,,,,,,,,,,,,,0,no danger risk,4-102844-C-49.wav,hand_saw,False,original,1202
ESC50,pig,0,4-132383-B-2.wav,a pig is oinking in the background as it is snorting,pig,ESC50,4.0,-1.271448850631714,Animal | Pig,,,,,,,,,,,,,,,,0,no danger risk,4-132383-B-2.wav,pig,False,original,1237
ESC50,vacuum_cleaner,0,1-60460-A-36.wav,a vacuum cleaner is running in the background,vacuum_cleaner,ESC50,1.0,-1.3116759061813354,Vacuum cleaner,,,,,,,,,,,,,,,,0,no danger risk,1-60460-A-36.wav,vacuum_cleaner,False,original,298
ESC50,rooster,0,3-149189-A-1.wav,a chicken is clucking and flapping its wings,rooster,ESC50,3.0,-0.8810961246490479,"Fowl | Chicken, rooster | Crowing, cock-a-doodle-doo",,,,,,,,,,,,,,,,0,no danger risk,3-149189-A-1.wav,rooster,False,original,987
ESC50,footsteps,0,1-155858-D-25.wav,a person is walking on a hard surface,footsteps,ESC50,1.0,-1.1364336013793943,"Walk, footsteps",,,,,,,,,,,,,,,,0,no danger risk,1-155858-D-25.wav,footsteps,False,original,42
ESC50,rain,0,1-56311-A-10.wav,rain is falling on the roof of a house,rain,ESC50,1.0,-0.9843722581863404,Rain | Raindrop | Rain on surface,,,,,,,,,,,,,,,,0,no danger risk,1-56311-A-10.wav,rain,False,original,281
ESC50,water_drops,0,2-139748-B-15.wav,water drips into a metal container at a steady pace,water_drops,ESC50,2.0,-1.1921604871749878,Music | Musical instrument,,,,,,,,,,,,,,,,0,no danger risk,2-139748-B-15.wav,water_drops,False,original,563
ESC50,engine,0,4-186940-A-44.wav,a truck is idling and then it gets louder as it drives away,engine,ESC50,4.0,-1.3800612688064575,Vehicle | Truck | Bus | Heavy engine (low frequency),,,,,,,,,,,,,,,,0,no danger risk,4-186940-A-44.wav,engine,False,original,1447
ESC50,coughing,1,4-154443-A-24.wav,a person is coughing then burps again and again,coughing,ESC50,,,,,,,,,,,,,,,,,,,1,danger risk,4-154443-A-24.wav,coughing,False,original,1278
ESC50,snoring,0,1-39937-A-28.wav,a person is snoring very loudly in the background,snoring,ESC50,1.0,-0.9859588742256165,Snoring,,,,,,,,,,,,,,,,0,no danger risk,1-39937-A-28.wav,snoring,False,original,198
ESC50,mouse_click,0,5-219318-A-31.wav,someone is typing on a keyboard with a pencil,mouse_click,ESC50,5.0,-1.10080087184906,Clicking,,,,,,,,,,,,,,,,0,no danger risk,5-219318-A-31.wav,mouse_click,False,original,1844
ESC50,thunderstorm,0,5-156999-E-19.wav,fireworks are going off in the distance as thunder roars in the background,thunderstorm,ESC50,5.0,-1.0251858234405518,Fireworks,,,,,,,,,,,,,,,,0,no danger risk,5-156999-E-19.wav,thunderstorm,False,original,1627
ESC50,hen,0,2-157488-A-6.wav,a chicken is clucking and flapping its wings,hen,ESC50,2.0,-1.1279351711273191,"Fowl | Chicken, rooster | Cluck | Bird",,,,,,,,,,,,,,,,0,no danger risk,2-157488-A-6.wav,hen,False,original,583
ESC50,chainsaw,1,1-116765-A-41.wav,a person is using a saw to cut wood,chainsaw,ESC50,,,,,,,,,,,,,,,,,,,1,danger risk,1-116765-A-41.wav,chainsaw,False,original,24
ESC50,airplane,0,1-24796-A-47.wav,an airplane is flying over the sky overhead,airplane,ESC50,1.0,-1.4350751638412476,"Vehicle | Aircraft | Aircraft engine | Fixed-wing aircraft, airplane",,,,,,,,,,,,,,,,0,no danger risk,1-24796-A-47.wav,airplane,False,original,129
ESC50,church_bells,0,4-140034-A-46.wav,church bells are ringing loudly in the tower,church_bells,ESC50,4.0,-1.0803968906402588,Bell | Church bell,,,,,,,,,,,,,,,,0,no danger risk,4-140034-A-46.wav,church_bells,False,original,1250
ESC50,toilet_flush,0,1-56269-A-18.wav,a toilet is flushed and water is running,toilet_flush,ESC50,,,,,,,,,,,,,,,,,,,0,no danger risk,1-56269-A-18.wav,toilet_flush,False,original,279
ESC50,brushing_teeth,0,2-83536-A-27.wav,someone is brushing their teeth with a toothbrush,brushing_teeth,ESC50,2.0,-0.8976714611053467,Music,,,,,,,,,,,,,,,,0,no danger risk,2-83536-A-27.wav,brushing_teeth,False,original,753
ESC50,laughing,0,5-171118-A-26.wav,a group of people are laughing and talking,laughing,ESC50,,,,,,,,,,,,,,,,,,,0,no danger risk,5-171118-A-26.wav,laughing,False,original,1644
ESC50,glass_breaking,1,1-977-A-39.wav,a glass bottle is broken by a few times,glass_breaking,ESC50,1.0,-1.4426777362823486,"Chink, clink | Breaking",,,,,,,,,,,,,,,,1,danger risk,1-977-A-39.wav,glass_breaking,False,original,394
ESC50,crow,0,2-108767-C-9.wav,a crow caws in the background while a bird chirps in the foreground,crow,ESC50,2.0,-1.1641699075698853,Crow,,,,,,,,,,,,,,,,0,no danger risk,2-108767-C-9.wav,crow,False,original,455
ESC50,sheep,0,1-88574-A-8.wav,a sheep is bleating loudly while birds are chirping in the background,sheep,ESC50,1.0,-0.8713162541389465,Bleat | Sheep,,,,,,,,,,,,,,,,0,no danger risk,1-88574-A-8.wav,sheep,False,original,380
ESC50,snoring,0,5-236288-A-28.wav,a person is snoring very loudly and steadily,snoring,ESC50,5.0,-1.0854958295822144,Snoring,,,,,,,,,,,,,,,,0,no danger risk,5-236288-A-28.wav,snoring,False,original,1898
ESC50,glass_breaking,1,5-260432-A-39.wav,glass is broken by a person breaking a metal object and then a car door,glass_breaking,ESC50,,,,,,,,,,,,,,,,,,,1,danger risk,5-260432-A-39.wav,glass_breaking,False,original,1979
ESC50,hand_saw,0,1-9886-A-49.wav,a person is using a saw to cut a piece of wood,hand_saw,ESC50,1.0,-1.126637578010559,,,,,,,,,,,,,,,,,0,no danger risk,1-9886-A-49.wav,hand_saw,False,original,396
ESC50,siren,1,5-117120-A-42.wav,a siren is blaring and then it gets louder,siren,ESC50,,,,,,,,,,,,,,,,,,,1,danger risk,5-117120-A-42.wav,siren,False,original,1607
ESC50,brushing_teeth,0,1-67432-A-27.wav,someone is brushing their teeth with a toothbrush,brushing_teeth,ESC50,1.0,-1.0601041316986084,Toothbrush,,,,,,,,,,,,,,,,0,no danger risk,1-67432-A-27.wav,brushing_teeth,False,original,321
ESC50,clock_alarm,0,3-139958-A-37.wav,a bell is ringing loudly and then stops again,clock_alarm,ESC50,,,,,,,,,,,,,,,,,,,0,no danger risk,3-139958-A-37.wav,clock_alarm,False,original,931
ESC50,door_wood_creaks,0,4-160036-B-33.wav,a creaky door is creaking as it is slowly opened and closed,door_wood_creaks,ESC50,4.0,-0.9824971556663512,,,,,,,,,,,,,,,,,0,no danger risk,4-160036-B-33.wav,door_wood_creaks,False,original,1297
ESC50,helicopter,0,3-150979-B-40.wav,a helicopter is flying overhead and getting farther away,helicopter,ESC50,3.0,-1.1581599712371826,Vehicle,,,,,,,,,,,,,,,,0,no danger risk,3-150979-B-40.wav,helicopter,False,original,993
ESC50,pouring_water,0,4-180453-A-17.wav,someone is pouring water into a glass jar and then they are poured into a cup,pouring_water,ESC50,4.0,-1.2343297004699707,Water | Liquid,,,,,,,,,,,,,,,,0,no danger risk,4-180453-A-17.wav,pouring_water,False,original,1402
ESC50,church_bells,0,1-54747-A-46.wav,church bells are ringing in the tower,church_bells,ESC50,1.0,-1.0636667013168335,Church bell | Change ringing (campanology),,,,,,,,,,,,,,,,0,no danger risk,1-54747-A-46.wav,church_bells,False,original,272
Screaming,screaming,1,Screaming__d1__aslxfM0T8No__10.00.wav__aug_000_noise,a person is screaming loudly in a large group,Screaming,,,-1.5532437562942505,Screaming,,,,,,,,,,,aslxfM0T8No,10.0,20.0,1.0,1.7498412698412698,1,danger risk,Screaming__d1__aslxfM0T8No__10.00.wav,screaming,True,noise,2051
Screaming,screaming,1,Screaming__d1__dfsvT5xImNg__80.00.wav__aug_001_shift,a child is screaming and yelling while other people are talking in the background,Screaming,,,-1.2699577808380127,Speech | Screaming,,,,,,,,,,,dfsvT5xImNg,80.0,90.0,1.0,4.499591836734694,1,danger risk,Screaming__d1__dfsvT5xImNg__80.00.wav,screaming,True,shift,2045
Screaming,screaming,1,Screaming__d1__1LTxZ2aNytc__30.00.wav__aug_002_pitch_up,a group of people are laughing and screaming while a baby is crying,Screaming,,,-1.133794188499451,Speech | Screaming | Music,,,,,,,,,,,1LTxZ2aNytc,30.0,40.0,1.0,4.249614512471656,1,danger risk,Screaming__d1__1LTxZ2aNytc__30.00.wav,screaming,True,pitch_up,2040
Screaming,screaming,1,Screaming__d1__BFqHyCoypfM__16.00.wav__aug_003_pitch_down,a person is screaming and making a loud scream,Screaming,,,-1.6037734746932983,Screaming,,,,,,,,,,,BFqHyCoypfM,16.0,26.0,1.0,0.0,1,danger risk,Screaming__d1__BFqHyCoypfM__16.00.wav,screaming,True,pitch_down,2041
Screaming,screaming,1,Screaming__d1__nRMmafPUAEU__80.00.wav__aug_004_stretch_fast,a woman is speaking and a child is crying,Screaming,,,-1.2881731986999512,Speech | Groan,,,,,,,,,,,nRMmafPUAEU,80.0,90.0,1.0,0.0,1,danger risk,Screaming__d1__nRMmafPUAEU__80.00.wav,screaming,True,stretch_fast,2046
Screaming,screaming,1,Screaming__d1__-QSNQGKiGT4__260.00.wav__aug_005_stretch_slow,a baby is crying and a man is speaking,Screaming,,,-0.9361421465873718,Speech | Screaming,,,,,,,,,,,-QSNQGKiGT4,260.0,270.0,1.0,0.0,1,danger risk,Screaming__d1__-QSNQGKiGT4__260.00.wav,screaming,True,stretch_slow,2047
Screaming,screaming,1,Screaming__d1__n08qMfFB_UM__190.00.wav__aug_006_noise_shift,a group of children are laughing and screaming while playing in the background,Screaming,,,-1.228648066520691,Speech | Snicker,,,,,,,,,,,n08qMfFB_UM,190.0,200.0,1.0,4.999546485260771,1,danger risk,Screaming__d1__n08qMfFB_UM__190.00.wav,screaming,True,noise_shift,2057
Screaming,screaming,1,Screaming__d1__a59ivTlYoNk__310.00.wav__aug_007_noise_pitch_up,a man is speaking and a baby is crying,Screaming,,,-0.9744014739990234,"Speech | Screaming | Inside, small room",,,,,,,,,,,a59ivTlYoNk,310.0,320.0,1.0,3.249705215419501,1,danger risk,Screaming__d1__a59ivTlYoNk__310.00.wav,screaming,True,noise_pitch_up,2044
Screaming,screaming,1,Screaming__d1__h86zLS_6M9Y__250.00.wav__aug_008_noise_pitch_down,a man is shouting and screaming while another person is yelling,Screaming,,,-1.3507070541381836,Speech | Groan | Music,,,,,,,,,,,h86zLS_6M9Y,250.0,260.0,1.0,0.0,1,danger risk,Screaming__d1__h86zLS_6M9Y__250.00.wav,screaming,True,noise_pitch_down,2053
Screaming,screaming,1,Screaming__d1__l3DJ2MJ5CzY__20.00.wav__aug_009_noise_stretch_fast,a man is screaming and shouting while another person is yelling in the background,Screaming,,,-1.2325958013534546,Speech | Screaming,,,,,,,,,,,l3DJ2MJ5CzY,20.0,30.0,1.0,0.0,1,danger risk,Screaming__d1__l3DJ2MJ5CzY__20.00.wav,screaming,True,noise_stretch_fast,2055
Screaming,screaming,1,Screaming__d1__C4YMjmJ7tt4__90.00.wav__aug_010_noise,a man is speaking and a child is screaming,Screaming,,,-1.2301830053329468,"Speech | Wail, moan | Music",,,,,,,,,,,C4YMjmJ7tt4,90.0,100.0,1.0,4.999546485260771,1,danger risk,Screaming__d1__C4YMjmJ7tt4__90.00.wav,screaming,True,noise,2042
Screaming,screaming,1,Screaming__d1__aslxfM0T8No__10.00.wav__aug_011_shift,a person is screaming loudly in a large group,Screaming,,,-1.5532437562942505,Screaming,,,,,,,,,,,aslxfM0T8No,10.0,20.0,1.0,1.7498412698412698,1,danger risk,Screaming__d1__aslxfM0T8No__10.00.wav,screaming,True,shift,2051
Screaming,screaming,1,Screaming__d1__dfsvT5xImNg__80.00.wav__aug_012_pitch_up,a child is screaming and yelling while other people are talking in the background,Screaming,,,-1.2699577808380127,Speech | Screaming,,,,,,,,,,,dfsvT5xImNg,80.0,90.0,1.0,4.499591836734694,1,danger risk,Screaming__d1__dfsvT5xImNg__80.00.wav,screaming,True,pitch_up,2045
Screaming,screaming,1,Screaming__d1__1LTxZ2aNytc__30.00.wav__aug_013_pitch_down,a group of people are laughing and screaming while a baby is crying,Screaming,,,-1.133794188499451,Speech | Screaming | Music,,,,,,,,,,,1LTxZ2aNytc,30.0,40.0,1.0,4.249614512471656,1,danger risk,Screaming__d1__1LTxZ2aNytc__30.00.wav,screaming,True,pitch_down,2040
Screaming,screaming,1,Screaming__d1__BFqHyCoypfM__16.00.wav__aug_014_stretch_fast,a person is screaming and making a loud scream,Screaming,,,-1.6037734746932983,Screaming,,,,,,,,,,,BFqHyCoypfM,16.0,26.0,1.0,0.0,1,danger risk,Screaming__d1__BFqHyCoypfM__16.00.wav,screaming,True,stretch_fast,2041
