slice_file_name,class,y_true,prob_danger_risk
100263-2-0-117.wav,children_playing,0,0.4237563610076904
100263-2-0-121.wav,children_playing,0,0.4551557600498199
100263-2-0-126.wav,children_playing,0,0.3910013437271118
100263-2-0-137.wav,children_playing,0,0.4581573009490967
100263-2-0-143.wav,children_playing,0,0.3871226906776428
100263-2-0-161.wav,children_playing,0,0.4533438980579376
100263-2-0-3.wav,children_playing,0,0.435392677783966
100263-2-0-36.wav,children_playing,0,0.4233499765396118
100652-3-0-0.wav,dog_bark,1,0.6457315683364868
100652-3-0-1.wav,dog_bark,1,0.6354156136512756
100652-3-0-2.wav,dog_bark,1,0.6814144253730774
100652-3-0-3.wav,dog_bark,1,0.7095490097999573
100795-3-0-0.wav,dog_bark,1,0.7307782173156738
100795-3-1-0.wav,dog_bark,1,0.661712646484375
100795-3-1-1.wav,dog_bark,1,0.6533790230751038
100795-3-1-2.wav,dog_bark,1,0.5618830323219299
100852-0-0-0.wav,air_conditioner,0,0.3851729035377502
100852-0-0-1.wav,air_conditioner,0,0.3213452398777008
100852-0-0-10.wav,air_conditioner,0,0.4718073308467865
100852-0-0-11.wav,air_conditioner,0,0.4931025803089142
100852-0-0-12.wav,air_conditioner,0,0.3468596041202545
100852-0-0-13.wav,air_conditioner,0,0.3911435306072235
100852-0-0-14.wav,air_conditioner,0,0.2940710186958313
100852-0-0-15.wav,air_conditioner,0,0.2961581945419311
100852-0-0-16.wav,air_conditioner,0,0.3457575738430023
100852-0-0-17.wav,air_conditioner,0,0.3281076848506927
100852-0-0-18.wav,air_conditioner,0,0.2822624444961548
100852-0-0-19.wav,air_conditioner,0,0.294278085231781
100852-0-0-2.wav,air_conditioner,0,0.4079490303993225
100852-0-0-20.wav,air_conditioner,0,0.3660013377666473
100852-0-0-21.wav,air_conditioner,0,0.3804730772972107
100852-0-0-22.wav,air_conditioner,0,0.3046320974826813
100852-0-0-23.wav,air_conditioner,0,0.3248146474361419
100852-0-0-24.wav,air_conditioner,0,0.3786985576152801
100852-0-0-25.wav,air_conditioner,0,0.4141238927841186
100852-0-0-26.wav,air_conditioner,0,0.2615396082401275
100852-0-0-27.wav,air_conditioner,0,0.2540977299213409
100852-0-0-28.wav,air_conditioner,0,0.3715091645717621
100852-0-0-29.wav,air_conditioner,0,0.4295515120029449
100852-0-0-3.wav,air_conditioner,0,0.4132165908813476
100852-0-0-30.wav,air_conditioner,0,0.3433707654476166
100852-0-0-4.wav,air_conditioner,0,0.3874062001705169
100852-0-0-5.wav,air_conditioner,0,0.4492551982402801
100852-0-0-6.wav,air_conditioner,0,0.3631544113159179
100852-0-0-7.wav,air_conditioner,0,0.4649561047554016
100852-0-0-8.wav,air_conditioner,0,0.3980382978916168
100852-0-0-9.wav,air_conditioner,0,0.3164677023887634
101281-3-0-0.wav,dog_bark,1,0.2165652960538864
101281-3-0-14.wav,dog_bark,1,0.6299223303794861
101281-3-0-5.wav,dog_bark,1,0.1505123525857925
101382-2-0-10.wav,children_playing,0,0.5552771687507629
101382-2-0-12.wav,children_playing,0,0.8316499590873718
101382-2-0-20.wav,children_playing,0,0.8497645258903503
101382-2-0-21.wav,children_playing,0,0.8703154921531677
101382-2-0-29.wav,children_playing,0,0.8851071000099182
101382-2-0-33.wav,children_playing,0,0.519885778427124
101382-2-0-42.wav,children_playing,0,0.6685004830360413
101382-2-0-45.wav,children_playing,0,0.48823943734169
101415-3-0-2.wav,dog_bark,1,0.9813050031661988
101415-3-0-3.wav,dog_bark,1,0.9795993566513062
101415-3-0-8.wav,dog_bark,1,0.9598209857940674
101729-0-0-1.wav,air_conditioner,0,1.0953465334750945e-06
101729-0-0-11.wav,air_conditioner,0,8.650484772942947e-08
101729-0-0-12.wav,air_conditioner,0,2.367389271284992e-07
101729-0-0-13.wav,air_conditioner,0,6.615966299250431e-07
101729-0-0-14.wav,air_conditioner,0,2.2765361791243777e-06
101729-0-0-16.wav,air_conditioner,0,5.493275239132345e-06
101729-0-0-17.wav,air_conditioner,0,1.580931530043017e-05
101729-0-0-18.wav,air_conditioner,0,2.16848620766541e-05
101729-0-0-19.wav,air_conditioner,0,5.644820703309961e-06
101729-0-0-21.wav,air_conditioner,0,3.2270683732349426e-05
101729-0-0-22.wav,air_conditioner,0,6.270455287449295e-06
101729-0-0-23.wav,air_conditioner,0,3.848328447020322e-07
101729-0-0-24.wav,air_conditioner,0,1.2552385442177186e-07
101729-0-0-26.wav,air_conditioner,0,3.943911451642634e-06
101729-0-0-28.wav,air_conditioner,0,5.553276059799828e-05
101729-0-0-29.wav,air_conditioner,0,9.722615686769132e-06
101729-0-0-3.wav,air_conditioner,0,4.315089086048829e-07
101729-0-0-32.wav,air_conditioner,0,5.762986461377295e-07
101729-0-0-33.wav,air_conditioner,0,1.535853016321198e-06
101729-0-0-36.wav,air_conditioner,0,1.796767901396379e-05
101729-0-0-37.wav,air_conditioner,0,2.9143940992071293e-05
101729-0-0-38.wav,air_conditioner,0,2.736694113991689e-05
101729-0-0-39.wav,air_conditioner,0,9.720873094920536e-06
101729-0-0-4.wav,air_conditioner,0,1.409857986800489e-06
101729-0-0-40.wav,air_conditioner,0,8.136549695336726e-06
101729-0-0-6.wav,air_conditioner,0,6.672244694527762e-07
101729-0-0-9.wav,air_conditioner,0,7.631375069649948e-07
101848-9-0-0.wav,street_music,0,0.3967831432819366
101848-9-0-1.wav,street_music,0,0.3364296555519104
101848-9-0-2.wav,street_music,0,0.5534124970436096
101848-9-0-3.wav,street_music,0,0.323870837688446
101848-9-0-8.wav,street_music,0,0.3262993693351745
101848-9-0-9.wav,street_music,0,0.3678155839443207
102102-3-0-0.wav,dog_bark,1,0.2522466778755188
102103-3-0-0.wav,dog_bark,1,0.4956506788730621
102103-3-1-0.wav,dog_bark,1,0.5305583477020264
102104-3-0-0.wav,dog_bark,1,0.4988358318805694
102105-3-0-0.wav,dog_bark,1,0.1651027500629425
102106-3-0-0.wav,dog_bark,1,0.5348260402679443
102547-3-0-2.wav,dog_bark,1,0.7709241509437561
102547-3-0-7.wav,dog_bark,1,0.9012371301651
102547-3-0-8.wav,dog_bark,1,0.8886105418205261
102842-3-0-1.wav,dog_bark,1,0.2731676399707794
102842-3-1-0.wav,dog_bark,1,0.2690973877906799
102842-3-1-5.wav,dog_bark,1,0.3608390688896179
102842-3-1-6.wav,dog_bark,1,0.349561482667923
102853-8-0-0.wav,siren,1,0.8938969969749451
102853-8-0-1.wav,siren,1,0.8606418371200562
102853-8-0-2.wav,siren,1,0.7983496189117432
102853-8-0-3.wav,siren,1,0.8039678931236267
102853-8-0-4.wav,siren,1,0.78270024061203
102853-8-0-5.wav,siren,1,0.7813462615013123
102853-8-0-6.wav,siren,1,0.7444450855255127
102853-8-1-0.wav,siren,1,0.7973755598068237
102857-5-0-0.wav,engine_idling,0,0.4915771186351776
102857-5-0-1.wav,engine_idling,0,0.4542136192321777
102857-5-0-10.wav,engine_idling,0,0.5227931141853333
102857-5-0-11.wav,engine_idling,0,0.515953779220581
102857-5-0-12.wav,engine_idling,0,0.5120208263397217
102857-5-0-13.wav,engine_idling,0,0.5123320817947388
102857-5-0-14.wav,engine_idling,0,0.4804083108901977
102857-5-0-15.wav,engine_idling,0,0.4840229749679565
102857-5-0-16.wav,engine_idling,0,0.4849773645401001
102857-5-0-17.wav,engine_idling,0,0.503190815448761
102857-5-0-18.wav,engine_idling,0,0.5222939848899841
102857-5-0-19.wav,engine_idling,0,0.5158702731132507
102857-5-0-2.wav,engine_idling,0,0.4663338959217071
102857-5-0-20.wav,engine_idling,0,0.5352635979652405
102857-5-0-21.wav,engine_idling,0,0.5514349341392517
102857-5-0-22.wav,engine_idling,0,0.5321856141090393
102857-5-0-23.wav,engine_idling,0,0.4956656694412231
102857-5-0-24.wav,engine_idling,0,0.4988091289997101
102857-5-0-25.wav,engine_idling,0,0.5369937419891357
102857-5-0-26.wav,engine_idling,0,0.5731288194656372
102857-5-0-27.wav,engine_idling,0,0.5895491242408752
102857-5-0-28.wav,engine_idling,0,0.605671226978302
102857-5-0-29.wav,engine_idling,0,0.5811992883682251
102857-5-0-3.wav,engine_idling,0,0.5060470104217529
102857-5-0-30.wav,engine_idling,0,0.5950020551681519
102857-5-0-4.wav,engine_idling,0,0.5123839378356934
102857-5-0-5.wav,engine_idling,0,0.5076994895935059
102857-5-0-6.wav,engine_idling,0,0.5498479008674622
102857-5-0-7.wav,engine_idling,0,0.5498631000518799
102857-5-0-8.wav,engine_idling,0,0.5456404685974121
102857-5-0-9.wav,engine_idling,0,0.5226587653160095
102858-5-0-0.wav,engine_idling,0,0.6892306208610535
102858-5-0-1.wav,engine_idling,0,0.7088480591773987
103074-7-0-0.wav,jackhammer,0,0.5535600185394287
103074-7-0-1.wav,jackhammer,0,0.6220160722732544
103074-7-0-2.wav,jackhammer,0,0.6503720283508301
103074-7-1-0.wav,jackhammer,0,0.469570904970169
103074-7-1-1.wav,jackhammer,0,0.5009668469429016
103074-7-1-2.wav,jackhammer,0,0.433895468711853
103074-7-1-3.wav,jackhammer,0,0.3274005949497223
103074-7-1-4.wav,jackhammer,0,0.366436630487442
103074-7-1-5.wav,jackhammer,0,0.4263644516468048
103074-7-1-6.wav,jackhammer,0,0.5854465961456299
103074-7-2-0.wav,jackhammer,0,0.82415771484375
103074-7-3-0.wav,jackhammer,0,0.1461939513683319
103074-7-3-1.wav,jackhammer,0,0.312175452709198
103074-7-3-2.wav,jackhammer,0,0.264347642660141
103074-7-3-3.wav,jackhammer,0,0.3331269323825836
103074-7-4-0.wav,jackhammer,0,0.1021583601832389
103074-7-4-1.wav,jackhammer,0,0.1026549860835075
103074-7-4-2.wav,jackhammer,0,0.2103489488363266
103074-7-4-3.wav,jackhammer,0,0.2741886675357818
103074-7-4-4.wav,jackhammer,0,0.5363683104515076
103074-7-4-5.wav,jackhammer,0,0.6423126459121704
103074-7-4-6.wav,jackhammer,0,0.6757567524909973
103076-3-0-0.wav,dog_bark,1,0.9273711442947388
103076-3-1-0.wav,dog_bark,1,0.934023380279541
103076-3-2-0.wav,dog_bark,1,0.8676016926765442
103199-4-0-0.wav,drilling,0,0.6476848125457764
103199-4-0-3.wav,drilling,0,0.3686837255954742
103199-4-0-4.wav,drilling,0,0.2074456065893173
103199-4-0-5.wav,drilling,0,0.2104823589324951
103199-4-0-6.wav,drilling,0,0.2193587273359298
103199-4-1-0.wav,drilling,0,0.7429242134094238
103199-4-2-0.wav,drilling,0,0.5386502146720886
103199-4-2-1.wav,drilling,0,0.510798454284668
103199-4-2-10.wav,drilling,0,0.8408194184303284
103199-4-2-11.wav,drilling,0,0.8858907222747803
103199-4-2-2.wav,drilling,0,0.5085254907608032
103199-4-2-3.wav,drilling,0,0.5054599642753601
103199-4-2-4.wav,drilling,0,0.5813571810722351
103199-4-2-5.wav,drilling,0,0.6406598687171936
103199-4-2-6.wav,drilling,0,0.5944851636886597
103199-4-2-7.wav,drilling,0,0.682502806186676
103199-4-2-8.wav,drilling,0,0.8423159122467041
103199-4-2-9.wav,drilling,0,0.8650714159011841
103199-4-4-0.wav,drilling,0,0.7604026794433594
103199-4-6-0.wav,drilling,0,0.7613577246665955
103199-4-7-2.wav,drilling,0,0.6917968392372131
103249-5-0-0.wav,engine_idling,0,0.1926197260618209
103249-5-0-1.wav,engine_idling,0,0.1886111795902252
103249-5-0-10.wav,engine_idling,0,0.1694038361310959
103249-5-0-11.wav,engine_idling,0,0.1689444631338119
103249-5-0-12.wav,engine_idling,0,0.1888892948627472
103249-5-0-13.wav,engine_idling,0,0.2010520696640014
103249-5-0-14.wav,engine_idling,0,0.1819022446870803
103249-5-0-15.wav,engine_idling,0,0.2373728305101394
103249-5-0-16.wav,engine_idling,0,0.3125404715538025
103249-5-0-17.wav,engine_idling,0,0.2364822030067443
103249-5-0-18.wav,engine_idling,0,0.2077873349189758
103249-5-0-19.wav,engine_idling,0,0.2224279046058654
103249-5-0-2.wav,engine_idling,0,0.1704613864421844
103249-5-0-3.wav,engine_idling,0,0.1536947041749954
103249-5-0-4.wav,engine_idling,0,0.1514246314764022
103249-5-0-5.wav,engine_idling,0,0.160080686211586
103249-5-0-6.wav,engine_idling,0,0.1844371259212494
103249-5-0-7.wav,engine_idling,0,0.2119354754686355
103249-5-0-8.wav,engine_idling,0,0.2152286618947982
103249-5-0-9.wav,engine_idling,0,0.1938903778791427
103258-5-0-0.wav,engine_idling,0,0.1825318336486816
103258-5-0-1.wav,engine_idling,0,0.1818789392709732
103258-5-0-10.wav,engine_idling,0,0.1772348433732986
103258-5-0-11.wav,engine_idling,0,0.1903981268405914
103258-5-0-12.wav,engine_idling,0,0.1831947416067123
103258-5-0-13.wav,engine_idling,0,0.1835827678442001
103258-5-0-14.wav,engine_idling,0,0.1708603501319885
103258-5-0-15.wav,engine_idling,0,0.1971864104270935
103258-5-0-16.wav,engine_idling,0,0.2105159163475036
103258-5-0-17.wav,engine_idling,0,0.1683851480484008
103258-5-0-18.wav,engine_idling,0,0.1596011519432068
103258-5-0-19.wav,engine_idling,0,0.1619939059019088
103258-5-0-2.wav,engine_idling,0,0.178314596414566
103258-5-0-3.wav,engine_idling,0,0.1705869436264038
103258-5-0-4.wav,engine_idling,0,0.1626152843236923
103258-5-0-5.wav,engine_idling,0,0.1701262295246124
103258-5-0-6.wav,engine_idling,0,0.1575490832328796
103258-5-0-7.wav,engine_idling,0,0.1621518284082412
103258-5-0-8.wav,engine_idling,0,0.1744973510503769
103258-5-0-9.wav,engine_idling,0,0.1620073914527893
103357-4-0-0.wav,drilling,0,0.2017511576414108
103357-4-0-1.wav,drilling,0,0.2756679356098175
103438-5-0-0.wav,engine_idling,0,0.5003564357757568
103438-5-0-1.wav,engine_idling,0,0.4760913252830505
103438-5-0-2.wav,engine_idling,0,0.4522326588630676
104327-2-0-15.wav,children_playing,0,0.0389498807489872
104327-2-0-19.wav,children_playing,0,0.3531540632247925
104327-2-0-26.wav,children_playing,0,0.2078554332256317
104327-2-0-28.wav,children_playing,0,0.3287368714809418
104327-2-0-3.wav,children_playing,0,0.1743529438972473
104327-2-0-30.wav,children_playing,0,0.3355815410614013
104327-2-0-34.wav,children_playing,0,0.4285271763801574
104327-2-0-4.wav,children_playing,0,0.0809015482664108
104421-2-0-1.wav,children_playing,0,0.7886296510696411
104421-2-0-15.wav,children_playing,0,0.7291709780693054
104421-2-0-20.wav,children_playing,0,0.0017250353703275
104421-2-0-29.wav,children_playing,0,0.0085219843313097
104421-2-0-3.wav,children_playing,0,0.005557432770729
104421-2-0-5.wav,children_playing,0,0.670261561870575
104421-2-0-7.wav,children_playing,0,0.6508507132530212
104421-2-1-3.wav,children_playing,0,0.7589744925498962
104625-4-0-15.wav,drilling,0,0.0027647900860756
104625-4-0-21.wav,drilling,0,0.0590001679956913
104625-4-0-27.wav,drilling,0,0.0018608353566378
104625-4-0-29.wav,drilling,0,0.0002665142237674
104625-4-0-3.wav,drilling,0,0.0006751485634595
104625-4-0-35.wav,drilling,0,0.0182439927011728
104625-4-0-40.wav,drilling,0,0.0112152658402919
104625-4-0-41.wav,drilling,0,0.0346215330064296
104625-4-0-45.wav,drilling,0,0.001983234193176
104625-4-0-48.wav,drilling,0,0.022495113313198
104625-4-0-51.wav,drilling,0,0.0597229674458503
104625-4-0-52.wav,drilling,0,0.0288629792630672
104625-4-0-53.wav,drilling,0,0.0091503802686929
104625-4-0-55.wav,drilling,0,0.0064364438876509
104625-4-0-57.wav,drilling,0,0.0048888488672673
104625-4-0-66.wav,drilling,0,0.0434010848402977
104625-4-1-20.wav,drilling,0,0.0312499031424522
104625-4-1-8.wav,drilling,0,0.0006279569352045
104817-4-0-0.wav,drilling,0,0.1297295540571212
104817-4-0-1.wav,drilling,0,0.1338125318288803
104817-4-0-10.wav,drilling,0,0.1489613354206085
104817-4-0-11.wav,drilling,0,0.2120073437690735
104817-4-0-2.wav,drilling,0,0.1501716375350952
104817-4-0-3.wav,drilling,0,0.1640755534172058
104817-4-0-4.wav,drilling,0,0.1097965091466903
104817-4-0-5.wav,drilling,0,0.0968164950609207
104817-4-0-6.wav,drilling,0,0.1069068312644958
104817-4-0-7.wav,drilling,0,0.119365282356739
104817-4-0-8.wav,drilling,0,0.1198702454566955
104817-4-0-9.wav,drilling,0,0.1335048824548721
104998-7-0-5.wav,jackhammer,0,1.7453233525088763e-08
104998-7-10-1.wav,jackhammer,0,6.759751092211275e-11
104998-7-10-10.wav,jackhammer,0,2.5999408653559417e-14
104998-7-10-13.wav,jackhammer,0,2.7722424863655753e-16
104998-7-10-15.wav,jackhammer,0,1.7193597851707652e-19
104998-7-10-8.wav,jackhammer,0,4.7086277781829226e-15
104998-7-10-9.wav,jackhammer,0,2.419451993284738e-15
104998-7-11-0.wav,jackhammer,0,7.562403326710591e-16
104998-7-11-2.wav,jackhammer,0,1.1099429752040037e-12
104998-7-12-2.wav,jackhammer,0,9.216659011511421e-14
104998-7-14-1.wav,jackhammer,0,3.6513374652713537e-06
104998-7-14-5.wav,jackhammer,0,7.051153716020053e-06
104998-7-14-6.wav,jackhammer,0,2.9900586014264263e-05
104998-7-15-1.wav,jackhammer,0,1.1140247752061684e-10
104998-7-15-3.wav,jackhammer,0,1.616350391205057e-12
104998-7-15-5.wav,jackhammer,0,3.5418307284436346e-13
104998-7-15-9.wav,jackhammer,0,8.372754572993911e-11
104998-7-16-0.wav,jackhammer,0,1.0269089316958593e-13
104998-7-16-10.wav,jackhammer,0,4.675851626530682e-16
104998-7-16-11.wav,jackhammer,0,5.154613177164532e-16
104998-7-16-5.wav,jackhammer,0,7.99151286476758e-16
104998-7-16-6.wav,jackhammer,0,2.3281380497747966e-17
104998-7-16-7.wav,jackhammer,0,7.055161738723434e-20
104998-7-17-0.wav,jackhammer,0,3.725808452991614e-13
104998-7-17-1.wav,jackhammer,0,2.2744869630433747e-15
104998-7-17-12.wav,jackhammer,0,5.543850091448488e-21
104998-7-17-14.wav,jackhammer,0,5.4941544735286455e-17
104998-7-17-4.wav,jackhammer,0,9.868571757201001e-17
104998-7-17-7.wav,jackhammer,0,2.048351099027213e-19
104998-7-17-8.wav,jackhammer,0,6.590900803814365e-20
104998-7-18-12.wav,jackhammer,0,1.235060773270569e-12
104998-7-18-13.wav,jackhammer,0,4.462256952830757e-12
104998-7-18-3.wav,jackhammer,0,8.247469374111915e-09
104998-7-18-9.wav,jackhammer,0,3.004122964929065e-14
104998-7-19-0.wav,jackhammer,0,1.5687349777627751e-19
104998-7-19-3.wav,jackhammer,0,3.449591631647318e-20
104998-7-19-6.wav,jackhammer,0,2.482155922328676e-20
104998-7-19-7.wav,jackhammer,0,1.1747260399134375e-20
104998-7-19-8.wav,jackhammer,0,4.9025398705929664e-20
104998-7-19-9.wav,jackhammer,0,2.0648025581881564e-19
104998-7-2-4.wav,jackhammer,0,2.046503591590643e-12
104998-7-2-5.wav,jackhammer,0,7.506866764490917e-14
104998-7-2-6.wav,jackhammer,0,6.567551695215628e-15
104998-7-3-1.wav,jackhammer,0,1.1022354556189384e-05
104998-7-7-0.wav,jackhammer,0,3.768211871008065e-12
104998-7-7-1.wav,jackhammer,0,4.870672550179311e-13
104998-7-7-4.wav,jackhammer,0,7.531401891025524e-11
104998-7-7-7.wav,jackhammer,0,6.368325463322612e-13
104998-7-7-9.wav,jackhammer,0,2.8046189231700075e-14
104998-7-8-13.wav,jackhammer,0,6.8499935609281525e-15
104998-7-8-14.wav,jackhammer,0,1.7680827505209273e-13
104998-7-8-15.wav,jackhammer,0,2.708477431050127e-13
104998-7-8-17.wav,jackhammer,0,1.860194940792037e-12
104998-7-8-4.wav,jackhammer,0,9.224952399189412e-12
104998-7-8-6.wav,jackhammer,0,2.5483641238888133e-11
104998-7-8-7.wav,jackhammer,0,1.6920736730166588e-12
104998-7-9-0.wav,jackhammer,0,1.4662576538939777e-15
104998-7-9-13.wav,jackhammer,0,3.125732650374335e-20
104998-7-9-9.wav,jackhammer,0,3.4829688734270185e-18
105029-7-0-0.wav,jackhammer,0,3.644467394536832e-09
105029-7-0-1.wav,jackhammer,0,2.1416986240030409e-10
105029-7-0-2.wav,jackhammer,0,5.786790491235648e-10
105029-7-0-3.wav,jackhammer,0,7.257336509525203e-09
105029-7-0-4.wav,jackhammer,0,1.2194433018919426e-08
105029-7-0-5.wav,jackhammer,0,1.676381522486281e-08
105029-7-0-6.wav,jackhammer,0,1.979398120965925e-07
105029-7-1-0.wav,jackhammer,0,3.2678600985289056e-15
105029-7-1-1.wav,jackhammer,0,2.2356637902411246e-16
105029-7-1-10.wav,jackhammer,0,2.287569017991164e-19
105029-7-1-11.wav,jackhammer,0,5.04163791616503e-19
105029-7-1-12.wav,jackhammer,0,1.119679819710933e-19
105029-7-1-13.wav,jackhammer,0,8.045111785663864e-21
105029-7-1-2.wav,jackhammer,0,1.4471580403152383e-16
105029-7-1-3.wav,jackhammer,0,1.7984076150288972e-17
105029-7-1-4.wav,jackhammer,0,2.753134349517804e-17
105029-7-1-5.wav,jackhammer,0,1.4318320379258558e-16
105029-7-1-6.wav,jackhammer,0,1.1853156717728022e-16
105029-7-1-7.wav,jackhammer,0,3.154185590324749e-17
105029-7-1-8.wav,jackhammer,0,5.757557980041153e-18
105029-7-1-9.wav,jackhammer,0,8.725536405006692e-19
105029-7-2-0.wav,jackhammer,0,5.912570433252995e-11
105029-7-2-1.wav,jackhammer,0,3.173753274077207e-11
105029-7-2-10.wav,jackhammer,0,2.4479811217394468e-15
105029-7-2-11.wav,jackhammer,0,3.790697749726964e-15
105029-7-2-12.wav,jackhammer,0,6.8704849819881285e-15
105029-7-2-13.wav,jackhammer,0,5.47098421812875e-16
105029-7-2-14.wav,jackhammer,0,8.22739976152598e-18
105029-7-2-15.wav,jackhammer,0,3.0595979448135865e-20
105029-7-2-16.wav,jackhammer,0,5.274848048189402e-20
105029-7-2-2.wav,jackhammer,0,2.326675831165748e-11
105029-7-2-3.wav,jackhammer,0,3.641836832102285e-11
105029-7-2-4.wav,jackhammer,0,5.5022382727506e-14
105029-7-2-5.wav,jackhammer,0,1.8519754940081413e-15
105029-7-2-6.wav,jackhammer,0,7.423673221290672e-13
105029-7-2-7.wav,jackhammer,0,3.6892679259855135e-14
105029-7-2-8.wav,jackhammer,0,1.912433529409601e-15
105029-7-2-9.wav,jackhammer,0,4.914271813545861e-16
105029-7-3-0.wav,jackhammer,0,8.655788328961069e-18
105029-7-3-1.wav,jackhammer,0,8.552278322003081e-16
105029-7-3-2.wav,jackhammer,0,2.1000627452305578e-13
105029-7-3-3.wav,jackhammer,0,2.6032022132534143e-13
105029-7-3-4.wav,jackhammer,0,4.578200882635053e-13
105029-7-3-5.wav,jackhammer,0,1.1530029318460033e-12
105029-7-3-6.wav,jackhammer,0,3.870883648338097e-12
105029-7-3-7.wav,jackhammer,0,3.5500159669549225e-12
105029-7-4-0.wav,jackhammer,0,6.080623504711724e-11
105029-7-4-1.wav,jackhammer,0,2.1767150581997182e-11
105029-7-4-2.wav,jackhammer,0,8.684100259639256e-14
105029-7-4-3.wav,jackhammer,0,5.556456512891168e-14
105088-3-0-10.wav,dog_bark,1,0.8001310229301453
105088-3-0-11.wav,dog_bark,1,0.6805064082145691
105088-3-0-19.wav,dog_bark,1,0.8179091811180115
105088-3-0-8.wav,dog_bark,1,0.6925758719444275
105289-8-0-0.wav,siren,1,0.2533254623413086
105289-8-0-1.wav,siren,1,0.2727619707584381
105289-8-0-2.wav,siren,1,0.3677369058132171
105289-8-0-3.wav,siren,1,0.5803059339523315
105289-8-0-4.wav,siren,1,0.7649776935577393
105289-8-0-5.wav,siren,1,0.8192772269248962
105289-8-1-0.wav,siren,1,0.9645397663116456
105289-8-1-1.wav,siren,1,0.9556281566619872
105289-8-1-2.wav,siren,1,0.9391965866088868
105289-8-1-3.wav,siren,1,0.9933940768241882
105289-8-1-4.wav,siren,1,0.9999630451202391
105289-8-2-0.wav,siren,1,0.4812139570713043
105289-8-2-1.wav,siren,1,0.3889459669589996
105289-8-2-2.wav,siren,1,0.3660288453102112
105289-8-2-3.wav,siren,1,0.3956685960292816
105289-8-2-4.wav,siren,1,0.3563851416110992
105289-8-2-5.wav,siren,1,0.3129323720932007
105289-8-2-6.wav,siren,1,0.3215311169624328
105289-8-2-7.wav,siren,1,0.3560670614242553
105319-3-0-22.wav,dog_bark,1,0.4389678537845611
105319-3-0-29.wav,dog_bark,1,0.4492968618869781
105319-3-0-39.wav,dog_bark,1,0.4704395830631256
105415-2-0-1.wav,children_playing,0,0.5194268822669983
105415-2-0-15.wav,children_playing,0,0.4401172399520874
105415-2-0-19.wav,children_playing,0,0.1734024286270141
105415-2-0-21.wav,children_playing,0,0.5957255363464355
105415-2-0-24.wav,children_playing,0,0.2431669980287552
105415-2-0-4.wav,children_playing,0,0.4894520938396454
105415-2-0-6.wav,children_playing,0,0.4748572409152984
105415-2-0-8.wav,children_playing,0,0.3839507102966308
105425-9-0-1.wav,street_music,0,0.7474669814109802
105425-9-0-10.wav,street_music,0,0.4962761402130127
105425-9-0-12.wav,street_music,0,0.5921229124069214
105425-9-0-13.wav,street_music,0,0.5875303745269775
105425-9-0-14.wav,street_music,0,0.516099214553833
105425-9-0-23.wav,street_music,0,0.5071131587028503
106014-5-0-0.wav,engine_idling,0,0.047809787094593
106014-5-0-1.wav,engine_idling,0,0.2780680358409881
106014-5-0-2.wav,engine_idling,0,0.3614475131034851
106014-5-0-3.wav,engine_idling,0,0.3755145370960235
106014-5-0-4.wav,engine_idling,0,0.3899814486503601
106015-5-0-0.wav,engine_idling,0,1.2679157634920557e-07
106015-5-0-1.wav,engine_idling,0,9.984025837184165e-07
106015-5-0-10.wav,engine_idling,0,2.9115469146745454e-07
106015-5-0-11.wav,engine_idling,0,7.123774281581063e-08
106015-5-0-12.wav,engine_idling,0,3.017190053355989e-08
106015-5-0-13.wav,engine_idling,0,3.7574181988020434e-08
106015-5-0-14.wav,engine_idling,0,1.8839724447161643e-08
106015-5-0-15.wav,engine_idling,0,4.975006184793074e-09
106015-5-0-16.wav,engine_idling,0,1.0119823201648614e-08
106015-5-0-17.wav,engine_idling,0,7.787159361782871e-09
106015-5-0-18.wav,engine_idling,0,2.184115999170899e-09
106015-5-0-19.wav,engine_idling,0,2.5579114382168204e-09
106015-5-0-2.wav,engine_idling,0,2.507200406398624e-06
106015-5-0-20.wav,engine_idling,0,2.655765329873105e-10
106015-5-0-3.wav,engine_idling,0,2.7718208457372384e-06
106015-5-0-4.wav,engine_idling,0,1.851553065534972e-06
106015-5-0-5.wav,engine_idling,0,7.628995035702246e-07
106015-5-0-6.wav,engine_idling,0,4.6757995164625765e-07
106015-5-0-7.wav,engine_idling,0,6.141937660686381e-07
106015-5-0-8.wav,engine_idling,0,6.145998554529797e-07
106015-5-0-9.wav,engine_idling,0,4.961032118444564e-07
106486-5-0-0.wav,engine_idling,0,0.2686873376369476
106486-5-0-1.wav,engine_idling,0,0.2675644755363464
106486-5-0-2.wav,engine_idling,0,0.2754886746406555
106487-5-0-0.wav,engine_idling,0,0.7437962293624878
106487-5-0-1.wav,engine_idling,0,0.7419889569282532
106487-5-0-2.wav,engine_idling,0,0.738514244556427
106905-5-0-0.wav,engine_idling,0,0.3608100414276123
106905-5-0-1.wav,engine_idling,0,0.3163125813007355
106905-5-0-2.wav,engine_idling,0,0.226111963391304
106905-8-0-0.wav,siren,1,0.4719997346401214
106905-8-0-1.wav,siren,1,0.569620668888092
106905-8-0-2.wav,siren,1,0.394532561302185
106905-8-0-3.wav,siren,1,0.7343569993972778
106955-6-0-0.wav,gun_shot,1,0.9180681109428406
107090-1-0-0.wav,car_horn,1,0.7223116159439087
107090-1-1-0.wav,car_horn,1,0.8885854482650757
107190-3-0-0.wav,dog_bark,1,0.8320814967155457
107228-5-0-0.wav,engine_idling,0,3.571843535610242e-06
107228-5-0-1.wav,engine_idling,0,2.2254191662796075e-06
107228-5-0-2.wav,engine_idling,0,2.08591018235893e-06
107228-5-0-3.wav,engine_idling,0,8.416648597631138e-06
107228-5-0-4.wav,engine_idling,0,2.461816075083334e-05
107228-5-0-5.wav,engine_idling,0,0.0002707482781261
107228-5-0-6.wav,engine_idling,0,0.0030108243227005
107228-5-0-7.wav,engine_idling,0,0.0047780941240489
107357-8-0-0.wav,siren,1,0.8944019079208374
107357-8-0-1.wav,siren,1,0.8591188192367554
107357-8-0-2.wav,siren,1,0.8464363217353821
107357-8-0-3.wav,siren,1,0.8559726476669312
107357-8-0-4.wav,siren,1,0.8222624063491821
107357-8-0-5.wav,siren,1,0.8259207606315613
107357-8-0-6.wav,siren,1,0.8983882665634155
107357-8-0-7.wav,siren,1,0.8524604439735413
107357-8-0-8.wav,siren,1,0.7923795580863953
107357-8-1-0.wav,siren,1,0.8166861534118652
107357-8-1-1.wav,siren,1,0.835346519947052
107357-8-1-10.wav,siren,1,0.8581041693687439
107357-8-1-11.wav,siren,1,0.8808063864707947
107357-8-1-12.wav,siren,1,0.8027646541595459
107357-8-1-13.wav,siren,1,0.739493727684021
107357-8-1-14.wav,siren,1,0.7091906070709229
107357-8-1-15.wav,siren,1,0.8318569660186768
107357-8-1-16.wav,siren,1,0.9294346570968628
107357-8-1-17.wav,siren,1,0.8727845549583435
107357-8-1-18.wav,siren,1,0.7178042531013489
107357-8-1-2.wav,siren,1,0.8416418433189392
107357-8-1-3.wav,siren,1,0.8931725025177002
107357-8-1-4.wav,siren,1,0.8999530673027039
107357-8-1-5.wav,siren,1,0.8500959873199463
107357-8-1-6.wav,siren,1,0.8245599269866943
107357-8-1-7.wav,siren,1,0.8376789689064026
107357-8-1-8.wav,siren,1,0.8665853142738342
107357-8-1-9.wav,siren,1,0.8453953862190247
107653-9-0-12.wav,street_music,0,0.5754258632659912
107653-9-0-14.wav,street_music,0,0.4528043568134308
107653-9-0-18.wav,street_music,0,0.5457584261894226
107653-9-0-3.wav,street_music,0,0.3522626757621765
107653-9-0-5.wav,street_music,0,0.3796424865722656
107653-9-0-7.wav,street_music,0,0.5410179495811462
107842-4-0-0.wav,drilling,0,0.2814665734767914
107842-4-0-1.wav,drilling,0,0.2911372184753418
107842-4-0-2.wav,drilling,0,0.2857524752616882
107842-4-1-0.wav,drilling,0,0.4456294775009155
107842-4-2-0.wav,drilling,0,0.3365974426269531
107842-4-2-1.wav,drilling,0,0.3150036931037903
107842-4-2-2.wav,drilling,0,0.2778711915016174
107842-4-2-3.wav,drilling,0,0.2305317968130111
107842-4-2-4.wav,drilling,0,0.5175625681877136
107842-4-3-0.wav,drilling,0,0.5507559776306152
108041-9-0-11.wav,street_music,0,0.6851532459259033
108041-9-0-2.wav,street_music,0,0.6866105794906616
108041-9-0-4.wav,street_music,0,0.7663959264755249
108041-9-0-5.wav,street_music,0,0.7426242232322693
108041-9-0-6.wav,street_music,0,0.5540089011192322
108041-9-0-7.wav,street_music,0,0.5786506533622742
108041-9-0-9.wav,street_music,0,0.533637285232544
108187-3-2-0.wav,dog_bark,1,0.4589958488941192
108187-3-3-0.wav,dog_bark,1,0.2896747291088104
108187-3-4-0.wav,dog_bark,1,0.0508659482002258
108187-3-6-0.wav,dog_bark,1,0.4466530084609985
108357-9-0-15.wav,street_music,0,0.2547762095928192
108357-9-0-2.wav,street_music,0,0.0693645104765892
108357-9-0-27.wav,street_music,0,0.19246606528759
108357-9-0-30.wav,street_music,0,0.1527923047542572
108357-9-0-44.wav,street_music,0,0.2339310944080352
108357-9-0-49.wav,street_music,0,0.2543731033802032
108362-2-0-11.wav,children_playing,0,0.7378743886947632
108362-2-0-12.wav,children_playing,0,0.7392150163650513
108362-2-0-21.wav,children_playing,0,0.6723179817199707
108362-2-0-23.wav,children_playing,0,0.7673099040985107
108362-2-0-29.wav,children_playing,0,0.6708822846412659
108362-2-0-30.wav,children_playing,0,0.6860663294792175
108362-2-0-7.wav,children_playing,0,0.7513296008110046
108362-2-0-9.wav,children_playing,0,0.7026366591453552
108638-9-0-0.wav,street_music,0,0.6734182834625244
108638-9-0-1.wav,street_music,0,0.6635273098945618
108638-9-0-2.wav,street_music,0,0.7311788201332092
108638-9-0-4.wav,street_music,0,0.7567060589790344
108638-9-0-5.wav,street_music,0,0.6449264287948608
108638-9-0-6.wav,street_music,0,0.4175526797771454
109233-3-0-3.wav,dog_bark,1,0.6510496735572815
109233-3-0-4.wav,dog_bark,1,0.4695174396038055
109233-3-0-5.wav,dog_bark,1,0.7240245342254639
109233-3-0-6.wav,dog_bark,1,0.6461453437805176
109263-9-0-34.wav,street_music,0,0.058866836130619
109263-9-0-39.wav,street_music,0,0.5957838296890259
109263-9-0-54.wav,street_music,0,0.1119311526417732
109263-9-0-61.wav,street_music,0,0.0443597361445426
109263-9-0-78.wav,street_music,0,0.0155638139694929
109703-2-0-134.wav,children_playing,0,0.3126903176307678
109703-2-0-14.wav,children_playing,0,0.3792993128299713
109703-2-0-153.wav,children_playing,0,0.2950890660285949
109703-2-0-29.wav,children_playing,0,0.3219998180866241
109703-2-0-32.wav,children_playing,0,0.3392263054847717
109703-2-0-48.wav,children_playing,0,0.3248917460441589
109703-2-0-50.wav,children_playing,0,0.3251534402370453
109711-3-1-0.wav,dog_bark,1,0.7133350968360901
109711-3-2-4.wav,dog_bark,1,0.8191725015640259
109711-3-2-6.wav,dog_bark,1,0.6085455417633057
110134-3-0-0.wav,dog_bark,1,0.8891786932945251
110371-3-0-1.wav,dog_bark,1,0.4946734607219696
110371-3-1-0.wav,dog_bark,1,0.5113458633422852
110371-3-1-1.wav,dog_bark,1,0.5137791037559509
110621-7-0-0.wav,jackhammer,0,0.3496612012386322
110621-7-0-1.wav,jackhammer,0,0.1355595737695694
110621-7-0-2.wav,jackhammer,0,0.1074180528521537
110621-7-0-3.wav,jackhammer,0,0.4512960612773895
110622-6-0-0.wav,gun_shot,1,0.7790817618370056
110688-3-0-11.wav,dog_bark,1,0.2875613570213318
110688-3-0-17.wav,dog_bark,1,0.306854784488678
110688-3-0-2.wav,dog_bark,1,0.3149608373641968
110688-3-0-32.wav,dog_bark,1,0.5645171403884888
110868-9-0-11.wav,street_music,0,0.332755982875824
110868-9-0-13.wav,street_music,0,0.2914075851440429
110868-9-0-14.wav,street_music,0,0.3597795963287353
110868-9-0-15.wav,street_music,0,0.4238744676113128
110868-9-0-6.wav,street_music,0,0.4416408538818359
110868-9-0-8.wav,street_music,0,0.4469119906425476
110918-3-0-1.wav,dog_bark,1,0.4055713415145874
110918-3-0-26.wav,dog_bark,1,0.5412111282348633
110918-3-0-40.wav,dog_bark,1,0.4566208124160766
110918-3-0-9.wav,dog_bark,1,0.6117708086967468
111048-6-0-0.wav,gun_shot,1,0.9393942952156068
111386-5-0-0.wav,engine_idling,0,0.2915205657482147
111386-5-0-1.wav,engine_idling,0,0.2254779040813446
111386-5-0-2.wav,engine_idling,0,0.2765294015407562
111386-5-0-3.wav,engine_idling,0,0.3796305358409881
111386-5-0-4.wav,engine_idling,0,0.3896030485630035
111386-5-0-5.wav,engine_idling,0,0.3980790972709656
111386-5-0-6.wav,engine_idling,0,0.3517172932624817
111386-5-0-7.wav,engine_idling,0,0.346937358379364
111386-5-1-0.wav,engine_idling,0,0.1350021362304687
111386-5-1-1.wav,engine_idling,0,0.1145280748605728
111386-5-1-10.wav,engine_idling,0,0.1296698004007339
111386-5-1-11.wav,engine_idling,0,0.1213898211717605
111386-5-1-12.wav,engine_idling,0,0.1244028210639953
111386-5-1-13.wav,engine_idling,0,0.1155574545264244
111386-5-1-14.wav,engine_idling,0,0.12245824187994
111386-5-1-2.wav,engine_idling,0,0.1490331441164016
111386-5-1-3.wav,engine_idling,0,0.191464364528656
111386-5-1-4.wav,engine_idling,0,0.1473883688449859
111386-5-1-5.wav,engine_idling,0,0.129157081246376
111386-5-1-6.wav,engine_idling,0,0.1579140722751617
111386-5-1-7.wav,engine_idling,0,0.1138700023293495
111386-5-1-8.wav,engine_idling,0,0.1345825344324112
111386-5-1-9.wav,engine_idling,0,0.149328127503395
112075-5-0-0.wav,engine_idling,0,0.1766155660152435
112075-5-0-1.wav,engine_idling,0,0.1115099489688873
112075-5-0-2.wav,engine_idling,0,0.0175561551004648
112195-3-0-38.wav,dog_bark,1,0.9747703075408936
112195-3-0-48.wav,dog_bark,1,0.8825477957725525
112195-3-0-57.wav,dog_bark,1,0.8131434321403503
112195-3-0-80.wav,dog_bark,1,0.8730934858322144
113160-8-0-0.wav,siren,1,0.969170093536377
113201-5-0-0.wav,engine_idling,0,9.464550995234735e-25
113201-5-0-1.wav,engine_idling,0,1.3008901809797578e-25
113201-5-0-2.wav,engine_idling,0,4.1598962671974345e-25
113201-5-0-3.wav,engine_idling,0,1.9885386789910067e-24
113201-5-0-4.wav,engine_idling,0,1.349109550330425e-25
113201-5-0-5.wav,engine_idling,0,8.032242750420979e-26
113201-5-0-6.wav,engine_idling,0,7.146889981647048e-25
113201-5-0-7.wav,engine_idling,0,3.0973802535123533e-25
113202-5-0-0.wav,engine_idling,0,0.1537056416273117
113202-5-0-1.wav,engine_idling,0,0.1747790724039077
113202-5-0-10.wav,engine_idling,0,0.1482074558734893
113202-5-0-11.wav,engine_idling,0,0.152283489704132
113202-5-0-12.wav,engine_idling,0,0.126214325428009
113202-5-0-13.wav,engine_idling,0,0.1443327367305755
113202-5-0-14.wav,engine_idling,0,0.1735640913248062
113202-5-0-15.wav,engine_idling,0,0.1430107057094574
113202-5-0-16.wav,engine_idling,0,0.1537942290306091
113202-5-0-17.wav,engine_idling,0,0.1771528124809265
113202-5-0-18.wav,engine_idling,0,0.1599981039762497
113202-5-0-19.wav,engine_idling,0,0.1695663630962371
113202-5-0-2.wav,engine_idling,0,0.1819466948509216
113202-5-0-20.wav,engine_idling,0,0.1746633648872375
113202-5-0-21.wav,engine_idling,0,0.1604883223772049
113202-5-0-22.wav,engine_idling,0,0.1711849719285965
113202-5-0-23.wav,engine_idling,0,0.1528711915016174
113202-5-0-24.wav,engine_idling,0,0.1590054333209991
113202-5-0-25.wav,engine_idling,0,0.1646174192428589
113202-5-0-26.wav,engine_idling,0,0.1433330178260803
113202-5-0-27.wav,engine_idling,0,0.1351360231637954
113202-5-0-28.wav,engine_idling,0,0.1497881412506103
113202-5-0-3.wav,engine_idling,0,0.1493982821702957
113202-5-0-4.wav,engine_idling,0,0.1818113327026367
113202-5-0-5.wav,engine_idling,0,0.1626127511262893
113202-5-0-6.wav,engine_idling,0,0.1305222362279892
113202-5-0-7.wav,engine_idling,0,0.1661781966686248
113202-5-0-8.wav,engine_idling,0,0.1553344428539276
113202-5-0-9.wav,engine_idling,0,0.126836821436882
113203-5-0-0.wav,engine_idling,0,0.1791359484195709
113203-5-0-1.wav,engine_idling,0,0.1806071549654007
113203-5-0-2.wav,engine_idling,0,0.2187759131193161
113203-5-0-3.wav,engine_idling,0,0.2533562779426574
113203-5-0-4.wav,engine_idling,0,0.2377533614635467
113203-5-0-5.wav,engine_idling,0,0.1990578174591064
113203-5-0-6.wav,engine_idling,0,0.1805905997753143
113203-5-0-7.wav,engine_idling,0,0.2518642246723175
113203-5-0-8.wav,engine_idling,0,0.4424866437911987
113203-5-1-0.wav,engine_idling,0,0.2578926384449005
113203-5-1-1.wav,engine_idling,0,0.2366760671138763
113203-5-1-2.wav,engine_idling,0,0.210002988576889
113203-5-2-0.wav,engine_idling,0,0.3146210014820099
113203-5-3-0.wav,engine_idling,0,0.207687959074974
113203-5-3-1.wav,engine_idling,0,0.1956178694963455
113203-5-4-0.wav,engine_idling,0,0.2054492831230163
113203-5-5-0.wav,engine_idling,0,0.3524174690246582
113203-5-6-0.wav,engine_idling,0,0.2555314004421234
113203-5-7-0.wav,engine_idling,0,0.5211989283561707
113203-5-8-0.wav,engine_idling,0,0.5192151665687561
113205-5-0-0.wav,engine_idling,0,0.391564279794693
113205-5-1-0.wav,engine_idling,0,0.0051628104411065
113205-5-1-1.wav,engine_idling,0,0.003462286433205
113205-5-1-2.wav,engine_idling,0,0.0010811944957822
113205-5-1-3.wav,engine_idling,0,0.0012045039329677
113205-5-1-4.wav,engine_idling,0,0.0005369840655475
113205-5-1-5.wav,engine_idling,0,0.0006839529378339
113205-5-1-6.wav,engine_idling,0,0.0004704540770035
113205-5-1-7.wav,engine_idling,0,0.000246534938924
113205-5-1-8.wav,engine_idling,0,0.0002216500142822
113205-5-1-9.wav,engine_idling,0,0.000205196585739
113216-5-0-0.wav,engine_idling,0,0.002657359233126
113216-5-0-1.wav,engine_idling,0,2.271730409120209e-06
113216-5-0-2.wav,engine_idling,0,2.6612140047177494e-08
113216-5-0-3.wav,engine_idling,0,1.2001919458271004e-08
113216-5-0-4.wav,engine_idling,0,9.224719654810087e-09
113601-9-0-22.wav,street_music,0,0.0961424633860588
113601-9-0-3.wav,street_music,0,6.337871338857325e-10
113601-9-0-33.wav,street_music,0,0.2045066952705383
113601-9-0-34.wav,street_music,0,0.3222585320472717
113601-9-0-35.wav,street_music,0,0.4980790615081787
113601-9-0-42.wav,street_music,0,0.3668680191040039
113785-3-0-0.wav,dog_bark,1,0.9487879276275636
113785-3-1-0.wav,dog_bark,1,0.953502118587494
115239-9-0-0.wav,street_music,0,0.4179458618164062
115239-9-0-1.wav,street_music,0,0.4669584631919861
115239-9-0-2.wav,street_music,0,0.4596865177154541
115239-9-0-3.wav,street_music,0,0.4164941906929016
115239-9-0-4.wav,street_music,0,0.3419363498687744
115239-9-0-5.wav,street_music,0,0.3132940232753753
115240-9-0-1.wav,street_music,0,0.2567638158798218
115240-9-0-16.wav,street_music,0,0.1752545833587646
115240-9-0-28.wav,street_music,0,0.2289328277111053
115240-9-0-34.wav,street_music,0,0.1694830954074859
115240-9-0-36.wav,street_music,0,0.1154483929276466
115240-9-0-4.wav,street_music,0,0.2040527164936065
115241-9-0-1.wav,street_music,0,0.3563399314880371
115241-9-0-14.wav,street_music,0,0.3386828601360321
115241-9-0-2.wav,street_music,0,0.3380417227745056
115241-9-0-20.wav,street_music,0,0.3966279327869415
115241-9-0-6.wav,street_music,0,0.3180542290210724
115241-9-0-8.wav,street_music,0,0.4077123701572418
115241-9-0-9.wav,street_music,0,0.5061901211738586
115242-9-0-14.wav,street_music,0,0.6568767428398132
115242-9-0-44.wav,street_music,0,0.5365012884140015
115242-9-0-55.wav,street_music,0,0.5429800748825073
115242-9-0-68.wav,street_music,0,0.5806887149810791
115242-9-0-70.wav,street_music,0,0.6074076294898987
115242-9-0-83.wav,street_music,0,0.4718958735466003
115243-9-0-0.wav,street_music,0,0.382982075214386
115243-9-0-16.wav,street_music,0,0.3746294975280761
115243-9-0-4.wav,street_music,0,0.3924711048603058
115243-9-0-46.wav,street_music,0,0.2015525251626968
115243-9-0-81.wav,street_music,0,0.1521674543619156
115243-9-0-94.wav,street_music,0,0.2723186314105987
115411-3-0-0.wav,dog_bark,1,0.487389326095581
115411-3-2-0.wav,dog_bark,1,0.7449156045913696
115411-3-3-0.wav,dog_bark,1,0.817204475402832
115415-9-0-0.wav,street_music,0,0.0687842220067977
115415-9-0-1.wav,street_music,0,0.0639294758439064
115415-9-0-4.wav,street_music,0,0.1334495842456817
115415-9-0-5.wav,street_music,0,0.1779890358448028
115415-9-0-6.wav,street_music,0,0.1633588671684265
115415-9-0-7.wav,street_music,0,0.1365746706724167
115418-9-0-11.wav,street_music,0,0.6465981602668762
115418-9-0-12.wav,street_music,0,0.4002237021923065
115418-9-0-15.wav,street_music,0,0.3851772248744964
115418-9-0-20.wav,street_music,0,0.2333343774080276
115418-9-0-29.wav,street_music,0,0.6852110028266907
115418-9-0-6.wav,street_music,0,0.5224055647850037
115535-3-0-0.wav,dog_bark,1,0.9370999932289124
115536-3-0-0.wav,dog_bark,1,0.9688699841499328
115537-3-0-0.wav,dog_bark,1,0.9718994498252868
116163-3-0-0.wav,dog_bark,1,0.9357802271842957
116163-3-1-0.wav,dog_bark,1,0.9695209860801696
116163-3-2-0.wav,dog_bark,1,0.9573732614517212
116423-2-0-0.wav,children_playing,0,0.8327807188034058
116423-2-0-1.wav,children_playing,0,0.6999213695526123
116423-2-0-2.wav,children_playing,0,0.6202762126922607
116423-2-0-3.wav,children_playing,0,0.781327486038208
116423-2-0-4.wav,children_playing,0,0.6915973424911499
116483-3-0-1.wav,dog_bark,1,0.8425537347793579
116483-3-0-2.wav,dog_bark,1,0.7444062829017639
116483-3-1-0.wav,dog_bark,1,0.8134208917617798
116483-3-1-2.wav,dog_bark,1,0.6502746939659119
116484-3-0-12.wav,dog_bark,1,0.8430219292640686
116484-3-0-16.wav,dog_bark,1,0.8437352180480957
116484-3-0-6.wav,dog_bark,1,0.8854225277900696
116484-3-0-8.wav,dog_bark,1,0.8769848346710205
116485-3-0-4.wav,dog_bark,1,0.8654439449310303
116485-3-0-6.wav,dog_bark,1,0.783122181892395
116485-3-2-0.wav,dog_bark,1,0.781455397605896
116485-3-2-4.wav,dog_bark,1,0.848793089389801
117048-3-0-17.wav,dog_bark,1,0.91669499874115
117048-3-0-23.wav,dog_bark,1,0.6584182381629944
117048-3-0-25.wav,dog_bark,1,0.7568107843399048
117048-3-0-35.wav,dog_bark,1,0.82419353723526
117072-3-0-11.wav,dog_bark,1,0.464225560426712
117072-3-0-14.wav,dog_bark,1,0.6602434515953064
117072-3-0-19.wav,dog_bark,1,0.6471235156059265
117072-3-0-8.wav,dog_bark,1,0.8584671020507812
117181-8-0-0.wav,siren,1,0.5775734186172485
117181-8-0-1.wav,siren,1,0.38812917470932
117181-8-0-10.wav,siren,1,0.7605467438697815
117181-8-0-11.wav,siren,1,0.7491262555122375
117181-8-0-12.wav,siren,1,0.7507994771003723
117181-8-0-2.wav,siren,1,0.4022967517375946
117181-8-0-3.wav,siren,1,0.4967402219772339
117181-8-0-4.wav,siren,1,0.716259241104126
117181-8-0-5.wav,siren,1,0.906810700893402
117181-8-0-6.wav,siren,1,0.8426001071929932
117181-8-0-7.wav,siren,1,0.7433866262435913
117181-8-0-8.wav,siren,1,0.7554624080657959
117181-8-0-9.wav,siren,1,0.7294741272926331
11722-3-0-0.wav,dog_bark,1,0.5738623142242432
11722-3-1-0.wav,dog_bark,1,0.6305437684059143
117536-1-0-0.wav,car_horn,1,0.639710009098053
117889-9-0-12.wav,street_music,0,0.1945565193891525
117889-9-0-20.wav,street_music,0,0.0097281588241457
117889-9-0-30.wav,street_music,0,0.3431737720966339
117889-9-0-36.wav,street_music,0,0.282696783542633
117889-9-0-39.wav,street_music,0,0.2143633663654327
117889-9-0-40.wav,street_music,0,0.2047782093286514
118101-3-0-0.wav,dog_bark,1,0.8202524781227112
118101-3-0-3.wav,dog_bark,1,0.5803105235099792
118101-3-0-4.wav,dog_bark,1,0.5823034644126892
118101-3-0-6.wav,dog_bark,1,0.6345868110656738
118278-4-0-0.wav,drilling,0,0.6130365133285522
118278-4-0-1.wav,drilling,0,0.6929932236671448
118278-4-0-10.wav,drilling,0,0.2999529242515564
118278-4-0-11.wav,drilling,0,0.3046861588954925
118278-4-0-12.wav,drilling,0,0.3120895326137543
118278-4-0-13.wav,drilling,0,0.3570809960365295
118278-4-0-2.wav,drilling,0,0.7336683869361877
118278-4-0-3.wav,drilling,0,0.7060668468475342
118278-4-0-4.wav,drilling,0,0.5335146188735962
118278-4-0-5.wav,drilling,0,0.3528305888175964
118278-4-0-6.wav,drilling,0,0.2982735931873321
118278-4-0-7.wav,drilling,0,0.2895688414573669
118278-4-0-8.wav,drilling,0,0.2934127449989319
118278-4-0-9.wav,drilling,0,0.3037467300891876
118279-8-0-0.wav,siren,1,0.3556581735610962
118279-8-0-1.wav,siren,1,0.3491269052028656
118279-8-0-10.wav,siren,1,0.3338215351104736
118279-8-0-11.wav,siren,1,0.285753071308136
118279-8-0-12.wav,siren,1,0.1935126632452011
118279-8-0-13.wav,siren,1,0.2044073790311813
118279-8-0-14.wav,siren,1,0.1968258023262024
118279-8-0-2.wav,siren,1,0.289566695690155
118279-8-0-3.wav,siren,1,0.4004468917846679
118279-8-0-4.wav,siren,1,0.50820392370224
118279-8-0-5.wav,siren,1,0.4814005196094513
118279-8-0-6.wav,siren,1,0.3910983800888061
118279-8-0-7.wav,siren,1,0.2961440980434418
118279-8-0-8.wav,siren,1,0.3125870525836944
118279-8-0-9.wav,siren,1,0.3144469261169433
118440-4-0-0.wav,drilling,0,0.9210349917411804
118440-4-1-0.wav,drilling,0,0.8968685269355774
118440-4-2-0.wav,drilling,0,0.9138487577438354
118440-4-3-0.wav,drilling,0,0.8994078636169434
118440-4-4-0.wav,drilling,0,0.9162854552268982
118440-4-5-0.wav,drilling,0,0.8769469261169434
118440-4-6-0.wav,drilling,0,0.9437704086303712
118440-4-7-0.wav,drilling,0,0.8024940490722656
118440-4-8-0.wav,drilling,0,0.853415310382843
118496-1-0-0.wav,car_horn,1,0.93349426984787
118558-5-0-0.wav,engine_idling,0,0.730279266834259
118558-5-0-1.wav,engine_idling,0,0.7567603588104248
118558-5-0-2.wav,engine_idling,0,0.7785066962242126
118558-5-1-0.wav,engine_idling,0,0.7118696570396423
118558-5-1-1.wav,engine_idling,0,0.6450276374816895
118558-5-1-2.wav,engine_idling,0,0.6713054776191711
118558-5-2-0.wav,engine_idling,0,0.8356481790542603
118558-5-2-1.wav,engine_idling,0,0.770291805267334
118558-5-2-2.wav,engine_idling,0,0.7963119149208069
118558-5-2-3.wav,engine_idling,0,0.7836225628852844
118587-3-0-2.wav,dog_bark,1,0.8344959020614624
118587-3-0-21.wav,dog_bark,1,0.8267697691917419
118587-3-0-6.wav,dog_bark,1,0.9166692495346068
118723-4-0-0.wav,drilling,0,0.6322474479675293
118961-3-0-0.wav,dog_bark,1,0.947839379310608
118962-3-0-0.wav,dog_bark,1,0.9710599184036256
118963-3-0-0.wav,dog_bark,1,0.9252115488052368
119067-0-0-0.wav,air_conditioner,0,0.1656301617622375
119067-0-0-1.wav,air_conditioner,0,0.1643666923046112
119067-0-0-2.wav,air_conditioner,0,0.1656913757324218
119420-3-0-0.wav,dog_bark,1,0.425570011138916
119420-3-1-0.wav,dog_bark,1,0.662554919719696
119449-5-0-0.wav,engine_idling,0,0.001660214154981
119449-5-0-1.wav,engine_idling,0,0.0023080867249518
119449-5-0-2.wav,engine_idling,0,0.003185786306858
119449-5-0-3.wav,engine_idling,0,0.0087089510634541
119449-5-0-4.wav,engine_idling,0,0.0081799644976854
119449-5-0-5.wav,engine_idling,0,0.0061354227364063
119449-5-0-6.wav,engine_idling,0,0.014105899259448
119455-5-0-0.wav,engine_idling,0,0.1568917483091354
119455-5-0-1.wav,engine_idling,0,0.1967161744832992
119455-5-0-2.wav,engine_idling,0,0.190113216638565
119455-5-0-3.wav,engine_idling,0,0.2013025134801864
119455-5-0-4.wav,engine_idling,0,0.2107473909854889
119455-5-0-5.wav,engine_idling,0,0.1915039271116256
119455-5-0-6.wav,engine_idling,0,0.2201617956161499
119455-5-0-7.wav,engine_idling,0,0.2436950057744979
119809-7-0-0.wav,jackhammer,0,0.4652245938777923
119809-7-0-1.wav,jackhammer,0,0.4523516595363617
119809-7-0-2.wav,jackhammer,0,0.4560204446315765
119809-7-0-3.wav,jackhammer,0,0.4314450621604919
119809-7-0-4.wav,jackhammer,0,0.4453608989715576
119809-7-0-5.wav,jackhammer,0,0.4844829440116882
119809-7-0-6.wav,jackhammer,0,0.4873774349689483
121285-0-0-0.wav,air_conditioner,0,0.5473265051841736
121285-0-0-1.wav,air_conditioner,0,0.5604354739189148
121285-0-0-2.wav,air_conditioner,0,0.572912335395813
121285-0-0-3.wav,air_conditioner,0,0.5778847932815552
121285-0-0-4.wav,air_conditioner,0,0.5715360045433044
121285-0-0-5.wav,air_conditioner,0,0.534453809261322
121285-0-0-6.wav,air_conditioner,0,0.5766808986663818
121285-0-0-7.wav,air_conditioner,0,0.5964910984039307
121285-0-0-8.wav,air_conditioner,0,0.5759214162826538
121285-0-0-9.wav,air_conditioner,0,0.5249301791191101
121286-0-0-0.wav,air_conditioner,0,0.522875189781189
121286-0-0-1.wav,air_conditioner,0,0.5370462536811829
121286-0-0-10.wav,air_conditioner,0,0.4916868507862091
121286-0-0-11.wav,air_conditioner,0,0.4924536943435669
121286-0-0-12.wav,air_conditioner,0,0.5092713236808777
121286-0-0-13.wav,air_conditioner,0,0.5263710618019104
121286-0-0-14.wav,air_conditioner,0,0.5170227885246277
121286-0-0-15.wav,air_conditioner,0,0.516679584980011
121286-0-0-2.wav,air_conditioner,0,0.5440374612808228
121286-0-0-3.wav,air_conditioner,0,0.5320165753364563
121286-0-0-4.wav,air_conditioner,0,0.529325544834137
121286-0-0-5.wav,air_conditioner,0,0.5380615592002869
121286-0-0-6.wav,air_conditioner,0,0.5576785802841187
121286-0-0-7.wav,air_conditioner,0,0.5496863126754761
121286-0-0-8.wav,air_conditioner,0,0.5101748704910278
121286-0-0-9.wav,air_conditioner,0,0.5057986974716187
121299-1-0-0.wav,car_horn,1,0.6015459299087524
121528-8-1-0.wav,siren,1,0.2026884704828262
121528-8-1-1.wav,siren,1,0.2420915514230728
121888-3-0-0.wav,dog_bark,1,0.8586592674255371
122199-3-1-1.wav,dog_bark,1,0.7661056518554688
122199-3-1-2.wav,dog_bark,1,0.7644290924072266
122199-3-1-3.wav,dog_bark,1,0.7479853630065918
122199-3-1-6.wav,dog_bark,1,0.750739574432373
122690-6-0-0.wav,gun_shot,1,0.7182639837265015
122738-9-0-11.wav,street_music,0,0.3073851466178894
122738-9-0-12.wav,street_music,0,0.0906171798706054
122738-9-0-2.wav,street_music,0,0.3202918767929077
122738-9-0-3.wav,street_music,0,0.1769068539142608
122738-9-0-5.wav,street_music,0,0.168918028473854
122738-9-0-9.wav,street_music,0,0.2924273908138275
123399-2-0-13.wav,children_playing,0,0.5956587791442871
123399-2-0-19.wav,children_playing,0,0.461473286151886
123399-2-0-22.wav,children_playing,0,0.7705755233764648
123399-2-0-5.wav,children_playing,0,0.527125358581543
123399-2-0-54.wav,children_playing,0,0.4479434192180633
123399-2-0-74.wav,children_playing,0,0.7219527363777161
123399-2-0-83.wav,children_playing,0,0.625273585319519
123399-2-0-91.wav,children_playing,0,0.6442427635192871
123685-5-0-0.wav,engine_idling,0,0.0007333407993428
123685-5-0-1.wav,engine_idling,0,8.864933624863625e-05
123685-5-0-2.wav,engine_idling,0,0.0007200302788987
123685-5-0-3.wav,engine_idling,0,0.2822397351264953
123685-5-0-4.wav,engine_idling,0,0.3843054175376892
123685-5-0-5.wav,engine_idling,0,0.3153832852840423
123685-5-0-6.wav,engine_idling,0,0.1923731118440628
123685-5-0-7.wav,engine_idling,0,0.2335404902696609
123685-5-0-8.wav,engine_idling,0,0.2079543471336364
123688-8-0-0.wav,siren,1,0.2503442764282226
123688-8-0-1.wav,siren,1,0.26084765791893
123688-8-0-10.wav,siren,1,0.2380722761154174
123688-8-0-11.wav,siren,1,0.2428541779518127
123688-8-0-12.wav,siren,1,0.3064298033714294
123688-8-0-13.wav,siren,1,0.4756966531276703
123688-8-0-14.wav,siren,1,0.4501196146011352
123688-8-0-15.wav,siren,1,0.366687148809433
123688-8-0-16.wav,siren,1,0.3988294899463653
123688-8-0-17.wav,siren,1,0.4076147079467773
123688-8-0-18.wav,siren,1,0.5127483606338501
123688-8-0-2.wav,siren,1,0.252552330493927
123688-8-0-3.wav,siren,1,0.2460694015026092
123688-8-0-4.wav,siren,1,0.2298442721366882
123688-8-0-5.wav,siren,1,0.2283205389976501
123688-8-0-6.wav,siren,1,0.229591816663742
123688-8-0-7.wav,siren,1,0.1999900192022323
123688-8-0-8.wav,siren,1,0.1913881748914718
123688-8-0-9.wav,siren,1,0.2276190817356109
123688-8-1-0.wav,siren,1,0.7538289427757263
123688-8-1-1.wav,siren,1,0.754866898059845
123688-8-1-2.wav,siren,1,0.7123308181762695
123688-8-1-3.wav,siren,1,0.7105673551559448
123688-8-1-4.wav,siren,1,0.6798686981201172
123688-8-1-5.wav,siren,1,0.6357169151306152
123688-8-2-0.wav,siren,1,0.4599056243896484
123688-8-2-1.wav,siren,1,0.3186054229736328
123688-8-2-2.wav,siren,1,0.2533925175666809
123688-8-2-3.wav,siren,1,0.198036640882492
123688-8-2-4.wav,siren,1,0.1697256118059158
124389-8-1-0.wav,siren,1,0.423555850982666
124389-8-1-1.wav,siren,1,0.3762282729148865
124389-8-1-10.wav,siren,1,0.4864954948425293
124389-8-1-11.wav,siren,1,0.5008431673049927
124389-8-1-12.wav,siren,1,0.2864546179771423
124389-8-1-13.wav,siren,1,0.3018893003463745
124389-8-1-14.wav,siren,1,0.3967457413673401
124389-8-1-15.wav,siren,1,0.4331066906452179
124389-8-1-16.wav,siren,1,0.3109258115291595
124389-8-1-17.wav,siren,1,0.2970885932445526
124389-8-1-18.wav,siren,1,0.4787495732307434
124389-8-1-2.wav,siren,1,0.1064596772193908
124389-8-1-3.wav,siren,1,0.143615648150444
124389-8-1-4.wav,siren,1,0.1924762427806854
124389-8-1-5.wav,siren,1,0.4367603659629822
124389-8-1-6.wav,siren,1,0.3868372142314911
124389-8-1-7.wav,siren,1,0.3220371603965759
124389-8-1-8.wav,siren,1,0.5741153955459595
124389-8-1-9.wav,siren,1,0.508141815662384
124489-9-0-12.wav,street_music,0,0.5032438635826111
124489-9-0-14.wav,street_music,0,0.5886770486831665
124489-9-0-16.wav,street_music,0,0.4510145485401153
124489-9-0-17.wav,street_music,0,0.4687317013740539
124489-9-0-18.wav,street_music,0,0.5070411562919617
124489-9-0-6.wav,street_music,0,0.3047415912151336
125523-3-0-1.wav,dog_bark,1,0.7913338541984558
125523-3-0-11.wav,dog_bark,1,0.9293528199195862
125523-3-0-3.wav,dog_bark,1,0.806229829788208
125554-3-0-0.wav,dog_bark,1,0.7430014610290527
125574-3-0-0.wav,dog_bark,1,0.8819333910942078
125678-7-0-0.wav,jackhammer,0,0.0611136630177497
125678-7-0-1.wav,jackhammer,0,0.1300713717937469
125678-7-0-2.wav,jackhammer,0,0.1112314015626907
125678-7-0-3.wav,jackhammer,0,0.113633319735527
125678-7-0-4.wav,jackhammer,0,0.1164920032024383
125678-7-0-5.wav,jackhammer,0,0.112625315785408
125678-7-0-6.wav,jackhammer,0,0.1282494664192199
125678-7-0-7.wav,jackhammer,0,0.1900357753038406
125678-7-0-8.wav,jackhammer,0,0.1909531503915786
125678-7-0-9.wav,jackhammer,0,0.2666573822498321
125678-7-1-0.wav,jackhammer,0,0.1054728925228118
125678-7-1-1.wav,jackhammer,0,0.0689916610717773
125678-7-1-2.wav,jackhammer,0,0.0630838423967361
125678-7-1-3.wav,jackhammer,0,0.0979192927479744
125678-7-1-4.wav,jackhammer,0,0.1068445444107055
125678-7-1-5.wav,jackhammer,0,0.1246526688337326
125678-7-1-6.wav,jackhammer,0,0.1226236745715141
125678-7-1-7.wav,jackhammer,0,0.1217991858720779
125678-7-1-8.wav,jackhammer,0,0.1951871961355209
125678-7-2-0.wav,jackhammer,0,0.0879091247916221
125678-7-2-1.wav,jackhammer,0,0.0619811192154884
125678-7-2-2.wav,jackhammer,0,0.0785135701298713
125678-7-2-3.wav,jackhammer,0,0.0738324001431465
125678-7-2-4.wav,jackhammer,0,0.0631731003522872
125678-7-2-5.wav,jackhammer,0,0.0600354075431823
125678-7-2-6.wav,jackhammer,0,0.0546324625611305
125678-7-2-7.wav,jackhammer,0,0.0489334613084793
125678-7-2-8.wav,jackhammer,0,0.1015433669090271
125678-7-3-0.wav,jackhammer,0,0.0731420740485191
125678-7-3-1.wav,jackhammer,0,0.1167968809604644
125678-7-3-2.wav,jackhammer,0,0.1031330898404121
125678-7-3-3.wav,jackhammer,0,0.0665540471673011
125678-7-3-4.wav,jackhammer,0,0.0700367540121078
125678-7-3-5.wav,jackhammer,0,0.0781406909227371
125678-7-3-6.wav,jackhammer,0,0.0732412934303283
125678-7-3-7.wav,jackhammer,0,0.0695925503969192
125678-7-4-0.wav,jackhammer,0,0.0628836154937744
125678-7-4-1.wav,jackhammer,0,0.0862675681710243
125678-7-4-2.wav,jackhammer,0,0.1159427762031555
125678-7-4-3.wav,jackhammer,0,0.1119685769081115
125678-7-4-4.wav,jackhammer,0,0.1501219272613525
125678-7-4-5.wav,jackhammer,0,0.225541204214096
125678-7-4-6.wav,jackhammer,0,0.2069393694400787
125678-7-4-7.wav,jackhammer,0,0.1152684614062309
125678-7-4-8.wav,jackhammer,0,0.1143036037683487
125791-3-0-12.wav,dog_bark,1,0.7089487910270691
125791-3-0-13.wav,dog_bark,1,0.5649730563163757
125791-3-0-15.wav,dog_bark,1,0.6190788745880127
125791-3-0-9.wav,dog_bark,1,0.3485818207263946
126153-9-0-0.wav,street_music,0,0.627828061580658
126153-9-0-1.wav,street_music,0,0.4380091428756714
126153-9-0-11.wav,street_music,0,0.0025342926383018
126153-9-0-4.wav,street_music,0,0.1966014802455902
126153-9-0-5.wav,street_music,0,0.5179852843284607
126153-9-0-6.wav,street_music,0,0.0537743456661701
126153-9-0-8.wav,street_music,0,0.106868989765644
12647-3-0-0.wav,dog_bark,1,0.5215851068496704
12647-3-1-0.wav,dog_bark,1,0.5485120415687561
12647-3-2-0.wav,dog_bark,1,0.2441853880882263
12647-3-3-0.wav,dog_bark,1,0.9490286111831664
126521-3-0-12.wav,dog_bark,1,0.8017732501029968
126521-3-0-17.wav,dog_bark,1,0.8824036121368408
126521-3-0-18.wav,dog_bark,1,0.9149879813194276
126521-3-0-2.wav,dog_bark,1,0.5501528382301331
127443-4-0-0.wav,drilling,0,0.5319164991378784
127443-4-0-1.wav,drilling,0,0.3583827614784241
127443-4-0-10.wav,drilling,0,0.4558936059474945
127443-4-0-11.wav,drilling,0,0.5205885767936707
127443-4-0-12.wav,drilling,0,0.5471325516700745
127443-4-0-2.wav,drilling,0,0.3463810086250305
127443-4-0-3.wav,drilling,0,0.3538252711296081
127443-4-0-4.wav,drilling,0,0.3179585337638855
127443-4-0-5.wav,drilling,0,0.3283537626266479
127443-4-0-6.wav,drilling,0,0.464471697807312
127443-4-0-7.wav,drilling,0,0.4172519445419311
127443-4-0-8.wav,drilling,0,0.2951821982860565
127443-4-0-9.wav,drilling,0,0.3382124602794647
127538-4-0-0.wav,drilling,0,0.4140690267086029
127538-4-1-0.wav,drilling,0,0.6391706466674805
127538-4-2-0.wav,drilling,0,0.3044993281364441
127872-0-0-0.wav,air_conditioner,0,0.0001346903445664
127873-0-0-0.wav,air_conditioner,0,0.085015058517456
128030-3-0-0.wav,dog_bark,1,0.9104279279708862
128030-3-1-0.wav,dog_bark,1,0.828870415687561
128030-3-2-0.wav,dog_bark,1,0.7931613922119141
12812-5-0-0.wav,engine_idling,0,0.001186633715406
12812-5-0-1.wav,engine_idling,0,0.00140532606747
12812-5-0-2.wav,engine_idling,0,0.0015895958058536
128152-9-0-10.wav,street_music,0,0.5638575553894043
128152-9-0-126.wav,street_music,0,0.5249441862106323
128152-9-0-167.wav,street_music,0,0.3464341759681701
128152-9-0-48.wav,street_music,0,0.4607782363891601
128152-9-0-49.wav,street_music,0,0.4403765797615051
128152-9-0-67.wav,street_music,0,0.0556037984788417
128160-5-0-0.wav,engine_idling,0,0.170221671462059
128160-5-0-1.wav,engine_idling,0,0.1702547073364257
128160-5-0-10.wav,engine_idling,0,0.1770710796117782
128160-5-0-11.wav,engine_idling,0,0.1638376265764236
128160-5-0-12.wav,engine_idling,0,0.1660009175539016
128160-5-0-13.wav,engine_idling,0,0.2208330780267715
128160-5-0-14.wav,engine_idling,0,0.2298398464918136
128160-5-0-15.wav,engine_idling,0,0.1945584714412689
128160-5-0-2.wav,engine_idling,0,0.1781269460916519
128160-5-0-3.wav,engine_idling,0,0.1739277690649032
128160-5-0-4.wav,engine_idling,0,0.17039255797863
128160-5-0-5.wav,engine_idling,0,0.1621553301811218
128160-5-0-6.wav,engine_idling,0,0.1592140644788742
128160-5-0-7.wav,engine_idling,0,0.1734887361526489
128160-5-0-8.wav,engine_idling,0,0.1657619029283523
128160-5-0-9.wav,engine_idling,0,0.1698639243841171
128240-3-0-1.wav,dog_bark,1,0.9051871299743652
128240-3-0-20.wav,dog_bark,1,0.8825078010559082
128240-3-0-39.wav,dog_bark,1,0.6606293320655823
128240-3-0-42.wav,dog_bark,1,0.7697038650512695
128470-3-0-0.wav,dog_bark,1,0.8878597617149353
128470-3-0-1.wav,dog_bark,1,0.7557756900787354
128470-3-0-5.wav,dog_bark,1,0.8240704536437988
128470-3-0-8.wav,dog_bark,1,0.7173537015914917
128607-4-0-0.wav,drilling,0,0.244219109416008
128607-4-0-1.wav,drilling,0,0.2744936347007751
128607-4-0-2.wav,drilling,0,0.3119640350341797
128607-4-0-3.wav,drilling,0,0.2390476018190384
128607-4-0-4.wav,drilling,0,0.2034112811088562
128607-4-1-0.wav,drilling,0,0.1331638246774673
128607-4-1-1.wav,drilling,0,0.0997063741087913
128607-4-1-2.wav,drilling,0,0.0165648162364959
128607-4-1-3.wav,drilling,0,0.010191660374403
128891-3-0-2.wav,dog_bark,1,0.3271017670631408
128891-3-0-4.wav,dog_bark,1,0.0061472710222005
128891-3-0-5.wav,dog_bark,1,0.1320849657058715
129356-2-0-101.wav,children_playing,0,0.0217267703264951
129356-2-0-115.wav,children_playing,0,0.3421416878700256
129356-2-0-118.wav,children_playing,0,0.0679271966218948
129356-2-0-129.wav,children_playing,0,0.453476995229721
129356-2-0-199.wav,children_playing,0,0.0001654382504057
129356-2-0-48.wav,children_playing,0,0.1950634866952896
129356-2-0-98.wav,children_playing,0,0.2309041619300842
129750-2-0-3.wav,children_playing,0,0.38349649310112
129750-2-0-34.wav,children_playing,0,0.4092039167881012
129750-2-0-36.wav,children_playing,0,0.444547027349472
129750-2-0-37.wav,children_playing,0,0.4541858434677124
129750-2-0-4.wav,children_playing,0,0.435509443283081
129750-2-0-45.wav,children_playing,0,0.4164654910564422
129750-2-0-46.wav,children_playing,0,0.4399003684520721
129750-2-0-48.wav,children_playing,0,0.4123799502849579
130030-3-0-0.wav,dog_bark,1,0.9681077599525452
130961-4-0-0.wav,drilling,0,0.7064299583435059
130961-4-1-1.wav,drilling,0,0.6180737614631653
130961-4-1-2.wav,drilling,0,0.5447459816932678
130961-4-1-3.wav,drilling,0,0.3734568953514099
130961-4-1-4.wav,drilling,0,0.3973137736320495
130961-4-2-1.wav,drilling,0,0.3074736595153808
130961-4-2-2.wav,drilling,0,0.3374693393707275
130961-4-3-0.wav,drilling,0,0.4896607100963592
130961-4-3-1.wav,drilling,0,0.4264852702617645
130961-4-3-2.wav,drilling,0,0.5770128965377808
130961-4-4-0.wav,drilling,0,0.5531769394874573
130961-4-5-0.wav,drilling,0,0.3013486862182617
130961-4-5-1.wav,drilling,0,0.3606353402137756
130961-4-5-2.wav,drilling,0,0.576345682144165
130961-4-5-3.wav,drilling,0,0.4945801198482513
130961-4-5-4.wav,drilling,0,0.3666594624519348
130961-4-5-5.wav,drilling,0,0.0476022362709045
131199-3-0-0.wav,dog_bark,1,0.5821196436882019
131428-9-0-3.wav,street_music,0,0.0065848603844642
131428-9-0-5.wav,street_music,0,0.0018685288960114
131428-9-1-0.wav,street_music,0,0.2207718044519424
131428-9-1-19.wav,street_music,0,0.1647312492132187
131428-9-1-8.wav,street_music,0,0.2067326605319976
131428-9-1-9.wav,street_music,0,0.144911527633667
131571-6-0-0.wav,gun_shot,1,0.8288880586624146
131918-7-0-0.wav,jackhammer,0,0.0219628810882568
131918-7-0-1.wav,jackhammer,0,0.0128134256228804
131918-7-0-2.wav,jackhammer,0,0.0130678880959749
131918-7-0-3.wav,jackhammer,0,2.73083096544724e-05
131918-7-0-4.wav,jackhammer,0,1.8077375898428727e-06
131918-7-0-5.wav,jackhammer,0,7.012801233940991e-06
131918-7-0-6.wav,jackhammer,0,4.992713229512447e-07
131918-7-0-7.wav,jackhammer,0,3.923421232343571e-08
131918-7-0-8.wav,jackhammer,0,4.484184614739206e-07
132016-7-0-0.wav,jackhammer,0,0.119324080646038
132016-7-0-1.wav,jackhammer,0,0.3328467309474945
132016-7-0-2.wav,jackhammer,0,0.5442352294921875
132016-7-0-3.wav,jackhammer,0,0.5845979452133179
132016-7-0-4.wav,jackhammer,0,0.6192584037780762
132016-7-0-5.wav,jackhammer,0,0.6907415986061096
132016-7-0-6.wav,jackhammer,0,0.6672160029411316
132016-7-0-7.wav,jackhammer,0,0.6006619334220886
132016-7-0-8.wav,jackhammer,0,0.6147717237472534
132016-9-0-0.wav,street_music,0,0.5683343410491943
132016-9-0-11.wav,street_music,0,0.2745205461978912
132016-9-0-14.wav,street_music,0,0.1664076149463653
132016-9-0-16.wav,street_music,0,0.3554261326789856
132016-9-0-20.wav,street_music,0,0.7006241679191589
132016-9-0-6.wav,street_music,0,0.7220545411109924
132021-7-0-0.wav,jackhammer,0,0.4145512282848358
132021-7-0-1.wav,jackhammer,0,0.3940072059631347
132021-7-0-10.wav,jackhammer,0,0.4958896338939667
132021-7-0-11.wav,jackhammer,0,0.2699747681617737
132021-7-0-12.wav,jackhammer,0,0.1043747961521148
132021-7-0-2.wav,jackhammer,0,0.3928790688514709
132021-7-0-3.wav,jackhammer,0,0.4832464754581451
132021-7-0-4.wav,jackhammer,0,0.4952259361743927
132021-7-0-5.wav,jackhammer,0,0.5244535207748413
132021-7-0-6.wav,jackhammer,0,0.5275840163230896
132021-7-0-7.wav,jackhammer,0,0.4372532963752746
132021-7-0-8.wav,jackhammer,0,0.290989488363266
132021-7-0-9.wav,jackhammer,0,0.4432456493377685
132021-7-1-0.wav,jackhammer,0,0.0011842743260785
132073-1-0-0.wav,car_horn,1,0.5474517345428467
132073-1-1-0.wav,car_horn,1,0.5584088563919067
132073-1-2-0.wav,car_horn,1,0.5680407285690308
132073-1-3-0.wav,car_horn,1,0.5368828177452087
132073-1-4-0.wav,car_horn,1,0.5647284388542175
132073-1-5-0.wav,car_horn,1,0.5438714623451233
132073-1-6-0.wav,car_horn,1,0.5693100094795227
132108-9-0-12.wav,street_music,0,0.3737971782684326
132108-9-0-21.wav,street_music,0,0.4318277835845947
132108-9-1-1.wav,street_music,0,0.3591510653495788
132108-9-1-24.wav,street_music,0,0.0471300035715103
132108-9-1-26.wav,street_music,0,0.3288722634315491
132108-9-1-27.wav,street_music,0,0.3315579891204834
132162-9-1-3.wav,street_music,0,0.5235792994499207
132162-9-1-58.wav,street_music,0,0.0021164435893297
132162-9-1-63.wav,street_music,0,0.0438056997954845
132162-9-1-67.wav,street_music,0,0.0027424606960266
132162-9-1-68.wav,street_music,0,0.0071200160309672
132162-9-1-73.wav,street_music,0,0.002555129583925
13230-0-0-1.wav,air_conditioner,0,0.7433122396469116
13230-0-0-10.wav,air_conditioner,0,0.7531037926673889
13230-0-0-11.wav,air_conditioner,0,0.7654843330383301
13230-0-0-12.wav,air_conditioner,0,0.7565416097640991
13230-0-0-13.wav,air_conditioner,0,0.7327743768692017
13230-0-0-14.wav,air_conditioner,0,0.7304770946502686
13230-0-0-16.wav,air_conditioner,0,0.73628830909729
13230-0-0-17.wav,air_conditioner,0,0.7483687996864319
13230-0-0-18.wav,air_conditioner,0,0.7349292039871216
13230-0-0-19.wav,air_conditioner,0,0.7141260504722595
13230-0-0-20.wav,air_conditioner,0,0.737872838973999
13230-0-0-22.wav,air_conditioner,0,0.7075096964836121
13230-0-0-23.wav,air_conditioner,0,0.5658186674118042
13230-0-0-24.wav,air_conditioner,0,0.5460923314094543
13230-0-0-25.wav,air_conditioner,0,0.605446994304657
13230-0-0-26.wav,air_conditioner,0,0.7246072888374329
13230-0-0-27.wav,air_conditioner,0,0.7285445928573608
13230-0-0-28.wav,air_conditioner,0,0.7284806966781616
13230-0-0-3.wav,air_conditioner,0,0.7399222254753113
13230-0-0-5.wav,air_conditioner,0,0.760046124458313
13230-0-0-6.wav,air_conditioner,0,0.6820055246353149
13230-0-0-7.wav,air_conditioner,0,0.6299071311950684
13230-0-0-8.wav,air_conditioner,0,0.689117968082428
13230-0-0-9.wav,air_conditioner,0,0.7241477966308594
132855-2-0-113.wav,children_playing,0,0.2487887293100357
132855-2-0-41.wav,children_playing,0,0.2257157564163208
132855-2-0-58.wav,children_playing,0,0.2294508218765258
132855-2-0-70.wav,children_playing,0,0.2195003032684326
132855-2-0-77.wav,children_playing,0,0.2279833257198333
132855-2-0-88.wav,children_playing,0,0.5144097805023193
132855-2-0-90.wav,children_playing,0,0.4730340540409088
132855-2-0-99.wav,children_playing,0,0.3368569612503052
133090-2-0-14.wav,children_playing,0,0.4340631067752838
133090-2-0-20.wav,children_playing,0,0.4375552535057068
133090-2-0-28.wav,children_playing,0,0.411679208278656
133090-2-0-37.wav,children_playing,0,0.4210576713085174
133090-2-0-38.wav,children_playing,0,0.4215476512908935
133090-2-0-64.wav,children_playing,0,0.4341587126255035
133090-2-0-70.wav,children_playing,0,0.4654761254787445
133090-2-0-76.wav,children_playing,0,0.4448910653591156
133473-8-0-0.wav,siren,1,0.7760875225067139
133473-8-0-1.wav,siren,1,0.8084744811058044
133473-8-0-2.wav,siren,1,0.8248564600944519
133473-8-0-3.wav,siren,1,0.761618435382843
133473-8-0-4.wav,siren,1,0.555457353591919
133473-8-0-5.wav,siren,1,0.2192456275224685
133494-2-0-18.wav,children_playing,0,0.1643589287996292
133494-2-0-19.wav,children_playing,0,0.2950451970100403
133494-2-0-22.wav,children_playing,0,0.3079478442668915
133494-2-0-25.wav,children_playing,0,0.7081482410430908
133494-2-0-26.wav,children_playing,0,0.588809609413147
133494-2-0-31.wav,children_playing,0,0.913228154182434
133494-2-0-37.wav,children_playing,0,0.6439963579177856
133494-2-0-45.wav,children_playing,0,0.5892857313156128
133797-6-0-0.wav,gun_shot,1,0.9217885732650756
133797-6-1-0.wav,gun_shot,1,0.9261446595191956
133797-6-2-0.wav,gun_shot,1,0.9260970950126648
134717-0-0-0.wav,air_conditioner,0,5.062556276969055e-12
134717-0-0-1.wav,air_conditioner,0,1.301374147333334e-10
134717-0-0-12.wav,air_conditioner,0,2.482364092060152e-09
134717-0-0-13.wav,air_conditioner,0,1.3219391137297976e-09
134717-0-0-14.wav,air_conditioner,0,1.1123989507311194e-09
134717-0-0-15.wav,air_conditioner,0,9.625615859931711e-10
134717-0-0-16.wav,air_conditioner,0,2.0154346247469587e-10
134717-0-0-18.wav,air_conditioner,0,2.826501532826597e-11
134717-0-0-19.wav,air_conditioner,0,7.703834237204886e-10
134717-0-0-2.wav,air_conditioner,0,3.3014296851874287e-10
134717-0-0-20.wav,air_conditioner,0,5.259127888734839e-08
134717-0-0-21.wav,air_conditioner,0,5.9126577411916514e-08
134717-0-0-22.wav,air_conditioner,0,5.565313765387714e-10
134717-0-0-23.wav,air_conditioner,0,2.011071517649121e-11
134717-0-0-24.wav,air_conditioner,0,1.4409790027869462e-10
134717-0-0-25.wav,air_conditioner,0,1.0457992111190252e-10
134717-0-0-26.wav,air_conditioner,0,3.880162510738749e-11
134717-0-0-27.wav,air_conditioner,0,9.215547769336752e-11
134717-0-0-28.wav,air_conditioner,0,3.051991548375099e-09
134717-0-0-4.wav,air_conditioner,0,2.5768903677558797e-10
134717-0-0-5.wav,air_conditioner,0,1.5150461440960328e-10
134717-0-0-6.wav,air_conditioner,0,2.475950833247253e-10
134717-0-0-7.wav,air_conditioner,0,3.5167610490383083e-10
134717-0-0-8.wav,air_conditioner,0,4.63598326394532e-10
134717-0-0-9.wav,air_conditioner,0,4.6419124100083304e-10
135160-8-0-0.wav,siren,1,0.5784087181091309
135160-8-0-1.wav,siren,1,0.7712699174880981
135160-8-0-10.wav,siren,1,0.7212411761283875
135160-8-0-11.wav,siren,1,0.6951097846031189
135160-8-0-2.wav,siren,1,0.5863469839096069
135160-8-0-3.wav,siren,1,0.941786766052246
135160-8-0-4.wav,siren,1,0.9609586000442504
135160-8-0-5.wav,siren,1,0.413248211145401
135160-8-0-6.wav,siren,1,0.6403380632400513
135160-8-0-7.wav,siren,1,0.7632214426994324
135160-8-0-8.wav,siren,1,0.6594960689544678
135160-8-0-9.wav,siren,1,0.665779173374176
135526-6-1-0.wav,gun_shot,1,0.6913287043571472
135526-6-10-0.wav,gun_shot,1,0.5597633719444275
135526-6-11-0.wav,gun_shot,1,0.5698638558387756
135526-6-12-0.wav,gun_shot,1,0.5503991842269897
135526-6-13-0.wav,gun_shot,1,0.8463467359542847
135526-6-3-0.wav,gun_shot,1,0.7739102244377136
135526-6-4-0.wav,gun_shot,1,0.6825992465019226
135526-6-5-0.wav,gun_shot,1,0.6361828446388245
135526-6-6-0.wav,gun_shot,1,0.5862985849380493
135526-6-7-0.wav,gun_shot,1,0.6239197254180908
135526-6-8-0.wav,gun_shot,1,0.6540729999542236
135527-6-0-0.wav,gun_shot,1,0.743872880935669
135527-6-1-0.wav,gun_shot,1,0.7273659706115723
135527-6-11-0.wav,gun_shot,1,0.6463212966918945
135527-6-12-0.wav,gun_shot,1,0.5649486184120178
135527-6-13-0.wav,gun_shot,1,0.7517839074134827
135527-6-14-0.wav,gun_shot,1,0.5125242471694946
135527-6-14-1.wav,gun_shot,1,0.559395432472229
135527-6-14-10.wav,gun_shot,1,0.5818700790405273
135527-6-14-2.wav,gun_shot,1,0.6539593935012817
135527-6-14-4.wav,gun_shot,1,0.5493397116661072
135527-6-14-5.wav,gun_shot,1,0.6572689414024353
135527-6-14-6.wav,gun_shot,1,0.3911788463592529
135527-6-14-7.wav,gun_shot,1,0.3881668150424957
135527-6-14-8.wav,gun_shot,1,0.591273844242096
135527-6-2-0.wav,gun_shot,1,0.7472316026687622
135527-6-3-0.wav,gun_shot,1,0.8700748085975647
135527-6-5-0.wav,gun_shot,1,0.7263927459716797
135527-6-6-0.wav,gun_shot,1,0.4159083068370819
135527-6-7-0.wav,gun_shot,1,0.5575541853904724
135527-6-8-0.wav,gun_shot,1,0.6370552778244019
135527-6-9-0.wav,gun_shot,1,0.6655012369155884
135528-6-0-0.wav,gun_shot,1,0.4485827982425689
135528-6-1-0.wav,gun_shot,1,0.4579827487468719
135528-6-10-0.wav,gun_shot,1,0.6771566271781921
135528-6-11-0.wav,gun_shot,1,0.6683635711669922
135528-6-12-0.wav,gun_shot,1,0.5517695546150208
135528-6-2-0.wav,gun_shot,1,0.4270505309104919
135528-6-3-0.wav,gun_shot,1,0.6114889979362488
135528-6-4-1.wav,gun_shot,1,0.3599567115306854
135528-6-5-0.wav,gun_shot,1,0.5571675300598145
135528-6-6-0.wav,gun_shot,1,0.6096320152282715
135528-6-7-0.wav,gun_shot,1,0.7032046318054199
135528-6-8-0.wav,gun_shot,1,0.6783377528190613
135528-6-9-0.wav,gun_shot,1,0.7399027347564697
135544-6-1-0.wav,gun_shot,1,0.5973117351531982
135544-6-10-0.wav,gun_shot,1,0.7791523933410645
135544-6-11-0.wav,gun_shot,1,0.8364297151565552
135544-6-12-0.wav,gun_shot,1,0.7547720074653625
135544-6-13-0.wav,gun_shot,1,0.7627865672111511
135544-6-14-0.wav,gun_shot,1,0.7627264857292175
135544-6-15-0.wav,gun_shot,1,0.7519046068191528
135544-6-16-0.wav,gun_shot,1,0.7200934886932373
135544-6-18-0.wav,gun_shot,1,0.7043869495391846
135544-6-19-0.wav,gun_shot,1,0.6635187864303589
135544-6-2-0.wav,gun_shot,1,0.70557701587677
135544-6-4-0.wav,gun_shot,1,0.6788786053657532
135544-6-5-0.wav,gun_shot,1,0.6671239137649536
135544-6-6-0.wav,gun_shot,1,0.6975775957107544
135544-6-7-0.wav,gun_shot,1,0.6853325366973877
135544-6-8-0.wav,gun_shot,1,0.8225306868553162
135544-6-9-0.wav,gun_shot,1,0.6819231510162354
13577-3-0-0.wav,dog_bark,1,0.4908360540866852
13577-3-0-2.wav,dog_bark,1,0.5611990690231323
13577-3-5-0.wav,dog_bark,1,0.2463925778865814
135776-2-0-32.wav,children_playing,0,0.4362408816814422
135776-2-0-37.wav,children_playing,0,0.5177555084228516
135776-2-0-40.wav,children_playing,0,0.4858039319515228
135776-2-0-49.wav,children_playing,0,0.4017052352428436
135776-2-0-50.wav,children_playing,0,0.4397093951702118
135776-2-0-65.wav,children_playing,0,0.3995856344699859
135776-2-0-85.wav,children_playing,0,0.4448010623455047
135776-2-0-90.wav,children_playing,0,0.5173433423042297
13579-2-0-15.wav,children_playing,0,0.4451237022876739
13579-2-0-16.wav,children_playing,0,0.6597158312797546
13579-2-0-17.wav,children_playing,0,0.6633090376853943
13579-2-0-2.wav,children_playing,0,0.3188690841197967
13579-2-0-38.wav,children_playing,0,0.4905116260051727
13579-2-0-48.wav,children_playing,0,0.4719738364219665
13579-2-0-53.wav,children_playing,0,0.1931649297475814
13579-2-0-62.wav,children_playing,0,0.3685213029384613
135849-4-0-0.wav,drilling,0,0.944871425628662
136399-6-0-0.wav,gun_shot,1,0.2898993492126465
136399-6-1-0.wav,gun_shot,1,0.3442546427249908
136399-6-2-0.wav,gun_shot,1,0.4012104272842407
136399-6-3-0.wav,gun_shot,1,0.4390354454517364
136399-6-4-0.wav,gun_shot,1,0.4834595322608948
136399-6-5-0.wav,gun_shot,1,0.5485208034515381
136399-6-6-0.wav,gun_shot,1,0.5227543711662292
136399-6-7-0.wav,gun_shot,1,0.3536722660064697
136399-6-8-0.wav,gun_shot,1,0.5114102959632874
136399-6-9-0.wav,gun_shot,1,0.2971943318843841
136558-9-0-1.wav,street_music,0,0.443347305059433
136558-9-0-2.wav,street_music,0,0.7416727542877197
136558-9-1-10.wav,street_music,0,0.5508442521095276
136558-9-1-21.wav,street_music,0,0.8330885767936707
136558-9-1-26.wav,street_music,0,0.8233547210693359
136558-9-1-39.wav,street_music,0,0.5010725259780884
137156-9-0-28.wav,street_music,0,0.6911198496818542
137156-9-0-30.wav,street_music,0,7.525114779127762e-05
137156-9-0-31.wav,street_music,0,0.0041746883653104
137156-9-0-5.wav,street_music,0,0.0061131962575018
137156-9-0-73.wav,street_music,0,5.001581484975759e-06
137156-9-0-79.wav,street_music,0,0.0284679029136896
137803-3-0-0.wav,dog_bark,1,0.9709924459457396
137803-3-0-1.wav,dog_bark,1,0.9652247428894044
137803-3-0-2.wav,dog_bark,1,0.951892077922821
137815-4-0-0.wav,drilling,0,0.3256225883960724
137815-4-0-1.wav,drilling,0,0.2587193846702575
137815-4-0-10.wav,drilling,0,0.4158735275268554
137815-4-0-2.wav,drilling,0,0.2186299264430999
137815-4-0-3.wav,drilling,0,0.1404089778661728
137815-4-0-4.wav,drilling,0,0.1316986382007599
137815-4-0-5.wav,drilling,0,0.293775200843811
137815-4-0-6.wav,drilling,0,0.3845693171024322
137815-4-0-7.wav,drilling,0,0.2664785385131836
137815-4-0-8.wav,drilling,0,0.1936972886323928
137815-4-0-9.wav,drilling,0,0.2587683200836181
137969-2-0-18.wav,children_playing,0,0.8433310985565186
137969-2-0-20.wav,children_playing,0,0.9478849172592164
137969-2-0-37.wav,children_playing,0,0.7649676203727722
137969-2-0-4.wav,children_playing,0,0.7469990849494934
137969-2-0-41.wav,children_playing,0,0.8972790241241455
137969-2-0-55.wav,children_playing,0,0.0142365777865052
137969-2-0-56.wav,children_playing,0,0.0116476081311702
137971-2-0-0.wav,children_playing,0,0.3106041252613067
137971-2-0-2.wav,children_playing,0,0.4286746084690094
137971-2-0-3.wav,children_playing,0,0.4219912886619568
137971-2-0-4.wav,children_playing,0,0.5184757113456726
137971-2-0-5.wav,children_playing,0,0.1378439962863922
137971-2-0-6.wav,children_playing,0,0.0822640433907508
137971-2-0-8.wav,children_playing,0,0.0014965699519962
138015-3-0-1.wav,dog_bark,1,0.772244393825531
138015-3-0-5.wav,dog_bark,1,0.5296132564544678
138015-3-0-7.wav,dog_bark,1,0.7714501619338989
138017-9-0-2.wav,street_music,0,0.1412304490804672
138017-9-0-9.wav,street_music,0,0.229357898235321
138017-9-1-10.wav,street_music,0,0.7687631249427795
138017-9-1-16.wav,street_music,0,0.5380071997642517
138017-9-1-4.wav,street_music,0,0.222246378660202
138017-9-1-6.wav,street_music,0,0.2041159272193908
138031-2-0-13.wav,children_playing,0,0.5641531944274902
138031-2-0-2.wav,children_playing,0,0.5662996172904968
138031-2-0-22.wav,children_playing,0,0.5573279857635498
138031-2-0-23.wav,children_playing,0,0.5572280287742615
138031-2-0-28.wav,children_playing,0,0.5542246699333191
138031-2-0-45.wav,children_playing,0,0.5480114221572876
138031-2-0-47.wav,children_playing,0,0.5654180645942688
138031-2-0-7.wav,children_playing,0,0.5514171719551086
138468-1-0-0.wav,car_horn,1,0.8808016777038574
138473-9-0-12.wav,street_music,0,0.7024542689323425
138473-9-0-29.wav,street_music,0,0.3718532025814056
138473-9-0-35.wav,street_music,0,0.1242153123021125
138473-9-0-38.wav,street_music,0,0.3366324305534363
138473-9-0-5.wav,street_music,0,0.4794566631317138
138473-9-0-6.wav,street_music,0,0.5556768774986267
139000-4-0-0.wav,drilling,0,0.3054440021514892
139000-4-0-1.wav,drilling,0,0.2341741174459457
139000-4-0-2.wav,drilling,0,0.2291239649057388
139665-9-0-19.wav,street_music,0,0.0629791915416717
139665-9-0-23.wav,street_music,0,0.4168879985809326
139665-9-0-25.wav,street_music,0,0.3142468631267547
139665-9-0-32.wav,street_music,0,0.1921286284923553
139665-9-0-8.wav,street_music,0,0.0387509986758232
139665-9-0-9.wav,street_music,0,0.0792659446597099
139948-3-0-0.wav,dog_bark,1,0.5054707527160645
139948-3-1-0.wav,dog_bark,1,0.4969230592250824
139948-3-2-0.wav,dog_bark,1,0.4813098609447479
139948-3-4-0.wav,dog_bark,1,0.5209336280822754
139951-9-0-13.wav,street_music,0,0.5131213665008545
139951-9-0-17.wav,street_music,0,0.8075748085975647
139951-9-0-29.wav,street_music,0,0.3278286755084991
139951-9-0-33.wav,street_music,0,0.994207501411438
139951-9-0-45.wav,street_music,0,0.9204840660095216
139951-9-0-9.wav,street_music,0,0.5346611738204956
140824-4-0-0.wav,drilling,0,0.8482522964477539
14110-4-0-0.wav,drilling,0,0.1130379065871238
14110-4-0-1.wav,drilling,0,0.0342037826776504
14110-4-0-2.wav,drilling,0,0.0113373370841145
14111-4-0-0.wav,drilling,0,0.1350962072610855
14111-4-0-1.wav,drilling,0,0.3794398605823517
14111-4-0-2.wav,drilling,0,0.3742105066776275
14111-4-0-3.wav,drilling,0,0.2424842864274978
14111-4-0-4.wav,drilling,0,0.2859604358673095
14111-4-0-5.wav,drilling,0,0.0179131068289279
14111-4-0-6.wav,drilling,0,0.0002694847935345
14111-4-0-7.wav,drilling,0,2.475154724379536e-05
14113-4-0-0.wav,drilling,0,0.2830028533935547
14113-4-0-1.wav,drilling,0,0.1787276715040207
14114-4-0-0.wav,drilling,0,0.0100742671638727
14114-4-0-1.wav,drilling,0,0.0295259840786457
14114-4-0-2.wav,drilling,0,0.4378250241279602
14114-4-0-3.wav,drilling,0,0.3168950378894806
14115-4-0-0.wav,drilling,0,0.7575480341911316
141240-5-0-0.wav,engine_idling,0,0.2095773667097091
141240-5-1-0.wav,engine_idling,0,0.2322335839271545
142003-2-0-0.wav,children_playing,0,0.4047648906707763
142003-2-0-1.wav,children_playing,0,0.3785824179649353
142003-2-0-19.wav,children_playing,0,0.3761384785175323
142003-2-0-20.wav,children_playing,0,0.4324955940246582
142003-2-0-21.wav,children_playing,0,0.4374381303787231
142003-2-0-24.wav,children_playing,0,0.3303079307079315
142003-2-0-30.wav,children_playing,0,0.3788227438926697
142003-2-0-8.wav,children_playing,0,0.5717126131057739
142641-3-0-0.wav,dog_bark,1,0.8413140177726746
143115-1-0-0.wav,car_horn,1,0.7157707214355469
143115-1-1-0.wav,car_horn,1,0.8714073896408081
143115-1-2-0.wav,car_horn,1,0.8726403713226318
143115-1-3-0.wav,car_horn,1,0.9125967025756836
143115-1-4-0.wav,car_horn,1,0.70013028383255
14358-3-0-26.wav,dog_bark,1,0.095367893576622
14358-3-0-7.wav,dog_bark,1,0.7400383353233337
14358-3-0-85.wav,dog_bark,1,0.0072217164561152
14358-3-0-90.wav,dog_bark,1,0.018876627087593
143604-5-0-0.wav,engine_idling,0,0.3920556604862213
143651-2-0-0.wav,children_playing,0,0.3588890433311462
143651-2-0-16.wav,children_playing,0,0.5855376720428467
143651-2-0-20.wav,children_playing,0,0.0774204656481742
143651-2-0-22.wav,children_playing,0,0.064276248216629
143651-2-0-39.wav,children_playing,0,0.4007371366024017
143651-2-0-55.wav,children_playing,0,0.3518184125423431
143651-2-0-59.wav,children_playing,0,0.4013624191284179
143651-2-0-63.wav,children_playing,0,0.2885196805000305
14385-9-0-10.wav,street_music,0,0.1183083355426788
14385-9-0-11.wav,street_music,0,0.0588933899998664
14385-9-0-13.wav,street_music,0,0.3175325989723205
14385-9-0-14.wav,street_music,0,0.5493501424789429
14385-9-0-17.wav,street_music,0,0.345741331577301
14385-9-0-21.wav,street_music,0,0.6112035512924194
14386-9-0-11.wav,street_music,0,0.0446022897958755
14386-9-0-16.wav,street_music,0,0.0024448167532682
14386-9-0-17.wav,street_music,0,0.0005100641283206
14386-9-0-2.wav,street_music,0,0.0019983467645943
14386-9-0-20.wav,street_music,0,0.0096752597019076
14386-9-0-6.wav,street_music,0,0.0112289590761065
14387-9-0-11.wav,street_music,0,0.8113787770271301
14387-9-0-12.wav,street_music,0,0.8188896775245667
14387-9-0-15.wav,street_music,0,0.5831629633903503
14387-9-0-16.wav,street_music,0,0.6340823173522949
14387-9-0-19.wav,street_music,0,0.8154990673065186
14387-9-0-7.wav,street_music,0,0.7649161219596863
143970-5-0-0.wav,engine_idling,0,0.0235013868659734
143970-5-0-1.wav,engine_idling,0,0.0001085173062165
143970-5-0-2.wav,engine_idling,0,2.5554056264809333e-05
143970-5-0-3.wav,engine_idling,0,1.909987986437045e-05
144007-5-0-0.wav,engine_idling,0,0.0417698733508586
144007-5-0-1.wav,engine_idling,0,0.0416369810700416
144007-5-0-10.wav,engine_idling,0,0.0988477915525436
144007-5-0-11.wav,engine_idling,0,0.097163088619709
144007-5-0-12.wav,engine_idling,0,0.0693486258387565
144007-5-0-13.wav,engine_idling,0,0.0791680589318275
144007-5-0-14.wav,engine_idling,0,0.1305580884218216
144007-5-0-15.wav,engine_idling,0,0.1938300132751464
144007-5-0-16.wav,engine_idling,0,0.1745565235614776
144007-5-0-17.wav,engine_idling,0,0.1129324734210968
144007-5-0-18.wav,engine_idling,0,0.0335193015635013
144007-5-0-19.wav,engine_idling,0,0.0272566452622413
144007-5-0-2.wav,engine_idling,0,0.0220995806157588
144007-5-0-20.wav,engine_idling,0,0.0315793305635452
144007-5-0-21.wav,engine_idling,0,0.0485696755349636
144007-5-0-3.wav,engine_idling,0,0.0187716651707887
144007-5-0-4.wav,engine_idling,0,0.0204082112759351
144007-5-0-5.wav,engine_idling,0,0.0309050735086202
144007-5-0-6.wav,engine_idling,0,0.0386642254889011
144007-5-0-7.wav,engine_idling,0,0.0328370928764343
144007-5-0-8.wav,engine_idling,0,0.0363692939281463
144007-5-0-9.wav,engine_idling,0,0.0732228979468345
144007-5-1-0.wav,engine_idling,0,0.1999907344579696
144007-5-1-1.wav,engine_idling,0,0.1312804222106933
144007-5-1-10.wav,engine_idling,0,0.1779734343290329
144007-5-1-11.wav,engine_idling,0,0.1197858899831771
144007-5-1-2.wav,engine_idling,0,0.108056366443634
144007-5-1-3.wav,engine_idling,0,0.0940678492188453
144007-5-1-4.wav,engine_idling,0,0.0915428400039672
144007-5-1-5.wav,engine_idling,0,0.1017395034432411
144007-5-1-6.wav,engine_idling,0,0.0929280221462249
144007-5-1-7.wav,engine_idling,0,0.1239767968654632
144007-5-1-8.wav,engine_idling,0,0.118713803589344
144007-5-1-9.wav,engine_idling,0,0.1364744156599044
144068-5-0-0.wav,engine_idling,0,0.1257946938276291
144068-5-0-1.wav,engine_idling,0,0.3728407323360443
144068-5-0-10.wav,engine_idling,0,0.3578029870986938
144068-5-0-11.wav,engine_idling,0,0.3885604441165924
144068-5-0-12.wav,engine_idling,0,0.3934539258480072
144068-5-0-13.wav,engine_idling,0,0.38825723528862
144068-5-0-14.wav,engine_idling,0,0.3667246699333191
144068-5-0-15.wav,engine_idling,0,0.3743509948253631
144068-5-0-16.wav,engine_idling,0,0.3867312967777252
144068-5-0-17.wav,engine_idling,0,0.392531156539917
144068-5-0-18.wav,engine_idling,0,0.373357355594635
144068-5-0-2.wav,engine_idling,0,0.4320727586746216
144068-5-0-3.wav,engine_idling,0,0.3506505191326141
144068-5-0-4.wav,engine_idling,0,0.4708911776542663
144068-5-0-5.wav,engine_idling,0,0.5452538728713989
144068-5-0-6.wav,engine_idling,0,0.5420669317245483
144068-5-0-7.wav,engine_idling,0,0.5664350986480713
144068-5-0-8.wav,engine_idling,0,0.4656234979629516
144068-5-0-9.wav,engine_idling,0,0.3112511932849884
144068-5-1-0.wav,engine_idling,0,0.201791763305664
144068-5-2-0.wav,engine_idling,0,0.6874837875366211
144068-5-3-0.wav,engine_idling,0,0.3863216936588287
144068-5-4-0.wav,engine_idling,0,0.287910133600235
144068-5-4-1.wav,engine_idling,0,0.2927424013614654
144068-5-4-2.wav,engine_idling,0,0.2903909683227539
144068-5-4-3.wav,engine_idling,0,0.2746398448944092
144068-5-4-4.wav,engine_idling,0,0.3393307626247406
144068-5-4-5.wav,engine_idling,0,0.3270306289196014
144068-5-4-6.wav,engine_idling,0,0.2998313009738922
144068-5-4-7.wav,engine_idling,0,0.2609423100948334
144068-5-4-8.wav,engine_idling,0,0.2536251544952392
144068-5-5-0.wav,engine_idling,0,0.3301878571510315
144068-5-5-1.wav,engine_idling,0,0.3399096727371216
144068-5-5-2.wav,engine_idling,0,0.2550969421863556
144351-4-0-0.wav,drilling,0,0.3929656445980072
144351-4-0-1.wav,drilling,0,0.4462837278842926
144351-4-0-2.wav,drilling,0,0.3484233915805816
144351-4-1-1.wav,drilling,0,0.1581043303012848
144351-4-2-0.wav,drilling,0,0.33139568567276
144351-4-2-2.wav,drilling,0,0.5016596913337708
144351-4-2-4.wav,drilling,0,0.4825867712497711
144351-4-2-5.wav,drilling,0,0.495259940624237
144351-4-2-6.wav,drilling,0,0.5748898983001709
144351-4-3-1.wav,drilling,0,0.5246309638023376
144351-4-3-10.wav,drilling,0,0.5736703872680664
144351-4-3-11.wav,drilling,0,0.5640147924423218
144351-4-3-12.wav,drilling,0,0.5438680052757263
144351-4-3-14.wav,drilling,0,0.5492609739303589
144351-4-3-15.wav,drilling,0,0.2114274650812149
144351-4-3-2.wav,drilling,0,0.4884044826030731
144351-4-3-3.wav,drilling,0,0.5342940092086792
144351-4-3-4.wav,drilling,0,0.5429125428199768
144351-4-3-5.wav,drilling,0,0.5826088786125183
144351-4-3-7.wav,drilling,0,0.5603092908859253
14468-3-0-2.wav,dog_bark,1,0.5496814846992493
14468-3-0-3.wav,dog_bark,1,0.5696035027503967
14468-3-1-0.wav,dog_bark,1,0.8403511643409729
14468-3-5-0.wav,dog_bark,1,0.2706281542778015
14470-2-0-10.wav,children_playing,0,0.3968060612678528
14470-2-0-14.wav,children_playing,0,0.5179486870765686
14470-2-0-21.wav,children_playing,0,0.3588020503520965
14470-2-0-4.wav,children_playing,0,0.3398925364017486
14470-2-0-56.wav,children_playing,0,0.2823158204555511
14470-2-0-65.wav,children_playing,0,0.3296809196472168
14470-2-0-70.wav,children_playing,0,0.2624483108520508
14470-2-0-72.wav,children_playing,0,0.8797106146812439
144885-3-0-0.wav,dog_bark,1,0.9077301025390624
145206-6-0-0.wav,gun_shot,1,0.1861016005277633
145206-6-1-0.wav,gun_shot,1,0.7754002213478088
145206-6-2-0.wav,gun_shot,1,0.82381671667099
145206-6-3-0.wav,gun_shot,1,0.8771133422851562
145206-6-4-0.wav,gun_shot,1,0.6930018067359924
145206-6-5-0.wav,gun_shot,1,0.7319948673248291
14524-1-0-0.wav,car_horn,1,0.5655828714370728
14527-9-0-0.wav,street_music,0,0.5728417634963989
14527-9-0-2.wav,street_music,0,0.6227984428405762
14527-9-0-3.wav,street_music,0,0.577150285243988
14527-9-0-4.wav,street_music,0,0.5448136925697327
14527-9-0-5.wav,street_music,0,0.6774482131004333
14527-9-0-6.wav,street_music,0,0.6847739815711975
14527-9-0-7.wav,street_music,0,0.5067817568778992
145390-9-0-13.wav,street_music,0,1.5815029286159188e-08
145390-9-0-15.wav,street_music,0,0.6873249411582947
145390-9-0-22.wav,street_music,0,0.5197659134864807
145390-9-0-26.wav,street_music,0,0.9502291679382324
145390-9-0-3.wav,street_music,0,5.68858849874232e-05
145390-9-0-34.wav,street_music,0,0.3862576484680176
145390-9-0-7.wav,street_music,0,0.7285940647125244
145608-6-0-0.wav,gun_shot,1,0.8130491375923157
145608-6-1-0.wav,gun_shot,1,0.7846130132675171
145608-6-3-0.wav,gun_shot,1,0.7997222542762756
145609-6-0-0.wav,gun_shot,1,0.7057543992996216
145609-6-1-0.wav,gun_shot,1,0.8006688356399536
145611-6-0-0.wav,gun_shot,1,0.7945051789283752
145611-6-1-0.wav,gun_shot,1,0.780656099319458
145611-6-2-0.wav,gun_shot,1,0.7519119381904602
145611-6-4-0.wav,gun_shot,1,0.7770832180976868
145612-6-0-0.wav,gun_shot,1,0.7950458526611328
145612-6-1-0.wav,gun_shot,1,0.799882173538208
145612-6-2-0.wav,gun_shot,1,0.8169977068901062
145612-6-3-0.wav,gun_shot,1,0.7775510549545288
145683-6-1-0.wav,gun_shot,1,0.7721083760261536
145683-6-2-0.wav,gun_shot,1,0.8017045259475708
145683-6-3-0.wav,gun_shot,1,0.7724063396453857
145683-6-4-0.wav,gun_shot,1,0.73814457654953
146186-5-0-0.wav,engine_idling,0,0.0103878825902938
146186-5-0-1.wav,engine_idling,0,0.0088720424100756
146186-5-0-10.wav,engine_idling,0,0.0019652214832603
146186-5-0-11.wav,engine_idling,0,0.0020387792028486
146186-5-0-12.wav,engine_idling,0,0.0039559914730489
146186-5-0-13.wav,engine_idling,0,0.0024922476150095
146186-5-0-2.wav,engine_idling,0,0.0074929115362465
146186-5-0-3.wav,engine_idling,0,0.0039553600363433
146186-5-0-4.wav,engine_idling,0,0.0043631941080093
146186-5-0-5.wav,engine_idling,0,0.0071144900284707
146186-5-0-6.wav,engine_idling,0,0.0063516627997159
146186-5-0-7.wav,engine_idling,0,0.0098104616627097
146186-5-0-8.wav,engine_idling,0,0.007926351390779
146186-5-0-9.wav,engine_idling,0,0.0054754042066633
146244-4-0-0.wav,drilling,0,0.8455891609191895
146249-4-0-0.wav,drilling,0,0.9106053113937378
146343-3-0-0.wav,dog_bark,1,0.7925480008125305
146690-0-0-100.wav,air_conditioner,0,0.4944900274276733
146690-0-0-112.wav,air_conditioner,0,0.5517330765724182
146690-0-0-115.wav,air_conditioner,0,0.3036786615848541
146690-0-0-116.wav,air_conditioner,0,0.5793187618255615
146690-0-0-117.wav,air_conditioner,0,0.4959854483604431
146690-0-0-125.wav,air_conditioner,0,0.4184470176696777
146690-0-0-137.wav,air_conditioner,0,0.2939833700656891
146690-0-0-140.wav,air_conditioner,0,0.4383150339126587
146690-0-0-151.wav,air_conditioner,0,0.5774822235107422
146690-0-0-154.wav,air_conditioner,0,0.5258756875991821
146690-0-0-155.wav,air_conditioner,0,0.6582202911376953
146690-0-0-165.wav,air_conditioner,0,0.3020005226135254
146690-0-0-17.wav,air_conditioner,0,0.3410017788410187
146690-0-0-18.wav,air_conditioner,0,0.2815139293670654
146690-0-0-25.wav,air_conditioner,0,0.2059892266988754
146690-0-0-35.wav,air_conditioner,0,0.3909430801868438
146690-0-0-38.wav,air_conditioner,0,0.3957707285881042
146690-0-0-43.wav,air_conditioner,0,0.5350488424301147
146690-0-0-47.wav,air_conditioner,0,0.4570821821689605
146690-0-0-64.wav,air_conditioner,0,0.4975063502788543
146690-0-0-8.wav,air_conditioner,0,0.6867268085479736
146690-0-0-80.wav,air_conditioner,0,0.5027084946632385
146690-0-0-86.wav,air_conditioner,0,0.4751704037189483
146690-0-0-87.wav,air_conditioner,0,0.2843664884567261
146690-0-0-93.wav,air_conditioner,0,0.497199684381485
146709-0-0-1.wav,air_conditioner,0,0.7435690760612488
146709-0-0-11.wav,air_conditioner,0,0.5209531188011169
146709-0-0-12.wav,air_conditioner,0,0.6387112736701965
146709-0-0-17.wav,air_conditioner,0,0.5253846049308777
146709-0-0-18.wav,air_conditioner,0,0.5964357256889343
146709-0-0-19.wav,air_conditioner,0,0.7284501791000366
146709-0-0-20.wav,air_conditioner,0,0.7336330413818359
146709-0-0-22.wav,air_conditioner,0,0.6933367848396301
146709-0-0-25.wav,air_conditioner,0,0.6291696429252625
146709-0-0-26.wav,air_conditioner,0,0.7259610891342163
146709-0-0-3.wav,air_conditioner,0,0.5696486234664917
146709-0-0-30.wav,air_conditioner,0,0.7727793455123901
146709-0-0-33.wav,air_conditioner,0,0.4993474185466766
146709-0-0-34.wav,air_conditioner,0,0.6017661690711975
146709-0-0-37.wav,air_conditioner,0,0.757563591003418
146709-0-0-44.wav,air_conditioner,0,0.6333171129226685
146709-0-0-48.wav,air_conditioner,0,0.7288303375244141
146709-0-0-53.wav,air_conditioner,0,0.7190756797790527
146709-0-0-59.wav,air_conditioner,0,0.7485564947128296
146709-0-0-63.wav,air_conditioner,0,0.499090313911438
146709-0-0-65.wav,air_conditioner,0,0.6711103320121765
146709-0-0-66.wav,air_conditioner,0,0.7118173241615295
146709-0-0-68.wav,air_conditioner,0,0.7431671023368835
146709-0-0-7.wav,air_conditioner,0,0.6992017030715942
146714-0-0-0.wav,air_conditioner,0,0.1535463333129882
146714-0-0-12.wav,air_conditioner,0,0.1662579774856567
146714-0-0-13.wav,air_conditioner,0,0.1859625577926635
146714-0-0-17.wav,air_conditioner,0,0.0752212405204773
146714-0-0-18.wav,air_conditioner,0,0.0710884034633636
146714-0-0-2.wav,air_conditioner,0,0.1603494435548782
146714-0-0-21.wav,air_conditioner,0,0.0648797824978828
146714-0-0-22.wav,air_conditioner,0,0.1555600762367248
146714-0-0-27.wav,air_conditioner,0,0.1324192732572555
146714-0-0-33.wav,air_conditioner,0,0.1057139784097671
146714-0-0-35.wav,air_conditioner,0,0.0727485939860344
146714-0-0-36.wav,air_conditioner,0,0.0560998134315013
146714-0-0-38.wav,air_conditioner,0,0.0159894861280918
146714-0-0-41.wav,air_conditioner,0,0.1065734922885894
146714-0-0-43.wav,air_conditioner,0,0.1096835657954216
146714-0-0-45.wav,air_conditioner,0,0.0520240776240825
146714-0-0-47.wav,air_conditioner,0,0.1315284669399261
146714-0-0-49.wav,air_conditioner,0,0.0966814681887626
146714-0-0-50.wav,air_conditioner,0,0.1509718596935272
146714-0-0-53.wav,air_conditioner,0,0.0513278022408485
146714-0-0-55.wav,air_conditioner,0,0.0628897100687027
146714-0-0-56.wav,air_conditioner,0,0.0410346426069736
146714-0-0-58.wav,air_conditioner,0,0.0738147944211959
146714-0-0-6.wav,air_conditioner,0,0.2142006456851959
146845-0-0-0.wav,air_conditioner,0,9.737936323972465e-08
146845-0-0-1.wav,air_conditioner,0,1.3908614704405409e-08
146845-0-0-10.wav,air_conditioner,0,4.369282180505252e-07
146845-0-0-11.wav,air_conditioner,0,6.256420874706237e-07
146845-0-0-12.wav,air_conditioner,0,1.2780677707269206e-06
146845-0-0-13.wav,air_conditioner,0,1.1886959327966906e-06
146845-0-0-14.wav,air_conditioner,0,1.1450803185653058e-06
146845-0-0-15.wav,air_conditioner,0,1.0056558039650554e-06
146845-0-0-16.wav,air_conditioner,0,7.786536571074976e-07
146845-0-0-17.wav,air_conditioner,0,3.146719222968386e-07
146845-0-0-18.wav,air_conditioner,0,1.583232887014674e-07
146845-0-0-19.wav,air_conditioner,0,6.271761776588393e-08
146845-0-0-2.wav,air_conditioner,0,1.940531859645489e-07
146845-0-0-20.wav,air_conditioner,0,1.30637843653858e-07
146845-0-0-21.wav,air_conditioner,0,6.702040309392032e-07
146845-0-0-22.wav,air_conditioner,0,4.150421659687709e-07
146845-0-0-24.wav,air_conditioner,0,8.647826348351373e-07
146845-0-0-25.wav,air_conditioner,0,7.817139362487069e-07
146845-0-0-26.wav,air_conditioner,0,1.2355532135188696e-06
146845-0-0-27.wav,air_conditioner,0,7.653641205251915e-07
146845-0-0-3.wav,air_conditioner,0,1.5936233239699504e-06
146845-0-0-30.wav,air_conditioner,0,4.258734861650737e-06
146845-0-0-31.wav,air_conditioner,0,2.2610961423197296e-06
146845-0-0-32.wav,air_conditioner,0,4.877248329648864e-07
146845-0-0-33.wav,air_conditioner,0,1.3732665138377342e-07
146845-0-0-35.wav,air_conditioner,0,4.6543640053187125e-08
146845-0-0-36.wav,air_conditioner,0,7.361327192256796e-08
146845-0-0-5.wav,air_conditioner,0,6.76283065104144e-08
146845-0-0-6.wav,air_conditioner,0,1.2903991830626182e-07
146845-0-0-7.wav,air_conditioner,0,2.495606281627261e-07
146845-0-0-8.wav,air_conditioner,0,6.865844284220657e-07
146845-0-0-9.wav,air_conditioner,0,5.756724590355589e-07
147019-4-0-0.wav,drilling,0,0.4564540386199951
147317-6-0-0.wav,gun_shot,1,0.946216642856598
147491-9-0-0.wav,street_music,0,0.7432171106338501
147491-9-0-5.wav,street_music,0,0.4120718538761139
147491-9-2-10.wav,street_music,0,0.0044448692351579
147491-9-2-25.wav,street_music,0,0.0004073760064784
147491-9-2-32.wav,street_music,0,0.4156520366668701
147491-9-2-6.wav,street_music,0,0.2216154336929321
147672-3-0-0.wav,dog_bark,1,0.942210018634796
147672-3-1-0.wav,dog_bark,1,0.9248873591423036
147672-3-2-0.wav,dog_bark,1,0.9327166080474854
14772-7-0-0.wav,jackhammer,0,0.0848087221384048
14772-7-1-0.wav,jackhammer,0,0.0009870914509519
14772-7-2-0.wav,jackhammer,0,0.060192409902811
14772-7-3-0.wav,jackhammer,0,0.0378566943109035
14772-7-4-0.wav,jackhammer,0,0.0045972010120749
14772-7-5-0.wav,jackhammer,0,8.79718572832644e-05
14772-7-6-0.wav,jackhammer,0,0.0002116139949066
14772-7-7-0.wav,jackhammer,0,0.0002755212190095
14772-7-8-0.wav,jackhammer,0,0.0019809033256024
14772-7-9-0.wav,jackhammer,0,2.113355490607205e-09
147764-4-0-0.wav,drilling,0,0.7862844467163086
147764-4-1-0.wav,drilling,0,0.7059038877487183
147764-4-2-0.wav,drilling,0,0.5479986667633057
147764-4-3-0.wav,drilling,0,0.8184622526168823
147764-4-4-0.wav,drilling,0,0.3438217341899872
147764-4-4-1.wav,drilling,0,0.2358321398496627
147764-4-4-2.wav,drilling,0,0.2468166202306747
147764-4-5-0.wav,drilling,0,0.8304057121276855
147764-4-6-0.wav,drilling,0,0.2967289388179779
147764-4-7-0.wav,drilling,0,0.8889007568359375
147764-4-8-0.wav,drilling,0,0.5864092707633972
14780-9-0-0.wav,street_music,0,0.4611091613769531
14780-9-0-1.wav,street_music,0,0.5379306077957153
14780-9-0-2.wav,street_music,0,0.4314772486686706
147926-0-0-10.wav,air_conditioner,0,0.8457268476486206
147926-0-0-11.wav,air_conditioner,0,0.8162160515785217
147926-0-0-12.wav,air_conditioner,0,0.8414557576179504
147926-0-0-16.wav,air_conditioner,0,0.850791335105896
147926-0-0-17.wav,air_conditioner,0,0.8358227014541626
147926-0-0-2.wav,air_conditioner,0,0.8817420601844788
147926-0-0-20.wav,air_conditioner,0,0.8703107833862305
147926-0-0-21.wav,air_conditioner,0,0.8795762062072754
147926-0-0-27.wav,air_conditioner,0,0.8905705213546753
147926-0-0-28.wav,air_conditioner,0,0.9008705019950868
147926-0-0-34.wav,air_conditioner,0,0.9010308384895324
147926-0-0-35.wav,air_conditioner,0,0.8891768455505371
147926-0-0-36.wav,air_conditioner,0,0.8688061833381653
147926-0-0-37.wav,air_conditioner,0,0.8360601663589478
147926-0-0-39.wav,air_conditioner,0,0.894230842590332
147926-0-0-4.wav,air_conditioner,0,0.8743212819099426
147926-0-0-41.wav,air_conditioner,0,0.8808274865150452
147926-0-0-42.wav,air_conditioner,0,0.8549718260765076
147926-0-0-44.wav,air_conditioner,0,0.8482063412666321
147926-0-0-5.wav,air_conditioner,0,0.896102786064148
147926-0-0-50.wav,air_conditioner,0,0.8434221744537354
147926-0-0-52.wav,air_conditioner,0,0.8949164152145386
147926-0-0-54.wav,air_conditioner,0,0.8907064199447632
147926-0-0-7.wav,air_conditioner,0,0.8526972532272339
148166-6-0-0.wav,gun_shot,1,0.6039287447929382
148463-7-2-0.wav,jackhammer,0,0.7303763031959534
148463-7-2-1.wav,jackhammer,0,0.6886981129646301
148463-7-2-2.wav,jackhammer,0,0.712191641330719
148463-7-3-0.wav,jackhammer,0,0.6586727499961853
148463-7-3-1.wav,jackhammer,0,0.6338104605674744
148463-7-3-10.wav,jackhammer,0,0.7601487636566162
148463-7-3-2.wav,jackhammer,0,0.6995308995246887
148463-7-3-3.wav,jackhammer,0,0.7156686186790466
148463-7-3-4.wav,jackhammer,0,0.6524558067321777
148463-7-3-5.wav,jackhammer,0,0.7106674909591675
148463-7-3-6.wav,jackhammer,0,0.7520512342453003
148463-7-3-7.wav,jackhammer,0,0.742566704750061
148463-7-3-8.wav,jackhammer,0,0.7273491621017456
148463-7-3-9.wav,jackhammer,0,0.7452544569969177
148632-8-0-0.wav,siren,1,0.4753139019012451
148632-8-0-1.wav,siren,1,0.4281655251979828
148632-8-0-10.wav,siren,1,0.5042004585266113
148632-8-0-11.wav,siren,1,0.5080164074897766
148632-8-0-12.wav,siren,1,0.5121403932571411
148632-8-0-13.wav,siren,1,0.5070505738258362
148632-8-0-14.wav,siren,1,0.5026019811630249
148632-8-0-15.wav,siren,1,0.5042771100997925
148632-8-0-16.wav,siren,1,0.5127384662628174
148632-8-0-17.wav,siren,1,0.5109429359436035
148632-8-0-18.wav,siren,1,0.5043003559112549
148632-8-0-2.wav,siren,1,0.3630304336547851
148632-8-0-3.wav,siren,1,0.3689809739589691
148632-8-0-4.wav,siren,1,0.4448724389076233
148632-8-0-5.wav,siren,1,0.4999518990516662
148632-8-0-6.wav,siren,1,0.5024054050445557
148632-8-0-7.wav,siren,1,0.4916995167732239
148632-8-0-8.wav,siren,1,0.4952353835105896
148632-8-0-9.wav,siren,1,0.5090200304985046
148827-6-0-0.wav,gun_shot,1,0.6706435084342957
148827-6-1-0.wav,gun_shot,1,0.8156120777130127
148827-6-2-0.wav,gun_shot,1,0.4061482846736908
148827-6-3-0.wav,gun_shot,1,0.2200423628091812
148828-6-0-0.wav,gun_shot,1,0.8829920291900635
148828-6-1-0.wav,gun_shot,1,0.8860931992530823
148833-6-0-0.wav,gun_shot,1,0.869747519493103
148833-6-1-0.wav,gun_shot,1,0.8590042591094971
148834-6-0-0.wav,gun_shot,1,0.8456436991691589
148835-6-0-0.wav,gun_shot,1,0.8932151794433594
148835-6-1-0.wav,gun_shot,1,0.9115974307060242
148835-6-2-0.wav,gun_shot,1,0.6297193169593811
148835-6-3-0.wav,gun_shot,1,0.4746783077716827
148835-6-4-0.wav,gun_shot,1,0.9266658425331116
148837-6-1-0.wav,gun_shot,1,0.8866210579872131
148837-6-2-0.wav,gun_shot,1,0.8710529804229736
148838-6-0-0.wav,gun_shot,1,0.8961958885192871
148838-6-1-0.wav,gun_shot,1,0.884633481502533
148838-6-2-0.wav,gun_shot,1,0.8955235481262207
148841-6-0-0.wav,gun_shot,1,0.8761867880821228
148841-6-1-0.wav,gun_shot,1,0.8888184428215027
148841-6-2-0.wav,gun_shot,1,0.8337682485580444
149177-6-0-0.wav,gun_shot,1,0.9116162657737732
149193-5-0-0.wav,engine_idling,0,1.532791742420159e-07
149193-5-0-1.wav,engine_idling,0,4.326132057030918e-07
149193-5-0-2.wav,engine_idling,0,1.473529096074344e-06
149193-5-0-3.wav,engine_idling,0,1.306925923927338e-06
149193-5-0-4.wav,engine_idling,0,6.334613544822787e-07
149193-5-0-5.wav,engine_idling,0,1.536377453703608e-06
149254-9-0-25.wav,street_music,0,0.3761420845985412
149254-9-0-29.wav,street_music,0,0.6074133515357971
149254-9-0-30.wav,street_music,0,0.6453839540481567
149254-9-0-42.wav,street_music,0,0.2837129533290863
149254-9-0-51.wav,street_music,0,0.4527815878391266
149254-9-0-56.wav,street_music,0,0.5564746260643005
149255-9-0-0.wav,street_music,0,0.3357961177825928
149255-9-0-13.wav,street_music,0,0.651940643787384
149255-9-0-3.wav,street_music,0,0.4601102173328399
149255-9-0-4.wav,street_music,0,0.3435500264167785
149255-9-0-5.wav,street_music,0,0.2836873233318329
149255-9-0-7.wav,street_music,0,0.5960145592689514
149370-9-0-15.wav,street_music,0,0.6063345670700073
149370-9-0-19.wav,street_music,0,0.6182360053062439
149370-9-0-21.wav,street_music,0,0.5945777893066406
149370-9-0-22.wav,street_music,0,0.5877413153648376
149370-9-0-32.wav,street_music,0,0.5771286487579346
149370-9-0-37.wav,street_music,0,0.6625763773918152
149929-9-0-0.wav,street_music,0,0.1293337047100067
149929-9-0-2.wav,street_music,0,0.1846963167190551
149929-9-0-5.wav,street_music,0,6.052187018212862e-05
149929-9-1-0.wav,street_music,0,6.707324791932479e-05
149929-9-1-1.wav,street_music,0,1.3859031241736376e-05
149929-9-1-4.wav,street_music,0,9.872694499790668e-05
150341-3-0-0.wav,dog_bark,1,0.8846048712730408
150341-3-1-0.wav,dog_bark,1,0.9200820326805116
151005-4-0-0.wav,drilling,0,0.4212845861911773
151005-4-0-1.wav,drilling,0,0.2909637987613678
151005-4-0-2.wav,drilling,0,0.2562970221042633
151005-4-0-3.wav,drilling,0,0.3444726169109344
151005-4-1-0.wav,drilling,0,0.4110855460166931
151005-4-1-1.wav,drilling,0,0.3031578063964844
151005-4-1-2.wav,drilling,0,0.2578276097774505
151005-4-2-0.wav,drilling,0,0.4006758034229278
151005-4-2-1.wav,drilling,0,0.3357608318328857
151005-4-3-0.wav,drilling,0,0.4074682891368866
151005-4-3-1.wav,drilling,0,0.331667810678482
151005-4-3-2.wav,drilling,0,0.4179910123348236
151065-6-0-0.wav,gun_shot,1,0.9003018140792847
151069-6-0-0.wav,gun_shot,1,0.8289992213249207
151071-6-0-0.wav,gun_shot,1,0.8647300601005554
151149-2-0-11.wav,children_playing,0,0.480505108833313
151149-2-0-12.wav,children_playing,0,0.4315280616283417
151149-2-0-15.wav,children_playing,0,0.5942528247833252
151149-2-0-22.wav,children_playing,0,0.2261156439781189
151149-2-0-3.wav,children_playing,0,0.414633184671402
151149-2-0-4.wav,children_playing,0,0.4075042903423309
151149-2-0-54.wav,children_playing,0,0.4469468295574188
151149-2-0-56.wav,children_playing,0,0.2685670256614685
151877-5-0-0.wav,engine_idling,0,0.3037416338920593
151877-5-1-0.wav,engine_idling,0,0.0315826535224914
151977-0-0-0.wav,air_conditioner,0,0.2084224969148636
151977-0-0-1.wav,air_conditioner,0,0.1982249319553375
151977-0-0-10.wav,air_conditioner,0,0.1959619671106338
151977-0-0-11.wav,air_conditioner,0,0.1981549561023712
151977-0-0-12.wav,air_conditioner,0,0.1950990706682205
151977-0-0-13.wav,air_conditioner,0,0.1914786696434021
151977-0-0-2.wav,air_conditioner,0,0.2096863389015197
151977-0-0-3.wav,air_conditioner,0,0.2247949391603469
151977-0-0-4.wav,air_conditioner,0,0.2115928381681442
151977-0-0-5.wav,air_conditioner,0,0.203827291727066
151977-0-0-6.wav,air_conditioner,0,0.1963117718696594
151977-0-0-7.wav,air_conditioner,0,0.1974920630455017
151977-0-0-8.wav,air_conditioner,0,0.198390245437622
151977-0-0-9.wav,air_conditioner,0,0.1925704479217529
152570-9-0-0.wav,street_music,0,0.4147374033927917
152570-9-1-41.wav,street_music,0,0.797034740447998
152570-9-1-42.wav,street_music,0,0.7471135854721069
152570-9-1-61.wav,street_music,0,0.5941491723060608
152570-9-1-63.wav,street_music,0,0.3894449472427368
152570-9-1-81.wav,street_music,0,0.871306836605072
152588-3-0-0.wav,dog_bark,1,0.8619449138641357
152588-3-1-0.wav,dog_bark,1,0.7347342371940613
152588-3-2-0.wav,dog_bark,1,0.8608473539352417
152588-3-3-0.wav,dog_bark,1,0.823366105556488
152908-5-0-0.wav,engine_idling,0,0.8135810494422913
152908-5-0-1.wav,engine_idling,0,0.7895539999008179
152908-5-0-10.wav,engine_idling,0,0.7724422216415405
152908-5-0-11.wav,engine_idling,0,0.7926447987556458
152908-5-0-12.wav,engine_idling,0,0.7975029349327087
152908-5-0-13.wav,engine_idling,0,0.7807738780975342
152908-5-0-2.wav,engine_idling,0,0.7718322277069092
152908-5-0-3.wav,engine_idling,0,0.727962076663971
152908-5-0-4.wav,engine_idling,0,0.7753846049308777
152908-5-0-5.wav,engine_idling,0,0.7969176173210144
152908-5-0-6.wav,engine_idling,0,0.7562956809997559
152908-5-0-7.wav,engine_idling,0,0.7682009935379028
152908-5-0-8.wav,engine_idling,0,0.7385881543159485
152908-5-0-9.wav,engine_idling,0,0.745678186416626
153261-0-0-0.wav,air_conditioner,0,0.0157095994800329
153261-0-0-1.wav,air_conditioner,0,0.0070001813583076
153261-0-0-2.wav,air_conditioner,0,0.005231590475887
153261-0-0-3.wav,air_conditioner,0,0.0071646836586296
15356-2-0-0.wav,children_playing,0,0.5981069803237915
15356-2-0-1.wav,children_playing,0,0.704237699508667
15356-2-0-2.wav,children_playing,0,0.6563316583633423
15356-2-0-3.wav,children_playing,0,0.719101071357727
15356-2-0-4.wav,children_playing,0,0.7732129096984863
154758-5-0-0.wav,engine_idling,0,0.5227414965629578
154758-5-0-1.wav,engine_idling,0,0.5522311925888062
154758-5-0-10.wav,engine_idling,0,0.4575733542442322
154758-5-0-11.wav,engine_idling,0,0.440506637096405
154758-5-0-12.wav,engine_idling,0,0.4567201435565948
154758-5-0-13.wav,engine_idling,0,0.5271127223968506
154758-5-0-14.wav,engine_idling,0,0.5856626629829407
154758-5-0-15.wav,engine_idling,0,0.5646200776100159
154758-5-0-16.wav,engine_idling,0,0.4894019067287445
154758-5-0-17.wav,engine_idling,0,0.409570962190628
154758-5-0-18.wav,engine_idling,0,0.3855776786804199
154758-5-0-19.wav,engine_idling,0,0.3628492653369903
154758-5-0-2.wav,engine_idling,0,0.5494849681854248
154758-5-0-20.wav,engine_idling,0,0.364546537399292
154758-5-0-21.wav,engine_idling,0,0.3961717784404754
154758-5-0-3.wav,engine_idling,0,0.5073902010917664
154758-5-0-4.wav,engine_idling,0,0.4818229675292969
154758-5-0-5.wav,engine_idling,0,0.4604153633117676
154758-5-0-6.wav,engine_idling,0,0.4375559091567993
154758-5-0-7.wav,engine_idling,0,0.4338959753513336
154758-5-0-8.wav,engine_idling,0,0.438957154750824
154758-5-0-9.wav,engine_idling,0,0.4441123902797699
155044-9-0-11.wav,street_music,0,0.018322929739952
155044-9-0-15.wav,street_music,0,0.0017487036529928
155044-9-0-19.wav,street_music,0,0.0016085483366623
155044-9-0-3.wav,street_music,0,0.0305670537054538
155044-9-0-37.wav,street_music,0,0.004920135717839
155044-9-0-38.wav,street_music,0,0.003030676394701
155127-9-0-2.wav,street_music,0,0.4271760284900665
155127-9-1-2.wav,street_music,0,0.0918567329645156
155127-9-1-23.wav,street_music,0,0.3079734444618225
155127-9-1-24.wav,street_music,0,0.1819433718919754
155127-9-1-25.wav,street_music,0,0.2887542247772217
155127-9-1-27.wav,street_music,0,0.0622605644166469
155129-1-2-0.wav,car_horn,1,0.459301233291626
155202-9-0-124.wav,street_music,0,0.9473616480827332
155202-9-0-126.wav,street_music,0,0.5512715578079224
155202-9-0-135.wav,street_music,0,0.8699790835380554
155202-9-0-38.wav,street_music,0,0.0004598386003635
155202-9-0-42.wav,street_music,0,2.031171061389614e-05
155202-9-0-6.wav,street_music,0,7.224659384519327e-06
155212-9-0-13.wav,street_music,0,0.1744486093521118
155212-9-1-14.wav,street_music,0,0.5338352918624878
155212-9-1-49.wav,street_music,0,0.6821877956390381
155212-9-1-75.wav,street_music,0,0.5026131272315979
155212-9-1-85.wav,street_music,0,0.7513324022293091
155212-9-1-88.wav,street_music,0,0.7164233326911926
155217-9-0-27.wav,street_music,0,0.306076169013977
155217-9-0-39.wav,street_music,0,0.5369550585746765
155217-9-0-57.wav,street_music,0,0.6646664142608643
155217-9-0-85.wav,street_music,0,0.6260053515434265
155217-9-1-24.wav,street_music,0,0.0050859446637332
155217-9-1-58.wav,street_music,0,0.004026717506349
155219-2-0-0.wav,children_playing,0,0.7699519395828247
155219-2-0-1.wav,children_playing,0,0.7765790224075317
155219-2-0-22.wav,children_playing,0,0.8021368384361267
155219-2-0-24.wav,children_playing,0,0.8271963000297546
155219-2-0-25.wav,children_playing,0,0.8411473631858826
155219-2-0-26.wav,children_playing,0,0.8184215426445007
155219-2-0-51.wav,children_playing,0,0.8208667635917664
155219-2-0-57.wav,children_playing,0,0.8156849145889282
155227-9-0-2.wav,street_music,0,0.12783183157444
155227-9-0-20.wav,street_music,0,0.3049774467945099
155227-9-0-23.wav,street_music,0,0.2790193855762481
155227-9-0-24.wav,street_music,0,0.3479080200195312
155227-9-0-27.wav,street_music,0,0.2517313063144684
155227-9-0-3.wav,street_music,0,0.0578600727021694
155238-2-0-17.wav,children_playing,0,0.4714176654815674
155238-2-0-3.wav,children_playing,0,0.7440860867500305
155238-2-0-31.wav,children_playing,0,0.7970154881477356
155238-2-0-36.wav,children_playing,0,0.8282864093780518
155238-2-0-47.wav,children_playing,0,0.8964513540267944
155238-2-0-67.wav,children_playing,0,0.4964246749877929
155238-2-0-75.wav,children_playing,0,0.6893084645271301
155238-2-0-97.wav,children_playing,0,0.8555410504341125
155241-9-0-50.wav,street_music,0,0.2172513008117675
155241-9-0-56.wav,street_music,0,0.60343998670578
155241-9-0-69.wav,street_music,0,0.3771215677261352
155241-9-0-79.wav,street_music,0,0.5321189761161804
155241-9-0-8.wav,street_music,0,0.5111556053161621
155241-9-0-88.wav,street_music,0,0.1496352106332779
155242-9-0-12.wav,street_music,0,0.3002839982509613
155242-9-0-15.wav,street_music,0,0.4809311032295227
155242-9-0-27.wav,street_music,0,0.0016618218505755
155242-9-0-35.wav,street_music,0,0.284798115491867
155242-9-0-4.wav,street_music,0,0.3166433572769165
155242-9-0-44.wav,street_music,0,0.6424430012702942
155243-9-0-18.wav,street_music,0,0.7687051892280579
155243-9-0-24.wav,street_music,0,0.783587634563446
155243-9-0-32.wav,street_music,0,0.7789022326469421
155243-9-0-42.wav,street_music,0,0.7693556547164917
155243-9-0-53.wav,street_music,0,0.7279177904129028
155243-9-0-55.wav,street_music,0,0.7578921318054199
155262-2-0-101.wav,children_playing,0,0.6059447526931763
155262-2-0-11.wav,children_playing,0,0.5534572005271912
155262-2-0-15.wav,children_playing,0,0.5475237369537354
155262-2-0-2.wav,children_playing,0,0.454680323600769
155262-2-0-21.wav,children_playing,0,0.5722188949584961
155262-2-0-48.wav,children_playing,0,0.5504487752914429
155262-2-0-58.wav,children_playing,0,0.4753896594047546
155262-2-0-63.wav,children_playing,0,0.5577242970466614
155263-2-0-12.wav,children_playing,0,0.5114787817001343
155263-2-0-22.wav,children_playing,0,0.3256894648075104
155263-2-0-23.wav,children_playing,0,0.3191103339195251
155263-2-0-34.wav,children_playing,0,0.5192521810531616
155263-2-0-43.wav,children_playing,0,0.4449146091938019
155263-2-0-50.wav,children_playing,0,0.469103068113327
155263-2-0-57.wav,children_playing,0,0.4029189348220825
155263-2-0-61.wav,children_playing,0,0.5132666826248169
155280-2-0-10.wav,children_playing,0,0.3890398442745209
155280-2-0-11.wav,children_playing,0,0.3299500942230224
155280-2-0-13.wav,children_playing,0,0.2700128555297851
155280-2-0-15.wav,children_playing,0,0.288107693195343
155280-2-0-3.wav,children_playing,0,0.4295326769351959
155280-2-0-5.wav,children_playing,0,0.4279217422008514
155280-2-0-6.wav,children_playing,0,0.4245759844779968
155280-2-0-7.wav,children_playing,0,0.4970822930335998
155283-1-0-0.wav,car_horn,1,0.9343379139900208
155283-1-1-0.wav,car_horn,1,0.9034422039985656
155294-3-0-0.wav,dog_bark,1,0.8193891048431396
155299-3-0-1.wav,dog_bark,1,0.8705626130104065
155299-3-1-0.wav,dog_bark,1,0.7868863344192505
155299-3-1-1.wav,dog_bark,1,0.8037038445472717
155299-3-1-2.wav,dog_bark,1,0.8454219698905945
155309-3-0-0.wav,dog_bark,1,0.880571186542511
155310-3-0-0.wav,dog_bark,1,0.9973058700561525
155311-3-0-0.wav,dog_bark,1,0.9240826368331908
155313-3-0-0.wav,dog_bark,1,0.963165521621704
155314-3-0-1.wav,dog_bark,1,0.9737046957015992
155314-3-0-2.wav,dog_bark,1,0.7810285687446594
155314-3-0-5.wav,dog_bark,1,0.9972060322761536
155315-3-0-0.wav,dog_bark,1,0.9999942779541016
155317-3-0-0.wav,dog_bark,1,0.7929227948188782
155320-3-0-0.wav,dog_bark,1,0.838453471660614
15544-5-0-0.wav,engine_idling,0,0.6547082662582397
15544-5-0-1.wav,engine_idling,0,0.6641829609870911
15544-5-0-10.wav,engine_idling,0,0.5547440648078918
15544-5-0-11.wav,engine_idling,0,0.5599703192710876
15544-5-0-12.wav,engine_idling,0,0.5544328689575195
15544-5-0-13.wav,engine_idling,0,0.5389523506164551
15544-5-0-14.wav,engine_idling,0,0.5538828372955322
15544-5-0-15.wav,engine_idling,0,0.5776724219322205
15544-5-0-16.wav,engine_idling,0,0.5868800282478333
15544-5-0-17.wav,engine_idling,0,0.5876585841178894
15544-5-0-18.wav,engine_idling,0,0.599448561668396
15544-5-0-19.wav,engine_idling,0,0.6562116146087646
15544-5-0-2.wav,engine_idling,0,0.6454752683639526
15544-5-0-3.wav,engine_idling,0,0.5860967636108398
15544-5-0-4.wav,engine_idling,0,0.6077108979225159
15544-5-0-5.wav,engine_idling,0,0.6164873838424683
15544-5-0-6.wav,engine_idling,0,0.6111323833465576
15544-5-0-7.wav,engine_idling,0,0.6204010844230652
15544-5-0-8.wav,engine_idling,0,0.6045291423797607
15544-5-0-9.wav,engine_idling,0,0.5872361660003662
155488-3-0-6.wav,dog_bark,1,0.2685099244117737
155488-3-2-0.wav,dog_bark,1,0.2881978750228882
155488-3-3-0.wav,dog_bark,1,0.706558883190155
155488-3-3-1.wav,dog_bark,1,0.614696741104126
15564-2-0-0.wav,children_playing,0,0.2553032338619232
15564-2-0-1.wav,children_playing,0,0.1968273669481277
15564-2-0-2.wav,children_playing,0,0.320751279592514
156091-1-0-0.wav,car_horn,1,0.7341969013214111
156194-1-0-0.wav,car_horn,1,0.9113126397132874
156200-2-0-0.wav,children_playing,0,0.8619431853294373
156358-5-0-0.wav,engine_idling,0,0.1616061180830001
156358-5-0-1.wav,engine_idling,0,0.1376236826181411
156358-5-0-2.wav,engine_idling,0,0.124281108379364
156358-5-0-3.wav,engine_idling,0,0.1444031447172165
156358-5-0-4.wav,engine_idling,0,0.1584169864654541
156358-5-0-5.wav,engine_idling,0,0.1478939205408096
156358-5-0-6.wav,engine_idling,0,0.1124099791049957
156362-4-0-0.wav,drilling,0,0.4487804472446441
156362-4-0-1.wav,drilling,0,0.2603890001773834
156362-4-0-2.wav,drilling,0,0.1564211994409561
156362-4-0-3.wav,drilling,0,0.1952937990427017
156362-4-1-0.wav,drilling,0,0.8449699282646179
156362-4-2-0.wav,drilling,0,0.2174098044633865
156362-4-2-1.wav,drilling,0,0.1658198833465576
156362-4-3-0.wav,drilling,0,0.8506574630737305
156362-4-3-1.wav,drilling,0,0.8486326336860657
156362-4-3-2.wav,drilling,0,0.8335893750190735
156362-4-3-3.wav,drilling,0,0.7525854110717773
156362-4-3-4.wav,drilling,0,0.5160197019577026
156362-4-3-5.wav,drilling,0,0.4106513559818268
156362-4-3-6.wav,drilling,0,0.2913249135017395
156362-4-3-7.wav,drilling,0,0.279460459947586
156362-4-3-8.wav,drilling,0,0.2709710299968719
156418-3-0-0.wav,dog_bark,1,0.9417176246643066
156418-3-0-1.wav,dog_bark,1,0.8161099553108215
156418-3-1-0.wav,dog_bark,1,0.961634874343872
156418-3-2-0.wav,dog_bark,1,0.7320541143417358
156634-5-0-0.wav,engine_idling,0,0.4379529356956482
156634-5-0-1.wav,engine_idling,0,0.4177424907684326
156634-5-0-10.wav,engine_idling,0,0.7353031039237976
156634-5-0-11.wav,engine_idling,0,0.6538317799568176
156634-5-0-12.wav,engine_idling,0,0.7571190595626831
156634-5-0-2.wav,engine_idling,0,0.4969612658023834
156634-5-0-3.wav,engine_idling,0,0.6649078726768494
156634-5-0-4.wav,engine_idling,0,0.8216544985771179
156634-5-0-5.wav,engine_idling,0,0.7782871127128601
156634-5-0-6.wav,engine_idling,0,0.6466311812400818
156634-5-0-7.wav,engine_idling,0,0.5148383975028992
156634-5-0-8.wav,engine_idling,0,0.5463787317276001
156634-5-0-9.wav,engine_idling,0,0.6954853534698486
156634-5-1-0.wav,engine_idling,0,0.0897418782114982
156634-5-2-0.wav,engine_idling,0,0.0513348132371902
156634-5-2-1.wav,engine_idling,0,0.1390441358089447
156634-5-2-2.wav,engine_idling,0,0.2439290285110473
156634-5-2-3.wav,engine_idling,0,0.2643606662750244
156634-5-2-4.wav,engine_idling,0,0.2042963653802871
156634-5-2-5.wav,engine_idling,0,0.2179734855890274
156634-5-2-6.wav,engine_idling,0,0.2118525356054306
156634-5-2-7.wav,engine_idling,0,0.2161447405815124
156634-5-2-8.wav,engine_idling,0,0.2207268327474594
156868-8-0-0.wav,siren,1,0.7259048819541931
156868-8-1-0.wav,siren,1,0.7710283994674683
156868-8-2-0.wav,siren,1,0.9385935068130492
156868-8-3-0.wav,siren,1,0.9403690099716188
156868-8-4-0.wav,siren,1,0.9386162757873536
156869-8-0-0.wav,siren,1,0.9992513060569764
156869-8-0-1.wav,siren,1,0.971175253391266
156869-8-0-10.wav,siren,1,0.7628028392791748
156869-8-0-11.wav,siren,1,0.653316855430603
156869-8-0-2.wav,siren,1,0.9226688146591188
156869-8-0-3.wav,siren,1,0.6622354984283447
156869-8-0-4.wav,siren,1,0.981612741947174
156869-8-0-5.wav,siren,1,0.9973055124282836
156869-8-0-6.wav,siren,1,0.9074530005455016
156869-8-0-7.wav,siren,1,0.9548108577728271
156869-8-0-8.wav,siren,1,0.9624361991882324
156869-8-0-9.wav,siren,1,0.830584704875946
156893-7-0-0.wav,jackhammer,0,0.8788124322891235
156893-7-1-0.wav,jackhammer,0,0.887569010257721
156893-7-10-0.wav,jackhammer,0,0.8973091840744019
156893-7-11-0.wav,jackhammer,0,0.0543505474925041
156893-7-2-0.wav,jackhammer,0,0.8549638986587524
156893-7-3-0.wav,jackhammer,0,0.6303548812866211
156893-7-4-0.wav,jackhammer,0,0.7375239729881287
156893-7-5-0.wav,jackhammer,0,0.555325984954834
156893-7-6-0.wav,jackhammer,0,0.7645411491394043
156893-7-7-0.wav,jackhammer,0,0.3097797036170959
156893-7-8-0.wav,jackhammer,0,0.8919267058372498
156893-7-9-0.wav,jackhammer,0,0.8579213619232178
156897-6-0-0.wav,gun_shot,1,0.8659262657165527
157207-6-0-0.wav,gun_shot,1,0.5650228261947632
157207-6-2-0.wav,gun_shot,1,0.3201220631599426
157207-6-4-0.wav,gun_shot,1,0.7065795660018921
157207-6-5-0.wav,gun_shot,1,0.4767172336578369
157207-6-6-0.wav,gun_shot,1,0.6715390086174011
157207-6-7-0.wav,gun_shot,1,0.5846327543258667
157207-6-8-0.wav,gun_shot,1,0.6177996397018433
157207-6-9-0.wav,gun_shot,1,0.5420565605163574
157322-3-0-3.wav,dog_bark,1,0.8686071038246155
157322-3-0-4.wav,dog_bark,1,0.8905367851257324
157322-3-0-5.wav,dog_bark,1,0.8306494355201721
157322-3-0-6.wav,dog_bark,1,0.8545831441879272
157648-8-0-0.wav,siren,1,0.6414042711257935
157649-3-0-0.wav,dog_bark,1,0.6944383978843689
157649-3-0-1.wav,dog_bark,1,0.7232254147529602
157649-3-1-1.wav,dog_bark,1,0.8162562251091003
157649-3-2-0.wav,dog_bark,1,0.7626996040344238
157799-6-0-0.wav,gun_shot,1,0.7816839218139648
157800-6-0-0.wav,gun_shot,1,0.8670740723609924
157801-6-0-0.wav,gun_shot,1,0.8559738397598267
157866-8-0-0.wav,siren,1,0.2266048341989517
157866-8-0-1.wav,siren,1,0.225795105099678
157866-8-0-10.wav,siren,1,0.2209171503782272
157866-8-0-11.wav,siren,1,0.2024346739053726
157866-8-0-12.wav,siren,1,0.255780428647995
157866-8-0-13.wav,siren,1,0.2106527686119079
157866-8-0-14.wav,siren,1,0.2055015861988067
157866-8-0-15.wav,siren,1,0.2070333361625671
157866-8-0-16.wav,siren,1,0.2493848204612732
157866-8-0-17.wav,siren,1,0.2029816508293151
157866-8-0-18.wav,siren,1,0.1917950809001922
157866-8-0-19.wav,siren,1,0.2239456176757812
157866-8-0-2.wav,siren,1,0.222346693277359
157866-8-0-20.wav,siren,1,0.2324890345335006
157866-8-0-21.wav,siren,1,0.2014615982770919
157866-8-0-22.wav,siren,1,0.2239365130662918
157866-8-0-23.wav,siren,1,0.2406530231237411
157866-8-0-24.wav,siren,1,0.2262092977762222
157866-8-0-25.wav,siren,1,0.1921476125717163
157866-8-0-26.wav,siren,1,0.2260455936193466
157866-8-0-27.wav,siren,1,0.237442061305046
157866-8-0-3.wav,siren,1,0.1950204074382782
157866-8-0-4.wav,siren,1,0.2264041304588318
157866-8-0-5.wav,siren,1,0.2225798666477203
157866-8-0-6.wav,siren,1,0.2253240048885345
157866-8-0-7.wav,siren,1,0.1928053498268127
157866-8-0-8.wav,siren,1,0.2295707315206527
157866-8-0-9.wav,siren,1,0.2246686220169067
157867-8-0-0.wav,siren,1,0.9649254083633424
157867-8-0-1.wav,siren,1,0.9916080236434937
157867-8-0-10.wav,siren,1,0.9574191570281982
157867-8-0-11.wav,siren,1,0.9916743636131288
157867-8-0-12.wav,siren,1,0.9558101892471312
157867-8-0-13.wav,siren,1,0.9737086296081544
157867-8-0-14.wav,siren,1,0.9930419921875
157867-8-0-15.wav,siren,1,0.9478025436401368
157867-8-0-16.wav,siren,1,0.9914685487747192
157867-8-0-17.wav,siren,1,0.9721854329109192
157867-8-0-18.wav,siren,1,0.9717677235603333
157867-8-0-19.wav,siren,1,0.9932029247283936
157867-8-0-2.wav,siren,1,0.9246679544448853
157867-8-0-20.wav,siren,1,0.9356810450553894
157867-8-0-21.wav,siren,1,0.9915881752967834
157867-8-0-22.wav,siren,1,0.9808133244514464
157867-8-0-23.wav,siren,1,0.9670958518981934
157867-8-0-24.wav,siren,1,0.993083119392395
157867-8-0-25.wav,siren,1,0.9308213591575624
157867-8-0-26.wav,siren,1,0.9923391938209534
157867-8-0-27.wav,siren,1,0.9849953055381776
157867-8-0-28.wav,siren,1,0.9643474817276
157867-8-0-3.wav,siren,1,0.9836826920509338
157867-8-0-4.wav,siren,1,0.9930926561355592
157867-8-0-5.wav,siren,1,0.9616345167160034
157867-8-0-6.wav,siren,1,0.9920083284378052
157867-8-0-7.wav,siren,1,0.939007043838501
157867-8-0-8.wav,siren,1,0.9753044247627258
157867-8-0-9.wav,siren,1,0.9931799173355104
157868-8-0-0.wav,siren,1,0.3036063313484192
157868-8-0-1.wav,siren,1,0.3017922937870025
157868-8-0-10.wav,siren,1,0.2998639345169067
157868-8-0-11.wav,siren,1,0.3007685244083404
157868-8-0-12.wav,siren,1,0.2971110045909881
157868-8-0-13.wav,siren,1,0.3016205430030823
157868-8-0-14.wav,siren,1,0.3112848401069641
157868-8-0-15.wav,siren,1,0.3091394901275635
157868-8-0-16.wav,siren,1,0.310502141714096
157868-8-0-17.wav,siren,1,0.3135615885257721
157868-8-0-18.wav,siren,1,0.3179265260696411
157868-8-0-19.wav,siren,1,0.3078192174434662
157868-8-0-2.wav,siren,1,0.3014106750488281
157868-8-0-20.wav,siren,1,0.3145300149917602
157868-8-0-21.wav,siren,1,0.3104775249958038
157868-8-0-22.wav,siren,1,0.2920764684677124
157868-8-0-23.wav,siren,1,0.298684298992157
157868-8-0-24.wav,siren,1,0.3046301305294037
157868-8-0-25.wav,siren,1,0.3052662014961242
157868-8-0-26.wav,siren,1,0.3051210641860962
157868-8-0-27.wav,siren,1,0.3137575387954712
157868-8-0-3.wav,siren,1,0.3105887174606323
157868-8-0-4.wav,siren,1,0.3074334263801574
157868-8-0-5.wav,siren,1,0.3163231313228607
157868-8-0-6.wav,siren,1,0.3098896145820617
157868-8-0-7.wav,siren,1,0.313993752002716
157868-8-0-8.wav,siren,1,0.3152772188186645
157868-8-0-9.wav,siren,1,0.3164764046669006
157940-9-0-0.wav,street_music,0,0.000189282145584
157940-9-0-2.wav,street_music,0,0.0154882417991757
157940-9-0-3.wav,street_music,0,0.0026882332749664
157940-9-0-4.wav,street_music,0,0.0006267828866839
157940-9-0-5.wav,street_music,0,0.0006384011940099
157940-9-0-6.wav,street_music,0,0.0005411939346231
157950-3-0-0.wav,dog_bark,1,0.9406222105026244
158593-2-0-0.wav,children_playing,0,0.6955259442329407
158593-2-0-31.wav,children_playing,0,0.6875940561294556
158593-2-0-43.wav,children_playing,0,0.7687329649925232
158593-2-0-47.wav,children_playing,0,0.5571162104606628
158593-2-0-52.wav,children_playing,0,0.7450493574142456
158593-2-0-54.wav,children_playing,0,0.3510825634002685
158593-2-0-8.wav,children_playing,0,0.7985806465148926
158597-2-0-16.wav,children_playing,0,0.8019065260887146
158597-2-0-2.wav,children_playing,0,0.7702114582061768
158597-2-0-3.wav,children_playing,0,0.7984075546264648
158597-2-0-30.wav,children_playing,0,0.7918254137039185
158597-2-0-33.wav,children_playing,0,0.7569448351860046
158597-2-0-41.wav,children_playing,0,0.7153763771057129
158597-2-0-57.wav,children_playing,0,0.8287227153778076
158597-2-0-85.wav,children_playing,0,0.584580659866333
158607-3-0-0.wav,dog_bark,1,0.6969409584999084
158607-3-1-0.wav,dog_bark,1,0.8943106532096863
158607-3-2-0.wav,dog_bark,1,0.8634161949157715
158608-8-0-0.wav,siren,1,0.8164949417114258
158608-8-0-1.wav,siren,1,0.816998302936554
158608-8-0-10.wav,siren,1,0.6768101453781128
158608-8-0-2.wav,siren,1,0.7922269105911255
158608-8-0-3.wav,siren,1,0.7201374769210815
158608-8-0-4.wav,siren,1,0.8174625039100647
158608-8-0-5.wav,siren,1,0.8673883676528931
158608-8-0-6.wav,siren,1,0.8065096735954285
158608-8-0-7.wav,siren,1,0.788661003112793
158608-8-0-8.wav,siren,1,0.8856066465377808
158608-8-0-9.wav,siren,1,0.8634390830993652
158977-6-0-0.wav,gun_shot,1,0.4142332673072815
158978-6-0-0.wav,gun_shot,1,0.4955106079578399
158979-6-0-0.wav,gun_shot,1,0.359083890914917
159176-3-0-0.wav,dog_bark,1,0.8827745914459229
159439-2-0-0.wav,children_playing,0,0.7006139755249023
159439-2-0-10.wav,children_playing,0,0.624727189540863
159439-2-0-11.wav,children_playing,0,0.4874180555343628
159439-2-0-19.wav,children_playing,0,0.3818212151527405
159439-2-0-21.wav,children_playing,0,0.4413157701492309
159439-2-0-29.wav,children_playing,0,0.4718275070190429
159439-2-0-30.wav,children_playing,0,0.3314010798931122
159701-6-0-0.wav,gun_shot,1,0.87645024061203
159701-6-1-0.wav,gun_shot,1,0.8168483376502991
159701-6-2-0.wav,gun_shot,1,0.8802890777587891
159701-6-3-0.wav,gun_shot,1,0.8495261669158936
159701-6-4-0.wav,gun_shot,1,0.8596160411834717
159701-6-5-0.wav,gun_shot,1,0.8861597776412964
159701-6-6-0.wav,gun_shot,1,0.8785274624824524
159702-6-0-0.wav,gun_shot,1,0.9181357622146606
159702-6-2-0.wav,gun_shot,1,0.9164700508117676
159702-6-3-0.wav,gun_shot,1,0.9099781513214112
159702-6-4-0.wav,gun_shot,1,0.9219145774841307
159702-6-6-0.wav,gun_shot,1,0.837943971157074
159703-6-0-0.wav,gun_shot,1,0.8938235640525818
159704-6-0-0.wav,gun_shot,1,0.4706018567085266
159705-6-0-0.wav,gun_shot,1,0.8549404144287109
159706-6-0-0.wav,gun_shot,1,0.9236653447151184
159707-6-0-0.wav,gun_shot,1,0.8699727654457092
159708-6-0-0.wav,gun_shot,1,0.9073584079742432
159708-6-1-0.wav,gun_shot,1,0.9371236562728882
159708-6-2-0.wav,gun_shot,1,0.9328791499137878
159708-6-3-0.wav,gun_shot,1,0.9364205598831176
159708-6-4-0.wav,gun_shot,1,0.935268223285675
159708-6-5-0.wav,gun_shot,1,0.947336494922638
159710-6-0-0.wav,gun_shot,1,0.898057222366333
159726-3-0-0.wav,dog_bark,1,0.4786442518234253
159726-3-1-0.wav,dog_bark,1,0.4020351767539978
159735-2-0-11.wav,children_playing,0,0.5617502927780151
159735-2-0-121.wav,children_playing,0,0.5267500877380371
159735-2-0-17.wav,children_playing,0,0.5611549019813538
159735-2-0-22.wav,children_playing,0,0.5575773119926453
159735-2-0-34.wav,children_playing,0,0.5300816893577576
159735-2-0-80.wav,children_playing,0,0.5684412717819214
159735-2-0-9.wav,children_playing,0,0.5571284890174866
159735-2-0-99.wav,children_playing,0,0.5643420219421387
159738-8-0-0.wav,siren,1,0.566616952419281
159738-8-0-1.wav,siren,1,0.5629711151123047
159738-8-0-10.wav,siren,1,0.5500913858413696
159738-8-0-11.wav,siren,1,0.5460401177406311
159738-8-0-12.wav,siren,1,0.538059651851654
159738-8-0-13.wav,siren,1,0.5275104641914368
159738-8-0-14.wav,siren,1,0.7865622639656067
159738-8-0-15.wav,siren,1,0.8947553634643555
159738-8-0-16.wav,siren,1,0.7926623821258545
159738-8-0-17.wav,siren,1,0.5173057913780212
159738-8-0-18.wav,siren,1,0.5601345896720886
159738-8-0-19.wav,siren,1,0.5664154887199402
159738-8-0-2.wav,siren,1,0.5606674551963806
159738-8-0-3.wav,siren,1,0.5595310926437378
159738-8-0-4.wav,siren,1,0.5584769248962402
159738-8-0-5.wav,siren,1,0.5550323128700256
159738-8-0-6.wav,siren,1,0.553674578666687
159738-8-0-7.wav,siren,1,0.5554909110069275
159738-8-0-8.wav,siren,1,0.549905002117157
159738-8-0-9.wav,siren,1,0.5517038702964783
159742-8-0-0.wav,siren,1,0.571380078792572
159742-8-0-1.wav,siren,1,0.5712457895278931
159742-8-0-10.wav,siren,1,0.8885843753814697
159742-8-0-11.wav,siren,1,0.3851850032806396
159742-8-0-12.wav,siren,1,0.4652333557605743
159742-8-0-13.wav,siren,1,0.512706995010376
159742-8-0-14.wav,siren,1,0.5310424566268921
159742-8-0-2.wav,siren,1,0.5711377859115601
159742-8-0-3.wav,siren,1,0.57002192735672
159742-8-0-4.wav,siren,1,0.5673948526382446
159742-8-0-5.wav,siren,1,0.5615008473396301
159742-8-0-6.wav,siren,1,0.5477859377861023
159742-8-0-7.wav,siren,1,0.7934927940368652
159742-8-0-8.wav,siren,1,0.8798288106918335
159742-8-0-9.wav,siren,1,0.8830726742744446
159743-8-0-0.wav,siren,1,0.9504701495170592
159744-8-0-0.wav,siren,1,0.5505952835083008
159744-8-0-1.wav,siren,1,0.5519288778305054
159744-8-0-10.wav,siren,1,0.7853822708129883
159744-8-0-11.wav,siren,1,0.376977264881134
159744-8-0-12.wav,siren,1,0.4474061131477356
159744-8-0-13.wav,siren,1,0.5479536652565002
159744-8-0-2.wav,siren,1,0.5483385324478149
159744-8-0-3.wav,siren,1,0.549423336982727
159744-8-0-4.wav,siren,1,0.5431812405586243
159744-8-0-5.wav,siren,1,0.5300652384757996
159744-8-0-6.wav,siren,1,0.6728229522705078
159744-8-0-7.wav,siren,1,0.9586348533630372
159744-8-0-8.wav,siren,1,0.966693639755249
159744-8-0-9.wav,siren,1,0.831028938293457
159745-8-0-0.wav,siren,1,0.982930064201355
159745-8-1-0.wav,siren,1,0.8090923428535461
159745-8-1-1.wav,siren,1,0.3954786360263824
159745-8-1-2.wav,siren,1,0.4127525687217712
159745-8-1-3.wav,siren,1,0.4969126284122467
159745-8-1-4.wav,siren,1,0.5410165190696716
159745-8-1-5.wav,siren,1,0.5584590435028076
159745-8-1-6.wav,siren,1,0.5663924813270569
159745-8-1-7.wav,siren,1,0.5667262077331543
159747-8-0-0.wav,siren,1,0.5623433589935303
159747-8-0-1.wav,siren,1,0.5606904029846191
159747-8-0-10.wav,siren,1,0.5208051800727844
159747-8-0-11.wav,siren,1,0.5549973249435425
159747-8-0-12.wav,siren,1,0.921878218650818
159747-8-0-13.wav,siren,1,0.9075300693511964
159747-8-0-14.wav,siren,1,0.8122991323471069
159747-8-0-15.wav,siren,1,0.8298580050468445
159747-8-0-16.wav,siren,1,0.6236725449562073
159747-8-0-17.wav,siren,1,0.3752425909042358
159747-8-0-18.wav,siren,1,0.4889612197875976
159747-8-0-19.wav,siren,1,0.5602883696556091
159747-8-0-2.wav,siren,1,0.5589115023612976
159747-8-0-20.wav,siren,1,0.5693480968475342
159747-8-0-21.wav,siren,1,0.5705763101577759
159747-8-0-3.wav,siren,1,0.5487935543060303
159747-8-0-4.wav,siren,1,0.5403256416320801
159747-8-0-5.wav,siren,1,0.5500469207763672
159747-8-0-6.wav,siren,1,0.5586560368537903
159747-8-0-7.wav,siren,1,0.5595628023147583
159747-8-0-8.wav,siren,1,0.5587378740310669
159747-8-0-9.wav,siren,1,0.5476004481315613
159748-8-0-0.wav,siren,1,0.2952112853527069
159748-8-0-1.wav,siren,1,0.2613274753093719
159748-8-0-2.wav,siren,1,0.1878125369548797
159748-8-0-3.wav,siren,1,0.23151396214962
159748-8-0-4.wav,siren,1,0.3043120801448822
159748-8-0-5.wav,siren,1,0.2821606397628784
159748-8-0-6.wav,siren,1,0.2360298931598663
159748-8-0-7.wav,siren,1,0.2360246330499649
159748-8-0-8.wav,siren,1,0.2119223475456237
159748-8-0-9.wav,siren,1,0.2818291485309601
159748-8-1-0.wav,siren,1,0.51439368724823
159748-8-2-0.wav,siren,1,0.2976403832435608
159748-8-2-1.wav,siren,1,0.265533447265625
159748-8-2-2.wav,siren,1,0.2005477249622345
159748-8-2-3.wav,siren,1,0.2239992767572403
159748-8-2-4.wav,siren,1,0.2195793390274047
159748-8-2-5.wav,siren,1,0.2940012514591217
159748-8-2-6.wav,siren,1,0.3676726222038269
159748-8-2-7.wav,siren,1,0.2767289876937866
159748-8-2-8.wav,siren,1,0.3177657425403595
159750-8-0-0.wav,siren,1,0.8317452073097229
159750-8-0-1.wav,siren,1,0.9277206659317015
159750-8-0-2.wav,siren,1,0.6672953367233276
159750-8-0-3.wav,siren,1,0.4662129580974579
159750-8-0-4.wav,siren,1,0.5451050400733948
159750-8-0-5.wav,siren,1,0.5633690357208252
159750-8-0-6.wav,siren,1,0.567808985710144
159750-8-0-7.wav,siren,1,0.5699050426483154
159750-8-0-8.wav,siren,1,0.5706098079681396
159751-8-0-0.wav,siren,1,0.2052983939647674
159751-8-0-1.wav,siren,1,0.2469990104436874
159751-8-0-10.wav,siren,1,0.279908537864685
159751-8-0-11.wav,siren,1,0.3060009777545929
159751-8-0-12.wav,siren,1,0.4245659410953522
159751-8-0-13.wav,siren,1,0.3972432613372803
159751-8-0-14.wav,siren,1,0.1771346777677536
159751-8-0-15.wav,siren,1,0.1739267259836197
159751-8-0-16.wav,siren,1,0.2196840196847915
159751-8-0-17.wav,siren,1,0.1652414202690124
159751-8-0-18.wav,siren,1,0.1756498366594314
159751-8-0-19.wav,siren,1,0.236154168844223
159751-8-0-2.wav,siren,1,0.2632906138896942
159751-8-0-20.wav,siren,1,0.2379658967256546
159751-8-0-21.wav,siren,1,0.2645563185214996
159751-8-0-3.wav,siren,1,0.2238016277551651
159751-8-0-4.wav,siren,1,0.2268173694610595
159751-8-0-5.wav,siren,1,0.2477204799652099
159751-8-0-6.wav,siren,1,0.2131408751010894
159751-8-0-7.wav,siren,1,0.2171680629253387
159751-8-0-8.wav,siren,1,0.2397381365299224
159751-8-0-9.wav,siren,1,0.2167676091194152
159752-8-0-0.wav,siren,1,0.2483493387699127
159752-8-0-1.wav,siren,1,0.2242625206708908
159752-8-0-10.wav,siren,1,0.3129798173904419
159752-8-0-11.wav,siren,1,0.392647385597229
159752-8-0-12.wav,siren,1,0.5490683317184448
159752-8-0-2.wav,siren,1,0.2337763458490371
159752-8-0-3.wav,siren,1,0.2288155108690261
159752-8-0-4.wav,siren,1,0.1908486634492874
159752-8-0-5.wav,siren,1,0.2152888476848602
159752-8-0-6.wav,siren,1,0.2766576409339905
159752-8-0-7.wav,siren,1,0.271362692117691
159752-8-0-8.wav,siren,1,0.2267972826957702
159752-8-0-9.wav,siren,1,0.2585560977458954
159752-8-1-0.wav,siren,1,0.5999183058738708
159752-8-2-0.wav,siren,1,0.2141216099262237
159752-8-2-1.wav,siren,1,0.2146798372268676
159752-8-2-2.wav,siren,1,0.175187736749649
159752-8-2-3.wav,siren,1,0.1902999430894851
159753-8-0-0.wav,siren,1,0.9225088357925416
159753-8-0-1.wav,siren,1,0.9593737125396729
159753-8-0-2.wav,siren,1,0.8965818285942078
159753-8-0-3.wav,siren,1,0.9421828389167786
159753-8-0-4.wav,siren,1,0.903752863407135
159753-8-0-5.wav,siren,1,0.9219388961791992
159753-8-0-6.wav,siren,1,0.9282875657081604
159754-8-0-0.wav,siren,1,0.6111077666282654
159754-8-1-0.wav,siren,1,0.9567571878433228
159754-8-2-0.wav,siren,1,0.9414301514625548
159754-8-3-0.wav,siren,1,0.9732017517089844
159754-8-4-0.wav,siren,1,0.9795634150505066
159755-8-0-0.wav,siren,1,0.5636478066444397
159755-8-0-1.wav,siren,1,0.5546793937683105
159755-8-0-2.wav,siren,1,0.5627366900444031
159755-8-0-3.wav,siren,1,0.7162821292877197
159761-0-0-0.wav,air_conditioner,0,0.4430181384086609
159761-0-0-1.wav,air_conditioner,0,0.4421988427639007
159761-0-0-2.wav,air_conditioner,0,0.4424071013927459
159761-0-0-3.wav,air_conditioner,0,0.444416880607605
159761-0-0-4.wav,air_conditioner,0,0.4456822276115417
159761-0-0-5.wav,air_conditioner,0,0.4462034404277801
159761-0-0-6.wav,air_conditioner,0,0.4466091990470886
159761-0-0-7.wav,air_conditioner,0,0.4443667531013489
159761-0-0-8.wav,air_conditioner,0,0.4428259432315826
160009-2-0-1.wav,children_playing,0,0.5831956267356873
160009-2-0-11.wav,children_playing,0,0.8508371114730835
160009-2-0-22.wav,children_playing,0,0.7250879406929016
160009-2-0-30.wav,children_playing,0,0.8364254832267761
160009-2-0-31.wav,children_playing,0,0.8578435778617859
160009-2-0-47.wav,children_playing,0,0.7317850589752197
160009-2-0-5.wav,children_playing,0,0.6360561847686768
160009-2-0-50.wav,children_playing,0,0.7874194383621216
160010-2-0-19.wav,children_playing,0,0.1097333282232284
160010-2-0-21.wav,children_playing,0,0.1092824041843414
160010-2-0-30.wav,children_playing,0,0.000928483554162
160010-2-0-32.wav,children_playing,0,0.0221163108944892
160010-2-0-33.wav,children_playing,0,0.0181408859789371
160010-2-0-37.wav,children_playing,0,0.0035815290175378
160010-2-0-38.wav,children_playing,0,0.1992184072732925
160010-2-0-49.wav,children_playing,0,0.1349546462297439
160011-2-0-0.wav,children_playing,0,0.8138742446899414
160011-2-0-1.wav,children_playing,0,0.8054326176643372
160011-2-0-12.wav,children_playing,0,0.7383408546447754
160011-2-0-3.wav,children_playing,0,0.8100733160972595
160011-2-0-34.wav,children_playing,0,0.7521563172340393
160011-2-0-5.wav,children_playing,0,0.8021709322929382
160011-2-0-7.wav,children_playing,0,0.8125255703926086
160011-2-0-9.wav,children_playing,0,0.795527994632721
160016-2-0-13.wav,children_playing,0,0.7447656393051147
160016-2-0-25.wav,children_playing,0,0.8615756630897522
160016-2-0-26.wav,children_playing,0,0.95416259765625
160016-2-0-37.wav,children_playing,0,0.8041849136352539
160016-2-0-40.wav,children_playing,0,0.8935459852218628
160016-2-0-5.wav,children_playing,0,0.757348895072937
160016-2-0-8.wav,children_playing,0,0.8885165452957153
160366-3-0-13.wav,dog_bark,1,0.7462902069091797
160366-3-0-4.wav,dog_bark,1,0.5770170092582703
160366-3-0-7.wav,dog_bark,1,0.5354905128479004
160366-3-0-8.wav,dog_bark,1,0.6834185719490051
160575-3-0-0.wav,dog_bark,1,0.4840066134929657
160575-3-1-0.wav,dog_bark,1,0.4250645339488983
160575-3-4-0.wav,dog_bark,1,0.358092188835144
160575-3-7-0.wav,dog_bark,1,0.3018403947353363
161005-2-0-0.wav,children_playing,0,0.6758294105529785
161005-2-0-12.wav,children_playing,0,0.7488033771514893
161005-2-0-14.wav,children_playing,0,0.7632384896278381
161005-2-0-19.wav,children_playing,0,0.7275156378746033
161005-2-0-27.wav,children_playing,0,0.6258758902549744
161005-2-0-28.wav,children_playing,0,0.6181942820549011
161005-2-0-4.wav,children_playing,0,0.7578773498535156
161005-2-0-6.wav,children_playing,0,0.6654341816902161
161129-4-0-1.wav,drilling,0,0.3782153725624084
161129-4-0-10.wav,drilling,0,0.0904719829559326
161129-4-0-11.wav,drilling,0,0.0616217963397502
161129-4-0-12.wav,drilling,0,0.0325257182121276
161129-4-0-13.wav,drilling,0,0.0248716231435537
161129-4-0-15.wav,drilling,0,0.0479461960494518
161129-4-0-16.wav,drilling,0,0.0653944239020347
161129-4-0-19.wav,drilling,0,0.0756434872746467
161129-4-0-2.wav,drilling,0,0.2960074841976166
161129-4-0-20.wav,drilling,0,0.0972812846302986
161129-4-0-3.wav,drilling,0,0.2085795253515243
161129-4-0-4.wav,drilling,0,0.1723740696907043
161129-4-0-5.wav,drilling,0,0.113235205411911
161129-4-0-6.wav,drilling,0,0.057531327009201
161129-4-0-7.wav,drilling,0,0.0487562678754329
161129-4-0-8.wav,drilling,0,0.0648986920714378
161129-4-0-9.wav,drilling,0,0.0964748039841651
161195-6-0-0.wav,gun_shot,1,0.9351806640625
161702-9-0-26.wav,street_music,0,0.1670769155025482
161702-9-0-30.wav,street_music,0,0.2673647999763489
161702-9-0-37.wav,street_music,0,0.1814085096120834
161702-9-0-45.wav,street_music,0,0.413811981678009
161702-9-0-6.wav,street_music,0,0.3023801743984222
161702-9-0-8.wav,street_music,0,0.239867091178894
161922-3-1-4.wav,dog_bark,1,0.4399871230125427
161922-3-1-5.wav,dog_bark,1,0.460814893245697
161922-3-1-6.wav,dog_bark,1,0.453162670135498
161922-3-2-0.wav,dog_bark,1,0.6187798380851746
161923-3-0-0.wav,dog_bark,1,0.4857701063156128
161923-3-0-12.wav,dog_bark,1,0.5283324718475342
161923-3-0-19.wav,dog_bark,1,0.5430804491043091
161923-3-0-5.wav,dog_bark,1,0.5491704344749451
162103-0-0-0.wav,air_conditioner,0,0.7644829154014587
162103-0-0-1.wav,air_conditioner,0,0.7404472231864929
162103-0-0-10.wav,air_conditioner,0,0.3371383249759674
162103-0-0-11.wav,air_conditioner,0,0.5026282668113708
162103-0-0-12.wav,air_conditioner,0,0.5793936848640442
162103-0-0-13.wav,air_conditioner,0,0.586493730545044
162103-0-0-14.wav,air_conditioner,0,0.6465862989425659
162103-0-0-15.wav,air_conditioner,0,0.6545290946960449
162103-0-0-16.wav,air_conditioner,0,0.6679157018661499
162103-0-0-17.wav,air_conditioner,0,0.664778470993042
162103-0-0-2.wav,air_conditioner,0,0.7129446268081665
162103-0-0-3.wav,air_conditioner,0,0.6611218452453613
162103-0-0-4.wav,air_conditioner,0,0.5887197256088257
162103-0-0-5.wav,air_conditioner,0,0.4332132637500763
162103-0-0-6.wav,air_conditioner,0,0.2852983772754669
162103-0-0-7.wav,air_conditioner,0,0.2643884122371673
162103-0-0-8.wav,air_conditioner,0,0.3571085035800934
162103-0-0-9.wav,air_conditioner,0,0.3869958519935608
162134-7-0-0.wav,jackhammer,0,0.0250039249658584
162134-7-0-1.wav,jackhammer,0,0.0022469128016382
162134-7-0-2.wav,jackhammer,0,0.0006796356174163
162134-7-1-0.wav,jackhammer,0,0.1456908732652664
162134-7-10-0.wav,jackhammer,0,0.0005230178940109
162134-7-10-1.wav,jackhammer,0,0.0010831744875758
162134-7-10-2.wav,jackhammer,0,0.000753525935579
162134-7-10-3.wav,jackhammer,0,0.0042164768092334
162134-7-11-0.wav,jackhammer,0,2.757241190920468e-07
162134-7-11-1.wav,jackhammer,0,2.1152726503714805e-07
162134-7-11-2.wav,jackhammer,0,1.311845121421129e-08
162134-7-11-3.wav,jackhammer,0,1.8228316633894792e-08
162134-7-11-4.wav,jackhammer,0,2.136675675501465e-06
162134-7-11-5.wav,jackhammer,0,6.410112837329507e-05
162134-7-11-6.wav,jackhammer,0,0.0002516182430554
162134-7-11-7.wav,jackhammer,0,0.0043930830433964
162134-7-12-0.wav,jackhammer,0,0.0002044858410954
162134-7-12-1.wav,jackhammer,0,0.0002303421497344
162134-7-12-2.wav,jackhammer,0,0.0001085048861568
162134-7-12-3.wav,jackhammer,0,1.6236870578723028e-05
162134-7-12-4.wav,jackhammer,0,0.0003858055279124
162134-7-13-0.wav,jackhammer,0,2.3166803586605056e-08
162134-7-13-1.wav,jackhammer,0,3.794226870468265e-07
162134-7-13-2.wav,jackhammer,0,0.0001230492343893
162134-7-13-3.wav,jackhammer,0,0.0180346947163343
162134-7-13-4.wav,jackhammer,0,0.0946226641535759
162134-7-14-0.wav,jackhammer,0,3.420570646994747e-05
162134-7-14-1.wav,jackhammer,0,0.0002102035068674
162134-7-14-2.wav,jackhammer,0,0.0014785194071009
162134-7-15-0.wav,jackhammer,0,7.736398401902989e-06
162134-7-15-1.wav,jackhammer,0,3.524569547153078e-05
162134-7-15-2.wav,jackhammer,0,0.000201877701329
162134-7-15-3.wav,jackhammer,0,0.0010085535468533
162134-7-15-4.wav,jackhammer,0,0.0137269413098692
162134-7-16-0.wav,jackhammer,0,0.0002308918628841
162134-7-16-1.wav,jackhammer,0,0.0105736469849944
162134-7-17-0.wav,jackhammer,0,2.946585118479561e-05
162134-7-17-1.wav,jackhammer,0,4.926702968077734e-05
162134-7-17-2.wav,jackhammer,0,3.4756776585709304e-05
162134-7-17-3.wav,jackhammer,0,7.795105193508789e-05
162134-7-17-4.wav,jackhammer,0,0.00042945810128
162134-7-2-0.wav,jackhammer,0,0.259136825799942
162134-7-3-0.wav,jackhammer,0,0.0381040386855602
162134-7-4-0.wav,jackhammer,0,0.0125857014209032
162134-7-5-0.wav,jackhammer,0,0.0943036675453186
162134-7-6-0.wav,jackhammer,0,0.3775813579559326
162134-7-7-0.wav,jackhammer,0,9.08409583644243e-06
162134-7-7-1.wav,jackhammer,0,0.0016320483991876
162134-7-8-0.wav,jackhammer,0,6.0635848058154806e-05
162134-7-8-1.wav,jackhammer,0,0.0001664623559918
162134-7-8-2.wav,jackhammer,0,3.984285649494268e-05
162134-7-8-3.wav,jackhammer,0,2.78484117188782e-06
162134-7-8-4.wav,jackhammer,0,2.2328118575387634e-05
162134-7-8-5.wav,jackhammer,0,0.0003226991393603
162134-7-8-6.wav,jackhammer,0,9.103232150664552e-05
162134-7-8-7.wav,jackhammer,0,0.0002720643242355
162134-7-9-0.wav,jackhammer,0,0.0002065648295683
162134-7-9-1.wav,jackhammer,0,0.0008040001266635
162134-7-9-2.wav,jackhammer,0,0.0028736209496855
162134-7-9-3.wav,jackhammer,0,0.0052120722830295
162134-7-9-4.wav,jackhammer,0,0.0036950798239558
162148-3-0-0.wav,dog_bark,1,0.5525805950164795
162318-2-0-17.wav,children_playing,0,0.7247560620307922
162318-2-0-25.wav,children_playing,0,0.5565114617347717
162318-2-0-34.wav,children_playing,0,0.5670207142829895
162318-2-0-38.wav,children_playing,0,0.6563010215759277
162318-2-0-39.wav,children_playing,0,0.5961750149726868
162318-2-0-40.wav,children_playing,0,0.5480132102966309
162318-2-0-55.wav,children_playing,0,0.627047061920166
162318-2-0-7.wav,children_playing,0,0.7387670874595642
162431-6-0-0.wav,gun_shot,1,0.920274555683136
162431-6-1-0.wav,gun_shot,1,0.9252182841300964
162431-6-2-0.wav,gun_shot,1,0.923238217830658
162431-6-3-0.wav,gun_shot,1,0.9192426800727844
162432-6-0-0.wav,gun_shot,1,0.9178586006164552
162432-6-1-0.wav,gun_shot,1,0.926310658454895
162432-6-10-0.wav,gun_shot,1,0.9266248941421508
162432-6-11-0.wav,gun_shot,1,0.9265121221542358
162432-6-12-0.wav,gun_shot,1,0.9249612092971802
162432-6-13-0.wav,gun_shot,1,0.922410488128662
162432-6-14-0.wav,gun_shot,1,0.9245564341545104
162432-6-2-0.wav,gun_shot,1,0.9253050088882446
162432-6-3-0.wav,gun_shot,1,0.9254103899002076
162432-6-4-0.wav,gun_shot,1,0.9231538772583008
162432-6-5-0.wav,gun_shot,1,0.9188787937164308
162432-6-6-0.wav,gun_shot,1,0.9233312010765076
162432-6-7-0.wav,gun_shot,1,0.9242611527442932
162432-6-8-0.wav,gun_shot,1,0.9253230094909668
162432-6-9-0.wav,gun_shot,1,0.9268560409545898
162433-6-0-0.wav,gun_shot,1,0.9270997643470764
162433-6-1-0.wav,gun_shot,1,0.9250134229660034
162433-6-2-0.wav,gun_shot,1,0.9255179762840272
162433-6-3-0.wav,gun_shot,1,0.9273844957351683
162433-6-4-0.wav,gun_shot,1,0.9247832298278807
162433-6-5-0.wav,gun_shot,1,0.9248920679092408
162433-6-6-0.wav,gun_shot,1,0.9278087019920348
162433-6-7-0.wav,gun_shot,1,0.92540180683136
162433-6-8-0.wav,gun_shot,1,0.928141951560974
162434-6-1-0.wav,gun_shot,1,0.9101581573486328
162434-6-2-0.wav,gun_shot,1,0.9129164814949036
162435-6-0-0.wav,gun_shot,1,0.9011001586914062
162435-6-1-0.wav,gun_shot,1,0.902884602546692
162435-6-2-0.wav,gun_shot,1,0.9245454668998718
162436-6-0-0.wav,gun_shot,1,0.5477305054664612
162540-1-0-0.wav,car_horn,1,0.9377204179763794
162540-1-1-0.wav,car_horn,1,0.9333304762840272
162540-1-2-0.wav,car_horn,1,0.942998230457306
162541-1-0-0.wav,car_horn,1,0.5331258177757263
162541-1-1-0.wav,car_horn,1,0.5352314710617065
162541-1-2-0.wav,car_horn,1,0.530748724937439
162702-1-1-0.wav,car_horn,1,0.9265065789222716
162703-1-0-0.wav,car_horn,1,0.8864293694496155
162728-1-0-0.wav,car_horn,1,0.9081748127937316
164053-8-0-0.wav,siren,1,0.4436956644058227
164053-8-1-0.wav,siren,1,0.3887563645839691
164053-8-2-0.wav,siren,1,0.4214002192020416
164053-8-2-1.wav,siren,1,0.4253835380077362
164053-8-2-2.wav,siren,1,0.4030773937702179
164053-8-2-3.wav,siren,1,0.3908248245716095
164053-8-3-0.wav,siren,1,0.4170329570770263
164194-2-0-10.wav,children_playing,0,0.9250687956809998
164194-2-0-11.wav,children_playing,0,0.9221799969673156
164194-2-0-14.wav,children_playing,0,0.7257152795791626
164194-2-0-18.wav,children_playing,0,0.4906648397445678
164194-2-0-24.wav,children_playing,0,0.1474188417196273
164194-2-0-26.wav,children_playing,0,0.1283665746450424
164194-2-0-29.wav,children_playing,0,0.4352345466613769
164194-2-0-7.wav,children_playing,0,0.2408691644668579
164311-3-0-0.wav,dog_bark,1,0.6337761878967285
164311-3-1-0.wav,dog_bark,1,0.5733990669250488
164312-3-0-0.wav,dog_bark,1,0.5630642771720886
164312-3-1-0.wav,dog_bark,1,0.5594466924667358
164312-3-3-0.wav,dog_bark,1,0.5916023850440979
164312-3-4-0.wav,dog_bark,1,0.5754708647727966
164344-9-0-0.wav,street_music,0,0.6735657453536987
164344-9-0-26.wav,street_music,0,0.8122962713241577
164344-9-0-38.wav,street_music,0,0.8238914012908936
164344-9-0-39.wav,street_music,0,0.7709516882896423
164344-9-0-40.wav,street_music,0,0.7508465051651001
164344-9-0-44.wav,street_music,0,0.7977864742279053
164377-9-0-16.wav,street_music,0,0.0001999459782382
164377-9-1-15.wav,street_music,0,2.750940097939747e-07
164377-9-1-3.wav,street_music,0,7.407333760056645e-05
164377-9-1-36.wav,street_music,0,0.0002599327999632
164377-9-1-43.wav,street_music,0,1.5685364473938537e-07
164377-9-1-50.wav,street_music,0,5.972600774839521e-05
164377-9-1-92.wav,street_music,0,0.00031602778472
164625-1-0-0.wav,car_horn,1,0.8503651022911072
164626-1-0-0.wav,car_horn,1,0.8971472978591919
164627-1-0-0.wav,car_horn,1,0.8432925343513489
164646-6-0-0.wav,gun_shot,1,0.4765948057174682
164667-6-0-0.wav,gun_shot,1,0.443308562040329
164782-8-0-0.wav,siren,1,0.8350743651390076
164782-8-0-1.wav,siren,1,0.8305086493492126
164782-8-0-2.wav,siren,1,0.8194296956062317
164782-8-0-3.wav,siren,1,0.8015058040618896
164782-8-0-4.wav,siren,1,0.7888876795768738
164782-8-0-5.wav,siren,1,0.7843741178512573
164782-8-0-6.wav,siren,1,0.7341796159744263
164782-8-0-7.wav,siren,1,0.787825882434845
164797-2-0-16.wav,children_playing,0,0.2097059339284896
164797-2-0-29.wav,children_playing,0,0.5901128053665161
164797-2-0-32.wav,children_playing,0,0.614664614200592
164797-2-0-44.wav,children_playing,0,0.1958159506320953
164797-2-0-47.wav,children_playing,0,0.1789663732051849
164797-2-0-50.wav,children_playing,0,0.1755305975675583
164797-2-0-8.wav,children_playing,0,0.3712743520736694
165039-7-0-0.wav,jackhammer,0,0.2043516188859939
165039-7-1-0.wav,jackhammer,0,0.6599223613739014
165039-7-10-0.wav,jackhammer,0,0.5017322897911072
165039-7-10-1.wav,jackhammer,0,0.5891872048377991
165039-7-11-0.wav,jackhammer,0,0.6019042134284973
165039-7-12-0.wav,jackhammer,0,0.6597265005111694
165039-7-12-1.wav,jackhammer,0,0.7032837271690369
165039-7-13-0.wav,jackhammer,0,0.9002180695533752
165039-7-14-0.wav,jackhammer,0,0.7809801697731018
165039-7-15-0.wav,jackhammer,0,0.5931744575500488
165039-7-15-1.wav,jackhammer,0,0.6514003276824951
165039-7-16-0.wav,jackhammer,0,0.4427854716777801
165039-7-17-0.wav,jackhammer,0,0.2037038952112198
165039-7-17-1.wav,jackhammer,0,0.3701612651348114
165039-7-2-0.wav,jackhammer,0,0.7059580683708191
165039-7-2-1.wav,jackhammer,0,0.7815642356872559
165039-7-3-0.wav,jackhammer,0,0.6917039752006531
165039-7-4-0.wav,jackhammer,0,0.3786351978778839
165039-7-4-1.wav,jackhammer,0,0.5046140551567078
165039-7-4-2.wav,jackhammer,0,0.5217990875244141
165039-7-5-0.wav,jackhammer,0,0.4459607899188995
165039-7-5-1.wav,jackhammer,0,0.6782223582267761
165039-7-6-0.wav,jackhammer,0,0.5220733880996704
165039-7-6-1.wav,jackhammer,0,0.54703289270401
165039-7-7-0.wav,jackhammer,0,0.2845361232757568
165039-7-8-0.wav,jackhammer,0,0.5716338753700256
165039-7-8-1.wav,jackhammer,0,0.5660855174064636
165039-7-8-2.wav,jackhammer,0,0.6275326013565063
165039-7-9-0.wav,jackhammer,0,0.623146653175354
165067-2-0-111.wav,children_playing,0,0.4495530128479004
165067-2-0-112.wav,children_playing,0,0.6229998469352722
165067-2-0-35.wav,children_playing,0,0.5434026122093201
165067-2-0-56.wav,children_playing,0,0.2047711312770843
165067-2-0-72.wav,children_playing,0,0.3815896809101105
165067-2-0-9.wav,children_playing,0,0.271167129278183
165067-2-0-91.wav,children_playing,0,0.4570812284946441
165166-8-0-0.wav,siren,1,0.7803817987442017
165166-8-0-1.wav,siren,1,0.7276265025138855
165166-8-0-2.wav,siren,1,0.7530226707458496
165166-8-0-3.wav,siren,1,0.7713582515716553
165166-8-0-4.wav,siren,1,0.805968165397644
165166-8-0-5.wav,siren,1,0.8281905651092529
165166-8-0-6.wav,siren,1,0.981019139289856
165166-8-0-7.wav,siren,1,0.9801367521286012
165166-8-0-8.wav,siren,1,0.8589293956756592
165192-9-0-118.wav,street_music,0,0.3018484115600586
165192-9-0-146.wav,street_music,0,0.1373495608568191
165192-9-0-160.wav,street_music,0,0.0105427503585815
165192-9-0-5.wav,street_music,0,0.3349234461784363
165192-9-0-76.wav,street_music,0,0.6187075972557068
165192-9-0-87.wav,street_music,0,0.2400393187999725
165454-0-0-0.wav,air_conditioner,0,0.3396824300289154
165454-0-0-1.wav,air_conditioner,0,0.3879000544548034
165454-0-0-10.wav,air_conditioner,0,0.3923260867595672
165454-0-0-11.wav,air_conditioner,0,0.4296001195907593
165454-0-0-12.wav,air_conditioner,0,0.3015916049480438
165454-0-0-2.wav,air_conditioner,0,0.4435591399669647
165454-0-0-3.wav,air_conditioner,0,0.3402487933635711
165454-0-0-4.wav,air_conditioner,0,0.2131523489952087
165454-0-0-5.wav,air_conditioner,0,0.2419763654470443
165454-0-0-6.wav,air_conditioner,0,0.2521821856498718
165454-0-0-7.wav,air_conditioner,0,0.2387463599443435
165454-0-0-8.wav,air_conditioner,0,0.2404917478561401
165454-0-0-9.wav,air_conditioner,0,0.2374258339405059
165529-2-0-18.wav,children_playing,0,0.7855986952781677
165529-2-0-3.wav,children_playing,0,0.8240647315979004
165529-2-0-6.wav,children_playing,0,0.8243650197982788
165529-2-0-70.wav,children_playing,0,0.8022310733795166
165529-2-0-73.wav,children_playing,0,0.847610354423523
165529-2-0-8.wav,children_playing,0,0.8148426413536072
165529-2-0-90.wav,children_playing,0,0.8165614008903503
165567-3-0-0.wav,dog_bark,1,0.4998960494995117
165567-3-2-0.wav,dog_bark,1,0.5784792304039001
165567-3-3-0.wav,dog_bark,1,0.5613069534301758
165567-3-4-0.wav,dog_bark,1,0.549430251121521
165640-4-0-0.wav,drilling,0,0.4358665347099304
165640-4-0-1.wav,drilling,0,0.3871971368789673
165640-4-0-2.wav,drilling,0,0.4960455298423767
165641-4-0-0.wav,drilling,0,0.7567864060401917
165641-4-0-1.wav,drilling,0,0.7669687271118164
165642-4-0-0.wav,drilling,0,0.9039651155471802
165643-4-0-0.wav,drilling,0,0.7555930614471436
165644-4-0-0.wav,drilling,0,0.7034079432487488
165644-4-0-1.wav,drilling,0,0.6893638968467712
165645-4-0-0.wav,drilling,0,0.5245801210403442
165645-4-1-0.wav,drilling,0,0.5097074508666992
165645-4-2-0.wav,drilling,0,0.5590569376945496
165645-4-3-0.wav,drilling,0,0.4711905717849731
165645-4-4-0.wav,drilling,0,0.505313515663147
165645-4-5-0.wav,drilling,0,0.5569879412651062
165774-7-0-0.wav,jackhammer,0,0.4808425605297088
165774-7-1-0.wav,jackhammer,0,0.4313493967056274
165774-7-2-0.wav,jackhammer,0,0.2491509020328521
165774-7-3-0.wav,jackhammer,0,0.5817071795463562
165774-7-4-0.wav,jackhammer,0,0.6620953679084778
165774-7-5-0.wav,jackhammer,0,0.5865679979324341
165774-7-6-0.wav,jackhammer,0,0.6293168663978577
165774-7-7-0.wav,jackhammer,0,0.5813653469085693
165774-7-8-0.wav,jackhammer,0,0.1018407046794891
165775-7-0-0.wav,jackhammer,0,0.7936572432518005
165775-7-1-0.wav,jackhammer,0,0.6519724130630493
165785-4-0-0.wav,drilling,0,0.9442223906517028
165785-4-1-0.wav,drilling,0,0.937936305999756
165785-4-2-0.wav,drilling,0,0.9248815178871156
165785-4-3-0.wav,drilling,0,0.8618457317352295
165785-4-4-0.wav,drilling,0,0.9441782236099244
165786-4-0-0.wav,drilling,0,0.5452123284339905
166101-5-0-0.wav,engine_idling,0,9.799487452255562e-05
166101-5-0-1.wav,engine_idling,0,8.62462111399509e-05
166101-5-0-2.wav,engine_idling,0,0.0008148133638314
166101-5-0-3.wav,engine_idling,0,0.0011801752261817
166101-5-1-0.wav,engine_idling,0,0.2369145005941391
166101-5-2-0.wav,engine_idling,0,5.548908302444033e-05
166101-5-2-1.wav,engine_idling,0,2.980868521262892e-05
166101-5-2-2.wav,engine_idling,0,7.426211232086644e-05
166101-5-2-3.wav,engine_idling,0,2.1705716790165752e-05
166101-5-2-4.wav,engine_idling,0,5.714443886972731e-06
166101-5-3-0.wav,engine_idling,0,0.0001412439742125
166268-3-0-0.wav,dog_bark,1,0.9039037227630616
166268-3-1-0.wav,dog_bark,1,0.8782124519348145
166421-3-0-29.wav,dog_bark,1,0.9284502863883972
166421-3-0-31.wav,dog_bark,1,0.7810764312744141
166421-3-0-5.wav,dog_bark,1,0.940762996673584
166489-3-0-1.wav,dog_bark,1,0.9909186959266664
166489-3-0-2.wav,dog_bark,1,0.9824822545051576
166489-3-0-4.wav,dog_bark,1,0.9715622663497924
16692-5-0-0.wav,engine_idling,0,0.9518219828605652
16692-5-0-1.wav,engine_idling,0,0.8946617245674133
16692-5-0-10.wav,engine_idling,0,0.970039963722229
16692-5-0-2.wav,engine_idling,0,0.911894917488098
16692-5-0-3.wav,engine_idling,0,0.921678900718689
16692-5-0-4.wav,engine_idling,0,0.9470738172531128
16692-5-0-5.wav,engine_idling,0,0.9682672023773192
16692-5-0-6.wav,engine_idling,0,0.9670200943946838
16692-5-0-7.wav,engine_idling,0,0.9635223746299744
16692-5-0-8.wav,engine_idling,0,0.9671799540519714
16692-5-0-9.wav,engine_idling,0,0.9633122682571412
166931-4-0-0.wav,drilling,0,0.5798449516296387
166931-4-0-1.wav,drilling,0,0.6320798397064209
166931-4-1-2.wav,drilling,0,0.3251261413097381
166931-4-1-4.wav,drilling,0,0.2693948149681091
166931-4-1-5.wav,drilling,0,0.4178101122379303
166931-4-1-6.wav,drilling,0,0.6831983327865601
166931-4-2-0.wav,drilling,0,0.6370072960853577
166931-4-2-12.wav,drilling,0,0.3452474772930145
166931-4-2-13.wav,drilling,0,0.4097661077976227
166931-4-2-3.wav,drilling,0,0.7078284621238708
166931-4-2-7.wav,drilling,0,0.5861003994941711
166931-4-2-8.wav,drilling,0,0.5460683107376099
166931-4-3-1.wav,drilling,0,0.6335649490356445
166931-4-3-2.wav,drilling,0,0.6196671724319458
166931-4-4-0.wav,drilling,0,0.233233168721199
166931-4-4-2.wav,drilling,0,0.0989542379975318
166931-4-4-3.wav,drilling,0,0.2304297238588333
166942-0-0-0.wav,air_conditioner,0,0.443485677242279
166942-0-0-1.wav,air_conditioner,0,0.4372762739658355
166942-0-0-10.wav,air_conditioner,0,0.3597390949726105
166942-0-0-11.wav,air_conditioner,0,0.4006227850914001
166942-0-0-12.wav,air_conditioner,0,0.3986143171787262
166942-0-0-13.wav,air_conditioner,0,0.3264200687408447
166942-0-0-14.wav,air_conditioner,0,0.3000817894935608
166942-0-0-15.wav,air_conditioner,0,0.3251770138740539
166942-0-0-2.wav,air_conditioner,0,0.3021850287914276
166942-0-0-3.wav,air_conditioner,0,0.2793183028697967
166942-0-0-4.wav,air_conditioner,0,0.4174544215202331
166942-0-0-5.wav,air_conditioner,0,0.4035115540027618
166942-0-0-6.wav,air_conditioner,0,0.4631228148937225
166942-0-0-7.wav,air_conditioner,0,0.4457144439220428
166942-0-0-8.wav,air_conditioner,0,0.3751510083675384
166942-0-0-9.wav,air_conditioner,0,0.3497565388679504
167464-0-0-0.wav,air_conditioner,0,0.6780483722686768
167464-0-0-1.wav,air_conditioner,0,0.6561517715454102
167464-0-0-10.wav,air_conditioner,0,0.5224384069442749
167464-0-0-11.wav,air_conditioner,0,0.4583871066570282
167464-0-0-12.wav,air_conditioner,0,0.6120010018348694
167464-0-0-13.wav,air_conditioner,0,0.7167161107063293
167464-0-0-14.wav,air_conditioner,0,0.6159778833389282
167464-0-0-15.wav,air_conditioner,0,0.4889459908008575
167464-0-0-16.wav,air_conditioner,0,0.6472747921943665
167464-0-0-17.wav,air_conditioner,0,0.5987335443496704
167464-0-0-18.wav,air_conditioner,0,0.3575277030467987
167464-0-0-19.wav,air_conditioner,0,0.2708819806575775
167464-0-0-2.wav,air_conditioner,0,0.6430597305297852
167464-0-0-20.wav,air_conditioner,0,0.4391928613185882
167464-0-0-21.wav,air_conditioner,0,0.4566347599029541
167464-0-0-22.wav,air_conditioner,0,0.2174752801656723
167464-0-0-23.wav,air_conditioner,0,0.3530632257461548
167464-0-0-24.wav,air_conditioner,0,0.6424140334129333
167464-0-0-3.wav,air_conditioner,0,0.6592687368392944
167464-0-0-4.wav,air_conditioner,0,0.7265598773956299
167464-0-0-5.wav,air_conditioner,0,0.7352669835090637
167464-0-0-6.wav,air_conditioner,0,0.6859312057495117
167464-0-0-7.wav,air_conditioner,0,0.6462048292160034
167464-0-0-8.wav,air_conditioner,0,0.6549937725067139
167464-0-0-9.wav,air_conditioner,0,0.6767255067825317
167701-4-0-0.wav,drilling,0,0.8386755585670471
167701-4-1-0.wav,drilling,0,0.8792769312858582
167701-4-10-0.wav,drilling,0,0.8387561440467834
167701-4-11-0.wav,drilling,0,0.7726191282272339
167701-4-12-0.wav,drilling,0,0.6610353589057922
167701-4-2-0.wav,drilling,0,0.8908354043960571
167701-4-3-0.wav,drilling,0,0.7993447184562683
167701-4-4-0.wav,drilling,0,0.6199355721473694
167701-4-5-0.wav,drilling,0,0.8553385734558105
167701-4-6-0.wav,drilling,0,0.6878516674041748
167701-4-6-1.wav,drilling,0,0.7719369530677795
167701-4-6-2.wav,drilling,0,0.8343390822410583
167701-4-6-3.wav,drilling,0,0.717287540435791
167701-4-6-4.wav,drilling,0,0.5975661277770996
167701-4-7-0.wav,drilling,0,0.6981335878372192
167701-4-9-0.wav,drilling,0,0.5488360524177551
167701-4-9-1.wav,drilling,0,0.6014463305473328
167702-4-0-0.wav,drilling,0,0.541132926940918
167702-4-1-0.wav,drilling,0,0.6436951160430908
167702-4-2-0.wav,drilling,0,0.5853968262672424
167702-4-3-0.wav,drilling,0,0.4228484630584717
167702-4-4-0.wav,drilling,0,0.7152149081230164
167702-4-5-0.wav,drilling,0,0.7823864817619324
167702-4-6-0.wav,drilling,0,0.7433724403381348
167702-4-7-0.wav,drilling,0,0.5501824021339417
167702-4-7-1.wav,drilling,0,0.4903305768966675
167702-4-8-0.wav,drilling,0,0.5045530796051025
167702-4-9-0.wav,drilling,0,0.7156517505645752
16772-8-0-0.wav,siren,1,0.9876242876052856
167750-4-0-0.wav,drilling,0,0.6816610097885132
167750-4-1-0.wav,drilling,0,0.4488071501255035
167750-4-2-0.wav,drilling,0,0.8859165906906128
167750-4-3-0.wav,drilling,0,0.9060693383216858
168037-4-0-0.wav,drilling,0,0.832420825958252
168037-4-1-0.wav,drilling,0,0.5243726968765259
168037-4-10-0.wav,drilling,0,0.6882641911506653
168037-4-11-0.wav,drilling,0,0.5917071104049683
168037-4-12-0.wav,drilling,0,0.8803260922431946
168037-4-13-0.wav,drilling,0,0.4404087662696838
168037-4-2-0.wav,drilling,0,0.916347086429596
168037-4-3-0.wav,drilling,0,0.9039808511734008
168037-4-4-0.wav,drilling,0,0.6123371124267578
168037-4-5-0.wav,drilling,0,0.9248720407485962
168037-4-6-0.wav,drilling,0,0.9226621985435486
168037-4-7-0.wav,drilling,0,0.8737067580223083
168037-4-8-0.wav,drilling,0,0.5211959481239319
168037-4-9-0.wav,drilling,0,0.8272535800933838
16860-9-0-26.wav,street_music,0,8.09632329037413e-05
16860-9-0-28.wav,street_music,0,4.649541369872168e-05
16860-9-0-30.wav,street_music,0,0.0002876685757655
16860-9-0-45.wav,street_music,0,0.0635025799274444
16860-9-0-50.wav,street_music,0,0.2563520967960357
16860-9-0-8.wav,street_music,0,0.0251942537724971
168713-9-0-32.wav,street_music,0,0.4325468242168426
168713-9-0-33.wav,street_music,0,0.4799216687679291
168713-9-0-38.wav,street_music,0,0.4093297719955444
168713-9-0-46.wav,street_music,0,0.2146583497524261
168713-9-0-62.wav,street_music,0,0.7626815438270569
168713-9-0-82.wav,street_music,0,0.2060822993516922
168846-5-0-0.wav,engine_idling,0,0.7503209114074707
168846-5-0-1.wav,engine_idling,0,0.6321117281913757
168846-5-0-2.wav,engine_idling,0,0.7369927167892456
168846-5-1-0.wav,engine_idling,0,0.7094376683235168
168846-5-1-1.wav,engine_idling,0,0.7185243368148804
168846-5-1-10.wav,engine_idling,0,0.7506943941116333
168846-5-1-11.wav,engine_idling,0,0.7506446242332458
168846-5-1-12.wav,engine_idling,0,0.7381367087364197
168846-5-1-13.wav,engine_idling,0,0.717848002910614
168846-5-1-14.wav,engine_idling,0,0.7082614302635193
168846-5-1-2.wav,engine_idling,0,0.6214086413383484
168846-5-1-3.wav,engine_idling,0,0.5786756873130798
168846-5-1-4.wav,engine_idling,0,0.6169120073318481
168846-5-1-5.wav,engine_idling,0,0.6578990817070007
168846-5-1-6.wav,engine_idling,0,0.7179470062255859
168846-5-1-7.wav,engine_idling,0,0.7498347163200378
168846-5-1-8.wav,engine_idling,0,0.7542803883552551
168846-5-1-9.wav,engine_idling,0,0.7544553279876709
168906-9-0-114.wav,street_music,0,0.2184286266565323
168906-9-0-128.wav,street_music,0,0.4112507700920105
168906-9-0-28.wav,street_music,0,0.3520164489746094
168906-9-0-47.wav,street_music,0,0.774863600730896
168906-9-0-73.wav,street_music,0,0.2538606226444244
168906-9-0-95.wav,street_music,0,0.3202244341373443
169043-2-0-10.wav,children_playing,0,0.2454134076833725
169043-2-0-13.wav,children_playing,0,0.4673243761062622
169043-2-0-15.wav,children_playing,0,0.4225463271141052
169043-2-0-21.wav,children_playing,0,0.5988215804100037
169043-2-0-24.wav,children_playing,0,0.3206222355365753
169043-2-0-28.wav,children_playing,0,0.3424100875854492
169043-2-0-3.wav,children_playing,0,0.458764910697937
169044-2-0-10.wav,children_playing,0,0.4510747492313385
169044-2-0-13.wav,children_playing,0,0.733207106590271
169044-2-0-18.wav,children_playing,0,0.4802173376083374
169044-2-0-21.wav,children_playing,0,0.8349037766456604
169044-2-0-25.wav,children_playing,0,0.4956785440444946
169044-2-0-3.wav,children_playing,0,0.6259306073188782
169044-2-0-5.wav,children_playing,0,0.5579979419708252
169045-2-0-0.wav,children_playing,0,0.3126306533813476
169045-2-0-1.wav,children_playing,0,0.4924212098121643
169045-2-0-14.wav,children_playing,0,0.5995434522628784
169045-2-0-16.wav,children_playing,0,0.2078013569116592
169045-2-0-20.wav,children_playing,0,0.6907016038894653
169045-2-0-3.wav,children_playing,0,0.7239463329315186
169045-2-0-8.wav,children_playing,0,0.3961554765701294
169098-7-0-0.wav,jackhammer,0,0.125777393579483
169098-7-0-1.wav,jackhammer,0,0.088386133313179
169098-7-0-2.wav,jackhammer,0,0.132334291934967
169098-7-0-3.wav,jackhammer,0,0.2918630540370941
169098-7-0-4.wav,jackhammer,0,0.4487003684043884
169098-7-0-5.wav,jackhammer,0,0.333501398563385
169098-7-0-6.wav,jackhammer,0,0.1750871390104293
169098-7-0-7.wav,jackhammer,0,0.1901197433471679
169098-7-0-8.wav,jackhammer,0,0.2113513946533203
169098-7-0-9.wav,jackhammer,0,0.2845868170261383
169098-7-1-0.wav,jackhammer,0,0.6399829387664795
169098-7-2-0.wav,jackhammer,0,0.7789697051048279
169098-7-3-0.wav,jackhammer,0,0.0229292903095483
169098-7-3-1.wav,jackhammer,0,0.0661066770553588
169098-7-4-0.wav,jackhammer,0,0.0206829477101564
169098-7-4-1.wav,jackhammer,0,0.0176850575953722
169098-7-4-10.wav,jackhammer,0,0.4362141788005829
169098-7-4-11.wav,jackhammer,0,0.3013328611850738
169098-7-4-2.wav,jackhammer,0,0.0195637829601764
169098-7-4-3.wav,jackhammer,0,0.0107807768508791
169098-7-4-4.wav,jackhammer,0,0.0452376827597618
169098-7-4-5.wav,jackhammer,0,0.1010015457868576
169098-7-4-6.wav,jackhammer,0,0.0632356107234954
169098-7-4-7.wav,jackhammer,0,0.0877527594566345
169098-7-4-8.wav,jackhammer,0,0.1090601906180381
169098-7-4-9.wav,jackhammer,0,0.2843182981014251
169261-6-0-0.wav,gun_shot,1,0.5501226186752319
169466-4-0-12.wav,drilling,0,0.6137899160385132
169466-4-0-7.wav,drilling,0,0.8648441433906555
169466-4-0-8.wav,drilling,0,0.8647474050521851
169466-4-1-3.wav,drilling,0,0.7287631630897522
169466-4-1-5.wav,drilling,0,0.8265961408615112
169466-4-1-8.wav,drilling,0,0.6786929368972778
169466-4-2-17.wav,drilling,0,0.5776069164276123
169466-4-2-18.wav,drilling,0,0.4037563800811767
169466-4-2-2.wav,drilling,0,0.8235181570053101
169466-4-2-21.wav,drilling,0,0.618733286857605
169466-4-2-4.wav,drilling,0,0.7138924598693848
169466-4-2-6.wav,drilling,0,0.6067801713943481
169466-4-2-8.wav,drilling,0,0.490865021944046
169466-4-3-1.wav,drilling,0,0.573070764541626
169466-4-3-10.wav,drilling,0,0.6159430146217346
169466-4-3-12.wav,drilling,0,0.7655772566795349
169466-4-3-14.wav,drilling,0,0.4993163049221039
169466-4-3-3.wav,drilling,0,0.5496384501457214
169466-4-3-7.wav,drilling,0,0.3059800565242767
169466-4-3-8.wav,drilling,0,0.5664581060409546
169466-4-3-9.wav,drilling,0,0.6401621103286743
170022-0-0-0.wav,air_conditioner,0,0.0015333119081333
170022-0-0-1.wav,air_conditioner,0,8.071485353866592e-05
17009-2-0-0.wav,children_playing,0,0.7874813079833984
17009-2-0-1.wav,children_playing,0,0.5390155911445618
17009-2-0-10.wav,children_playing,0,0.3083040118217468
17009-2-0-3.wav,children_playing,0,0.7507535815238953
17009-2-0-4.wav,children_playing,0,0.7335127592086792
17009-2-0-6.wav,children_playing,0,0.7525100708007812
17009-2-0-9.wav,children_playing,0,0.3749580383300781
170245-0-0-0.wav,air_conditioner,0,0.5026257634162903
170564-2-0-0.wav,children_playing,0,0.0001935033506015
170564-2-0-3.wav,children_playing,0,0.0005548439221456
170564-2-1-22.wav,children_playing,0,0.0011599179124459
170564-2-1-27.wav,children_playing,0,0.0343631356954574
170564-2-1-31.wav,children_playing,0,0.0006113563431426
170564-2-1-32.wav,children_playing,0,0.0002030657487921
170564-2-1-34.wav,children_playing,0,0.0002268864627694
170564-2-1-9.wav,children_playing,0,0.7321050763130188
17074-1-0-0.wav,car_horn,1,0.6397271752357483
171165-9-0-103.wav,street_music,0,0.6097943782806396
171165-9-0-15.wav,street_music,0,0.6403322815895081
171165-9-0-19.wav,street_music,0,0.6513311862945557
171165-9-0-54.wav,street_music,0,0.6730912327766418
171165-9-0-70.wav,street_music,0,0.647851288318634
171165-9-0-84.wav,street_music,0,0.660128653049469
171184-9-0-17.wav,street_music,0,0.620955228805542
171184-9-0-18.wav,street_music,0,0.5752432346343994
171184-9-0-19.wav,street_music,0,0.6194508075714111
171184-9-0-23.wav,street_music,0,0.7532051205635071
171184-9-0-6.wav,street_music,0,0.7216072678565979
171184-9-0-7.wav,street_music,0,0.6325041651725769
171243-9-0-11.wav,street_music,0,0.459118127822876
171243-9-0-123.wav,street_music,0,0.2566224932670593
171243-9-0-31.wav,street_music,0,0.415924072265625
171243-9-0-49.wav,street_music,0,0.514570951461792
171243-9-0-81.wav,street_music,0,0.7026514410972595
171243-9-0-85.wav,street_music,0,0.4165478944778442
171243-9-0-91.wav,street_music,0,0.2423947602510452
171249-1-0-0.wav,car_horn,1,0.6734316349029541
171249-1-1-0.wav,car_horn,1,0.6689223647117615
171249-1-2-0.wav,car_horn,1,0.6212953329086304
171305-7-0-0.wav,jackhammer,0,5.476448222907493e-06
171305-7-1-0.wav,jackhammer,0,9.194828453473748e-05
171305-7-10-0.wav,jackhammer,0,0.0096744960173964
171305-7-11-0.wav,jackhammer,0,0.0240417812019586
171305-7-12-0.wav,jackhammer,0,1.8199308726707383e-08
171305-7-13-0.wav,jackhammer,0,0.0040523377247154
171305-7-14-0.wav,jackhammer,0,0.0783394575119018
171305-7-15-0.wav,jackhammer,0,2.45560357825525e-07
171305-7-16-0.wav,jackhammer,0,0.0304062832146883
171305-7-17-0.wav,jackhammer,0,0.0155406771227717
171305-7-18-0.wav,jackhammer,0,4.719674873143731e-09
171305-7-19-0.wav,jackhammer,0,0.0059360899031162
171305-7-2-0.wav,jackhammer,0,1.0894194435451252e-09
171305-7-20-0.wav,jackhammer,0,0.1806954741477966
171305-7-21-0.wav,jackhammer,0,0.1625706851482391
171305-7-22-0.wav,jackhammer,0,2.017401135034902e-09
171305-7-23-0.wav,jackhammer,0,0.0013478519394993
171305-7-24-0.wav,jackhammer,0,4.604949666031644e-08
171305-7-25-0.wav,jackhammer,0,0.0003932689724024
171305-7-26-0.wav,jackhammer,0,1.5747951692901552e-05
171305-7-27-0.wav,jackhammer,0,0.0006031184457242
171305-7-28-0.wav,jackhammer,0,0.0047261076979339
171305-7-29-0.wav,jackhammer,0,0.0006822576979175
171305-7-3-0.wav,jackhammer,0,2.0672965547419157e-05
171305-7-4-0.wav,jackhammer,0,0.0002517341345082
171305-7-5-0.wav,jackhammer,0,1.7227815007903047e-10
171305-7-6-0.wav,jackhammer,0,0.246662825345993
171305-7-7-0.wav,jackhammer,0,3.185081712264726e-11
171305-7-8-0.wav,jackhammer,0,6.092461604656485e-12
171305-7-8-1.wav,jackhammer,0,1.0113165730199491e-12
171305-7-9-0.wav,jackhammer,0,0.0814796686172485
171388-9-0-202.wav,street_music,0,0.3791614174842834
171388-9-0-225.wav,street_music,0,0.5828600525856018
171388-9-0-246.wav,street_music,0,0.4367288053035736
171388-9-0-253.wav,street_music,0,0.5603845715522766
171388-9-0-43.wav,street_music,0,0.5688408017158508
171388-9-0-88.wav,street_music,0,0.5316334962844849
171406-9-0-124.wav,street_music,0,0.2380269914865493
171406-9-0-183.wav,street_music,0,0.2630453407764435
171406-9-0-23.wav,street_music,0,0.2694228291511535
171406-9-0-57.wav,street_music,0,0.3539563715457916
171406-9-0-7.wav,street_music,0,0.270751953125
171406-9-0-90.wav,street_music,0,0.260747343301773
171464-3-0-0.wav,dog_bark,1,0.5887434482574463
171464-3-1-0.wav,dog_bark,1,0.5645753741264343
171464-3-2-0.wav,dog_bark,1,0.578173816204071
171478-9-0-26.wav,street_music,0,0.0518665686249733
171478-9-0-28.wav,street_music,0,0.0405103489756584
171478-9-0-38.wav,street_music,0,0.3444018363952636
171478-9-0-4.wav,street_music,0,0.3219073712825775
171478-9-0-55.wav,street_music,0,0.2340413630008697
171478-9-0-57.wav,street_music,0,0.3699796497821808
171478-9-0-58.wav,street_music,0,0.309247076511383
172314-9-0-22.wav,street_music,0,0.3946610987186432
172314-9-0-40.wav,street_music,0,0.3975626230239868
172314-9-0-51.wav,street_music,0,0.7397585511207581
172314-9-0-52.wav,street_music,0,0.7456904649734497
172314-9-0-72.wav,street_music,0,0.7821722626686096
172314-9-0-80.wav,street_music,0,0.7653700113296509
172315-9-0-105.wav,street_music,0,0.5877392292022705
172315-9-0-113.wav,street_music,0,0.646510124206543
172315-9-0-203.wav,street_music,0,0.7386583685874939
172315-9-0-211.wav,street_music,0,0.5771116614341736
172315-9-0-212.wav,street_music,0,0.5100207924842834
172315-9-0-224.wav,street_music,0,0.7899833917617798
172338-9-0-1.wav,street_music,0,0.3789669573307037
172338-9-0-20.wav,street_music,0,0.5674989223480225
172338-9-0-21.wav,street_music,0,0.7009124755859375
172338-9-0-39.wav,street_music,0,0.6211386919021606
172338-9-0-6.wav,street_music,0,0.648612380027771
172338-9-0-7.wav,street_music,0,0.6816822290420532
172460-9-0-100.wav,street_music,0,0.4399663507938385
172460-9-0-101.wav,street_music,0,0.5271691083908081
172460-9-0-24.wav,street_music,0,0.5671544671058655
172460-9-0-31.wav,street_music,0,0.5965521335601807
172460-9-0-91.wav,street_music,0,0.3426055014133453
172460-9-0-94.wav,street_music,0,0.4549636542797088
172519-9-0-10.wav,street_music,0,2.8145077379804206e-09
172519-9-0-13.wav,street_music,0,5.1563076725047446e-11
172519-9-0-49.wav,street_music,0,0.0022956661414355
172519-9-0-53.wav,street_music,0,9.045151273312513e-06
172519-9-0-67.wav,street_music,0,0.0115847699344158
172519-9-0-8.wav,street_music,0,6.733517238899367e-06
172593-2-0-10.wav,children_playing,0,0.6096238493919373
172593-2-0-13.wav,children_playing,0,0.4742811024188995
172593-2-0-14.wav,children_playing,0,0.4403442144393921
172593-2-0-18.wav,children_playing,0,0.5201863050460815
172593-2-0-22.wav,children_playing,0,0.6949964165687561
172593-2-0-27.wav,children_playing,0,0.6999555826187134
172593-2-0-28.wav,children_playing,0,0.6102903485298157
172593-2-0-29.wav,children_playing,0,0.6324889063835144
173891-9-0-1.wav,street_music,0,0.2893763184547424
173891-9-0-10.wav,street_music,0,0.2315012216567993
173891-9-0-11.wav,street_music,0,0.2222734987735748
173891-9-0-17.wav,street_music,0,0.3080279529094696
173891-9-0-2.wav,street_music,0,0.2623102366924286
173891-9-0-7.wav,street_music,0,0.2681938409805298
173993-3-0-25.wav,dog_bark,1,0.5483753681182861
173993-3-0-39.wav,dog_bark,1,0.718956470489502
173993-3-0-51.wav,dog_bark,1,0.7525331377983093
173993-3-0-52.wav,dog_bark,1,0.4365575909614563
173994-3-0-14.wav,dog_bark,1,0.6880685687065125
173994-3-0-3.wav,dog_bark,1,0.5795775055885315
173994-3-0-44.wav,dog_bark,1,0.7869705557823181
173994-3-0-45.wav,dog_bark,1,0.7394185662269592
173995-3-0-0.wav,dog_bark,1,0.8957780003547668
173995-3-0-11.wav,dog_bark,1,0.8385347127914429
173995-3-0-27.wav,dog_bark,1,0.7544975280761719
173995-3-0-3.wav,dog_bark,1,0.8970426917076111
174026-3-1-0.wav,dog_bark,1,0.8134183287620544
174026-3-1-1.wav,dog_bark,1,0.8019071817398071
174026-3-1-5.wav,dog_bark,1,0.8331882953643799
174026-3-2-2.wav,dog_bark,1,0.8330078125
174032-2-0-1.wav,children_playing,0,0.5850937962532043
174032-2-0-11.wav,children_playing,0,0.6211185455322266
174032-2-0-17.wav,children_playing,0,0.6002488136291504
174032-2-0-18.wav,children_playing,0,0.7192034721374512
174032-2-0-22.wav,children_playing,0,0.7934098243713379
174032-2-0-26.wav,children_playing,0,0.674192488193512
174032-2-0-4.wav,children_playing,0,0.7002120614051819
174276-7-0-0.wav,jackhammer,0,0.9636080265045166
174276-7-1-0.wav,jackhammer,0,0.9218644499778748
174276-7-2-0.wav,jackhammer,0,0.6468626260757446
174276-7-3-0.wav,jackhammer,0,0.7254757881164551
174276-7-4-0.wav,jackhammer,0,0.6340590119361877
174276-7-5-0.wav,jackhammer,0,0.8978734612464905
174276-7-6-0.wav,jackhammer,0,0.8712752461433411
174282-6-1-0.wav,gun_shot,1,0.0025641187094151
174284-6-0-0.wav,gun_shot,1,0.000991147942841
174284-6-1-0.wav,gun_shot,1,0.0090479245409369
174284-6-2-0.wav,gun_shot,1,0.0081626819446682
174285-6-0-0.wav,gun_shot,1,0.0023779778275638
174285-6-1-0.wav,gun_shot,1,0.0001184924694825
174285-6-2-0.wav,gun_shot,1,6.656293862761231e-06
174287-6-0-0.wav,gun_shot,1,0.2706668972969055
174287-6-1-0.wav,gun_shot,1,0.2455511093139648
174287-6-2-0.wav,gun_shot,1,0.2278513461351394
174287-6-3-0.wav,gun_shot,1,0.308099627494812
174289-6-0-0.wav,gun_shot,1,0.3586814701557159
174289-6-1-0.wav,gun_shot,1,0.343100368976593
174289-6-2-0.wav,gun_shot,1,0.4037599265575409
174289-6-3-0.wav,gun_shot,1,0.4936571717262268
174290-6-0-0.wav,gun_shot,1,0.2971240282058716
174290-6-2-0.wav,gun_shot,1,0.3329454958438873
174290-6-3-0.wav,gun_shot,1,0.3720711767673492
174292-6-0-0.wav,gun_shot,1,0.4330913126468658
174292-6-1-0.wav,gun_shot,1,0.504621148109436
174292-6-2-0.wav,gun_shot,1,0.2974876463413238
174293-6-0-0.wav,gun_shot,1,0.6626314520835876
174293-6-1-0.wav,gun_shot,1,0.8984336256980896
174293-6-2-0.wav,gun_shot,1,0.7711185216903687
174294-6-0-0.wav,gun_shot,1,0.337903767824173
174294-6-1-0.wav,gun_shot,1,0.2273533642292022
174294-6-2-0.wav,gun_shot,1,0.2208120822906494
174786-2-0-18.wav,children_playing,0,0.5531677603721619
174786-2-0-19.wav,children_playing,0,0.4526748359203338
174786-2-0-27.wav,children_playing,0,0.5845654606819153
174786-2-0-30.wav,children_playing,0,0.7234839200973511
174786-2-0-39.wav,children_playing,0,0.3609856069087982
174786-2-0-60.wav,children_playing,0,0.3060721158981323
174786-2-0-75.wav,children_playing,0,0.1653558015823364
174786-2-0-89.wav,children_playing,0,0.542605996131897
17480-2-0-11.wav,children_playing,0,0.2737385332584381
17480-2-0-24.wav,children_playing,0,0.2253467440605163
17480-2-0-25.wav,children_playing,0,0.2668725252151489
17480-2-0-30.wav,children_playing,0,0.1566566526889801
17480-2-0-35.wav,children_playing,0,0.0270012561231851
17480-2-0-5.wav,children_playing,0,0.2824990153312683
17480-2-0-6.wav,children_playing,0,0.3241170346736908
17480-2-0-9.wav,children_playing,0,0.1973638087511062
174841-1-0-0.wav,car_horn,1,0.9558607339859008
17486-3-0-0.wav,dog_bark,1,0.941578447818756
17486-3-1-0.wav,dog_bark,1,0.8483989834785461
17486-3-2-0.wav,dog_bark,1,0.9117149710655212
174873-3-5-1.wav,dog_bark,1,0.8465639352798462
174873-3-5-10.wav,dog_bark,1,0.5861837863922119
174873-3-5-12.wav,dog_bark,1,0.516819179058075
174873-3-5-13.wav,dog_bark,1,0.545871376991272
174906-2-0-10.wav,children_playing,0,0.1918857842683792
174906-2-0-11.wav,children_playing,0,0.1133659183979034
174906-2-0-14.wav,children_playing,0,0.004026218317449
174906-2-0-18.wav,children_playing,0,0.1951658576726913
174906-2-0-20.wav,children_playing,0,0.5810719728469849
174906-2-0-21.wav,children_playing,0,0.546205461025238
174906-2-0-6.wav,children_playing,0,0.0425203666090965
174906-2-0-8.wav,children_playing,0,0.1258815377950668
174994-3-0-0.wav,dog_bark,1,0.8390880823135376
174994-3-0-1.wav,dog_bark,1,0.7953138947486877
174994-3-0-2.wav,dog_bark,1,0.8119120597839355
174994-3-0-4.wav,dog_bark,1,0.4380727708339691
175296-2-0-123.wav,children_playing,0,0.5688213109970093
175296-2-0-128.wav,children_playing,0,0.537685215473175
175296-2-0-140.wav,children_playing,0,0.4124986827373504
175296-2-0-212.wav,children_playing,0,0.3258071839809418
175296-2-0-3.wav,children_playing,0,0.8299074172973633
175296-2-0-54.wav,children_playing,0,0.6207873225212097
175296-2-0-76.wav,children_playing,0,0.3297956585884094
175296-2-0-86.wav,children_playing,0,0.56267249584198
17578-5-0-0.wav,engine_idling,0,0.0011014946503564
17578-5-0-1.wav,engine_idling,0,0.0016024520155042
17578-5-0-10.wav,engine_idling,0,0.0004254671803209
17578-5-0-11.wav,engine_idling,0,0.0006467217463068
17578-5-0-12.wav,engine_idling,0,0.0007058719056658
17578-5-0-14.wav,engine_idling,0,0.0004255014355294
17578-5-0-15.wav,engine_idling,0,0.0009424533927813
17578-5-0-16.wav,engine_idling,0,0.0010128102730959
17578-5-0-18.wav,engine_idling,0,0.001259385375306
17578-5-0-2.wav,engine_idling,0,0.000470858940389
17578-5-0-21.wav,engine_idling,0,0.0015501488232985
17578-5-0-22.wav,engine_idling,0,0.0026015464682132
17578-5-0-23.wav,engine_idling,0,0.0017255282728001
17578-5-0-24.wav,engine_idling,0,0.0004740428994409
17578-5-0-25.wav,engine_idling,0,0.0005550814094021
17578-5-0-26.wav,engine_idling,0,0.0006337575032375
17578-5-0-27.wav,engine_idling,0,0.0010700419079512
17578-5-0-28.wav,engine_idling,0,0.000897379941307
17578-5-0-29.wav,engine_idling,0,0.0008099832339212
17578-5-0-3.wav,engine_idling,0,0.0001999951637117
17578-5-0-30.wav,engine_idling,0,0.0007182354456745
17578-5-0-31.wav,engine_idling,0,0.0008263879572041
17578-5-0-32.wav,engine_idling,0,0.0017524074064567
17578-5-0-33.wav,engine_idling,0,0.0014985834714025
17578-5-0-34.wav,engine_idling,0,0.0003045203629881
17578-5-0-35.wav,engine_idling,0,0.0003476548881735
17578-5-0-4.wav,engine_idling,0,0.0002999819116666
17578-5-0-5.wav,engine_idling,0,0.0008706643711775
17578-5-0-6.wav,engine_idling,0,0.0019015934085473
17578-5-0-7.wav,engine_idling,0,0.0009321043035015
17578-5-0-8.wav,engine_idling,0,0.0004451081040315
17578-5-0-9.wav,engine_idling,0,0.0004031459102407
175842-1-0-0.wav,car_horn,1,0.945001184940338
175843-1-0-0.wav,car_horn,1,0.9760490655899048
175844-1-0-0.wav,car_horn,1,0.9494957327842712
175847-1-0-0.wav,car_horn,1,0.4869186282157898
175848-1-0-0.wav,car_horn,1,0.9493762850761414
175849-1-0-0.wav,car_horn,1,0.9354992508888244
175850-1-0-0.wav,car_horn,1,0.4625733196735382
175851-1-0-0.wav,car_horn,1,0.8966800570487976
175852-1-0-0.wav,car_horn,1,0.872839093208313
175853-1-0-0.wav,car_horn,1,0.5817425847053528
175854-1-0-0.wav,car_horn,1,0.9021410346031188
175904-2-0-11.wav,children_playing,0,0.7952349781990051
175904-2-0-12.wav,children_playing,0,0.8166220784187317
175904-2-0-124.wav,children_playing,0,0.8816933035850525
175904-2-0-24.wav,children_playing,0,0.422347217798233
175904-2-0-41.wav,children_playing,0,0.4907435476779938
175904-2-0-64.wav,children_playing,0,0.4267855286598205
175904-2-0-76.wav,children_playing,0,0.8947977423667908
175904-2-0-98.wav,children_playing,0,0.5957033634185791
175915-3-0-0.wav,dog_bark,1,0.4350686371326446
175915-3-0-1.wav,dog_bark,1,0.3949317038059234
175915-3-0-3.wav,dog_bark,1,0.3710111379623413
175915-3-1-8.wav,dog_bark,1,0.6223559975624084
175917-3-0-3.wav,dog_bark,1,0.269127756357193
175917-3-1-1.wav,dog_bark,1,0.4879226386547088
175917-3-2-2.wav,dog_bark,1,0.3667866885662079
175917-3-4-1.wav,dog_bark,1,0.2012268453836441
17592-5-0-0.wav,engine_idling,0,0.4924604594707489
17592-5-1-0.wav,engine_idling,0,0.8210113644599915
17592-5-1-1.wav,engine_idling,0,0.7380493879318237
17592-5-1-2.wav,engine_idling,0,0.6966204047203064
17592-5-1-3.wav,engine_idling,0,0.6984747648239136
176003-1-0-0.wav,car_horn,1,0.8275552988052368
17615-3-0-0.wav,dog_bark,1,0.5524765849113464
17615-3-0-3.wav,dog_bark,1,0.5317696928977966
17615-3-0-4.wav,dog_bark,1,0.5412361025810242
17615-3-0-6.wav,dog_bark,1,0.4179308414459228
176257-3-0-0.wav,dog_bark,1,0.5033784508705139
176258-3-1-12.wav,dog_bark,1,0.2643117904663086
176258-3-1-13.wav,dog_bark,1,0.5089620351791382
176258-3-1-18.wav,dog_bark,1,0.4027880132198334
176258-3-1-2.wav,dog_bark,1,0.5023577213287354
176634-1-0-0.wav,car_horn,1,0.6303752660751343
176638-5-0-0.wav,engine_idling,0,0.1574466228485107
176638-5-0-1.wav,engine_idling,0,0.8386931419372559
176638-5-0-2.wav,engine_idling,0,0.7587047219276428
176714-2-0-18.wav,children_playing,0,0.39118492603302
176714-2-0-23.wav,children_playing,0,0.1710019707679748
176714-2-0-26.wav,children_playing,0,0.1486156284809112
176714-2-0-33.wav,children_playing,0,0.2694112062454223
176714-2-0-40.wav,children_playing,0,0.5360405445098877
176714-2-0-51.wav,children_playing,0,0.7937244772911072
176714-2-0-55.wav,children_playing,0,0.646479070186615
176714-2-0-77.wav,children_playing,0,0.286526083946228
176783-3-0-11.wav,dog_bark,1,0.4378955960273742
176783-3-0-3.wav,dog_bark,1,0.4380330443382263
176783-3-0-5.wav,dog_bark,1,0.4747627675533294
176783-3-1-0.wav,dog_bark,1,0.5829187035560608
176787-5-0-0.wav,engine_idling,0,0.5051488280296326
176787-5-0-1.wav,engine_idling,0,0.5107108354568481
176787-5-0-10.wav,engine_idling,0,0.2662737965583801
176787-5-0-11.wav,engine_idling,0,0.4697200357913971
176787-5-0-12.wav,engine_idling,0,0.548356831073761
176787-5-0-13.wav,engine_idling,0,0.521830141544342
176787-5-0-14.wav,engine_idling,0,0.6020930409431458
176787-5-0-15.wav,engine_idling,0,0.6178737878799438
176787-5-0-16.wav,engine_idling,0,0.5957738757133484
176787-5-0-17.wav,engine_idling,0,0.6270639896392822
176787-5-0-18.wav,engine_idling,0,0.7091599106788635
176787-5-0-19.wav,engine_idling,0,0.7095348238945007
176787-5-0-2.wav,engine_idling,0,0.5205346345901489
176787-5-0-20.wav,engine_idling,0,0.7135885953903198
176787-5-0-21.wav,engine_idling,0,0.62708580493927
176787-5-0-22.wav,engine_idling,0,0.5751960873603821
176787-5-0-23.wav,engine_idling,0,0.662786066532135
176787-5-0-24.wav,engine_idling,0,0.7002706527709961
176787-5-0-25.wav,engine_idling,0,0.7234867215156555
176787-5-0-26.wav,engine_idling,0,0.7040683031082153
176787-5-0-27.wav,engine_idling,0,0.6773627400398254
176787-5-0-28.wav,engine_idling,0,0.7239359617233276
176787-5-0-29.wav,engine_idling,0,0.7195173501968384
176787-5-0-3.wav,engine_idling,0,0.5906568169593811
176787-5-0-30.wav,engine_idling,0,0.6893112659454346
176787-5-0-4.wav,engine_idling,0,0.683556079864502
176787-5-0-5.wav,engine_idling,0,0.6425853967666626
176787-5-0-6.wav,engine_idling,0,0.5661218166351318
176787-5-0-7.wav,engine_idling,0,0.519436240196228
176787-5-0-8.wav,engine_idling,0,0.4981359243392944
176787-5-0-9.wav,engine_idling,0,0.3978902399539947
177537-7-0-0.wav,jackhammer,0,0.008590324781835
177537-7-0-1.wav,jackhammer,0,0.0018173186108469
177537-7-0-10.wav,jackhammer,0,0.1071116179227829
177537-7-0-11.wav,jackhammer,0,0.092972382903099
177537-7-0-12.wav,jackhammer,0,0.0346936732530593
177537-7-0-13.wav,jackhammer,0,0.0106834452599287
177537-7-0-14.wav,jackhammer,0,0.0275208912789821
177537-7-0-15.wav,jackhammer,0,0.0563819892704486
177537-7-0-16.wav,jackhammer,0,0.0237475950270891
177537-7-0-17.wav,jackhammer,0,0.0181929282844066
177537-7-0-18.wav,jackhammer,0,0.0284972488880157
177537-7-0-19.wav,jackhammer,0,0.0645352154970169
177537-7-0-2.wav,jackhammer,0,0.0050375214777886
177537-7-0-20.wav,jackhammer,0,0.0631847828626632
177537-7-0-21.wav,jackhammer,0,0.0389293171465396
177537-7-0-22.wav,jackhammer,0,0.0140005843713879
177537-7-0-23.wav,jackhammer,0,0.0007907924009487
177537-7-0-24.wav,jackhammer,0,0.0292693525552749
177537-7-0-25.wav,jackhammer,0,0.0989606976509094
177537-7-0-26.wav,jackhammer,0,0.015016596764326
177537-7-0-27.wav,jackhammer,0,0.0090733943507075
177537-7-0-28.wav,jackhammer,0,0.0162737593054771
177537-7-0-29.wav,jackhammer,0,0.0246392004191875
177537-7-0-3.wav,jackhammer,0,0.0329026207327842
177537-7-0-30.wav,jackhammer,0,0.01543874386698
177537-7-0-31.wav,jackhammer,0,0.0060183624736964
177537-7-0-4.wav,jackhammer,0,0.0281978957355022
177537-7-0-5.wav,jackhammer,0,0.0180612616240978
177537-7-0-6.wav,jackhammer,0,0.0277988892048597
177537-7-0-7.wav,jackhammer,0,0.0471127070486545
177537-7-0-8.wav,jackhammer,0,0.0494780838489532
177537-7-0-9.wav,jackhammer,0,0.0557455644011497
177537-7-1-0.wav,jackhammer,0,0.0227264128625392
177537-7-1-1.wav,jackhammer,0,0.0266655217856168
177537-7-1-10.wav,jackhammer,0,0.1211078912019729
177537-7-1-2.wav,jackhammer,0,0.0564720407128334
177537-7-1-3.wav,jackhammer,0,0.0379164405167102
177537-7-1-4.wav,jackhammer,0,0.0152754290029406
177537-7-1-5.wav,jackhammer,0,0.0107266437262296
177537-7-1-6.wav,jackhammer,0,0.0134160108864307
177537-7-1-7.wav,jackhammer,0,0.0206749439239501
177537-7-1-8.wav,jackhammer,0,0.0535488128662109
177537-7-1-9.wav,jackhammer,0,0.1242955327033996
177537-7-2-0.wav,jackhammer,0,0.1788474172353744
177537-7-2-1.wav,jackhammer,0,0.0931982323527336
177592-5-0-0.wav,engine_idling,0,0.647492527961731
177592-5-0-1.wav,engine_idling,0,0.6575307250022888
177592-5-0-10.wav,engine_idling,0,0.7231437563896179
177592-5-0-2.wav,engine_idling,0,0.6252378225326538
177592-5-0-3.wav,engine_idling,0,0.4607934355735779
177592-5-0-4.wav,engine_idling,0,0.9794942140579224
177592-5-0-5.wav,engine_idling,0,0.9956644773483276
177592-5-0-6.wav,engine_idling,0,0.7062714695930481
177592-5-0-7.wav,engine_idling,0,0.7186749577522278
177592-5-0-8.wav,engine_idling,0,0.7471328377723694
177592-5-0-9.wav,engine_idling,0,0.7440171241760254
177620-3-0-20.wav,dog_bark,1,0.6168989539146423
177620-3-0-21.wav,dog_bark,1,0.6531319618225098
177620-3-0-25.wav,dog_bark,1,0.430474042892456
177620-3-0-8.wav,dog_bark,1,0.7312045097351074
177621-0-0-0.wav,air_conditioner,0,0.6303556561470032
177621-0-0-100.wav,air_conditioner,0,0.6691383719444275
177621-0-0-104.wav,air_conditioner,0,0.6820753216743469
177621-0-0-105.wav,air_conditioner,0,0.7101486921310425
177621-0-0-109.wav,air_conditioner,0,0.6814573407173157
177621-0-0-117.wav,air_conditioner,0,0.6416529417037964
177621-0-0-120.wav,air_conditioner,0,0.681226372718811
177621-0-0-126.wav,air_conditioner,0,0.6845380067825317
177621-0-0-127.wav,air_conditioner,0,0.6560657620429993
177621-0-0-128.wav,air_conditioner,0,0.6405186653137207
177621-0-0-145.wav,air_conditioner,0,0.6345087289810181
177621-0-0-147.wav,air_conditioner,0,0.575352668762207
177621-0-0-2.wav,air_conditioner,0,0.692338228225708
177621-0-0-27.wav,air_conditioner,0,0.6352935433387756
177621-0-0-31.wav,air_conditioner,0,0.4606895744800567
177621-0-0-35.wav,air_conditioner,0,0.6448994278907776
177621-0-0-46.wav,air_conditioner,0,0.6619960069656372
177621-0-0-47.wav,air_conditioner,0,0.6427358984947205
177621-0-0-48.wav,air_conditioner,0,0.6388788223266602
177621-0-0-54.wav,air_conditioner,0,0.6738941669464111
177621-0-0-57.wav,air_conditioner,0,0.6920539736747742
177621-0-0-80.wav,air_conditioner,0,0.7279507517814636
177621-0-0-88.wav,air_conditioner,0,0.6646585464477539
177621-0-0-91.wav,air_conditioner,0,0.6795816421508789
177621-0-0-93.wav,air_conditioner,0,0.652340292930603
177726-0-0-1.wav,air_conditioner,0,0.2237403839826584
177726-0-0-10.wav,air_conditioner,0,0.2484250962734222
177726-0-0-11.wav,air_conditioner,0,0.2542919218540191
177726-0-0-12.wav,air_conditioner,0,0.2553189098834991
177726-0-0-13.wav,air_conditioner,0,0.2455183565616607
177726-0-0-14.wav,air_conditioner,0,0.2424483448266983
177726-0-0-15.wav,air_conditioner,0,0.2539918422698974
177726-0-0-17.wav,air_conditioner,0,0.2517815828323364
177726-0-0-18.wav,air_conditioner,0,0.2475395202636718
177726-0-0-19.wav,air_conditioner,0,0.2452047616243362
177726-0-0-2.wav,air_conditioner,0,0.2406220436096191
177726-0-0-21.wav,air_conditioner,0,0.2441685050725937
177726-0-0-22.wav,air_conditioner,0,0.2459118515253067
177726-0-0-23.wav,air_conditioner,0,0.2505450248718261
177726-0-0-25.wav,air_conditioner,0,0.2542560398578644
177726-0-0-26.wav,air_conditioner,0,0.2520321309566498
177726-0-0-27.wav,air_conditioner,0,0.2461859434843063
177726-0-0-28.wav,air_conditioner,0,0.2486946433782577
177726-0-0-29.wav,air_conditioner,0,0.255689263343811
177726-0-0-3.wav,air_conditioner,0,0.2601096034049988
177726-0-0-30.wav,air_conditioner,0,0.2530556619167328
177726-0-0-31.wav,air_conditioner,0,0.2480398416519165
177726-0-0-32.wav,air_conditioner,0,0.2474388033151626
177726-0-0-33.wav,air_conditioner,0,0.253125250339508
177726-0-0-34.wav,air_conditioner,0,0.2529170513153076
177726-0-0-36.wav,air_conditioner,0,0.2468714118003845
177726-0-0-37.wav,air_conditioner,0,0.2468776404857635
177726-0-0-5.wav,air_conditioner,0,0.2462797611951828
177726-0-0-6.wav,air_conditioner,0,0.2528392672538757
177726-0-0-7.wav,air_conditioner,0,0.2569303810596466
177726-0-0-8.wav,air_conditioner,0,0.2525976896286011
177726-0-0-9.wav,air_conditioner,0,0.2463992089033126
177729-0-0-1.wav,air_conditioner,0,0.772266685962677
177729-0-0-106.wav,air_conditioner,0,0.6038007140159607
177729-0-0-108.wav,air_conditioner,0,0.6864801645278931
177729-0-0-111.wav,air_conditioner,0,0.5663384795188904
177729-0-0-120.wav,air_conditioner,0,0.2162742763757705
177729-0-0-128.wav,air_conditioner,0,0.8023284673690796
177729-0-0-20.wav,air_conditioner,0,0.757258951663971
177729-0-0-22.wav,air_conditioner,0,0.4541637599468231
177729-0-0-27.wav,air_conditioner,0,0.780914306640625
177729-0-0-28.wav,air_conditioner,0,0.6717655658721924
177729-0-0-3.wav,air_conditioner,0,0.7321717143058777
177729-0-0-38.wav,air_conditioner,0,0.2643592357635498
177729-0-0-40.wav,air_conditioner,0,0.2709898650646209
177729-0-0-42.wav,air_conditioner,0,0.2504938542842865
177729-0-0-50.wav,air_conditioner,0,0.3114691376686096
177729-0-0-51.wav,air_conditioner,0,0.3810746371746063
177729-0-0-53.wav,air_conditioner,0,0.3101829886436462
177729-0-0-58.wav,air_conditioner,0,0.2445966899394989
177729-0-0-63.wav,air_conditioner,0,0.7741458415985107
177729-0-0-67.wav,air_conditioner,0,0.685208261013031
177729-0-0-68.wav,air_conditioner,0,0.4394572675228119
177729-0-0-69.wav,air_conditioner,0,0.2982251048088074
177729-0-0-73.wav,air_conditioner,0,0.2251104563474655
177729-0-0-74.wav,air_conditioner,0,0.2333161532878875
177729-0-0-80.wav,air_conditioner,0,0.2141130268573761
177729-0-0-82.wav,air_conditioner,0,0.237971156835556
177729-0-0-83.wav,air_conditioner,0,0.2404695302248001
177729-0-0-89.wav,air_conditioner,0,0.2538757622241974
177729-0-0-91.wav,air_conditioner,0,0.2613070905208587
177729-0-0-97.wav,air_conditioner,0,0.5743694305419922
177729-0-0-98.wav,air_conditioner,0,0.2242123186588287
177742-0-0-10.wav,air_conditioner,0,0.342106431722641
177742-0-0-102.wav,air_conditioner,0,0.7354846000671387
177742-0-0-111.wav,air_conditioner,0,0.787081241607666
177742-0-0-149.wav,air_conditioner,0,0.4634760022163391
177742-0-0-161.wav,air_conditioner,0,0.5696320533752441
177742-0-0-164.wav,air_conditioner,0,0.528706431388855
177742-0-0-165.wav,air_conditioner,0,0.5836977958679199
177742-0-0-17.wav,air_conditioner,0,0.7849817276000977
177742-0-0-178.wav,air_conditioner,0,0.3472411036491394
177742-0-0-196.wav,air_conditioner,0,0.538054347038269
177742-0-0-202.wav,air_conditioner,0,0.4387089312076568
177742-0-0-203.wav,air_conditioner,0,0.3060459792613983
177742-0-0-204.wav,air_conditioner,0,0.1758446246385574
177742-0-0-205.wav,air_conditioner,0,0.4613627195358276
177742-0-0-211.wav,air_conditioner,0,0.4723860621452331
177742-0-0-214.wav,air_conditioner,0,0.4793016612529754
177742-0-0-3.wav,air_conditioner,0,0.3926190733909607
177742-0-0-36.wav,air_conditioner,0,0.2287943065166473
177742-0-0-49.wav,air_conditioner,0,0.611415684223175
177742-0-0-58.wav,air_conditioner,0,0.5730482339859009
177742-0-0-67.wav,air_conditioner,0,0.6472076773643494
177742-0-0-73.wav,air_conditioner,0,0.586958110332489
177742-0-0-84.wav,air_conditioner,0,0.4974715411663055
177742-0-0-99.wav,air_conditioner,0,0.5061593055725098
177756-2-0-10.wav,children_playing,0,0.8871565461158752
177756-2-0-12.wav,children_playing,0,0.4826802313327789
177756-2-0-16.wav,children_playing,0,0.3340964317321777
177756-2-0-17.wav,children_playing,0,0.3339209258556366
177756-2-0-19.wav,children_playing,0,0.3013265430927276
177756-2-0-4.wav,children_playing,0,0.3334771990776062
177756-2-0-5.wav,children_playing,0,0.4818556606769562
177756-2-0-7.wav,children_playing,0,0.5594282746315002
178099-9-0-0.wav,street_music,0,0.5416795611381531
178099-9-0-1.wav,street_music,0,0.5235733985900879
178099-9-0-10.wav,street_music,0,0.1413714587688446
178099-9-0-12.wav,street_music,0,0.5722877979278564
178099-9-0-6.wav,street_music,0,0.5102600455284119
178099-9-0-7.wav,street_music,0,0.3020734786987304
17810-3-0-0.wav,dog_bark,1,0.7192693948745728
17810-3-1-0.wav,dog_bark,1,0.8665812611579895
178115-1-0-0.wav,car_horn,1,0.9609212875366212
178118-3-0-0.wav,dog_bark,1,0.8749111890792847
178118-3-1-0.wav,dog_bark,1,0.878664493560791
178118-3-2-0.wav,dog_bark,1,0.8228949904441833
178260-7-0-0.wav,jackhammer,0,0.0014438879443332
178260-7-1-0.wav,jackhammer,0,0.008619625121355
178260-7-1-1.wav,jackhammer,0,0.0284991711378097
178260-7-1-10.wav,jackhammer,0,0.0607792474329471
178260-7-1-2.wav,jackhammer,0,0.0279477797448635
178260-7-1-3.wav,jackhammer,0,0.027820948511362
178260-7-1-4.wav,jackhammer,0,0.0340845212340354
178260-7-1-5.wav,jackhammer,0,0.0267813485115766
178260-7-1-6.wav,jackhammer,0,0.0464771017432212
178260-7-1-7.wav,jackhammer,0,0.1247938424348831
178260-7-1-8.wav,jackhammer,0,0.2004966884851455
178260-7-1-9.wav,jackhammer,0,0.1159679591655731
178260-7-2-0.wav,jackhammer,0,0.46388640999794
178260-7-2-1.wav,jackhammer,0,0.281491756439209
178260-7-2-2.wav,jackhammer,0,0.6037074327468872
178260-7-3-0.wav,jackhammer,0,0.0829697251319885
178260-7-3-1.wav,jackhammer,0,0.2375360280275344
178260-7-3-10.wav,jackhammer,0,0.0243674479424953
178260-7-3-11.wav,jackhammer,0,0.0714003816246986
178260-7-3-12.wav,jackhammer,0,0.0345423854887485
178260-7-3-2.wav,jackhammer,0,0.2521140277385711
178260-7-3-3.wav,jackhammer,0,0.1700174212455749
178260-7-3-4.wav,jackhammer,0,0.154096633195877
178260-7-3-5.wav,jackhammer,0,0.0836335942149162
178260-7-3-6.wav,jackhammer,0,0.0609971769154071
178260-7-3-7.wav,jackhammer,0,0.155274823307991
178260-7-3-8.wav,jackhammer,0,0.1778846979141235
178260-7-3-9.wav,jackhammer,0,0.0245862808078527
178260-7-4-0.wav,jackhammer,0,0.1506036221981048
178260-7-4-1.wav,jackhammer,0,0.0257890205830335
178260-7-5-0.wav,jackhammer,0,0.0099170450121164
178260-7-6-0.wav,jackhammer,0,0.1978688836097717
178260-7-7-0.wav,jackhammer,0,0.8265247941017151
178261-7-0-0.wav,jackhammer,0,0.8605401515960693
178261-7-1-0.wav,jackhammer,0,0.0894922465085983
178261-7-2-0.wav,jackhammer,0,0.3325094580650329
178261-7-3-0.wav,jackhammer,0,0.1252546310424804
178261-7-3-1.wav,jackhammer,0,0.1603503972291946
178261-7-3-2.wav,jackhammer,0,0.3533909618854522
178261-7-3-3.wav,jackhammer,0,0.6797835230827332
178261-7-3-4.wav,jackhammer,0,0.602670431137085
178261-7-3-5.wav,jackhammer,0,0.4098094701766968
178261-7-3-6.wav,jackhammer,0,0.4697824418544769
178497-3-0-1.wav,dog_bark,1,0.5169723629951477
178497-3-0-3.wav,dog_bark,1,0.5535383224487305
178497-3-0-4.wav,dog_bark,1,0.5289126038551331
178497-3-0-6.wav,dog_bark,1,0.5242722034454346
178520-2-0-11.wav,children_playing,0,0.5604115128517151
178520-2-0-23.wav,children_playing,0,0.4260881841182709
178520-2-0-27.wav,children_playing,0,0.3963877856731415
178520-2-0-28.wav,children_playing,0,0.3345572352409363
178520-2-0-29.wav,children_playing,0,0.4476513266563415
178520-2-0-38.wav,children_playing,0,0.5637506246566772
178520-2-0-39.wav,children_playing,0,0.611133873462677
178520-2-0-42.wav,children_playing,0,0.313335120677948
178521-2-0-18.wav,children_playing,0,0.4379476308822632
178521-2-0-2.wav,children_playing,0,0.4486795365810394
178521-2-0-22.wav,children_playing,0,0.5655829906463623
178521-2-0-69.wav,children_playing,0,0.5352456569671631
178521-2-0-7.wav,children_playing,0,0.5149165391921997
178521-2-0-70.wav,children_playing,0,0.5762170553207397
178521-2-0-86.wav,children_playing,0,0.402866780757904
178521-2-0-93.wav,children_playing,0,0.448228120803833
17853-5-0-0.wav,engine_idling,0,0.924454391002655
17853-5-0-1.wav,engine_idling,0,0.9287441968917848
17853-5-0-10.wav,engine_idling,0,0.9202622175216676
17853-5-0-11.wav,engine_idling,0,0.9151015877723694
17853-5-0-12.wav,engine_idling,0,0.9277024269104004
17853-5-0-13.wav,engine_idling,0,0.918451726436615
17853-5-0-14.wav,engine_idling,0,0.9080690145492554
17853-5-0-15.wav,engine_idling,0,0.935703694820404
17853-5-0-2.wav,engine_idling,0,0.927233099937439
17853-5-0-3.wav,engine_idling,0,0.9273089170455932
17853-5-0-4.wav,engine_idling,0,0.921172559261322
17853-5-0-5.wav,engine_idling,0,0.9167578220367432
17853-5-0-6.wav,engine_idling,0,0.9191351532936096
17853-5-0-7.wav,engine_idling,0,0.9189130067825316
17853-5-0-8.wav,engine_idling,0,0.9195072650909424
17853-5-0-9.wav,engine_idling,0,0.9198626279830932
178686-0-0-1.wav,air_conditioner,0,0.2382587194442749
178686-0-0-11.wav,air_conditioner,0,0.2230563759803772
178686-0-0-12.wav,air_conditioner,0,0.2266025096178054
178686-0-0-14.wav,air_conditioner,0,0.2426695823669433
178686-0-0-15.wav,air_conditioner,0,0.2404082119464874
178686-0-0-16.wav,air_conditioner,0,0.2376343309879303
178686-0-0-17.wav,air_conditioner,0,0.2391898185014724
178686-0-0-18.wav,air_conditioner,0,0.2497326880693435
178686-0-0-19.wav,air_conditioner,0,0.239429235458374
178686-0-0-2.wav,air_conditioner,0,0.2369837611913681
178686-0-0-21.wav,air_conditioner,0,0.2225850820541381
178686-0-0-23.wav,air_conditioner,0,0.2270778715610504
178686-0-0-3.wav,air_conditioner,0,0.2271336764097213
178686-0-0-31.wav,air_conditioner,0,0.2463184148073196
178686-0-0-33.wav,air_conditioner,0,0.2470829039812088
178686-0-0-34.wav,air_conditioner,0,0.2543796896934509
178686-0-0-38.wav,air_conditioner,0,0.2498576790094375
178686-0-0-39.wav,air_conditioner,0,0.2387951761484146
178686-0-0-42.wav,air_conditioner,0,0.2466786056756973
178686-0-0-43.wav,air_conditioner,0,0.2442015409469604
178686-0-0-44.wav,air_conditioner,0,0.2371956408023834
178686-0-0-45.wav,air_conditioner,0,0.2286421507596969
178686-0-0-46.wav,air_conditioner,0,0.2238037884235382
178686-0-0-53.wav,air_conditioner,0,0.2459828108549118
178686-0-0-55.wav,air_conditioner,0,0.2501330375671386
178686-0-0-57.wav,air_conditioner,0,0.2589946389198303
178686-0-0-6.wav,air_conditioner,0,0.2329695671796798
178686-0-0-60.wav,air_conditioner,0,0.2626443207263946
178686-0-0-63.wav,air_conditioner,0,0.2454456686973571
178686-0-0-64.wav,air_conditioner,0,0.2459757179021835
178686-0-0-65.wav,air_conditioner,0,0.2532068192958832
178686-0-0-66.wav,air_conditioner,0,0.2511496245861053
178686-0-0-67.wav,air_conditioner,0,0.2443282306194305
178686-0-0-68.wav,air_conditioner,0,0.2426077425479889
178686-0-0-7.wav,air_conditioner,0,0.2268946170806884
178686-0-0-72.wav,air_conditioner,0,0.2464745044708252
178686-0-0-8.wav,air_conditioner,0,0.2184151858091354
178686-0-0-9.wav,air_conditioner,0,0.2200364023447036
178825-2-0-4.wav,children_playing,0,0.5794217586517334
178825-2-0-53.wav,children_playing,0,0.753675103187561
178825-2-0-62.wav,children_playing,0,0.7760718464851379
178825-2-0-70.wav,children_playing,0,0.8301616907119751
178825-2-0-74.wav,children_playing,0,0.7374853491783142
178825-2-0-9.wav,children_playing,0,0.7337119579315186
178825-2-0-95.wav,children_playing,0,0.5872347354888916
178826-2-0-10.wav,children_playing,0,0.8187865614891052
178826-2-0-12.wav,children_playing,0,0.8488258123397827
178826-2-0-14.wav,children_playing,0,0.8274134397506714
178826-2-0-16.wav,children_playing,0,0.8067865371704102
178826-2-0-17.wav,children_playing,0,0.8235209584236145
178826-2-0-20.wav,children_playing,0,0.8191697597503662
178826-2-0-28.wav,children_playing,0,0.8065390586853027
178826-2-0-39.wav,children_playing,0,0.7687835097312927
179039-9-0-22.wav,street_music,0,0.7286995053291321
179039-9-0-23.wav,street_music,0,0.4527657330036163
179039-9-0-30.wav,street_music,0,0.6509233713150024
179039-9-0-38.wav,street_music,0,0.2824894785881042
179039-9-0-4.wav,street_music,0,0.2174333930015564
179039-9-0-40.wav,street_music,0,0.3552968800067901
179096-3-0-1.wav,dog_bark,1,0.5550157427787781
179096-3-0-10.wav,dog_bark,1,0.5482924580574036
179096-3-0-5.wav,dog_bark,1,0.5566793084144592
179096-3-0-9.wav,dog_bark,1,0.5549647808074951
17913-4-0-0.wav,drilling,0,0.5391846299171448
17913-4-0-1.wav,drilling,0,0.4800862371921539
17913-4-0-2.wav,drilling,0,0.4631346762180328
17913-4-1-0.wav,drilling,0,0.9104337096214294
17913-4-2-0.wav,drilling,0,0.8914790749549866
179212-4-0-0.wav,drilling,0,0.0566515438258647
179386-3-0-0.wav,dog_bark,1,0.7643800973892212
179386-3-0-1.wav,dog_bark,1,0.7648836970329285
179386-3-0-2.wav,dog_bark,1,0.7535410523414612
179386-3-0-3.wav,dog_bark,1,0.7542344927787781
179725-4-0-0.wav,drilling,0,7.532572787738445e-09
17973-2-0-17.wav,children_playing,0,0.33365198969841
17973-2-0-21.wav,children_playing,0,0.5741885900497437
17973-2-0-22.wav,children_playing,0,0.2245602011680603
17973-2-0-29.wav,children_playing,0,0.1497930139303207
17973-2-0-31.wav,children_playing,0,0.7593131065368652
17973-2-0-32.wav,children_playing,0,0.5476763248443604
17973-2-0-8.wav,children_playing,0,0.1221492141485214
17973-2-0-9.wav,children_playing,0,0.1806576251983642
179858-1-0-0.wav,car_horn,1,0.6112367510795593
179861-1-0-0.wav,car_horn,1,0.5898633003234863
179862-1-0-0.wav,car_horn,1,0.6326178908348083
179864-1-0-0.wav,car_horn,1,0.874573290348053
179867-1-0-0.wav,car_horn,1,0.946581482887268
180029-4-1-0.wav,drilling,0,1.7861570512575642e-12
180029-4-10-0.wav,drilling,0,0.2837688326835632
180029-4-11-0.wav,drilling,0,0.5183960795402527
180029-4-12-0.wav,drilling,0,0.4887786507606506
180029-4-13-0.wav,drilling,0,0.4890842139720917
180029-4-14-0.wav,drilling,0,0.2660393714904785
180029-4-15-0.wav,drilling,0,0.2159318774938583
180029-4-16-0.wav,drilling,0,7.511922740377486e-05
180029-4-19-0.wav,drilling,0,5.427497671917081e-05
180029-4-2-0.wav,drilling,0,2.881668446606911e-21
180029-4-20-0.wav,drilling,0,0.0725386068224906
180029-4-4-0.wav,drilling,0,0.0004457740869838
180029-4-5-0.wav,drilling,0,0.2160014510154724
180029-4-6-0.wav,drilling,0,0.3173109889030456
180029-4-7-0.wav,drilling,0,0.378066748380661
180029-4-8-0.wav,drilling,0,0.1138297244906425
180029-4-9-0.wav,drilling,0,0.0010133619653061
180052-3-0-0.wav,dog_bark,1,0.8939875364303589
180052-3-0-1.wav,dog_bark,1,0.6805902719497681
180052-3-0-3.wav,dog_bark,1,0.9204772114753724
180052-3-0-4.wav,dog_bark,1,0.8434641361236572
180057-9-0-11.wav,street_music,0,0.5018089413642883
180057-9-0-20.wav,street_music,0,0.3844439089298248
180057-9-0-34.wav,street_music,0,0.4923829436302185
180057-9-0-36.wav,street_music,0,0.5054092407226562
180057-9-0-5.wav,street_music,0,0.4164716899394989
180057-9-0-7.wav,street_music,0,0.4775316715240478
180125-4-0-16.wav,drilling,0,0.06087376922369
180125-4-0-17.wav,drilling,0,0.1114011704921722
180125-4-1-3.wav,drilling,0,0.0181136336177587
180125-4-1-5.wav,drilling,0,0.0059353322722017
180125-4-1-7.wav,drilling,0,0.001802445622161
180125-4-1-8.wav,drilling,0,0.0027610375545918
180125-4-2-1.wav,drilling,0,0.0931659042835235
180125-4-2-13.wav,drilling,0,0.0230778399854898
180125-4-2-14.wav,drilling,0,0.3326796293258667
180125-4-2-15.wav,drilling,0,0.4821492433547973
180125-4-2-17.wav,drilling,0,0.6566595435142517
180125-4-3-0.wav,drilling,0,0.0548096075654029
180125-4-3-1.wav,drilling,0,0.0397081263363361
180125-4-3-10.wav,drilling,0,0.0586286298930645
180125-4-3-2.wav,drilling,0,0.0696715116500854
180125-4-3-22.wav,drilling,0,0.7263117432594299
180125-4-3-24.wav,drilling,0,0.690114438533783
180125-4-3-4.wav,drilling,0,0.0067788371816277
180126-4-0-0.wav,drilling,0,0.2519762217998504
180126-4-1-0.wav,drilling,0,0.1839929521083831
180126-4-1-1.wav,drilling,0,0.1445229649543762
180126-4-1-2.wav,drilling,0,0.0501214973628521
180126-4-2-0.wav,drilling,0,0.5746296048164368
180126-4-3-0.wav,drilling,0,0.1006238907575607
180126-4-4-0.wav,drilling,0,0.0508333593606948
180126-4-4-1.wav,drilling,0,0.1471874713897705
180126-4-4-2.wav,drilling,0,0.1655247509479522
180127-4-0-0.wav,drilling,0,0.537638783454895
180127-4-0-1.wav,drilling,0,0.502544641494751
180127-4-0-10.wav,drilling,0,0.2050922960042953
180127-4-0-11.wav,drilling,0,0.1735260486602783
180127-4-0-12.wav,drilling,0,0.1090035513043403
180127-4-0-13.wav,drilling,0,0.1097902208566665
180127-4-0-14.wav,drilling,0,0.1837926805019378
180127-4-0-15.wav,drilling,0,0.2585321962833404
180127-4-0-16.wav,drilling,0,0.2449404299259185
180127-4-0-17.wav,drilling,0,0.2152635306119918
180127-4-0-18.wav,drilling,0,0.2380303889513015
180127-4-0-19.wav,drilling,0,0.2175346612930297
180127-4-0-2.wav,drilling,0,0.3974814713001251
180127-4-0-20.wav,drilling,0,0.1961990892887115
180127-4-0-21.wav,drilling,0,0.2208375036716461
180127-4-0-3.wav,drilling,0,0.3330956399440765
180127-4-0-4.wav,drilling,0,0.2541151940822601
180127-4-0-5.wav,drilling,0,0.2887538075447082
180127-4-0-6.wav,drilling,0,0.2672331035137176
180127-4-0-7.wav,drilling,0,0.2047023326158523
180127-4-0-8.wav,drilling,0,0.1688116937875747
180127-4-0-9.wav,drilling,0,0.1596757173538208
180128-4-0-0.wav,drilling,0,0.6529996395111084
180128-4-11-0.wav,drilling,0,0.1762532889842987
180128-4-11-1.wav,drilling,0,0.3297677040100097
180128-4-12-0.wav,drilling,0,0.1276215463876724
180128-4-13-0.wav,drilling,0,0.1688592582941055
180128-4-14-0.wav,drilling,0,0.1602023243904113
180128-4-16-1.wav,drilling,0,0.4991131126880646
180128-4-17-0.wav,drilling,0,0.4558995366096496
180128-4-4-0.wav,drilling,0,0.5493240356445312
180128-4-5-0.wav,drilling,0,0.6172118186950684
180128-4-6-0.wav,drilling,0,0.3829690515995025
180128-4-6-1.wav,drilling,0,0.4136620461940765
180128-4-6-2.wav,drilling,0,0.6449944376945496
180128-4-7-0.wav,drilling,0,0.1354970484972
180128-4-7-2.wav,drilling,0,0.2466703951358795
180128-4-7-3.wav,drilling,0,0.2478632032871246
180128-4-7-4.wav,drilling,0,0.0754480361938476
180128-4-7-5.wav,drilling,0,0.1419747769832611
180128-4-9-0.wav,drilling,0,0.3796368837356567
180132-4-0-0.wav,drilling,0,0.7462608218193054
180132-4-1-0.wav,drilling,0,0.4731688499450683
180132-4-2-0.wav,drilling,0,0.7236858606338501
180132-4-3-0.wav,drilling,0,0.4372136890888214
180134-4-1-3.wav,drilling,0,1.2401184246169095e-10
180134-4-1-7.wav,drilling,0,7.921100407537462e-12
180134-4-1-8.wav,drilling,0,2.2804003130261208e-10
180134-4-1-9.wav,drilling,0,2.846603619488519e-09
180134-4-2-0.wav,drilling,0,7.460459164576605e-05
180134-4-2-1.wav,drilling,0,0.000273116864264
180134-4-2-11.wav,drilling,0,0.009912509471178
180134-4-2-13.wav,drilling,0,0.0036502941511571
180134-4-2-15.wav,drilling,0,0.0010575025808066
180134-4-2-16.wav,drilling,0,0.0035964720882475
180134-4-2-17.wav,drilling,0,0.0049017081037163
180134-4-2-19.wav,drilling,0,0.0160845573991537
180134-4-2-3.wav,drilling,0,0.0003401232534088
180134-4-2-4.wav,drilling,0,2.040348044829443e-05
180134-4-2-5.wav,drilling,0,9.262686944566669e-06
180134-4-2-6.wav,drilling,0,0.0003371406055521
180134-4-2-9.wav,drilling,0,0.0046102833002805
180257-3-0-1.wav,dog_bark,1,0.9419406652450562
180257-3-0-3.wav,dog_bark,1,0.9531480073928832
180257-3-0-4.wav,dog_bark,1,0.9503870010375975
180257-3-0-5.wav,dog_bark,1,0.9560801386833192
180937-4-0-11.wav,drilling,0,0.3505387902259826
180937-4-0-13.wav,drilling,0,0.3441013097763061
180937-4-0-14.wav,drilling,0,0.5508387088775635
180937-4-0-19.wav,drilling,0,0.6096879839897156
180937-4-0-20.wav,drilling,0,0.2999299764633178
180937-4-1-12.wav,drilling,0,0.4154353737831116
180937-4-1-20.wav,drilling,0,0.3815371692180633
180937-4-1-27.wav,drilling,0,0.0588297620415687
180937-4-1-30.wav,drilling,0,0.1647263467311859
180937-4-1-46.wav,drilling,0,0.142131894826889
180937-4-1-47.wav,drilling,0,0.0164430011063814
180937-4-1-54.wav,drilling,0,0.418353796005249
180937-4-2-1.wav,drilling,0,0.1372582763433456
180937-4-2-2.wav,drilling,0,0.258901983499527
180937-4-3-12.wav,drilling,0,0.6274970769882202
180937-4-3-9.wav,drilling,0,0.5935848355293274
180937-7-0-0.wav,jackhammer,0,0.007109988015145
180937-7-0-1.wav,jackhammer,0,0.0060291881673038
180937-7-0-2.wav,jackhammer,0,0.0117063242942094
180937-7-0-4.wav,jackhammer,0,0.0029453809838742
180937-7-0-5.wav,jackhammer,0,0.0030701742507517
180937-7-0-6.wav,jackhammer,0,0.0036833458580076
180937-7-1-0.wav,jackhammer,0,0.0631925389170646
180937-7-1-1.wav,jackhammer,0,0.0831795558333396
180937-7-1-10.wav,jackhammer,0,0.0019983714446425
180937-7-1-11.wav,jackhammer,0,2.7959382009612455e-07
180937-7-1-12.wav,jackhammer,0,4.379089375561307e-07
180937-7-1-13.wav,jackhammer,0,0.0006971950642764
180937-7-1-14.wav,jackhammer,0,0.0274376384913921
180937-7-1-15.wav,jackhammer,0,0.375101089477539
180937-7-1-2.wav,jackhammer,0,0.1067505776882171
180937-7-1-3.wav,jackhammer,0,0.1811504364013672
180937-7-1-4.wav,jackhammer,0,0.1960464715957641
180937-7-1-5.wav,jackhammer,0,0.2386522740125656
180937-7-1-6.wav,jackhammer,0,0.1621247977018356
180937-7-1-7.wav,jackhammer,0,0.0310017094016075
180937-7-1-8.wav,jackhammer,0,0.0192985907196998
180937-7-1-9.wav,jackhammer,0,0.0896415188908577
180937-7-2-0.wav,jackhammer,0,3.1467120606976096e-06
180937-7-2-1.wav,jackhammer,0,9.526808571536094e-05
180937-7-2-10.wav,jackhammer,0,0.000951746944338
180937-7-2-2.wav,jackhammer,0,1.2235680515004788e-05
180937-7-2-3.wav,jackhammer,0,5.473585770232603e-05
180937-7-2-4.wav,jackhammer,0,0.0015099296579137
180937-7-2-5.wav,jackhammer,0,0.0004737077688332
180937-7-2-6.wav,jackhammer,0,0.0043921843171119
180937-7-2-7.wav,jackhammer,0,0.0015949391527101
180937-7-2-8.wav,jackhammer,0,0.0002560520661063
180937-7-2-9.wav,jackhammer,0,0.0006203939556144
180937-7-3-0.wav,jackhammer,0,0.0056705800816416
180937-7-3-1.wav,jackhammer,0,0.0005144918104633
180937-7-3-10.wav,jackhammer,0,0.4786559343338012
180937-7-3-11.wav,jackhammer,0,0.3890798985958099
180937-7-3-12.wav,jackhammer,0,0.3584773540496826
180937-7-3-13.wav,jackhammer,0,0.2594296634197235
180937-7-3-14.wav,jackhammer,0,0.2000874578952789
180937-7-3-15.wav,jackhammer,0,0.2851736843585968
180937-7-3-17.wav,jackhammer,0,0.4180058538913727
180937-7-3-18.wav,jackhammer,0,0.3447045385837555
180937-7-3-19.wav,jackhammer,0,0.3982690870761871
180937-7-3-2.wav,jackhammer,0,0.0417942702770233
180937-7-3-20.wav,jackhammer,0,0.5294619798660278
180937-7-3-21.wav,jackhammer,0,0.5517100095748901
180937-7-3-22.wav,jackhammer,0,0.4356288015842438
180937-7-3-23.wav,jackhammer,0,0.1217216476798057
180937-7-3-24.wav,jackhammer,0,0.0916034281253814
180937-7-3-26.wav,jackhammer,0,0.0702666491270065
180937-7-3-27.wav,jackhammer,0,0.1788029968738556
180937-7-3-28.wav,jackhammer,0,0.1136229261755943
180937-7-3-29.wav,jackhammer,0,0.1089271381497383
180937-7-3-3.wav,jackhammer,0,0.4575031697750091
180937-7-3-30.wav,jackhammer,0,0.2110197246074676
180937-7-3-31.wav,jackhammer,0,0.3008216321468353
180937-7-3-32.wav,jackhammer,0,0.5061990022659302
180937-7-3-33.wav,jackhammer,0,0.5467979907989502
180937-7-3-4.wav,jackhammer,0,0.4745813012123108
180937-7-3-5.wav,jackhammer,0,0.5304686427116394
180937-7-3-6.wav,jackhammer,0,0.4510379731655121
180937-7-3-7.wav,jackhammer,0,0.3640408515930176
180937-7-3-8.wav,jackhammer,0,0.4670261144638061
180937-7-3-9.wav,jackhammer,0,0.4810909628868103
180937-7-4-0.wav,jackhammer,0,0.1146760731935501
180937-7-4-10.wav,jackhammer,0,0.0585437528789043
180937-7-4-11.wav,jackhammer,0,0.0955522879958152
180937-7-4-12.wav,jackhammer,0,0.0634764954447746
180937-7-4-13.wav,jackhammer,0,0.0698117837309837
180937-7-4-14.wav,jackhammer,0,0.0893034413456916
180937-7-4-2.wav,jackhammer,0,0.0666057169437408
180937-7-4-3.wav,jackhammer,0,0.0935025662183761
180937-7-4-4.wav,jackhammer,0,0.1702624261379242
180937-7-4-5.wav,jackhammer,0,0.2057205140590667
180937-7-4-6.wav,jackhammer,0,0.2571877837181091
180937-7-4-7.wav,jackhammer,0,0.2568984031677246
180937-7-4-8.wav,jackhammer,0,0.0620530918240547
180937-7-4-9.wav,jackhammer,0,0.0381271764636039
180960-6-0-0.wav,gun_shot,1,0.6851040124893188
181102-9-0-111.wav,street_music,0,0.4317102134227752
181102-9-0-117.wav,street_music,0,0.4294716715812683
181102-9-0-23.wav,street_music,0,9.82492019829806e-06
181102-9-0-26.wav,street_music,0,0.0006529854726977
181102-9-0-50.wav,street_music,0,0.0045339120551943
181102-9-0-97.wav,street_music,0,0.0002529310004319
181624-4-0-0.wav,drilling,0,0.6496754884719849
181624-4-1-0.wav,drilling,0,0.141099140048027
181624-4-10-0.wav,drilling,0,0.6837122440338135
181624-4-2-0.wav,drilling,0,0.2147682309150695
181624-4-3-0.wav,drilling,0,0.8724328875541687
181624-4-4-0.wav,drilling,0,0.4761721789836883
181624-4-5-0.wav,drilling,0,0.912444531917572
181624-4-6-0.wav,drilling,0,0.1505655944347381
181624-4-7-0.wav,drilling,0,0.9517489075660706
181624-4-8-0.wav,drilling,0,0.0013769534416496
181624-4-9-0.wav,drilling,0,0.5065551400184631
181725-3-0-16.wav,dog_bark,1,0.9521617889404296
181725-3-0-22.wav,dog_bark,1,0.9559813141822816
181725-3-0-37.wav,dog_bark,1,0.8424087762832642
182103-9-0-0.wav,street_music,0,0.1780684441328048
182103-9-0-22.wav,street_music,0,0.2005033791065216
182103-9-0-26.wav,street_music,0,0.3242845833301544
182103-9-0-47.wav,street_music,0,0.5163432955741882
182103-9-0-53.wav,street_music,0,0.0816692039370536
182103-9-0-8.wav,street_music,0,0.0161756984889507
182474-1-0-0.wav,car_horn,1,0.8828258514404297
182739-2-0-13.wav,children_playing,0,0.417096197605133
182739-2-0-17.wav,children_playing,0,0.4714760780334472
182739-2-0-24.wav,children_playing,0,0.3833631575107574
182739-2-0-35.wav,children_playing,0,0.4324955344200134
182739-2-0-56.wav,children_playing,0,0.4383471012115478
182739-2-0-62.wav,children_playing,0,0.5061249732971191
182739-2-0-78.wav,children_playing,0,0.4114902913570404
182739-2-0-85.wav,children_playing,0,0.5633208751678467
182800-2-0-0.wav,children_playing,0,0.589515745639801
182800-2-1-0.wav,children_playing,0,0.604883074760437
182800-2-2-0.wav,children_playing,0,0.5714755058288574
182800-2-2-1.wav,children_playing,0,0.543750524520874
182800-2-2-2.wav,children_playing,0,0.5296605229377747
182800-2-2-3.wav,children_playing,0,0.5631437301635742
182800-2-3-0.wav,children_playing,0,0.5044480562210083
182800-2-3-1.wav,children_playing,0,0.4626464247703552
183894-1-5-0.wav,car_horn,1,0.627956211566925
183894-1-6-0.wav,car_horn,1,0.6700554490089417
183894-1-7-0.wav,car_horn,1,0.4922124147415161
183894-1-8-0.wav,car_horn,1,0.8377035856246948
183894-1-9-0.wav,car_horn,1,0.8836052417755127
183989-3-1-18.wav,dog_bark,1,0.7768712639808655
183989-3-1-21.wav,dog_bark,1,0.6763021349906921
183989-3-1-23.wav,dog_bark,1,0.4222956597805023
183989-3-1-25.wav,dog_bark,1,0.6345018148422241
184355-1-0-0.wav,car_horn,1,0.6241533160209656
184449-2-0-12.wav,children_playing,0,0.2975034117698669
184449-2-0-13.wav,children_playing,0,0.179096058011055
184449-2-0-15.wav,children_playing,0,0.3055735230445862
184449-2-0-16.wav,children_playing,0,0.5341736674308777
184449-2-0-19.wav,children_playing,0,0.7534424066543579
184449-2-0-24.wav,children_playing,0,0.2902325987815857
184449-2-0-28.wav,children_playing,0,0.4225338995456695
184449-2-0-33.wav,children_playing,0,0.7215648293495178
18453-3-0-0.wav,dog_bark,1,0.5998249053955078
184623-8-0-0.wav,siren,1,0.9109057784080504
184623-8-0-1.wav,siren,1,0.9478220343589784
184623-8-0-2.wav,siren,1,0.9246086478233336
184623-8-0-3.wav,siren,1,0.951693832874298
184623-8-1-0.wav,siren,1,0.3612124621868133
184725-3-0-1.wav,dog_bark,1,0.9545782208442688
184725-3-0-2.wav,dog_bark,1,0.8726031184196472
184725-3-0-4.wav,dog_bark,1,0.9657261371612548
184725-3-0-5.wav,dog_bark,1,0.9431283473968506
184805-0-0-101.wav,air_conditioner,0,0.1457916051149368
184805-0-0-103.wav,air_conditioner,0,0.12871815264225
184805-0-0-104.wav,air_conditioner,0,0.1332114487886428
184805-0-0-112.wav,air_conditioner,0,0.1463667750358581
184805-0-0-121.wav,air_conditioner,0,0.475327581167221
184805-0-0-13.wav,air_conditioner,0,0.1980177015066146
184805-0-0-16.wav,air_conditioner,0,0.1851962655782699
184805-0-0-2.wav,air_conditioner,0,0.474810928106308
184805-0-0-27.wav,air_conditioner,0,0.1747569441795349
184805-0-0-32.wav,air_conditioner,0,0.1598782390356063
184805-0-0-34.wav,air_conditioner,0,0.1022470816969871
184805-0-0-4.wav,air_conditioner,0,0.3874934315681457
184805-0-0-40.wav,air_conditioner,0,0.2088782340288162
184805-0-0-45.wav,air_conditioner,0,0.1376808285713195
184805-0-0-47.wav,air_conditioner,0,0.1504996716976165
184805-0-0-48.wav,air_conditioner,0,0.0922454595565795
184805-0-0-49.wav,air_conditioner,0,0.0047646081075072
184805-0-0-5.wav,air_conditioner,0,0.2063705027103424
184805-0-0-51.wav,air_conditioner,0,0.002711474429816
184805-0-0-54.wav,air_conditioner,0,0.0091170389205217
184805-0-0-57.wav,air_conditioner,0,0.186042308807373
184805-0-0-58.wav,air_conditioner,0,0.1095335781574249
184805-0-0-61.wav,air_conditioner,0,0.1722373068332672
184805-0-0-63.wav,air_conditioner,0,0.1199038326740264
184805-0-0-64.wav,air_conditioner,0,0.1389234364032745
184805-0-0-74.wav,air_conditioner,0,0.1544598191976547
184805-0-0-75.wav,air_conditioner,0,0.1882684826850891
184805-0-0-77.wav,air_conditioner,0,0.1672851294279098
184805-0-0-81.wav,air_conditioner,0,0.3109992146492004
184805-0-0-82.wav,air_conditioner,0,0.306994080543518
184805-0-0-88.wav,air_conditioner,0,0.4224690198898315
184805-0-0-90.wav,air_conditioner,0,0.475069910287857
184805-0-0-99.wav,air_conditioner,0,0.1359925121068954
185373-9-0-21.wav,street_music,0,0.3643218576908111
185373-9-0-6.wav,street_music,0,0.4473828375339508
185373-9-1-17.wav,street_music,0,0.1010840237140655
185373-9-1-46.wav,street_music,0,0.2881767749786377
185373-9-1-7.wav,street_music,0,0.1559745520353317
185373-9-1-70.wav,street_music,0,0.0816507041454315
185374-9-0-16.wav,street_music,0,0.0234092697501182
185374-9-0-18.wav,street_music,0,0.1859557479619979
185374-9-0-23.wav,street_music,0,0.2230363637208938
185374-9-0-30.wav,street_music,0,0.0639130771160125
185374-9-0-33.wav,street_music,0,0.1431725621223449
185374-9-0-35.wav,street_music,0,0.0236725267022848
185374-9-0-60.wav,street_music,0,0.0504899136722087
185375-9-0-23.wav,street_music,0,0.1141927912831306
185375-9-0-26.wav,street_music,0,0.0706423670053482
185375-9-0-33.wav,street_music,0,0.2335706055164337
185375-9-0-60.wav,street_music,0,0.1096106097102165
185375-9-0-61.wav,street_music,0,0.1174307167530059
185375-9-0-84.wav,street_music,0,0.1631149351596832
185436-1-0-0.wav,car_horn,1,0.7251226902008057
185436-1-1-0.wav,car_horn,1,0.6923843026161194
185436-1-2-0.wav,car_horn,1,0.4953826665878296
185436-1-3-0.wav,car_horn,1,0.6407891511917114
185436-1-4-0.wav,car_horn,1,0.1900675892829895
185436-1-5-0.wav,car_horn,1,0.8163437247276306
185436-1-6-0.wav,car_horn,1,0.5318921208381653
185436-1-7-0.wav,car_horn,1,0.7712986469268799
185709-0-0-0.wav,air_conditioner,0,0.2722844779491424
185709-0-0-1.wav,air_conditioner,0,0.1772574931383133
185709-0-0-2.wav,air_conditioner,0,0.1830029040575027
185709-0-0-3.wav,air_conditioner,0,0.1895049810409546
185709-0-0-4.wav,air_conditioner,0,0.183688223361969
185709-0-0-5.wav,air_conditioner,0,0.1827908307313919
185709-0-0-6.wav,air_conditioner,0,0.1796246320009231
185709-0-0-7.wav,air_conditioner,0,0.1794092655181884
185709-0-0-8.wav,air_conditioner,0,0.2055053412914276
185800-4-0-0.wav,drilling,0,0.131363108754158
185800-4-0-1.wav,drilling,0,0.1360687166452407
185800-4-1-0.wav,drilling,0,0.6257663369178772
185800-4-2-0.wav,drilling,0,0.0851912498474121
185800-4-2-1.wav,drilling,0,0.1243408694863319
185800-4-2-2.wav,drilling,0,0.2946403622627258
185801-4-0-0.wav,drilling,0,0.0211226493120193
185801-4-0-1.wav,drilling,0,0.0390346236526966
185801-4-0-2.wav,drilling,0,0.1545345038175583
18581-3-0-0.wav,dog_bark,1,0.5952225923538208
18581-3-0-5.wav,dog_bark,1,0.5528170466423035
18581-3-1-1.wav,dog_bark,1,0.7676588892936707
18581-3-1-3.wav,dog_bark,1,0.6564313173294067
185909-2-0-102.wav,children_playing,0,0.3410792946815491
185909-2-0-116.wav,children_playing,0,0.4105839431285858
185909-2-0-13.wav,children_playing,0,0.4012398719787597
185909-2-0-17.wav,children_playing,0,0.392790675163269
185909-2-0-22.wav,children_playing,0,0.3681352138519287
185909-2-0-34.wav,children_playing,0,0.7000969648361206
185909-2-0-86.wav,children_playing,0,0.5072533488273621
185909-2-0-87.wav,children_playing,0,0.5088124871253967
18592-5-0-0.wav,engine_idling,0,0.7302164435386658
18592-5-0-1.wav,engine_idling,0,0.7163538336753845
18592-5-0-2.wav,engine_idling,0,0.7233064770698547
18592-5-0-3.wav,engine_idling,0,0.7241392135620117
18592-5-0-4.wav,engine_idling,0,0.7212491035461426
18594-1-0-0.wav,car_horn,1,0.8842622637748718
18594-1-1-0.wav,car_horn,1,0.8409295678138733
18594-1-3-0.wav,car_horn,1,0.9007791876792908
18594-1-5-0.wav,car_horn,1,0.8823432326316833
18594-1-6-0.wav,car_horn,1,0.9187919497489928
186334-2-0-1.wav,children_playing,0,0.2994954884052276
186334-2-0-11.wav,children_playing,0,0.0800386145710945
186334-2-0-20.wav,children_playing,0,0.4052386283874511
186334-2-0-33.wav,children_playing,0,0.6276302933692932
186334-2-0-35.wav,children_playing,0,0.6360110640525818
186334-2-0-36.wav,children_playing,0,0.3865317404270172
186334-2-0-37.wav,children_playing,0,0.2050227224826812
186334-2-0-44.wav,children_playing,0,0.587935745716095
186336-9-0-0.wav,street_music,0,0.7352476716041565
186336-9-0-1.wav,street_music,0,0.7401657700538635
186336-9-0-2.wav,street_music,0,0.7823220491409302
186336-9-0-3.wav,street_music,0,0.83509761095047
186336-9-0-4.wav,street_music,0,0.8160693049430847
186339-9-0-1.wav,street_music,0,0.273045152425766
186339-9-0-12.wav,street_music,0,0.2470325231552124
186339-9-0-17.wav,street_music,0,0.2253294289112091
186339-9-0-18.wav,street_music,0,0.4101727306842804
186339-9-0-3.wav,street_music,0,0.2979398369789123
186339-9-0-7.wav,street_music,0,0.1532463878393173
186935-5-0-0.wav,engine_idling,0,0.0904678180813789
186935-5-0-1.wav,engine_idling,0,0.0362001359462738
186936-5-0-0.wav,engine_idling,0,0.7923266291618347
186936-5-0-1.wav,engine_idling,0,0.7601895332336426
186938-5-0-0.wav,engine_idling,0,0.9567397236824036
186940-5-0-0.wav,engine_idling,0,0.0296407155692577
187075-5-0-0.wav,engine_idling,0,0.8414083123207092
187075-5-0-1.wav,engine_idling,0,0.8763872385025024
187075-5-0-2.wav,engine_idling,0,0.8945995569229126
187075-5-0-3.wav,engine_idling,0,0.8963687419891357
187075-5-0-4.wav,engine_idling,0,0.8944899439811707
187075-5-0-5.wav,engine_idling,0,0.8836871385574341
187075-5-0-6.wav,engine_idling,0,0.8767428994178772
187075-5-0-7.wav,engine_idling,0,0.7660984992980957
187075-5-0-8.wav,engine_idling,0,0.7979918122291565
187110-2-0-1.wav,children_playing,0,0.3867481052875519
187110-2-0-10.wav,children_playing,0,0.855172336101532
187110-2-0-12.wav,children_playing,0,0.6474613547325134
187110-2-0-27.wav,children_playing,0,0.246387168765068
187110-2-0-30.wav,children_playing,0,0.3115792572498321
187110-2-0-34.wav,children_playing,0,0.3987037241458893
187110-2-0-6.wav,children_playing,0,0.7693317532539368
187110-2-0-8.wav,children_playing,0,0.9010480642318726
187356-1-0-0.wav,car_horn,1,0.6114252805709839
187356-1-1-0.wav,car_horn,1,0.7816272377967834
187356-1-2-0.wav,car_horn,1,0.6184506416320801
187356-1-3-0.wav,car_horn,1,0.6452444195747375
187356-1-4-0.wav,car_horn,1,0.6343984007835388
187356-1-5-0.wav,car_horn,1,0.74824458360672
187356-1-6-0.wav,car_horn,1,0.7903538346290588
187377-4-0-0.wav,drilling,0,8.618252630522213e-20
187377-4-0-1.wav,drilling,0,1.0051702265630851e-16
187378-3-0-12.wav,dog_bark,1,0.934708833694458
187378-3-0-19.wav,dog_bark,1,0.6881096959114075
187378-3-0-30.wav,dog_bark,1,0.5840747952461243
187378-3-0-7.wav,dog_bark,1,0.6496726870536804
187863-4-0-0.wav,drilling,0,0.9694543480873108
187863-4-0-1.wav,drilling,0,0.9921950101852416
187863-4-0-2.wav,drilling,0,0.6412743926048279
187863-4-0-3.wav,drilling,0,0.612275242805481
187863-4-0-4.wav,drilling,0,0.3743530809879303
187863-4-0-5.wav,drilling,0,0.1668339520692825
187920-7-0-0.wav,jackhammer,0,0.0143702961504459
187920-7-1-0.wav,jackhammer,0,0.0544294044375419
187920-7-1-1.wav,jackhammer,0,0.0330070741474628
187920-7-1-2.wav,jackhammer,0,0.0331649668514728
187920-7-2-0.wav,jackhammer,0,0.5301358103752136
188004-8-0-0.wav,siren,1,0.6280720233917236
188004-8-0-1.wav,siren,1,0.899154007434845
188004-8-0-2.wav,siren,1,0.9529127478599548
188497-2-0-0.wav,children_playing,0,0.5493343472480774
188497-2-0-1.wav,children_playing,0,0.5470909476280212
188497-2-0-11.wav,children_playing,0,0.503064751625061
188497-2-0-17.wav,children_playing,0,0.5304087996482849
188497-2-0-19.wav,children_playing,0,0.5161781311035156
188497-2-0-2.wav,children_playing,0,0.5414392948150635
188497-2-0-23.wav,children_playing,0,0.5300764441490173
188497-2-0-8.wav,children_playing,0,0.5324102640151978
188813-7-0-0.wav,jackhammer,0,0.3303742706775665
188813-7-1-0.wav,jackhammer,0,0.1479183882474899
188813-7-10-0.wav,jackhammer,0,0.0007500919746235
188813-7-10-1.wav,jackhammer,0,0.0019250033656135
188813-7-10-2.wav,jackhammer,0,0.0010279768612235
188813-7-10-3.wav,jackhammer,0,0.0005249177338555
188813-7-11-0.wav,jackhammer,0,0.0009600972989574
188813-7-11-1.wav,jackhammer,0,0.0004712981462944
188813-7-12-0.wav,jackhammer,0,0.178646832704544
188813-7-13-0.wav,jackhammer,0,0.0165309589356184
188813-7-2-0.wav,jackhammer,0,0.1465964466333389
188813-7-3-0.wav,jackhammer,0,0.2043292671442031
188813-7-4-0.wav,jackhammer,0,0.0919041633605957
188813-7-5-0.wav,jackhammer,0,0.221770092844963
188813-7-6-0.wav,jackhammer,0,0.1621009409427642
188813-7-7-0.wav,jackhammer,0,0.05821543186903
188813-7-8-0.wav,jackhammer,0,0.1103564277291297
188813-7-9-0.wav,jackhammer,0,0.0224007572978734
188823-7-0-0.wav,jackhammer,0,1.086422045659674e-07
188823-7-0-1.wav,jackhammer,0,0.0002311070566065
188823-7-0-2.wav,jackhammer,0,6.811838102294132e-05
188823-7-0-3.wav,jackhammer,0,8.077298844000325e-05
188823-7-0-4.wav,jackhammer,0,0.0002780383802019
188823-7-1-0.wav,jackhammer,0,2.76238006335916e-05
188823-7-1-1.wav,jackhammer,0,0.0001108033102354
188823-7-1-2.wav,jackhammer,0,0.0006442156154662
188823-7-1-3.wav,jackhammer,0,0.0012764241546392
188823-7-2-0.wav,jackhammer,0,7.343786819546949e-06
188823-7-2-1.wav,jackhammer,0,6.764875251974445e-06
188823-7-2-2.wav,jackhammer,0,1.4190822184900752e-05
188823-7-2-3.wav,jackhammer,0,0.0005240475875325
188823-7-3-0.wav,jackhammer,0,2.539854176575318e-05
188823-7-4-0.wav,jackhammer,0,0.0032882140949368
188823-7-5-0.wav,jackhammer,0,0.0003470068622846
188823-7-6-0.wav,jackhammer,0,0.2325351685285568
188824-7-0-0.wav,jackhammer,0,0.4677984118461609
188824-7-1-0.wav,jackhammer,0,0.4569918811321258
188824-7-10-0.wav,jackhammer,0,0.4704549014568329
188824-7-11-0.wav,jackhammer,0,0.4712119698524475
188824-7-12-0.wav,jackhammer,0,0.3389149010181427
188824-7-2-0.wav,jackhammer,0,0.4745989143848419
188824-7-3-0.wav,jackhammer,0,0.5414532423019409
188824-7-4-0.wav,jackhammer,0,0.4724863171577453
188824-7-5-0.wav,jackhammer,0,0.429734319448471
188824-7-6-0.wav,jackhammer,0,0.5188195109367371
188824-7-7-0.wav,jackhammer,0,0.4168654978275299
188824-7-8-0.wav,jackhammer,0,0.4782994985580444
188824-7-9-0.wav,jackhammer,0,0.2050778567790985
189023-0-0-0.wav,air_conditioner,0,0.206338346004486
189023-0-0-1.wav,air_conditioner,0,0.2040117681026458
189023-0-0-10.wav,air_conditioner,0,0.2026894837617874
189023-0-0-11.wav,air_conditioner,0,0.2034891694784164
189023-0-0-12.wav,air_conditioner,0,0.2126342356204986
189023-0-0-13.wav,air_conditioner,0,0.21238474547863
189023-0-0-2.wav,air_conditioner,0,0.2011782079935073
189023-0-0-3.wav,air_conditioner,0,0.2005107402801513
189023-0-0-4.wav,air_conditioner,0,0.19639253616333
189023-0-0-5.wav,air_conditioner,0,0.1970994770526886
189023-0-0-6.wav,air_conditioner,0,0.1987029761075973
189023-0-0-7.wav,air_conditioner,0,0.2018738090991974
189023-0-0-8.wav,air_conditioner,0,0.1992820501327514
189023-0-0-9.wav,air_conditioner,0,0.2054980546236038
18933-1-0-0.wav,car_horn,1,0.8787463307380676
189825-9-0-0.wav,street_music,0,0.0115348296239972
189825-9-0-1.wav,street_music,0,0.0005587384221144
189825-9-0-2.wav,street_music,0,0.0098422691226005
189825-9-0-3.wav,street_music,0,0.0462038218975067
189825-9-0-5.wav,street_music,0,0.0582037605345249
189825-9-0-7.wav,street_music,0,0.0379227213561534
189846-3-0-0.wav,dog_bark,1,0.8791780471801758
189846-3-1-0.wav,dog_bark,1,0.762276828289032
189846-3-3-0.wav,dog_bark,1,0.8874524831771851
189846-3-4-0.wav,dog_bark,1,0.8885996341705322
189895-3-0-0.wav,dog_bark,1,0.7555248737335205
189981-0-0-0.wav,air_conditioner,0,0.708911120891571
189981-0-0-1.wav,air_conditioner,0,0.5116736888885498
189981-0-0-10.wav,air_conditioner,0,0.3719312846660614
189981-0-0-11.wav,air_conditioner,0,0.4833770096302032
189981-0-0-12.wav,air_conditioner,0,0.4156312048435211
189981-0-0-13.wav,air_conditioner,0,0.3251591920852661
189981-0-0-14.wav,air_conditioner,0,0.3524217009544372
189981-0-0-15.wav,air_conditioner,0,0.3879513144493103
189981-0-0-16.wav,air_conditioner,0,0.6925398111343384
189981-0-0-17.wav,air_conditioner,0,0.5745332837104797
189981-0-0-2.wav,air_conditioner,0,0.274593323469162
189981-0-0-3.wav,air_conditioner,0,0.2531002163887024
189981-0-0-4.wav,air_conditioner,0,0.3490062952041626
189981-0-0-5.wav,air_conditioner,0,0.3549416363239288
189981-0-0-6.wav,air_conditioner,0,0.2790992856025696
189981-0-0-7.wav,air_conditioner,0,0.2949925363063812
189981-0-0-8.wav,air_conditioner,0,0.345773309469223
189981-0-0-9.wav,air_conditioner,0,0.3465610146522522
189982-0-0-11.wav,air_conditioner,0,0.1878370642662048
189982-0-0-13.wav,air_conditioner,0,0.1925401836633682
189982-0-0-16.wav,air_conditioner,0,0.2143770009279251
189982-0-0-17.wav,air_conditioner,0,0.254661351442337
189982-0-0-18.wav,air_conditioner,0,0.2247805297374725
189982-0-0-19.wav,air_conditioner,0,0.1931702047586441
189982-0-0-2.wav,air_conditioner,0,0.11140938103199
189982-0-0-20.wav,air_conditioner,0,0.2324232310056686
189982-0-0-23.wav,air_conditioner,0,0.2091990262269973
189982-0-0-27.wav,air_conditioner,0,0.2591803967952728
189982-0-0-28.wav,air_conditioner,0,0.2840293347835541
189982-0-0-3.wav,air_conditioner,0,0.1010449305176734
189982-0-0-30.wav,air_conditioner,0,0.2836061716079712
189982-0-0-33.wav,air_conditioner,0,0.2546184360980987
189982-0-0-35.wav,air_conditioner,0,0.2096050977706909
189982-0-0-36.wav,air_conditioner,0,0.3127133548259735
189982-0-0-38.wav,air_conditioner,0,0.3295887112617492
189982-0-0-39.wav,air_conditioner,0,0.3105798363685608
189982-0-0-4.wav,air_conditioner,0,0.2082928121089935
189982-0-0-42.wav,air_conditioner,0,0.1953976452350616
189982-0-0-43.wav,air_conditioner,0,0.2190738171339035
189982-0-0-44.wav,air_conditioner,0,0.242899939417839
189982-0-0-45.wav,air_conditioner,0,0.317826360464096
189982-0-0-6.wav,air_conditioner,0,0.256113201379776
189982-0-0-7.wav,air_conditioner,0,0.1798744350671768
189985-0-0-0.wav,air_conditioner,0,0.4357512891292572
189985-0-0-1.wav,air_conditioner,0,0.1717183291912078
189985-0-0-2.wav,air_conditioner,0,0.0845976769924163
189985-0-0-3.wav,air_conditioner,0,0.1034036874771118
189985-0-0-4.wav,air_conditioner,0,0.175511747598648
189985-0-0-5.wav,air_conditioner,0,0.2315148264169693
189985-0-0-6.wav,air_conditioner,0,0.2207160145044326
189986-0-0-0.wav,air_conditioner,0,0.666823148727417
189987-0-0-0.wav,air_conditioner,0,0.1173404529690742
189987-0-0-1.wav,air_conditioner,0,0.1721473038196563
189987-0-0-2.wav,air_conditioner,0,0.1623347103595733
189987-0-0-3.wav,air_conditioner,0,0.1368857026100158
189987-0-0-4.wav,air_conditioner,0,0.1689804196357727
189988-0-0-0.wav,air_conditioner,0,0.2750369906425476
189988-0-0-1.wav,air_conditioner,0,0.2343869507312774
189988-0-0-2.wav,air_conditioner,0,0.213197112083435
189988-0-0-3.wav,air_conditioner,0,0.1901062577962875
189988-0-0-4.wav,air_conditioner,0,0.2133324146270752
189988-0-0-5.wav,air_conditioner,0,0.1831836253404617
189989-0-0-0.wav,air_conditioner,0,0.1683540791273117
189989-0-0-1.wav,air_conditioner,0,0.1738926917314529
189989-0-0-2.wav,air_conditioner,0,0.1743107438087463
189991-0-0-0.wav,air_conditioner,0,0.2164126485586166
189991-0-0-1.wav,air_conditioner,0,0.2699706554412842
189991-0-0-2.wav,air_conditioner,0,0.2218287587165832
189991-0-0-3.wav,air_conditioner,0,0.1961700171232223
189991-0-0-4.wav,air_conditioner,0,0.1702190339565277
189991-0-0-5.wav,air_conditioner,0,0.1296475231647491
189991-0-0-6.wav,air_conditioner,0,0.1449106931686401
189991-0-0-7.wav,air_conditioner,0,0.1637346446514129
19007-4-0-0.wav,drilling,0,0.4193502962589264
190680-3-1-0.wav,dog_bark,1,0.5123924016952515
190680-3-4-0.wav,dog_bark,1,0.3390921056270599
190680-3-6-0.wav,dog_bark,1,0.1945592314004898
190893-2-0-10.wav,children_playing,0,0.4917033910751343
190893-2-0-11.wav,children_playing,0,0.5283319354057312
190893-2-0-12.wav,children_playing,0,0.5205537676811218
190893-2-0-21.wav,children_playing,0,0.791018545627594
190893-2-0-23.wav,children_playing,0,0.4206763505935669
190893-2-0-27.wav,children_playing,0,0.5612123608589172
190893-2-0-28.wav,children_playing,0,0.6604785919189453
190893-2-0-7.wav,children_playing,0,0.5805953741073608
190894-2-0-0.wav,children_playing,0,0.3611779510974884
190894-2-0-2.wav,children_playing,0,0.60299152135849
190894-2-0-3.wav,children_playing,0,0.4271948337554931
190894-2-0-4.wav,children_playing,0,0.4769236445426941
190894-2-0-5.wav,children_playing,0,0.5908008217811584
190894-2-0-6.wav,children_playing,0,0.8323997259140015
190894-2-0-7.wav,children_playing,0,0.7721192836761475
190894-2-0-8.wav,children_playing,0,0.7356076836585999
190996-3-0-0.wav,dog_bark,1,0.677471399307251
190996-3-0-1.wav,dog_bark,1,0.6977916955947876
190996-3-0-8.wav,dog_bark,1,0.6630236506462097
191382-3-0-0.wav,dog_bark,1,0.5240289568901062
191382-3-0-5.wav,dog_bark,1,0.9834986329078674
191382-3-1-0.wav,dog_bark,1,0.8174840807914734
191382-3-1-1.wav,dog_bark,1,0.8208841681480408
191431-9-0-26.wav,street_music,0,0.5274438858032227
191431-9-0-30.wav,street_music,0,0.6275376677513123
191431-9-0-61.wav,street_music,0,0.4587873816490173
191431-9-0-66.wav,street_music,0,0.2927722930908203
191431-9-0-73.wav,street_music,0,0.3115419149398803
191431-9-0-8.wav,street_music,0,0.318994402885437
191449-6-0-0.wav,gun_shot,1,0.5386400818824768
192123-2-0-0.wav,children_playing,0,0.8807867169380188
192123-2-0-10.wav,children_playing,0,0.4384398460388183
192123-2-0-11.wav,children_playing,0,0.4135862588882446
192123-2-0-17.wav,children_playing,0,0.4589463174343109
192123-2-0-18.wav,children_playing,0,0.4469435811042785
192123-2-0-22.wav,children_playing,0,0.4351692497730255
192123-2-0-23.wav,children_playing,0,0.4535695910453796
192123-2-0-4.wav,children_playing,0,0.4310185611248016
192124-2-0-0.wav,children_playing,0,0.8340368866920471
192124-2-0-11.wav,children_playing,0,0.8476023077964783
192124-2-0-12.wav,children_playing,0,0.7732875347137451
192124-2-0-15.wav,children_playing,0,0.725443422794342
192124-2-0-3.wav,children_playing,0,0.6764394640922546
192124-2-0-4.wav,children_playing,0,0.5172737240791321
192124-2-0-5.wav,children_playing,0,0.3121806979179382
192124-2-0-7.wav,children_playing,0,0.8081368207931519
19218-3-0-0.wav,dog_bark,1,0.9168176054954528
192269-2-0-1.wav,children_playing,0,0.728373110294342
192269-2-0-11.wav,children_playing,0,0.7584165930747986
192269-2-0-18.wav,children_playing,0,0.8070778250694275
192269-2-0-24.wav,children_playing,0,0.7977203130722046
192269-2-0-35.wav,children_playing,0,0.6221162676811218
192269-2-0-37.wav,children_playing,0,0.5747770071029663
192269-2-0-54.wav,children_playing,0,0.5565440654754639
192269-2-0-56.wav,children_playing,0,0.7507653832435608
192382-2-0-105.wav,children_playing,0,0.3587568998336792
192382-2-0-12.wav,children_playing,0,0.8771660327911377
192382-2-0-18.wav,children_playing,0,0.7097492814064026
192382-2-0-36.wav,children_playing,0,0.7223248481750488
192382-2-0-66.wav,children_playing,0,0.4368460476398468
192382-2-0-67.wav,children_playing,0,0.4635036587715149
192382-2-0-8.wav,children_playing,0,0.5579135417938232
192382-2-0-9.wav,children_playing,0,0.5456670522689819
19338-5-0-0.wav,engine_idling,0,0.0968219861388206
19338-5-1-0.wav,engine_idling,0,0.08802130818367
19338-5-2-0.wav,engine_idling,0,0.0943215638399124
19338-5-3-0.wav,engine_idling,0,0.5526151061058044
193394-3-0-10.wav,dog_bark,1,0.9132574796676636
193394-3-0-11.wav,dog_bark,1,0.5677938461303711
193394-3-0-4.wav,dog_bark,1,0.9409608840942384
193394-3-0-7.wav,dog_bark,1,0.9196685552597046
193697-2-0-103.wav,children_playing,0,0.4812693297863006
193697-2-0-107.wav,children_playing,0,0.3183056712150574
193697-2-0-110.wav,children_playing,0,0.4540103375911712
193697-2-0-135.wav,children_playing,0,0.3575036823749542
193697-2-0-5.wav,children_playing,0,0.420080155134201
193697-2-0-90.wav,children_playing,0,0.440348744392395
193697-2-0-99.wav,children_playing,0,0.4478603005409241
193698-2-0-112.wav,children_playing,0,0.4091908633708954
193698-2-0-113.wav,children_playing,0,0.4043893814086914
193698-2-0-114.wav,children_playing,0,0.4186758697032928
193698-2-0-140.wav,children_playing,0,0.3627325892448425
193698-2-0-42.wav,children_playing,0,0.377030462026596
193698-2-0-58.wav,children_playing,0,0.361203521490097
193698-2-0-64.wav,children_playing,0,0.3604632914066314
193698-2-0-89.wav,children_playing,0,0.4476379454135895
193699-2-0-109.wav,children_playing,0,0.4445762932300567
193699-2-0-3.wav,children_playing,0,0.3508669435977936
193699-2-0-32.wav,children_playing,0,0.4001241028308868
193699-2-0-33.wav,children_playing,0,0.3829288780689239
193699-2-0-46.wav,children_playing,0,0.4063881039619446
193699-2-0-54.wav,children_playing,0,0.4273381233215332
193699-2-0-62.wav,children_playing,0,0.3435568511486053
193699-2-0-69.wav,children_playing,0,0.4104943573474884
194310-9-0-15.wav,street_music,0,0.485125333070755
194310-9-0-3.wav,street_music,0,0.0002352167794015
194310-9-0-35.wav,street_music,0,0.0
194310-9-0-7.wav,street_music,0,0.4651136696338653
194310-9-0-73.wav,street_music,0,0.0311401560902595
194310-9-0-8.wav,street_music,0,0.446929395198822
194321-9-0-100.wav,street_music,0,0.1445764154195785
194321-9-0-126.wav,street_music,0,0.1402994394302368
194321-9-0-150.wav,street_music,0,0.3218339085578918
194321-9-0-241.wav,street_music,0,7.315079074032837e-06
194321-9-0-6.wav,street_music,0,0.6102384328842163
194321-9-0-61.wav,street_music,0,0.8937349915504456
194458-9-0-2.wav,street_music,0,0.2557569742202759
194458-9-0-34.wav,street_music,0,0.2962008714675903
194458-9-1-122.wav,street_music,0,0.291071355342865
194458-9-1-75.wav,street_music,0,0.2990901172161102
194458-9-1-91.wav,street_music,0,0.2618118226528168
194732-9-0-126.wav,street_music,0,0.2654715776443481
194732-9-0-163.wav,street_music,0,0.9910640716552734
194732-9-0-171.wav,street_music,0,0.6341930031776428
194732-9-0-175.wav,street_music,0,0.9337630867958068
194732-9-0-191.wav,street_music,0,0.884314239025116
194732-9-0-41.wav,street_music,0,0.6499825119972229
194732-9-0-95.wav,street_music,0,0.9845751523971558
194733-9-0-1.wav,street_music,0,0.9712032675743104
194733-9-0-10.wav,street_music,0,0.738027811050415
194733-9-0-11.wav,street_music,0,0.8607416152954102
194733-9-0-12.wav,street_music,0,0.8230654001235962
194733-9-0-14.wav,street_music,0,0.7563963532447815
194733-9-0-16.wav,street_music,0,0.8751983642578125
194733-9-0-7.wav,street_music,0,0.5315259695053101
194753-3-0-0.wav,dog_bark,1,0.6790835857391357
194753-3-1-0.wav,dog_bark,1,0.6074748635292053
194753-3-2-0.wav,dog_bark,1,0.6677126884460449
194753-3-3-0.wav,dog_bark,1,0.7878559231758118
194841-9-0-130.wav,street_music,0,0.3354441821575165
194841-9-0-144.wav,street_music,0,0.3521907031536102
194841-9-0-164.wav,street_music,0,0.6169055104255676
194841-9-0-178.wav,street_music,0,0.1361554116010666
194841-9-0-222.wav,street_music,0,0.3364827036857605
194841-9-0-48.wav,street_music,0,0.3523833453655243
194910-9-0-108.wav,street_music,0,0.3938089907169342
194910-9-0-26.wav,street_music,0,0.265123039484024
194910-9-0-5.wav,street_music,0,0.0954476445913314
194910-9-0-63.wav,street_music,0,0.4010537266731262
194910-9-0-65.wav,street_music,0,0.4821656346321106
19496-3-0-0.wav,dog_bark,1,0.0071658273227512
19496-3-1-0.wav,dog_bark,1,0.0412126518785953
19496-3-1-1.wav,dog_bark,1,0.0168872456997632
194962-5-0-0.wav,engine_idling,0,0.0801802203059196
194962-5-0-1.wav,engine_idling,0,0.1081886515021324
194962-5-0-2.wav,engine_idling,0,0.2440799474716186
19503-3-0-0.wav,dog_bark,1,0.7078759670257568
19503-3-1-0.wav,dog_bark,1,0.849066972732544
19503-3-2-0.wav,dog_bark,1,0.7099279761314392
195063-4-0-0.wav,drilling,0,0.0360940024256706
195063-4-1-0.wav,drilling,0,0.0405359342694282
195451-5-0-0.wav,engine_idling,0,0.0152704818174242
195451-5-0-1.wav,engine_idling,0,0.0096669923514127
195451-5-0-10.wav,engine_idling,0,0.0384795293211936
195451-5-0-11.wav,engine_idling,0,0.057211123406887
195451-5-0-12.wav,engine_idling,0,0.0415783859789371
195451-5-0-13.wav,engine_idling,0,0.0161130614578723
195451-5-0-14.wav,engine_idling,0,0.0171157512813806
195451-5-0-15.wav,engine_idling,0,0.0144414436072111
195451-5-0-16.wav,engine_idling,0,0.0052407532930374
195451-5-0-17.wav,engine_idling,0,0.006567835342139
195451-5-0-18.wav,engine_idling,0,0.0135968765243887
195451-5-0-19.wav,engine_idling,0,0.0127247683703899
195451-5-0-2.wav,engine_idling,0,0.0079634254798293
195451-5-0-20.wav,engine_idling,0,0.0056210095062851
195451-5-0-21.wav,engine_idling,0,0.0022652929183095
195451-5-0-3.wav,engine_idling,0,0.012196366675198
195451-5-0-4.wav,engine_idling,0,0.005673517473042
195451-5-0-5.wav,engine_idling,0,0.0053625535219907
195451-5-0-6.wav,engine_idling,0,0.022296579554677
195451-5-0-7.wav,engine_idling,0,0.0444960705935955
195451-5-0-8.wav,engine_idling,0,0.0432656966149807
195451-5-0-9.wav,engine_idling,0,0.051631923764944
195969-0-0-1.wav,air_conditioner,0,0.2817215025424957
195969-0-0-10.wav,air_conditioner,0,0.2382960021495819
195969-0-0-12.wav,air_conditioner,0,0.2439585328102111
195969-0-0-13.wav,air_conditioner,0,0.2397875338792801
195969-0-0-14.wav,air_conditioner,0,0.2437632977962494
195969-0-0-15.wav,air_conditioner,0,0.2473236918449401
195969-0-0-17.wav,air_conditioner,0,0.2389452457427978
195969-0-0-18.wav,air_conditioner,0,0.2441271096467971
195969-0-0-19.wav,air_conditioner,0,0.2453204840421676
195969-0-0-2.wav,air_conditioner,0,0.2634498178958893
195969-0-0-20.wav,air_conditioner,0,0.2391586452722549
195969-0-0-21.wav,air_conditioner,0,0.238813042640686
195969-0-0-22.wav,air_conditioner,0,0.2392502129077911
195969-0-0-24.wav,air_conditioner,0,0.2409300506114959
195969-0-0-25.wav,air_conditioner,0,0.2440191954374313
195969-0-0-26.wav,air_conditioner,0,0.2432119846343994
195969-0-0-28.wav,air_conditioner,0,0.2499144077301025
195969-0-0-4.wav,air_conditioner,0,0.2433560043573379
195969-0-0-5.wav,air_conditioner,0,0.2465688586235046
195969-0-0-6.wav,air_conditioner,0,0.2446275055408477
195969-0-0-7.wav,air_conditioner,0,0.2459498047828674
195969-0-0-8.wav,air_conditioner,0,0.2454262971878051
195969-0-0-9.wav,air_conditioner,0,0.2391671985387802
196057-2-0-0.wav,children_playing,0,0.5429860949516296
196058-2-0-0.wav,children_playing,0,0.3944108486175537
196059-2-0-0.wav,children_playing,0,0.6821551322937012
196059-2-0-1.wav,children_playing,0,0.4514010548591614
196060-2-0-0.wav,children_playing,0,0.5087422132492065
196061-2-0-0.wav,children_playing,0,0.8062511682510376
196062-2-0-0.wav,children_playing,0,0.8903646469116211
196063-2-0-0.wav,children_playing,0,0.2460093647241592
196063-2-0-1.wav,children_playing,0,0.285517543554306
196063-2-0-2.wav,children_playing,0,0.2034026086330413
196064-2-0-0.wav,children_playing,0,0.4631986916065216
196065-2-0-0.wav,children_playing,0,0.4117724895477295
196066-2-0-0.wav,children_playing,0,0.8139067888259888
196066-2-0-1.wav,children_playing,0,0.3742308020591736
196067-2-0-0.wav,children_playing,0,0.0655443295836448
196068-2-0-0.wav,children_playing,0,0.2382213920354843
196068-2-0-1.wav,children_playing,0,0.3941595554351806
196069-2-0-0.wav,children_playing,0,0.7723813056945801
196070-2-0-0.wav,children_playing,0,0.8178010582923889
196070-2-0-1.wav,children_playing,0,0.2952823638916015
196070-2-0-2.wav,children_playing,0,0.7555791735649109
196070-2-0-3.wav,children_playing,0,0.8063046336174011
196070-2-0-4.wav,children_playing,0,0.7074815034866333
196070-2-0-5.wav,children_playing,0,0.8342340588569641
196071-2-0-0.wav,children_playing,0,0.5432713031768799
196072-2-0-0.wav,children_playing,0,0.4896648824214935
196073-2-0-0.wav,children_playing,0,0.6369693279266357
196074-2-0-0.wav,children_playing,0,0.4682388007640838
196075-2-0-0.wav,children_playing,0,0.427214503288269
196076-2-0-0.wav,children_playing,0,0.5257858633995056
196077-2-0-0.wav,children_playing,0,0.4911391735076904
196077-2-0-1.wav,children_playing,0,0.3088859021663666
196078-2-0-0.wav,children_playing,0,0.6098329424858093
196079-2-0-0.wav,children_playing,0,0.5432994365692139
196080-2-0-0.wav,children_playing,0,0.5193689465522766
196081-2-0-0.wav,children_playing,0,0.8404629230499268
196082-2-0-0.wav,children_playing,0,0.7615259885787964
196083-2-0-0.wav,children_playing,0,0.5160272717475891
196084-2-0-0.wav,children_playing,0,0.4587467014789581
196084-2-0-1.wav,children_playing,0,0.2999800145626068
196084-2-0-2.wav,children_playing,0,0.4224736392498016
196085-2-0-0.wav,children_playing,0,0.0208539422601461
196085-2-0-1.wav,children_playing,0,0.0230336040258407
196085-2-0-2.wav,children_playing,0,0.165251612663269
196085-2-0-3.wav,children_playing,0,0.282453715801239
196085-2-0-4.wav,children_playing,0,0.1103793382644653
196086-2-0-0.wav,children_playing,0,0.852085292339325
196087-2-0-0.wav,children_playing,0,0.6572417616844177
196088-2-0-0.wav,children_playing,0,0.6010599732398987
196127-3-0-0.wav,dog_bark,1,0.5448803901672363
196127-3-0-1.wav,dog_bark,1,0.5090661644935608
196127-3-0-3.wav,dog_bark,1,0.4845215082168579
196127-3-0-4.wav,dog_bark,1,0.5140388011932373
196384-9-0-11.wav,street_music,0,0.038859874010086
196384-9-0-15.wav,street_music,0,0.0029732226394116
196384-9-0-16.wav,street_music,0,0.0253634080290794
196384-9-0-18.wav,street_music,0,0.0079927574843168
196384-9-0-2.wav,street_music,0,0.0001067409975803
196384-9-0-27.wav,street_music,0,0.0171629320830106
196400-6-0-0.wav,gun_shot,1,0.8436383008956909
196561-3-0-16.wav,dog_bark,1,0.8664965033531189
196561-3-0-29.wav,dog_bark,1,0.2862695455551147
196561-3-0-44.wav,dog_bark,1,0.6964452862739563
196561-3-0-9.wav,dog_bark,1,0.9848299026489258
197073-3-0-0.wav,dog_bark,1,0.5820116996765137
197073-3-3-0.wav,dog_bark,1,0.5416326522827148
197073-3-4-3.wav,dog_bark,1,0.973721206188202
197073-3-7-0.wav,dog_bark,1,0.9909012317657472
197074-3-0-4.wav,dog_bark,1,0.9939584732055664
197074-3-0-5.wav,dog_bark,1,0.9967262744903564
197074-3-0-6.wav,dog_bark,1,0.9804352521896362
197075-3-1-1.wav,dog_bark,1,0.5233654379844666
197075-3-4-1.wav,dog_bark,1,0.5705692172050476
197075-3-6-0.wav,dog_bark,1,0.5644811987876892
197075-3-7-5.wav,dog_bark,1,0.5028693079948425
197080-3-0-1.wav,dog_bark,1,0.388253778219223
197080-3-0-6.wav,dog_bark,1,0.2771767675876617
197080-3-0-7.wav,dog_bark,1,0.2982061505317688
197080-3-1-0.wav,dog_bark,1,0.6712502837181091
197243-3-0-0.wav,dog_bark,1,0.8878074288368225
197243-3-1-0.wav,dog_bark,1,0.8870987296104431
197318-6-0-0.wav,gun_shot,1,0.4165687263011932
197318-6-1-0.wav,gun_shot,1,0.2578652799129486
197318-6-10-0.wav,gun_shot,1,0.2917373776435852
197318-6-11-0.wav,gun_shot,1,0.4294788241386413
197318-6-12-0.wav,gun_shot,1,0.3778723180294037
197318-6-2-0.wav,gun_shot,1,0.5107440948486328
197318-6-3-0.wav,gun_shot,1,0.3265025615692138
197318-6-4-0.wav,gun_shot,1,0.489895612001419
197318-6-6-0.wav,gun_shot,1,0.2253051996231079
197318-6-7-0.wav,gun_shot,1,0.712542712688446
197318-6-8-0.wav,gun_shot,1,0.3544192016124725
197318-6-9-0.wav,gun_shot,1,0.2193412333726883
197320-6-0-0.wav,gun_shot,1,0.5606032609939575
197320-6-1-0.wav,gun_shot,1,0.4496873021125793
197320-6-10-0.wav,gun_shot,1,0.7350540161132812
197320-6-11-0.wav,gun_shot,1,0.8714519739151001
197320-6-12-0.wav,gun_shot,1,0.7428554892539978
197320-6-3-0.wav,gun_shot,1,0.5824999213218689
197320-6-4-0.wav,gun_shot,1,0.3932772278785705
197320-6-5-0.wav,gun_shot,1,0.7323699593544006
197320-6-6-0.wav,gun_shot,1,0.1579756140708923
197320-6-7-0.wav,gun_shot,1,0.2886408269405365
197320-6-8-0.wav,gun_shot,1,0.8232122659683228
197320-6-9-0.wav,gun_shot,1,0.4161094725131988
197554-2-0-23.wav,children_playing,0,0.350087821483612
197554-2-0-26.wav,children_playing,0,0.3178951740264892
197554-2-0-28.wav,children_playing,0,0.3433839082717895
197554-2-0-3.wav,children_playing,0,0.3861368298530578
197554-2-0-60.wav,children_playing,0,0.3641605973243713
197554-2-0-69.wav,children_playing,0,0.2908839583396911
197554-2-0-74.wav,children_playing,0,0.40606290102005
197554-2-0-82.wav,children_playing,0,0.3960464000701904
199769-1-0-0.wav,car_horn,1,0.480817973613739
199769-1-0-1.wav,car_horn,1,0.4285442531108856
199769-1-0-10.wav,car_horn,1,0.5744248628616333
199769-1-0-11.wav,car_horn,1,0.5809097290039062
199769-1-0-12.wav,car_horn,1,0.7077895998954773
199769-1-0-13.wav,car_horn,1,0.7368029356002808
199769-1-0-14.wav,car_horn,1,0.8379212021827698
199769-1-0-15.wav,car_horn,1,0.983271300792694
199769-1-0-16.wav,car_horn,1,0.99834144115448
199769-1-0-17.wav,car_horn,1,0.9975995421409608
199769-1-0-18.wav,car_horn,1,0.9785303473472596
199769-1-0-2.wav,car_horn,1,0.600746750831604
199769-1-0-3.wav,car_horn,1,0.8085070252418518
199769-1-0-4.wav,car_horn,1,0.7291414737701416
199769-1-0-5.wav,car_horn,1,0.670255184173584
199769-1-0-6.wav,car_horn,1,0.9345178008079528
199769-1-0-7.wav,car_horn,1,0.9813132286071776
199769-1-0-8.wav,car_horn,1,0.8743020296096802
199769-1-0-9.wav,car_horn,1,0.5989251732826233
199929-4-0-0.wav,drilling,0,0.3637987375259399
199929-4-1-0.wav,drilling,0,0.3956885933876037
199929-4-2-0.wav,drilling,0,0.2432120591402053
20015-3-0-12.wav,dog_bark,1,0.7395240664482117
20015-3-0-14.wav,dog_bark,1,0.7557526230812073
20015-3-0-19.wav,dog_bark,1,0.8306354284286499
20015-3-0-4.wav,dog_bark,1,0.8230692148208618
200161-3-6-0.wav,dog_bark,1,0.913771390914917
200161-3-6-3.wav,dog_bark,1,0.870576798915863
200161-3-6-4.wav,dog_bark,1,0.8910748362541199
200161-3-7-0.wav,dog_bark,1,0.6203201413154602
200460-6-0-0.wav,gun_shot,1,0.9344705939292908
200460-6-1-0.wav,gun_shot,1,0.936730980873108
200460-6-2-0.wav,gun_shot,1,0.935703992843628
200460-6-3-0.wav,gun_shot,1,0.9026316404342652
200460-6-4-0.wav,gun_shot,1,0.9303935766220092
200460-6-5-0.wav,gun_shot,1,0.934840738773346
200786-5-0-0.wav,engine_idling,0,0.0399962477385997
200786-5-1-0.wav,engine_idling,0,0.0073439837433397
200786-5-1-1.wav,engine_idling,0,0.0220845695585012
200786-5-1-2.wav,engine_idling,0,0.025796378031373
200786-5-1-3.wav,engine_idling,0,0.0180155262351036
200786-5-1-4.wav,engine_idling,0,0.0592041201889514
200786-5-1-5.wav,engine_idling,0,0.148235946893692
201207-3-0-0.wav,dog_bark,1,0.4691138565540313
201207-3-13-0.wav,dog_bark,1,0.4297709465026855
201207-3-21-0.wav,dog_bark,1,0.5358728170394897
201207-3-29-0.wav,dog_bark,1,0.4241560995578766
201652-5-0-0.wav,engine_idling,0,0.7490588426589966
201652-5-0-1.wav,engine_idling,0,0.7481197118759155
201652-5-0-2.wav,engine_idling,0,0.7563957571983337
201652-5-0-3.wav,engine_idling,0,0.7641816139221191
201652-5-1-0.wav,engine_idling,0,0.847697377204895
201652-5-2-0.wav,engine_idling,0,0.8656826615333557
201652-5-2-1.wav,engine_idling,0,0.8733554482460022
201652-5-2-2.wav,engine_idling,0,0.8787123560905457
201652-5-2-3.wav,engine_idling,0,0.8767576813697815
201652-5-2-4.wav,engine_idling,0,0.8753190040588379
201652-5-2-5.wav,engine_idling,0,0.8732438087463379
201652-5-3-0.wav,engine_idling,0,0.8508597612380981
201652-5-3-1.wav,engine_idling,0,0.846955418586731
201652-5-3-2.wav,engine_idling,0,0.8416564464569092
201652-5-3-3.wav,engine_idling,0,0.8426664471626282
201652-5-3-4.wav,engine_idling,0,0.8380465507507324
201652-5-4-0.wav,engine_idling,0,0.6437205672264099
201652-5-4-1.wav,engine_idling,0,0.6466537117958069
201652-5-4-2.wav,engine_idling,0,0.627907395362854
201652-5-4-3.wav,engine_idling,0,0.6042154431343079
201652-5-4-4.wav,engine_idling,0,0.6529728770256042
201652-5-4-5.wav,engine_idling,0,0.6358245015144348
201652-5-4-6.wav,engine_idling,0,0.6111931800842285
201652-5-4-7.wav,engine_idling,0,0.6052183508872986
201652-5-4-8.wav,engine_idling,0,0.6115864515304565
201652-5-4-9.wav,engine_idling,0,0.6115076541900635
201652-5-5-0.wav,engine_idling,0,0.763110876083374
201652-5-5-1.wav,engine_idling,0,0.7975383400917053
201652-5-5-2.wav,engine_idling,0,0.8115668892860413
201652-5-5-3.wav,engine_idling,0,0.8308113813400269
201652-5-5-4.wav,engine_idling,0,0.8263945579528809
201652-5-5-5.wav,engine_idling,0,0.8185087442398071
201988-5-0-0.wav,engine_idling,0,0.5643694996833801
201988-5-0-1.wav,engine_idling,0,0.7294493913650513
201988-5-0-10.wav,engine_idling,0,0.6946738958358765
201988-5-0-11.wav,engine_idling,0,0.7233651876449585
201988-5-0-12.wav,engine_idling,0,0.7262876033782959
201988-5-0-13.wav,engine_idling,0,0.7562933564186096
201988-5-0-14.wav,engine_idling,0,0.7679782509803772
201988-5-0-15.wav,engine_idling,0,0.7829903960227966
201988-5-0-16.wav,engine_idling,0,0.7691848278045654
201988-5-0-17.wav,engine_idling,0,0.7721023559570312
201988-5-0-18.wav,engine_idling,0,0.7918645739555359
201988-5-0-19.wav,engine_idling,0,0.8050010800361633
201988-5-0-2.wav,engine_idling,0,0.3031270503997803
201988-5-0-20.wav,engine_idling,0,0.67601078748703
201988-5-0-21.wav,engine_idling,0,0.6739221215248108
201988-5-0-22.wav,engine_idling,0,0.8226583003997803
201988-5-0-3.wav,engine_idling,0,0.5356855988502502
201988-5-0-4.wav,engine_idling,0,0.8058106303215027
201988-5-0-5.wav,engine_idling,0,0.6774422526359558
201988-5-0-6.wav,engine_idling,0,0.2439874559640884
201988-5-0-7.wav,engine_idling,0,0.290646344423294
201988-5-0-8.wav,engine_idling,0,0.8021548986434937
201988-5-0-9.wav,engine_idling,0,0.736639142036438
201988-5-1-0.wav,engine_idling,0,0.8143400549888611
202334-9-0-105.wav,street_music,0,0.4206232130527496
202334-9-0-106.wav,street_music,0,0.2098568528890609
202334-9-0-137.wav,street_music,0,0.5514499545097351
202334-9-0-202.wav,street_music,0,0.7024033069610596
202334-9-0-63.wav,street_music,0,0.3001081347465515
202334-9-0-88.wav,street_music,0,0.1126549914479255
202516-0-0-0.wav,air_conditioner,0,0.2188565731048584
202516-0-0-1.wav,air_conditioner,0,0.2211685925722122
202516-0-0-10.wav,air_conditioner,0,0.2327287644147873
202516-0-0-11.wav,air_conditioner,0,0.2720367312431335
202516-0-0-2.wav,air_conditioner,0,0.1640671193599701
202516-0-0-3.wav,air_conditioner,0,0.1960012912750244
202516-0-0-4.wav,air_conditioner,0,0.2010197639465332
202516-0-0-5.wav,air_conditioner,0,0.1884794682264328
202516-0-0-6.wav,air_conditioner,0,0.1876526623964309
202516-0-0-7.wav,air_conditioner,0,0.2075573503971099
202516-0-0-8.wav,air_conditioner,0,0.227612167596817
202516-0-0-9.wav,air_conditioner,0,0.220855176448822
202517-0-0-0.wav,air_conditioner,0,3.761935641471981e-12
20285-3-0-0.wav,dog_bark,1,0.7290202379226685
20285-3-1-0.wav,dog_bark,1,0.5839616060256958
20285-3-1-1.wav,dog_bark,1,0.5680249333381653
20285-3-2-0.wav,dog_bark,1,0.5681897401809692
203355-3-0-0.wav,dog_bark,1,0.5337211489677429
203355-3-1-0.wav,dog_bark,1,0.5250378847122192
203356-3-0-0.wav,dog_bark,1,0.3892403244972229
203356-3-0-1.wav,dog_bark,1,0.3978056013584137
203356-3-0-2.wav,dog_bark,1,0.2666809558868408
203356-3-0-3.wav,dog_bark,1,0.3050877451896667
203424-9-0-15.wav,street_music,0,0.7289730906486511
203424-9-0-18.wav,street_music,0,0.7883801460266113
203424-9-0-26.wav,street_music,0,0.7890039682388306
203424-9-0-34.wav,street_music,0,0.8530582189559937
203424-9-0-4.wav,street_music,0,0.6233504414558411
203424-9-0-46.wav,street_music,0,0.7447444796562195
203440-3-0-0.wav,dog_bark,1,0.1049241423606872
203440-3-0-1.wav,dog_bark,1,0.1253065317869186
203440-3-0-5.wav,dog_bark,1,0.2403552383184433
203440-3-0-6.wav,dog_bark,1,0.16078582406044
203516-3-0-0.wav,dog_bark,1,0.927657663822174
203654-9-0-15.wav,street_music,0,0.2906406819820404
203654-9-0-28.wav,street_music,0,0.2779892385005951
203654-9-0-39.wav,street_music,0,0.619502604007721
203654-9-0-42.wav,street_music,0,0.6481467485427856
203654-9-0-60.wav,street_music,0,0.427749365568161
203654-9-0-8.wav,street_music,0,0.1890195906162262
203913-8-0-0.wav,siren,1,0.1459951698780059
203913-8-0-1.wav,siren,1,0.0883584022521972
203913-8-0-10.wav,siren,1,0.9879458546638488
203913-8-0-11.wav,siren,1,0.2672052979469299
203913-8-0-12.wav,siren,1,0.9683657884597778
203913-8-0-2.wav,siren,1,0.2116860151290893
203913-8-0-3.wav,siren,1,0.4159812331199646
203913-8-0-4.wav,siren,1,0.997425138950348
203913-8-0-5.wav,siren,1,0.9933766722679138
203913-8-0-6.wav,siren,1,0.772746741771698
203913-8-0-7.wav,siren,1,0.9874246716499328
203913-8-0-8.wav,siren,1,0.5763914585113525
203913-8-0-9.wav,siren,1,0.9783901572227478
203913-8-1-0.wav,siren,1,0.271401971578598
203913-8-1-1.wav,siren,1,0.6897339224815369
203913-8-1-2.wav,siren,1,0.7795282602310181
203913-8-1-3.wav,siren,1,0.5603011846542358
203913-8-1-4.wav,siren,1,0.6407553553581238
203913-8-1-5.wav,siren,1,0.5985596776008606
203929-7-1-0.wav,jackhammer,0,0.2842293083667755
203929-7-1-1.wav,jackhammer,0,0.2625278830528259
203929-7-1-2.wav,jackhammer,0,0.1857717484235763
203929-7-1-3.wav,jackhammer,0,0.166373610496521
203929-7-1-6.wav,jackhammer,0,0.3586506247520447
203929-7-1-7.wav,jackhammer,0,0.2996021807193756
203929-7-1-8.wav,jackhammer,0,0.1716728955507278
203929-7-10-0.wav,jackhammer,0,0.3872836530208587
203929-7-10-1.wav,jackhammer,0,0.2736702263355255
203929-7-10-2.wav,jackhammer,0,0.2661116421222687
203929-7-2-0.wav,jackhammer,0,0.3427448272705078
203929-7-2-11.wav,jackhammer,0,0.248947188258171
203929-7-2-2.wav,jackhammer,0,0.3869116306304931
203929-7-2-3.wav,jackhammer,0,0.5038642883300781
203929-7-2-5.wav,jackhammer,0,0.5005759596824646
203929-7-2-6.wav,jackhammer,0,0.4998804628849029
203929-7-2-8.wav,jackhammer,0,0.3356385827064514
203929-7-2-9.wav,jackhammer,0,0.2242762148380279
203929-7-3-1.wav,jackhammer,0,0.4336071014404297
203929-7-3-10.wav,jackhammer,0,0.4985294640064239
203929-7-3-2.wav,jackhammer,0,0.5630253553390503
203929-7-3-3.wav,jackhammer,0,0.5516417026519775
203929-7-3-5.wav,jackhammer,0,0.5598916411399841
203929-7-3-9.wav,jackhammer,0,0.5581174492835999
203929-7-4-0.wav,jackhammer,0,0.4513391256332397
203929-7-4-1.wav,jackhammer,0,0.4325459897518158
203929-7-4-10.wav,jackhammer,0,0.2726036310195923
203929-7-4-11.wav,jackhammer,0,0.1627552956342697
203929-7-4-12.wav,jackhammer,0,0.2123775631189346
203929-7-4-2.wav,jackhammer,0,0.4796334207057953
203929-7-4-4.wav,jackhammer,0,0.5180463194847107
203929-7-4-6.wav,jackhammer,0,0.4327525496482849
203929-7-4-7.wav,jackhammer,0,0.4430027604103088
203929-7-4-8.wav,jackhammer,0,0.4003505110740661
203929-7-5-0.wav,jackhammer,0,0.1850768476724624
203929-7-5-1.wav,jackhammer,0,0.2030574977397918
203929-7-5-10.wav,jackhammer,0,0.2297330647706985
203929-7-5-11.wav,jackhammer,0,0.2179606854915619
203929-7-5-6.wav,jackhammer,0,0.1680955737829208
203929-7-5-7.wav,jackhammer,0,0.1079897657036781
203929-7-6-1.wav,jackhammer,0,0.1965954750776291
203929-7-6-10.wav,jackhammer,0,0.1393334716558456
203929-7-6-11.wav,jackhammer,0,0.1650418490171432
203929-7-6-2.wav,jackhammer,0,0.2129485011100769
203929-7-6-3.wav,jackhammer,0,0.2582207024097442
203929-7-6-8.wav,jackhammer,0,0.1416867822408676
203929-7-6-9.wav,jackhammer,0,0.1469556540250778
203929-7-7-0.wav,jackhammer,0,0.3804950416088104
203929-7-7-10.wav,jackhammer,0,0.328033834695816
203929-7-7-12.wav,jackhammer,0,0.3664411902427673
203929-7-7-13.wav,jackhammer,0,0.3904014825820923
203929-7-7-14.wav,jackhammer,0,0.3901599645614624
203929-7-7-15.wav,jackhammer,0,0.4094029068946838
203929-7-7-16.wav,jackhammer,0,0.4416358768939972
203929-7-7-2.wav,jackhammer,0,0.377758115530014
203929-7-7-3.wav,jackhammer,0,0.3861501216888428
203929-7-7-4.wav,jackhammer,0,0.4730127155780792
203929-7-7-9.wav,jackhammer,0,0.2971616387367248
203929-7-8-0.wav,jackhammer,0,0.3099039494991302
203929-7-9-0.wav,jackhammer,0,0.4527188837528229
203929-7-9-11.wav,jackhammer,0,0.4912793338298797
203929-7-9-12.wav,jackhammer,0,0.5306541323661804
203929-7-9-15.wav,jackhammer,0,0.5036941766738892
203929-7-9-17.wav,jackhammer,0,0.6307057738304138
203929-7-9-18.wav,jackhammer,0,0.5969111919403076
203929-7-9-19.wav,jackhammer,0,0.5168619155883789
203929-7-9-20.wav,jackhammer,0,0.4670086801052093
203929-7-9-24.wav,jackhammer,0,0.5344852805137634
203929-7-9-4.wav,jackhammer,0,0.4895564615726471
203929-7-9-6.wav,jackhammer,0,0.4842238128185272
203929-7-9-8.wav,jackhammer,0,0.4908457100391388
203929-7-9-9.wav,jackhammer,0,0.5258313417434692
203956-1-0-0.wav,car_horn,1,0.8032323718070984
203962-5-0-0.wav,engine_idling,0,0.0077937804162502
203962-5-0-1.wav,engine_idling,0,0.0143242999911308
204067-2-0-1.wav,children_playing,0,0.3959494829177856
204067-2-0-20.wav,children_playing,0,0.4255408942699432
204067-2-0-29.wav,children_playing,0,0.538580596446991
204067-2-0-3.wav,children_playing,0,0.6273096799850464
204067-2-0-30.wav,children_playing,0,0.6393693685531616
204067-2-0-32.wav,children_playing,0,0.5172354578971863
204067-2-0-35.wav,children_playing,0,0.4647732675075531
204067-2-0-39.wav,children_playing,0,0.6046100854873657
204240-0-0-0.wav,air_conditioner,0,0.195851057767868
204240-0-0-1.wav,air_conditioner,0,0.4786705672740936
204240-0-0-10.wav,air_conditioner,0,0.8826314806938171
204240-0-0-11.wav,air_conditioner,0,0.8883529901504517
204240-0-0-12.wav,air_conditioner,0,0.8901097178459167
204240-0-0-13.wav,air_conditioner,0,0.8949282169342041
204240-0-0-14.wav,air_conditioner,0,0.8946651816368103
204240-0-0-15.wav,air_conditioner,0,0.8948681950569153
204240-0-0-16.wav,air_conditioner,0,0.8985303044319153
204240-0-0-17.wav,air_conditioner,0,0.8962733745574951
204240-0-0-18.wav,air_conditioner,0,0.8984317779541016
204240-0-0-19.wav,air_conditioner,0,0.8974789381027222
204240-0-0-2.wav,air_conditioner,0,0.8259687423706055
204240-0-0-20.wav,air_conditioner,0,0.886444628238678
204240-0-0-21.wav,air_conditioner,0,0.8864560723304749
204240-0-0-22.wav,air_conditioner,0,0.8854444622993469
204240-0-0-23.wav,air_conditioner,0,0.8740668296813965
204240-0-0-25.wav,air_conditioner,0,0.8728868961334229
204240-0-0-26.wav,air_conditioner,0,0.8557871580123901
204240-0-0-27.wav,air_conditioner,0,0.8443066477775574
204240-0-0-28.wav,air_conditioner,0,0.8536456823348999
204240-0-0-29.wav,air_conditioner,0,0.8492463231086731
204240-0-0-3.wav,air_conditioner,0,0.8268414735794067
204240-0-0-30.wav,air_conditioner,0,0.8378947973251343
204240-0-0-31.wav,air_conditioner,0,0.8336716890335083
204240-0-0-32.wav,air_conditioner,0,0.8506156206130981
204240-0-0-33.wav,air_conditioner,0,0.8485074639320374
204240-0-0-34.wav,air_conditioner,0,0.810979425907135
204240-0-0-35.wav,air_conditioner,0,0.8263052701950073
204240-0-0-5.wav,air_conditioner,0,0.832370400428772
204240-0-0-6.wav,air_conditioner,0,0.8469148874282837
204240-0-0-7.wav,air_conditioner,0,0.8506214618682861
204240-0-0-8.wav,air_conditioner,0,0.8556400537490845
204240-0-0-9.wav,air_conditioner,0,0.8733254671096802
204408-2-0-19.wav,children_playing,0,0.7553603649139404
204408-2-0-2.wav,children_playing,0,0.5838258266448975
204408-2-0-21.wav,children_playing,0,0.5581538677215576
204408-2-0-36.wav,children_playing,0,0.3822759985923767
204408-2-0-54.wav,children_playing,0,0.6755648851394653
204408-2-0-8.wav,children_playing,0,0.5235430598258972
204408-2-0-83.wav,children_playing,0,0.3096678555011749
204408-2-0-9.wav,children_playing,0,0.4346859753131866
204526-2-0-121.wav,children_playing,0,0.4525808691978454
204526-2-0-134.wav,children_playing,0,0.4278527796268463
204526-2-0-153.wav,children_playing,0,0.5483053922653198
204526-2-0-160.wav,children_playing,0,0.783860445022583
204526-2-0-166.wav,children_playing,0,0.8762598633766174
204526-2-0-193.wav,children_playing,0,0.5650551915168762
204526-2-0-71.wav,children_playing,0,0.5081103444099426
204765-1-0-0.wav,car_horn,1,0.770267128944397
204773-3-7-1.wav,dog_bark,1,0.8892436623573303
204773-3-8-0.wav,dog_bark,1,0.9317477345466614
204773-3-9-0.wav,dog_bark,1,0.8988164663314819
204773-3-9-1.wav,dog_bark,1,0.8965592980384827
204919-3-0-0.wav,dog_bark,1,0.9589923620224
204919-3-1-0.wav,dog_bark,1,0.9875593781471252
204919-3-3-0.wav,dog_bark,1,0.9755512475967408
204919-3-4-0.wav,dog_bark,1,0.7314568758010864
205013-6-0-0.wav,gun_shot,1,0.8563758134841919
205610-4-0-0.wav,drilling,0,0.2984168827533722
205610-4-0-1.wav,drilling,0,0.2401275485754013
205610-4-0-2.wav,drilling,0,0.6015768647193909
205610-4-0-3.wav,drilling,0,0.8743871450424194
205610-4-0-4.wav,drilling,0,0.9967437982559204
205610-4-0-5.wav,drilling,0,0.9998188018798828
20571-3-0-0.wav,dog_bark,1,0.0003704132395796
20571-3-1-0.wav,dog_bark,1,3.8473448427112096e-08
205874-4-0-0.wav,drilling,0,0.6660758852958679
205874-4-1-0.wav,drilling,0,0.8238417506217957
205874-4-10-0.wav,drilling,0,0.8574890494346619
205874-4-11-0.wav,drilling,0,0.6922252774238586
205874-4-2-0.wav,drilling,0,0.8651998043060303
205874-4-3-0.wav,drilling,0,0.885301947593689
205874-4-4-0.wav,drilling,0,0.9361490607261658
205874-4-5-0.wav,drilling,0,0.9291195273399352
205874-4-6-0.wav,drilling,0,0.8247233629226685
205874-4-7-0.wav,drilling,0,0.2395726144313812
205874-4-8-0.wav,drilling,0,0.8152530789375305
205874-4-9-0.wav,drilling,0,0.6984683275222778
205878-4-0-0.wav,drilling,0,0.8793143630027771
206037-2-0-11.wav,children_playing,0,0.4841765165328979
206037-2-0-21.wav,children_playing,0,0.3096353709697723
206037-2-0-22.wav,children_playing,0,0.2117597907781601
206037-2-0-25.wav,children_playing,0,0.2900716662406921
206037-2-0-3.wav,children_playing,0,0.4138842225074768
206037-2-0-38.wav,children_playing,0,0.4449441134929657
206037-2-0-4.wav,children_playing,0,0.3912403285503387
206037-2-0-40.wav,children_playing,0,0.3130202293395996
20688-2-0-0.wav,children_playing,0,0.7751038670539856
20688-2-0-1.wav,children_playing,0,0.3700312376022339
20688-2-0-2.wav,children_playing,0,0.7574740648269653
20688-2-0-3.wav,children_playing,0,0.633277952671051
20688-2-0-4.wav,children_playing,0,0.4488276243209839
207211-2-0-100.wav,children_playing,0,0.3774840533733368
207211-2-0-11.wav,children_playing,0,0.6927160024642944
207211-2-0-141.wav,children_playing,0,0.3639292120933532
207211-2-0-58.wav,children_playing,0,0.7774379849433899
207211-2-0-72.wav,children_playing,0,0.8417853116989136
207211-2-0-82.wav,children_playing,0,0.443234384059906
207211-2-0-88.wav,children_playing,0,0.4776601195335388
207211-2-0-89.wav,children_playing,0,0.4452569484710693
207213-2-0-109.wav,children_playing,0,0.5303493142127991
207213-2-0-130.wav,children_playing,0,0.477199524641037
207213-2-0-134.wav,children_playing,0,0.7585859894752502
207213-2-0-41.wav,children_playing,0,0.2383574843406677
207213-2-0-52.wav,children_playing,0,0.8285992741584778
207213-2-0-73.wav,children_playing,0,0.5192710161209106
207213-2-0-81.wav,children_playing,0,0.3899276852607727
207213-2-0-85.wav,children_playing,0,0.5252463221549988
207214-2-0-126.wav,children_playing,0,0.625526487827301
207214-2-0-26.wav,children_playing,0,0.5848812460899353
207214-2-0-3.wav,children_playing,0,0.6601038575172424
207214-2-0-31.wav,children_playing,0,0.4682913422584533
207214-2-0-54.wav,children_playing,0,0.7358357310295105
207214-2-0-62.wav,children_playing,0,0.6658967733383179
207214-2-0-63.wav,children_playing,0,0.6667221784591675
207214-2-0-68.wav,children_playing,0,0.4122054278850555
207216-2-0-112.wav,children_playing,0,0.3729549050331116
207216-2-0-119.wav,children_playing,0,0.3179119825363159
207216-2-0-128.wav,children_playing,0,0.4136181473731994
207216-2-0-130.wav,children_playing,0,0.3993912041187286
207216-2-0-137.wav,children_playing,0,0.4317602515220642
207216-2-0-22.wav,children_playing,0,0.4168960154056549
207216-2-0-43.wav,children_playing,0,0.2982582151889801
207216-2-0-66.wav,children_playing,0,0.3356813490390777
207369-3-0-0.wav,dog_bark,1,0.8590753674507141
207962-3-0-0.wav,dog_bark,1,0.5651729106903076
207962-3-1-0.wav,dog_bark,1,0.5916357636451721
207962-3-2-0.wav,dog_bark,1,0.7058853507041931
20841-3-2-0.wav,dog_bark,1,0.5912382006645203
20841-3-3-0.wav,dog_bark,1,0.492169052362442
20841-3-4-0.wav,dog_bark,1,0.7024860382080078
20841-3-6-0.wav,dog_bark,1,0.6001648306846619
208652-8-0-0.wav,siren,1,0.3922212421894073
208652-8-2-0.wav,siren,1,0.501596212387085
208652-8-4-0.wav,siren,1,0.506299614906311
208652-8-6-0.wav,siren,1,0.505872905254364
209672-3-0-0.wav,dog_bark,1,0.5870806574821472
209672-3-3-0.wav,dog_bark,1,0.9026042222976683
209672-3-6-0.wav,dog_bark,1,0.5694083571434021
209672-3-8-0.wav,dog_bark,1,0.6039283275604248
209864-5-0-0.wav,engine_idling,0,0.0904464796185493
209864-5-0-1.wav,engine_idling,0,0.1127937063574791
209864-5-0-2.wav,engine_idling,0,0.1800591498613357
209864-5-0-3.wav,engine_idling,0,0.0011231374228373
209992-5-0-0.wav,engine_idling,0,0.4861360490322113
209992-5-1-4.wav,engine_idling,0,0.0667297691106796
209992-5-1-7.wav,engine_idling,0,0.0445103719830513
209992-5-2-100.wav,engine_idling,0,0.6134209632873535
209992-5-2-114.wav,engine_idling,0,0.6002438068389893
209992-5-2-115.wav,engine_idling,0,0.6001954078674316
209992-5-2-116.wav,engine_idling,0,0.6001407504081726
209992-5-2-131.wav,engine_idling,0,0.6191741824150085
209992-5-2-137.wav,engine_idling,0,0.6374495625495911
209992-5-2-138.wav,engine_idling,0,0.6482343077659607
209992-5-2-26.wav,engine_idling,0,0.5885260105133057
209992-5-2-42.wav,engine_idling,0,0.5102247595787048
209992-5-2-43.wav,engine_idling,0,0.5296075940132141
209992-5-2-77.wav,engine_idling,0,0.5457373857498169
209992-5-2-79.wav,engine_idling,0,0.59369295835495
209992-5-2-8.wav,engine_idling,0,0.6398125290870667
209992-5-2-81.wav,engine_idling,0,0.5759629011154175
209992-5-2-82.wav,engine_idling,0,0.5842159390449524
209992-5-2-87.wav,engine_idling,0,0.569198489189148
209992-5-2-91.wav,engine_idling,0,0.6208480000495911
209992-5-3-22.wav,engine_idling,0,0.3991467654705047
209992-5-3-5.wav,engine_idling,0,0.6417677402496338
209992-5-3-6.wav,engine_idling,0,0.6213210821151733
209992-5-4-1.wav,engine_idling,0,0.2091095447540283
209992-5-4-15.wav,engine_idling,0,0.3297180831432342
209992-5-4-17.wav,engine_idling,0,0.4217593073844909
209992-5-4-3.wav,engine_idling,0,0.2518281638622284
21187-5-0-0.wav,engine_idling,0,0.8565800189971924
21683-9-0-15.wav,street_music,0,0.6512454748153687
21683-9-0-18.wav,street_music,0,0.9306524395942688
21683-9-0-3.wav,street_music,0,0.538693904876709
21683-9-0-30.wav,street_music,0,0.6607946753501892
21683-9-0-34.wav,street_music,0,0.6186409592628479
21683-9-0-39.wav,street_music,0,0.6256728768348694
21683-9-0-45.wav,street_music,0,0.9196808934211732
21684-9-0-12.wav,street_music,0,0.5846478343009949
21684-9-0-25.wav,street_music,0,0.3497437536716461
21684-9-0-30.wav,street_music,0,0.1733614355325698
21684-9-0-39.wav,street_music,0,0.0123725347220897
21684-9-0-5.wav,street_music,0,0.6759086847305298
21684-9-0-50.wav,street_music,0,0.2016497701406479
21684-9-0-7.wav,street_music,0,0.7116613984107971
22347-3-0-0.wav,dog_bark,1,0.901297390460968
22347-3-1-1.wav,dog_bark,1,0.8663040995597839
22347-3-1-2.wav,dog_bark,1,0.8665427565574646
22347-3-3-0.wav,dog_bark,1,0.7109514474868774
22601-8-0-0.wav,siren,1,0.5970659255981445
22601-8-0-1.wav,siren,1,0.4117009937763214
22601-8-0-10.wav,siren,1,0.6984151005744934
22601-8-0-11.wav,siren,1,0.7179040908813477
22601-8-0-12.wav,siren,1,0.7311616539955139
22601-8-0-13.wav,siren,1,0.730070948600769
22601-8-0-14.wav,siren,1,0.7350238561630249
22601-8-0-15.wav,siren,1,0.7283352017402649
22601-8-0-16.wav,siren,1,0.7312735915184021
22601-8-0-17.wav,siren,1,0.7315464615821838
22601-8-0-18.wav,siren,1,0.7236889600753784
22601-8-0-19.wav,siren,1,0.7286406755447388
22601-8-0-2.wav,siren,1,0.3986758887767792
22601-8-0-20.wav,siren,1,0.7391381859779358
22601-8-0-21.wav,siren,1,0.7335060238838196
22601-8-0-22.wav,siren,1,0.7460553050041199
22601-8-0-23.wav,siren,1,0.7670165300369263
22601-8-0-24.wav,siren,1,0.7190834879875183
22601-8-0-25.wav,siren,1,0.5497391223907471
22601-8-0-26.wav,siren,1,0.5329954624176025
22601-8-0-27.wav,siren,1,0.5871526002883911
22601-8-0-28.wav,siren,1,0.7253230214118958
22601-8-0-29.wav,siren,1,0.7425296306610107
22601-8-0-3.wav,siren,1,0.4046643376350403
22601-8-0-30.wav,siren,1,0.740675687789917
22601-8-0-31.wav,siren,1,0.7429338693618774
22601-8-0-32.wav,siren,1,0.7674412131309509
22601-8-0-33.wav,siren,1,0.7282015085220337
22601-8-0-34.wav,siren,1,0.7416733503341675
22601-8-0-35.wav,siren,1,0.7632569074630737
22601-8-0-36.wav,siren,1,0.7357890605926514
22601-8-0-37.wav,siren,1,0.7387385964393616
22601-8-0-38.wav,siren,1,0.8290773630142212
22601-8-0-39.wav,siren,1,0.8443251848220825
22601-8-0-4.wav,siren,1,0.3960621654987335
22601-8-0-40.wav,siren,1,0.6690683364868164
22601-8-0-41.wav,siren,1,0.7221158742904663
22601-8-0-42.wav,siren,1,0.6365507245063782
22601-8-0-43.wav,siren,1,0.7500422596931458
22601-8-0-44.wav,siren,1,0.8476386666297913
22601-8-0-45.wav,siren,1,0.694102942943573
22601-8-0-46.wav,siren,1,0.727735698223114
22601-8-0-47.wav,siren,1,0.7398197650909424
22601-8-0-48.wav,siren,1,0.7471738457679749
22601-8-0-49.wav,siren,1,0.7196208238601685
22601-8-0-5.wav,siren,1,0.6704087257385254
22601-8-0-50.wav,siren,1,0.5951603055000305
22601-8-0-51.wav,siren,1,0.546018123626709
22601-8-0-52.wav,siren,1,0.5123130679130554
22601-8-0-53.wav,siren,1,0.4582397639751434
22601-8-0-54.wav,siren,1,0.5011094808578491
22601-8-0-6.wav,siren,1,0.5550647974014282
22601-8-0-7.wav,siren,1,0.7155141830444336
22601-8-0-8.wav,siren,1,0.8462847471237183
22601-8-0-9.wav,siren,1,0.6438640356063843
22882-5-0-0.wav,engine_idling,0,0.7148349285125732
22882-5-0-1.wav,engine_idling,0,0.5248119831085205
22883-7-1-0.wav,jackhammer,0,0.9319859743118286
22883-7-10-0.wav,jackhammer,0,0.946079432964325
22883-7-100-0.wav,jackhammer,0,0.8483337759971619
22883-7-11-0.wav,jackhammer,0,0.9671655893325806
22883-7-110-1.wav,jackhammer,0,0.7806898951530457
22883-7-17-2.wav,jackhammer,0,0.9486761093139648
22883-7-17-4.wav,jackhammer,0,0.9296693801879884
22883-7-17-5.wav,jackhammer,0,0.7529897093772888
22883-7-18-0.wav,jackhammer,0,0.95210862159729
22883-7-19-0.wav,jackhammer,0,0.9704610109329224
22883-7-21-0.wav,jackhammer,0,0.9388229250907898
22883-7-23-0.wav,jackhammer,0,0.8627000451087952
22883-7-24-0.wav,jackhammer,0,0.8350645899772644
22883-7-27-0.wav,jackhammer,0,0.9186334609985352
22883-7-28-0.wav,jackhammer,0,0.9461928606033324
22883-7-29-2.wav,jackhammer,0,0.0001169819151982
22883-7-3-0.wav,jackhammer,0,0.0887688025832176
22883-7-33-0.wav,jackhammer,0,0.942707061767578
22883-7-34-0.wav,jackhammer,0,0.927558183670044
22883-7-35-2.wav,jackhammer,0,1.3970390682516154e-05
22883-7-35-3.wav,jackhammer,0,3.430813819704781e-07
22883-7-36-0.wav,jackhammer,0,0.0536264143884182
22883-7-36-1.wav,jackhammer,0,0.6374355554580688
22883-7-36-2.wav,jackhammer,0,0.905930757522583
22883-7-37-0.wav,jackhammer,0,0.9224370121955872
22883-7-39-0.wav,jackhammer,0,0.8671181201934814
22883-7-39-1.wav,jackhammer,0,0.7337552309036255
22883-7-40-0.wav,jackhammer,0,0.9347411394119264
22883-7-43-2.wav,jackhammer,0,0.6780102252960205
22883-7-44-0.wav,jackhammer,0,0.52083420753479
22883-7-47-2.wav,jackhammer,0,0.1364296525716781
22883-7-48-0.wav,jackhammer,0,0.933320164680481
22883-7-49-1.wav,jackhammer,0,0.8224925994873047
22883-7-49-3.wav,jackhammer,0,0.3515731394290924
22883-7-51-0.wav,jackhammer,0,0.9534717202186584
22883-7-53-0.wav,jackhammer,0,0.9364619255065918
22883-7-54-0.wav,jackhammer,0,0.9492158889770508
22883-7-58-0.wav,jackhammer,0,0.0429066307842731
22883-7-61-0.wav,jackhammer,0,1.6559447532009473e-15
22883-7-61-1.wav,jackhammer,0,1.2232162623246044e-32
22883-7-62-0.wav,jackhammer,0,0.909167468547821
22883-7-63-0.wav,jackhammer,0,0.8641064167022705
22883-7-64-0.wav,jackhammer,0,0.9284619092941284
22883-7-67-0.wav,jackhammer,0,0.9205160140991212
22883-7-69-0.wav,jackhammer,0,0.9511075615882874
22883-7-7-0.wav,jackhammer,0,0.5844323635101318
22883-7-71-0.wav,jackhammer,0,0.9388976097106934
22883-7-72-0.wav,jackhammer,0,0.9725234508514404
22883-7-74-0.wav,jackhammer,0,0.9658941626548768
22883-7-77-0.wav,jackhammer,0,0.9524308443069458
22883-7-78-2.wav,jackhammer,0,0.1963568925857544
22883-7-81-0.wav,jackhammer,0,0.950484335422516
22883-7-83-0.wav,jackhammer,0,0.9114372730255128
22883-7-86-0.wav,jackhammer,0,0.9629620313644408
22883-7-87-0.wav,jackhammer,0,0.8606754541397095
22883-7-9-0.wav,jackhammer,0,0.944396197795868
22883-7-91-0.wav,jackhammer,0,0.9226970076560974
22883-7-92-0.wav,jackhammer,0,0.850634753704071
22883-7-93-0.wav,jackhammer,0,0.8597914576530457
22883-7-98-1.wav,jackhammer,0,0.379885196685791
22883-7-99-2.wav,jackhammer,0,0.8348935842514038
22883-7-99-3.wav,jackhammer,0,0.7865645289421082
22885-5-0-0.wav,engine_idling,0,0.8763434290885925
22962-4-0-0.wav,drilling,0,0.0207435153424739
22962-4-0-1.wav,drilling,0,0.0276979524642229
22962-4-0-2.wav,drilling,0,0.0075057451613247
22973-3-0-0.wav,dog_bark,1,0.524400532245636
22973-3-0-1.wav,dog_bark,1,0.655789315700531
22973-3-0-2.wav,dog_bark,1,0.7161760330200195
23131-3-0-0.wav,dog_bark,1,0.5790402889251709
23131-3-2-0.wav,dog_bark,1,0.5584697723388672
23131-3-4-0.wav,dog_bark,1,0.5510944128036499
23131-3-5-0.wav,dog_bark,1,0.5615992546081543
23161-6-0-0.wav,gun_shot,1,0.5458099246025085
23161-6-1-0.wav,gun_shot,1,0.5471354722976685
23218-5-0-0.wav,engine_idling,0,0.4869100451469421
23219-5-0-0.wav,engine_idling,0,0.3191922008991241
23219-5-0-1.wav,engine_idling,0,0.3233526945114136
23219-5-0-10.wav,engine_idling,0,0.2885458767414093
23219-5-0-11.wav,engine_idling,0,0.2973257005214691
23219-5-0-12.wav,engine_idling,0,0.2991218864917755
23219-5-0-13.wav,engine_idling,0,0.3067788779735565
23219-5-0-2.wav,engine_idling,0,0.3133927583694458
23219-5-0-3.wav,engine_idling,0,0.2938098013401031
23219-5-0-4.wav,engine_idling,0,0.2802599370479584
23219-5-0-5.wav,engine_idling,0,0.2743964791297912
23219-5-0-6.wav,engine_idling,0,0.268583208322525
23219-5-0-7.wav,engine_idling,0,0.2632399201393127
23219-5-0-8.wav,engine_idling,0,0.266603022813797
23219-5-0-9.wav,engine_idling,0,0.2761875092983246
23219-5-1-0.wav,engine_idling,0,0.3248621225357055
23219-5-1-1.wav,engine_idling,0,0.3208713829517364
23219-5-1-2.wav,engine_idling,0,0.322878897190094
24347-8-0-0.wav,siren,1,0.4593437016010284
24347-8-0-1.wav,siren,1,0.4122187495231628
24347-8-0-10.wav,siren,1,0.7804276943206787
24347-8-0-11.wav,siren,1,0.7854506373405457
24347-8-0-12.wav,siren,1,0.7735522389411926
24347-8-0-13.wav,siren,1,0.7909166812896729
24347-8-0-14.wav,siren,1,0.7988985776901245
24347-8-0-15.wav,siren,1,0.7902657389640808
24347-8-0-16.wav,siren,1,0.7959266304969788
24347-8-0-17.wav,siren,1,0.7896289825439453
24347-8-0-18.wav,siren,1,0.752740204334259
24347-8-0-19.wav,siren,1,0.7611066102981567
24347-8-0-2.wav,siren,1,0.3941912353038788
24347-8-0-20.wav,siren,1,0.7662177681922913
24347-8-0-21.wav,siren,1,0.8570965528488159
24347-8-0-22.wav,siren,1,0.8369522094726562
24347-8-0-23.wav,siren,1,0.7715646028518677
24347-8-0-24.wav,siren,1,0.8006036281585693
24347-8-0-25.wav,siren,1,0.746518611907959
24347-8-0-26.wav,siren,1,0.742580235004425
24347-8-0-27.wav,siren,1,0.7466070055961609
24347-8-0-28.wav,siren,1,0.7160456776618958
24347-8-0-29.wav,siren,1,0.7198131680488586
24347-8-0-3.wav,siren,1,0.3805675208568573
24347-8-0-30.wav,siren,1,0.6815956830978394
24347-8-0-31.wav,siren,1,0.7332248687744141
24347-8-0-32.wav,siren,1,0.6614161133766174
24347-8-0-33.wav,siren,1,0.5832000374794006
24347-8-0-34.wav,siren,1,0.6376263499259949
24347-8-0-35.wav,siren,1,0.498412936925888
24347-8-0-36.wav,siren,1,0.5506556630134583
24347-8-0-37.wav,siren,1,0.6418506503105164
24347-8-0-38.wav,siren,1,0.6853780150413513
24347-8-0-39.wav,siren,1,0.7585739493370056
24347-8-0-4.wav,siren,1,0.442943811416626
24347-8-0-40.wav,siren,1,0.7286732792854309
24347-8-0-41.wav,siren,1,0.6927423477172852
24347-8-0-42.wav,siren,1,0.7015459537506104
24347-8-0-43.wav,siren,1,0.5197098851203918
24347-8-0-44.wav,siren,1,0.4129813313484192
24347-8-0-45.wav,siren,1,0.3550925850868225
24347-8-0-46.wav,siren,1,0.3686506748199463
24347-8-0-47.wav,siren,1,0.2896195352077484
24347-8-0-48.wav,siren,1,0.2447939813137054
24347-8-0-49.wav,siren,1,0.293842613697052
24347-8-0-5.wav,siren,1,0.5354281663894653
24347-8-0-50.wav,siren,1,0.2779136300086975
24347-8-0-51.wav,siren,1,0.302003413438797
24347-8-0-52.wav,siren,1,0.5811730027198792
24347-8-0-53.wav,siren,1,0.517376720905304
24347-8-0-54.wav,siren,1,0.4393073916435241
24347-8-0-55.wav,siren,1,0.6407152414321899
24347-8-0-56.wav,siren,1,0.5657206177711487
24347-8-0-57.wav,siren,1,0.5226083397865295
24347-8-0-58.wav,siren,1,0.5807210206985474
24347-8-0-59.wav,siren,1,0.5294340252876282
24347-8-0-6.wav,siren,1,0.5894952416419983
24347-8-0-60.wav,siren,1,0.4514943659305572
24347-8-0-61.wav,siren,1,0.4230785369873047
24347-8-0-62.wav,siren,1,0.4318829774856567
24347-8-0-63.wav,siren,1,0.5505593419075012
24347-8-0-64.wav,siren,1,0.5826824903488159
24347-8-0-65.wav,siren,1,0.7146373987197876
24347-8-0-66.wav,siren,1,0.6568022966384888
24347-8-0-67.wav,siren,1,0.5322778820991516
24347-8-0-68.wav,siren,1,0.6017509698867798
24347-8-0-69.wav,siren,1,0.5062087774276733
24347-8-0-7.wav,siren,1,0.5938243269920349
24347-8-0-70.wav,siren,1,0.3759469091892242
24347-8-0-71.wav,siren,1,0.4036070704460144
24347-8-0-72.wav,siren,1,0.2949227392673492
24347-8-0-73.wav,siren,1,0.2422365695238113
24347-8-0-74.wav,siren,1,0.5249144434928894
24347-8-0-75.wav,siren,1,0.7490246295928955
24347-8-0-76.wav,siren,1,0.7095641493797302
24347-8-0-77.wav,siren,1,0.6457892060279846
24347-8-0-78.wav,siren,1,0.684116005897522
24347-8-0-79.wav,siren,1,0.6778144836425781
24347-8-0-8.wav,siren,1,0.6819640398025513
24347-8-0-80.wav,siren,1,0.64081871509552
24347-8-0-81.wav,siren,1,0.7160872220993042
24347-8-0-82.wav,siren,1,0.8153870105743408
24347-8-0-83.wav,siren,1,0.767182469367981
24347-8-0-84.wav,siren,1,0.8220290541648865
24347-8-0-85.wav,siren,1,0.9056540727615356
24347-8-0-86.wav,siren,1,0.7113760113716125
24347-8-0-87.wav,siren,1,0.672947108745575
24347-8-0-88.wav,siren,1,0.7939837574958801
24347-8-0-89.wav,siren,1,0.6823917627334595
24347-8-0-9.wav,siren,1,0.7807174324989319
24347-8-0-90.wav,siren,1,0.7127622365951538
24347-8-0-91.wav,siren,1,0.8313523530960083
24347-8-0-92.wav,siren,1,0.893038809299469
24347-8-0-93.wav,siren,1,0.8832249045372009
24347-8-0-94.wav,siren,1,0.809709906578064
24347-8-0-95.wav,siren,1,0.8025676012039185
24347-8-0-96.wav,siren,1,0.5878283381462097
24347-8-0-97.wav,siren,1,0.5227132439613342
24347-8-0-98.wav,siren,1,0.4617308974266052
24347-8-0-99.wav,siren,1,0.474446028470993
24364-4-0-0.wav,drilling,0,0.4120600521564483
24364-4-0-1.wav,drilling,0,0.3196126222610473
24364-4-0-10.wav,drilling,0,0.4076733589172363
24364-4-0-11.wav,drilling,0,0.3540177345275879
24364-4-0-12.wav,drilling,0,0.4937180280685425
24364-4-0-2.wav,drilling,0,0.2864998877048492
24364-4-0-3.wav,drilling,0,0.3219543993473053
24364-4-0-4.wav,drilling,0,0.3122570812702179
24364-4-0-5.wav,drilling,0,0.3165260851383209
24364-4-0-6.wav,drilling,0,0.2606335580348968
24364-4-0-7.wav,drilling,0,0.3154077529907226
24364-4-0-8.wav,drilling,0,0.3386728167533874
24364-4-0-9.wav,drilling,0,0.3612625896930694
24632-6-0-0.wav,gun_shot,1,0.4359242916107178
24632-6-1-0.wav,gun_shot,1,0.5029090046882629
24652-6-0-0.wav,gun_shot,1,0.4817557036876678
24728-7-0-0.wav,jackhammer,0,0.8460861444473267
24728-7-1-0.wav,jackhammer,0,0.8598597645759583
24728-7-2-0.wav,jackhammer,0,0.413234680891037
24728-7-3-0.wav,jackhammer,0,0.9507049322128296
24728-7-4-0.wav,jackhammer,0,0.9004968404769897
24728-7-5-0.wav,jackhammer,0,0.8499872088432312
24965-3-0-0.wav,dog_bark,1,0.7077404856681824
24965-3-1-0.wav,dog_bark,1,0.9229015707969666
24965-3-2-0.wav,dog_bark,1,0.7108787894248962
24965-3-3-0.wav,dog_bark,1,0.7311719059944153
25037-6-0-0.wav,gun_shot,1,0.4366075098514557
25037-6-1-0.wav,gun_shot,1,0.4423242211341858
25038-6-0-0.wav,gun_shot,1,0.7055511474609375
25038-6-1-0.wav,gun_shot,1,0.6308029890060425
25039-6-0-0.wav,gun_shot,1,0.5269697308540344
26173-8-0-0.wav,siren,1,0.9480288624763488
26184-5-0-0.wav,engine_idling,0,0.6828058958053589
26184-5-1-0.wav,engine_idling,0,0.8078733682632446
26184-5-2-0.wav,engine_idling,0,0.6946781873703003
26184-5-3-0.wav,engine_idling,0,0.4144335687160492
26184-5-4-0.wav,engine_idling,0,0.6709547638893127
26184-5-4-1.wav,engine_idling,0,0.5972152352333069
26184-5-4-2.wav,engine_idling,0,0.5903302431106567
26184-5-4-3.wav,engine_idling,0,0.5881524085998535
26185-1-0-0.wav,car_horn,1,0.92428058385849
26185-1-1-0.wav,car_horn,1,0.9139235615730286
26186-1-0-0.wav,car_horn,1,0.9150082468986512
26255-3-0-0.wav,dog_bark,1,0.60283362865448
26255-3-13-1.wav,dog_bark,1,0.1821368932723999
26255-3-6-0.wav,dog_bark,1,0.8033190369606018
26255-3-8-0.wav,dog_bark,1,0.867472231388092
26256-3-4-0.wav,dog_bark,1,0.1696023344993591
26256-3-5-22.wav,dog_bark,1,0.042058777064085
26256-3-6-6.wav,dog_bark,1,0.0718674510717392
26256-3-7-36.wav,dog_bark,1,0.062311727553606
26270-9-0-19.wav,street_music,0,0.0101037602871656
26270-9-0-23.wav,street_music,0,0.3531360924243927
26270-9-0-3.wav,street_music,0,0.281520813703537
26270-9-0-30.wav,street_music,0,6.327099254122004e-05
26270-9-0-32.wav,street_music,0,7.555334832431981e-06
26270-9-0-35.wav,street_music,0,3.476387064438313e-05
26344-4-0-0.wav,drilling,0,0.861838161945343
26344-4-1-0.wav,drilling,0,0.788755476474762
27070-2-0-0.wav,children_playing,0,0.4206336736679077
27070-2-0-2.wav,children_playing,0,0.3004567325115204
27070-2-0-3.wav,children_playing,0,0.2888240814208984
27070-2-0-4.wav,children_playing,0,0.2662239670753479
27070-2-0-5.wav,children_playing,0,0.3098197281360626
27070-2-0-7.wav,children_playing,0,0.2838686108589172
27070-2-0-8.wav,children_playing,0,0.4151856303215027
27216-3-0-18.wav,dog_bark,1,0.5917814373970032
27216-3-0-21.wav,dog_bark,1,0.5697339177131653
27216-3-0-24.wav,dog_bark,1,0.5836634039878845
27216-3-0-9.wav,dog_bark,1,0.6866419315338135
27217-3-0-13.wav,dog_bark,1,0.6120795011520386
27217-3-0-22.wav,dog_bark,1,0.5840968489646912
27217-3-0-6.wav,dog_bark,1,0.6288237571716309
27349-3-0-2.wav,dog_bark,1,0.4514649510383606
27349-3-0-6.wav,dog_bark,1,0.5324432253837585
27349-3-1-2.wav,dog_bark,1,0.5238736271858215
27349-3-2-1.wav,dog_bark,1,0.5124529004096985
28284-3-0-0.wav,dog_bark,1,0.6423423886299133
28284-3-0-1.wav,dog_bark,1,0.3321578502655029
28284-3-1-0.wav,dog_bark,1,0.6560572385787964
28385-9-0-32.wav,street_music,0,0.7445752024650574
28385-9-0-33.wav,street_music,0,0.3238569796085357
28385-9-0-44.wav,street_music,0,0.2337581664323806
28385-9-0-46.wav,street_music,0,0.0182092543691396
28385-9-0-57.wav,street_music,0,0.093327946960926
28385-9-0-65.wav,street_music,0,0.4653804898262024
28385-9-0-9.wav,street_music,0,0.0091430386528372
28426-8-0-0.wav,siren,1,0.5700095891952515
28426-8-1-0.wav,siren,1,0.7963672280311584
28426-8-2-0.wav,siren,1,0.4541108608245849
2937-1-0-0.wav,car_horn,1,0.8672649264335632
29721-4-0-0.wav,drilling,0,0.2405420541763305
29721-4-0-1.wav,drilling,0,0.2238438129425048
29721-4-0-10.wav,drilling,0,0.2712801992893219
29721-4-0-11.wav,drilling,0,0.2679844200611114
29721-4-0-12.wav,drilling,0,0.2662319242954254
29721-4-0-13.wav,drilling,0,0.284812867641449
29721-4-0-14.wav,drilling,0,0.2857516705989837
29721-4-0-2.wav,drilling,0,0.2644505798816681
29721-4-0-3.wav,drilling,0,0.3083051145076751
29721-4-0-4.wav,drilling,0,0.2728112637996673
29721-4-0-5.wav,drilling,0,0.2630017697811126
29721-4-0-6.wav,drilling,0,0.2746738493442535
29721-4-0-7.wav,drilling,0,0.2765286564826965
29721-4-0-8.wav,drilling,0,0.2804357707500458
29721-4-0-9.wav,drilling,0,0.2670744657516479
29722-4-0-0.wav,drilling,0,0.2867353856563568
29722-4-0-1.wav,drilling,0,0.2874092161655426
29722-4-0-2.wav,drilling,0,0.2830451130867004
29722-4-0-3.wav,drilling,0,0.29600590467453
29722-4-0-4.wav,drilling,0,0.2816966474056244
29722-4-0-5.wav,drilling,0,0.3175740838050842
29722-4-0-6.wav,drilling,0,0.3639425039291382
29932-1-0-0.wav,car_horn,1,0.788479745388031
29932-1-1-0.wav,car_horn,1,0.8099959492683411
29936-3-0-0.wav,dog_bark,1,0.3662078082561493
29936-3-1-0.wav,dog_bark,1,0.3403756618499756
29936-3-2-0.wav,dog_bark,1,0.5649254322052002
29936-3-3-0.wav,dog_bark,1,0.3631750345230102
29937-3-0-14.wav,dog_bark,1,0.4206781685352325
29937-3-0-4.wav,dog_bark,1,0.2488564252853393
29937-3-0-6.wav,dog_bark,1,0.2281994521617889
29937-3-0-8.wav,dog_bark,1,0.203444629907608
30204-0-0-0.wav,air_conditioner,0,0.4849272966384887
30204-0-0-1.wav,air_conditioner,0,0.0778258517384529
30204-0-0-10.wav,air_conditioner,0,0.2400547116994857
30204-0-0-11.wav,air_conditioner,0,0.2228214144706726
30204-0-0-12.wav,air_conditioner,0,0.2369369566440582
30204-0-0-13.wav,air_conditioner,0,0.2858819663524627
30204-0-0-2.wav,air_conditioner,0,0.0536774098873138
30204-0-0-3.wav,air_conditioner,0,0.1431614905595779
30204-0-0-4.wav,air_conditioner,0,0.3053327202796936
30204-0-0-5.wav,air_conditioner,0,0.3763955235481262
30204-0-0-6.wav,air_conditioner,0,0.2733027040958404
30204-0-0-7.wav,air_conditioner,0,0.2307103425264358
30204-0-0-8.wav,air_conditioner,0,0.2160560935735702
30204-0-0-9.wav,air_conditioner,0,0.2666758894920349
30206-7-0-0.wav,jackhammer,0,0.7138209939002991
30206-7-0-1.wav,jackhammer,0,0.5482550859451294
30206-7-0-10.wav,jackhammer,0,0.4917901456356048
30206-7-0-11.wav,jackhammer,0,0.2128444612026214
30206-7-0-12.wav,jackhammer,0,0.3324052989482879
30206-7-0-13.wav,jackhammer,0,0.5401791930198669
30206-7-0-14.wav,jackhammer,0,0.4790619313716888
30206-7-0-15.wav,jackhammer,0,0.3654312789440155
30206-7-0-16.wav,jackhammer,0,0.2381702959537506
30206-7-0-17.wav,jackhammer,0,0.1610806584358215
30206-7-0-18.wav,jackhammer,0,0.0825068429112434
30206-7-0-19.wav,jackhammer,0,0.0465480796992778
30206-7-0-2.wav,jackhammer,0,0.340972751379013
30206-7-0-20.wav,jackhammer,0,0.0047005712985992
30206-7-0-21.wav,jackhammer,0,0.0005627348436973
30206-7-0-22.wav,jackhammer,0,0.0066332938149571
30206-7-0-23.wav,jackhammer,0,0.0445211343467235
30206-7-0-24.wav,jackhammer,0,0.0101971551775932
30206-7-0-25.wav,jackhammer,0,0.0067856656387448
30206-7-0-26.wav,jackhammer,0,0.0686941519379615
30206-7-0-27.wav,jackhammer,0,0.2644676566123962
30206-7-0-28.wav,jackhammer,0,0.4761395752429962
30206-7-0-29.wav,jackhammer,0,0.6862380504608154
30206-7-0-3.wav,jackhammer,0,0.2704744040966034
30206-7-0-30.wav,jackhammer,0,0.5096646547317505
30206-7-0-31.wav,jackhammer,0,0.1631348133087158
30206-7-0-32.wav,jackhammer,0,0.1112265884876251
30206-7-0-33.wav,jackhammer,0,0.0926310941576957
30206-7-0-34.wav,jackhammer,0,0.0395953804254531
30206-7-0-35.wav,jackhammer,0,0.0557126365602016
30206-7-0-36.wav,jackhammer,0,0.102609597146511
30206-7-0-37.wav,jackhammer,0,0.1090703457593917
30206-7-0-38.wav,jackhammer,0,0.1459607034921646
30206-7-0-39.wav,jackhammer,0,0.1463733613491058
30206-7-0-4.wav,jackhammer,0,0.3245230913162231
30206-7-0-5.wav,jackhammer,0,0.2635547816753387
30206-7-0-6.wav,jackhammer,0,0.1641881018877029
30206-7-0-7.wav,jackhammer,0,0.1067380234599113
30206-7-0-8.wav,jackhammer,0,0.1361750662326812
30206-7-0-9.wav,jackhammer,0,0.2970987260341644
30823-8-0-0.wav,siren,1,0.4799052476882934
30832-3-1-0.wav,dog_bark,1,0.5561471581459045
30832-3-12-0.wav,dog_bark,1,0.5860339999198914
30832-3-5-1.wav,dog_bark,1,0.7164663076400757
30832-3-7-0.wav,dog_bark,1,0.4703033864498138
31150-2-0-1.wav,children_playing,0,0.4515038728713989
31150-2-0-14.wav,children_playing,0,0.7311550378799438
31150-2-0-17.wav,children_playing,0,0.580824613571167
31150-2-0-2.wav,children_playing,0,0.4623711705207824
31150-2-0-24.wav,children_playing,0,0.2207752466201782
31150-2-0-34.wav,children_playing,0,0.6299107074737549
31150-2-0-6.wav,children_playing,0,0.4238884449005127
31323-3-0-1.wav,dog_bark,1,0.0082748960703611
31323-3-0-2.wav,dog_bark,1,0.2119482457637787
31323-3-0-20.wav,dog_bark,1,0.8569684624671936
31323-3-0-22.wav,dog_bark,1,0.9031302332878112
31325-3-1-0.wav,dog_bark,1,0.8643736243247986
31325-3-1-1.wav,dog_bark,1,0.9095215201377868
31325-3-3-6.wav,dog_bark,1,0.7683969140052795
31325-3-4-0.wav,dog_bark,1,0.5177401900291443
31840-3-0-0.wav,dog_bark,1,0.6596108078956604
31840-3-1-0.wav,dog_bark,1,0.844051718711853
31884-7-0-0.wav,jackhammer,0,0.3814716041088104
31884-7-0-1.wav,jackhammer,0,0.6623461842536926
31884-7-0-2.wav,jackhammer,0,0.7859348654747009
31884-7-0-3.wav,jackhammer,0,0.7971893548965454
31884-7-1-0.wav,jackhammer,0,0.7785451412200928
31884-7-1-1.wav,jackhammer,0,0.7907999157905579
31884-7-1-2.wav,jackhammer,0,0.7916423082351685
31884-7-1-3.wav,jackhammer,0,0.7918844819068909
31884-7-1-4.wav,jackhammer,0,0.803690493106842
31973-9-0-43.wav,street_music,0,0.7152621150016785
31973-9-0-51.wav,street_music,0,0.6894151568412781
31973-9-0-56.wav,street_music,0,0.0594965554773807
31973-9-0-57.wav,street_music,0,0.0382094644010067
31973-9-0-64.wav,street_music,0,0.7874027490615845
31973-9-0-71.wav,street_music,0,0.0371593050658702
32417-1-0-0.wav,car_horn,1,0.5446401834487915
33340-7-0-0.wav,jackhammer,0,4.9685787928410725e-08
33340-7-1-0.wav,jackhammer,0,1.1952557902999513e-22
33340-7-10-0.wav,jackhammer,0,4.3659198922796356e-08
33340-7-11-0.wav,jackhammer,0,6.022627086275551e-32
33340-7-12-0.wav,jackhammer,0,1.678791190883916e-30
33340-7-13-0.wav,jackhammer,0,6.657764674598532e-35
33340-7-14-0.wav,jackhammer,0,1.0240781645267944e-14
33340-7-15-0.wav,jackhammer,0,1.7294065401074477e-05
33340-7-16-0.wav,jackhammer,0,9.091286751194972e-13
33340-7-2-0.wav,jackhammer,0,5.42118433477512e-13
33340-7-3-0.wav,jackhammer,0,7.493543783263553e-15
33340-7-4-0.wav,jackhammer,0,5.433256200517618e-31
33340-7-5-0.wav,jackhammer,0,1.677152687562522e-11
33340-7-6-0.wav,jackhammer,0,7.329803560334073e-27
33340-7-7-0.wav,jackhammer,0,0.0
33340-7-8-0.wav,jackhammer,0,1.096345390672936e-18
33340-7-9-0.wav,jackhammer,0,6.924235549377045e-07
33641-3-1-0.wav,dog_bark,1,0.9584563970565796
33641-3-7-0.wav,dog_bark,1,0.9713754057884216
33641-3-8-0.wav,dog_bark,1,0.9752691388130188
33641-3-9-0.wav,dog_bark,1,0.9412911534309388
33696-3-0-0.wav,dog_bark,1,0.4144058227539062
33696-3-4-0.wav,dog_bark,1,0.1745509952306747
33696-3-4-1.wav,dog_bark,1,0.089194618165493
33696-3-6-1.wav,dog_bark,1,0.364869624376297
33849-3-0-0.wav,dog_bark,1,0.5679574608802795
33849-3-2-0.wav,dog_bark,1,0.6262410879135132
33849-3-3-0.wav,dog_bark,1,0.82351154088974
33849-3-4-0.wav,dog_bark,1,0.8867558240890503
34050-7-0-0.wav,jackhammer,0,0.5881315469741821
34050-7-1-0.wav,jackhammer,0,0.5668080449104309
34050-7-2-0.wav,jackhammer,0,0.629938542842865
34050-7-3-0.wav,jackhammer,0,0.6675625443458557
34050-7-4-0.wav,jackhammer,0,0.2799265384674072
34050-7-5-0.wav,jackhammer,0,0.2881332635879516
34050-7-6-0.wav,jackhammer,0,0.1330412328243255
34056-2-0-2.wav,children_playing,0,0.289747416973114
34056-2-0-22.wav,children_playing,0,0.3461338579654693
34056-2-0-40.wav,children_playing,0,0.3459296822547912
34056-2-0-42.wav,children_playing,0,0.3023177087306976
34056-2-0-48.wav,children_playing,0,0.3186573684215545
34056-2-0-61.wav,children_playing,0,0.2850558459758758
34056-2-0-80.wav,children_playing,0,0.2586522102355957
34241-1-0-0.wav,car_horn,1,0.5318914651870728
34241-1-1-0.wav,car_horn,1,0.8254119157791138
34241-1-2-0.wav,car_horn,1,0.5906291007995605
344-3-0-0.wav,dog_bark,1,0.9505793452262878
344-3-1-0.wav,dog_bark,1,0.9096022844314576
344-3-4-0.wav,dog_bark,1,0.8998382687568665
344-3-5-0.wav,dog_bark,1,0.910908579826355
34621-4-0-0.wav,drilling,0,0.644027829170227
34621-4-1-0.wav,drilling,0,0.8512115478515625
34621-4-11-0.wav,drilling,0,0.6606873869895935
34621-4-12-0.wav,drilling,0,0.6560643315315247
34621-4-13-0.wav,drilling,0,0.7337186336517334
34621-4-14-0.wav,drilling,0,0.7142456769943237
34621-4-15-0.wav,drilling,0,0.6465491652488708
34621-4-16-0.wav,drilling,0,0.6437563896179199
34621-4-17-0.wav,drilling,0,0.8786701560020447
34621-4-18-0.wav,drilling,0,0.7462183833122253
34621-4-2-0.wav,drilling,0,0.8197180032730103
34621-4-20-0.wav,drilling,0,0.6853845715522766
34621-4-21-0.wav,drilling,0,0.7152456045150757
34621-4-22-0.wav,drilling,0,0.6003514528274536
34621-4-24-0.wav,drilling,0,0.695668637752533
34621-4-25-0.wav,drilling,0,0.591559648513794
34621-4-26-0.wav,drilling,0,0.5967974066734314
34621-4-27-0.wav,drilling,0,0.5975680947303772
34621-4-4-0.wav,drilling,0,0.722572922706604
34621-4-5-0.wav,drilling,0,0.6195810437202454
34621-4-7-0.wav,drilling,0,0.6399611830711365
34621-4-8-0.wav,drilling,0,0.708840012550354
34643-4-0-0.wav,drilling,0,0.8788129687309265
34643-4-1-0.wav,drilling,0,0.999915599822998
34643-4-1-1.wav,drilling,0,0.9998054504394532
34643-4-2-0.wav,drilling,0,0.9869328737258912
34643-4-2-1.wav,drilling,0,0.9268870949745178
34643-4-2-2.wav,drilling,0,0.7480036616325378
34708-6-0-0.wav,gun_shot,1,0.7694542407989502
34708-6-1-0.wav,gun_shot,1,0.8192804455757141
34708-6-2-0.wav,gun_shot,1,0.780136227607727
34708-6-3-0.wav,gun_shot,1,0.7322712540626526
34708-6-4-0.wav,gun_shot,1,0.8145290613174438
34708-6-5-0.wav,gun_shot,1,0.8102098107337952
34771-3-0-10.wav,dog_bark,1,0.8667559623718262
34771-3-0-14.wav,dog_bark,1,0.7350649237632751
34771-3-0-4.wav,dog_bark,1,0.8208617568016052
34771-3-0-5.wav,dog_bark,1,0.8063729405403137
34866-9-0-10.wav,street_music,0,0.2099973112344741
34866-9-0-11.wav,street_music,0,0.1989351660013198
34866-9-0-13.wav,street_music,0,0.1308304667472839
34866-9-0-3.wav,street_music,0,0.0714038461446762
34866-9-0-5.wav,street_music,0,0.098171941936016
34866-9-0-9.wav,street_music,0,0.2595529854297638
34871-3-11-0.wav,dog_bark,1,0.4722959101200104
34871-3-6-0.wav,dog_bark,1,0.8309438824653625
34871-3-8-0.wav,dog_bark,1,0.808398425579071
34871-3-9-0.wav,dog_bark,1,0.0957054942846298
34872-3-0-0.wav,dog_bark,1,0.916192889213562
34872-3-0-1.wav,dog_bark,1,0.8338790535926819
34872-3-0-2.wav,dog_bark,1,0.8354701995849609
34931-3-0-0.wav,dog_bark,1,0.7796395421028137
34952-8-0-0.wav,siren,1,0.4808611869812011
34952-8-0-1.wav,siren,1,0.4949471652507782
34952-8-0-2.wav,siren,1,0.5146774053573608
34952-8-0-3.wav,siren,1,0.5285206437110901
34952-8-0-4.wav,siren,1,0.5280973315238953
34952-8-0-5.wav,siren,1,0.5209591388702393
34952-8-0-6.wav,siren,1,0.5194588303565979
34952-8-0-7.wav,siren,1,0.5168657302856445
35296-3-0-0.wav,dog_bark,1,0.5148339867591858
35296-3-1-0.wav,dog_bark,1,0.4487146735191345
35296-3-2-0.wav,dog_bark,1,0.4525861442089081
35382-0-0-0.wav,air_conditioner,0,0.5500202178955078
35382-0-0-1.wav,air_conditioner,0,0.6537950038909912
35548-9-0-10.wav,street_music,0,0.3556907474994659
35548-9-0-21.wav,street_music,0,0.3356730341911316
35548-9-0-23.wav,street_music,0,0.2876167893409729
35548-9-1-14.wav,street_music,0,0.3072197735309601
35548-9-2-7.wav,street_music,0,0.6232095956802368
35548-9-2-9.wav,street_music,0,0.4621165692806244
35549-9-0-14.wav,street_music,0,0.3458512425422668
35549-9-0-2.wav,street_music,0,0.3529253602027893
35549-9-0-28.wav,street_music,0,0.4484088122844696
35549-9-0-47.wav,street_music,0,0.2692902982234955
35549-9-0-51.wav,street_music,0,0.4317610263824463
35549-9-0-58.wav,street_music,0,0.6723095774650574
35628-3-0-0.wav,dog_bark,1,0.3140221834182739
35629-3-0-0.wav,dog_bark,1,0.4616408944129944
35629-3-1-0.wav,dog_bark,1,0.339621752500534
35629-3-2-0.wav,dog_bark,1,0.3923170566558838
35629-3-3-0.wav,dog_bark,1,0.5255231857299805
35799-6-0-0.wav,gun_shot,1,0.8838363885879517
35800-6-0-0.wav,gun_shot,1,0.9686239361763
36263-9-0-12.wav,street_music,0,3.8093091347946035e-08
36263-9-0-13.wav,street_music,0,1.920528625021234e-09
36263-9-0-17.wav,street_music,0,1.9707504942192977e-13
36263-9-0-2.wav,street_music,0,2.4206953108674156e-10
36263-9-0-3.wav,street_music,0,2.095440549965133e-06
36263-9-0-5.wav,street_music,0,5.7843564604809217e-08
36264-9-0-0.wav,street_music,0,0.3131255507469177
36264-9-0-1.wav,street_music,0,0.3400847613811493
36264-9-0-10.wav,street_music,0,0.0980371683835983
36264-9-0-2.wav,street_music,0,0.2663284838199615
36264-9-0-5.wav,street_music,0,0.4371461570262909
36264-9-0-7.wav,street_music,0,0.055189061909914
36403-6-0-0.wav,gun_shot,1,0.8802811503410339
36429-2-0-13.wav,children_playing,0,0.2398613691329956
36429-2-0-14.wav,children_playing,0,0.0342125967144966
36429-2-0-15.wav,children_playing,0,0.0066515109501779
36429-2-0-18.wav,children_playing,0,0.4877865612506866
36429-2-0-23.wav,children_playing,0,0.028407571837306
36429-2-0-6.wav,children_playing,0,0.6398921012878418
36429-2-0-7.wav,children_playing,0,0.3010831177234649
36902-3-0-0.wav,dog_bark,1,0.8804493546485901
36902-3-1-0.wav,dog_bark,1,0.8734692931175232
36902-3-2-0.wav,dog_bark,1,0.9646888375282288
37236-6-0-0.wav,gun_shot,1,0.901816725730896
37560-4-0-0.wav,drilling,0,0.8756542205810547
37560-4-0-1.wav,drilling,0,0.8749442100524902
37560-4-0-2.wav,drilling,0,0.8339713215827942
37560-4-0-3.wav,drilling,0,0.8445107340812683
37560-4-0-4.wav,drilling,0,0.8437857031822205
37560-4-0-5.wav,drilling,0,0.6619892120361328
37869-3-0-0.wav,dog_bark,1,0.9186030626296996
37869-3-1-0.wav,dog_bark,1,0.8967272043228149
37869-3-3-0.wav,dog_bark,1,0.497567743062973
37869-3-5-0.wav,dog_bark,1,0.7557109594345093
38121-3-0-0.wav,dog_bark,1,0.7633134722709656
38231-3-0-0.wav,dog_bark,1,0.9202479124069214
38231-3-2-0.wav,dog_bark,1,0.4467774629592895
38231-3-3-0.wav,dog_bark,1,0.7633690237998962
38231-3-4-0.wav,dog_bark,1,0.9111869931221008
38236-3-2-2.wav,dog_bark,1,0.5439562201499939
38236-3-2-3.wav,dog_bark,1,0.7849338054656982
38236-3-3-0.wav,dog_bark,1,0.8994085788726807
39532-4-0-0.wav,drilling,0,0.8635944128036499
39532-4-1-0.wav,drilling,0,2.094880983349867e-06
39532-4-2-0.wav,drilling,0,0.0870898887515068
39532-4-3-0.wav,drilling,0,0.2390193045139312
39533-4-0-0.wav,drilling,0,0.917088747024536
39533-4-1-0.wav,drilling,0,0.8025268316268921
39847-5-0-0.wav,engine_idling,0,0.0035205918829888
39847-5-0-1.wav,engine_idling,0,0.0050312345847487
39847-5-0-10.wav,engine_idling,0,0.0020440958905965
39847-5-0-11.wav,engine_idling,0,0.0016677307430654
39847-5-0-12.wav,engine_idling,0,0.0013272054493427
39847-5-0-2.wav,engine_idling,0,0.0022668517194688
39847-5-0-3.wav,engine_idling,0,0.0022799735888838
39847-5-0-4.wav,engine_idling,0,0.004141166806221
39847-5-0-5.wav,engine_idling,0,0.0030585378408432
39847-5-0-6.wav,engine_idling,0,0.0055848727934062
39847-5-0-7.wav,engine_idling,0,0.0017117528477683
39847-5-0-8.wav,engine_idling,0,0.0015592878917232
39847-5-0-9.wav,engine_idling,0,0.0030097851995378
39847-5-1-0.wav,engine_idling,0,0.1547200381755828
39852-5-0-0.wav,engine_idling,0,0.1138050928711891
39852-5-0-1.wav,engine_idling,0,0.0666693598031997
39854-5-0-0.wav,engine_idling,0,0.0359154269099235
39854-5-1-0.wav,engine_idling,0,0.0560282282531261
39854-5-1-1.wav,engine_idling,0,0.0317390300333499
39854-5-1-2.wav,engine_idling,0,0.0327909812331199
39854-5-1-3.wav,engine_idling,0,0.0371940396726131
39854-5-1-4.wav,engine_idling,0,0.0900281220674514
39856-5-0-0.wav,engine_idling,0,6.594829028472304e-05
39856-5-0-1.wav,engine_idling,0,4.999575321562588e-05
39856-5-0-10.wav,engine_idling,0,0.0063640889711678
39856-5-0-11.wav,engine_idling,0,0.0101500358432531
39856-5-0-12.wav,engine_idling,0,0.0118226204067468
39856-5-0-13.wav,engine_idling,0,0.0133152641355991
39856-5-0-14.wav,engine_idling,0,0.0129042761400341
39856-5-0-15.wav,engine_idling,0,0.0138149168342351
39856-5-0-16.wav,engine_idling,0,0.0159469582140445
39856-5-0-17.wav,engine_idling,0,0.0152788870036602
39856-5-0-18.wav,engine_idling,0,0.0079083200544118
39856-5-0-19.wav,engine_idling,0,0.0053299246355891
39856-5-0-2.wav,engine_idling,0,0.0002910069306381
39856-5-0-20.wav,engine_idling,0,0.0067889573983848
39856-5-0-21.wav,engine_idling,0,0.0094119803979992
39856-5-0-22.wav,engine_idling,0,0.0054828692227602
39856-5-0-23.wav,engine_idling,0,0.0044320588931441
39856-5-0-24.wav,engine_idling,0,0.0092285731807351
39856-5-0-25.wav,engine_idling,0,0.007398716174066
39856-5-0-26.wav,engine_idling,0,0.0052927210927009
39856-5-0-27.wav,engine_idling,0,0.0047056516632437
39856-5-0-28.wav,engine_idling,0,0.0082663344219326
39856-5-0-3.wav,engine_idling,0,0.0016934000886976
39856-5-0-4.wav,engine_idling,0,0.0030295685864984
39856-5-0-5.wav,engine_idling,0,0.0039072409272193
39856-5-0-6.wav,engine_idling,0,0.0037550143897533
39856-5-0-7.wav,engine_idling,0,0.0023657067213207
39856-5-0-8.wav,engine_idling,0,0.0058090519160032
39856-5-0-9.wav,engine_idling,0,0.0069712712429463
39857-5-0-0.wav,engine_idling,0,0.0073511968366801
39857-5-0-1.wav,engine_idling,0,0.0139867095276713
39857-5-0-2.wav,engine_idling,0,0.0196033790707588
39857-5-1-0.wav,engine_idling,0,0.0106742326170206
39857-5-1-1.wav,engine_idling,0,0.0185284409672021
39857-5-1-2.wav,engine_idling,0,0.0207926612347364
39857-5-1-3.wav,engine_idling,0,0.0318459384143352
39857-5-2-0.wav,engine_idling,0,0.5038860440254211
39857-5-3-0.wav,engine_idling,0,0.0616442151367664
39857-5-4-0.wav,engine_idling,0,0.0473379269242286
39857-5-5-0.wav,engine_idling,0,0.0295838434249162
39857-5-5-1.wav,engine_idling,0,0.0264902934432029
39884-5-0-0.wav,engine_idling,0,0.2173847258090973
39884-5-0-1.wav,engine_idling,0,0.1948191523551941
39884-5-0-2.wav,engine_idling,0,0.18926702439785
39884-5-0-3.wav,engine_idling,0,0.1999608278274536
39884-5-0-4.wav,engine_idling,0,0.2173058539628982
39884-5-0-5.wav,engine_idling,0,0.2296777516603469
39884-5-0-6.wav,engine_idling,0,0.227070152759552
39884-5-0-7.wav,engine_idling,0,0.2262174934148788
39967-9-0-0.wav,street_music,0,0.5192708373069763
39967-9-0-100.wav,street_music,0,2.20093807001831e-06
39967-9-0-44.wav,street_music,0,0.0001507323177065
39967-9-0-56.wav,street_music,0,0.0028832664247602
39967-9-0-78.wav,street_music,0,1.476737452321686e-05
39967-9-0-99.wav,street_music,0,1.0122468665940689e-05
39968-9-0-144.wav,street_music,0,0.0009467026684433
39968-9-0-173.wav,street_music,0,0.0036966549232602
39968-9-0-181.wav,street_music,0,0.017281362786889
39968-9-0-227.wav,street_music,0,0.0359302312135696
39968-9-0-69.wav,street_music,0,0.5029389262199402
39968-9-0-81.wav,street_music,0,0.49375981092453
39970-9-0-108.wav,street_music,0,0.0420393645763397
39970-9-0-142.wav,street_music,0,0.0037955353036522
39970-9-0-41.wav,street_music,0,0.0143471481278538
39970-9-0-46.wav,street_music,0,0.0132803525775671
39970-9-0-54.wav,street_music,0,0.0056259897537529
39970-9-0-98.wav,street_music,0,0.0219915937632322
40717-8-0-0.wav,siren,1,0.348878800868988
40717-8-0-1.wav,siren,1,0.345251053571701
40717-8-0-2.wav,siren,1,0.4027670323848724
40717-8-0-3.wav,siren,1,0.4056587815284729
40717-8-0-4.wav,siren,1,0.3817216753959656
40717-8-0-5.wav,siren,1,0.3702069222927093
40717-8-0-6.wav,siren,1,0.3736281096935272
40722-8-0-0.wav,siren,1,0.5380546450614929
40722-8-0-1.wav,siren,1,0.905775249004364
40722-8-0-2.wav,siren,1,0.9427229166030884
40722-8-0-3.wav,siren,1,0.5540522336959839
40722-8-0-4.wav,siren,1,0.6949753761291504
40722-8-0-5.wav,siren,1,0.159322127699852
40722-8-0-6.wav,siren,1,0.1328339576721191
40722-8-0-7.wav,siren,1,0.1181718558073043
40722-8-0-8.wav,siren,1,0.2085644751787185
41306-3-0-10.wav,dog_bark,1,0.6295562386512756
41306-3-0-13.wav,dog_bark,1,0.3164665400981903
41306-3-0-4.wav,dog_bark,1,0.7669833302497864
41364-9-0-11.wav,street_music,0,0.7364222407341003
41364-9-0-18.wav,street_music,0,0.567770779132843
41364-9-0-22.wav,street_music,0,0.8692391514778137
41364-9-0-23.wav,street_music,0,0.8612419962882996
41364-9-0-24.wav,street_music,0,0.189983919262886
41364-9-0-27.wav,street_music,0,0.0007114015170373
41372-3-0-25.wav,dog_bark,1,0.6312845945358276
41372-3-0-36.wav,dog_bark,1,0.331129640340805
41372-3-0-39.wav,dog_bark,1,0.1956380903720855
41372-3-0-51.wav,dog_bark,1,0.7223420739173889
41918-3-0-0.wav,dog_bark,1,0.6349523067474365
41918-3-0-1.wav,dog_bark,1,0.6618712544441223
4201-3-0-0.wav,dog_bark,1,0.6199852824211121
4201-3-1-0.wav,dog_bark,1,0.9497295618057252
4201-3-2-0.wav,dog_bark,1,0.6442809700965881
4201-3-3-0.wav,dog_bark,1,0.9190961718559264
42097-7-0-0.wav,jackhammer,0,0.0084823910146951
42097-7-0-1.wav,jackhammer,0,0.0115124406293034
42097-7-0-2.wav,jackhammer,0,0.005368095356971
42117-8-0-0.wav,siren,1,0.435018241405487
42117-8-0-1.wav,siren,1,0.5094934701919556
42117-8-0-10.wav,siren,1,0.9728993773460388
42117-8-0-11.wav,siren,1,0.9959787130355836
42117-8-0-12.wav,siren,1,0.9970309734344482
42117-8-0-13.wav,siren,1,0.895884096622467
42117-8-0-14.wav,siren,1,0.6387485861778259
42117-8-0-2.wav,siren,1,0.6622305512428284
42117-8-0-3.wav,siren,1,0.7358289361000061
42117-8-0-4.wav,siren,1,0.7549184560775757
42117-8-0-5.wav,siren,1,0.8773154616355896
42117-8-0-6.wav,siren,1,0.9355812668800354
42117-8-0-7.wav,siren,1,0.964518129825592
42117-8-0-8.wav,siren,1,0.9330500364303588
42117-8-0-9.wav,siren,1,0.9324079751968384
42117-8-1-0.wav,siren,1,0.7046663165092468
42324-4-0-0.wav,drilling,0,0.8072538375854492
42324-4-1-0.wav,drilling,0,0.4096148908138275
42324-4-2-0.wav,drilling,0,0.1100854724645614
42324-4-2-1.wav,drilling,0,0.0568585284054279
42324-4-2-2.wav,drilling,0,0.0549554675817489
42324-4-2-3.wav,drilling,0,0.1244085654616355
42324-4-2-4.wav,drilling,0,0.0851364731788635
42371-3-0-0.wav,dog_bark,1,0.5849051475524902
42937-4-0-0.wav,drilling,0,0.0415403246879577
42937-4-0-1.wav,drilling,0,0.071136251091957
42937-4-0-2.wav,drilling,0,0.1735137701034546
42953-9-0-16.wav,street_music,0,0.8471946716308594
42953-9-0-21.wav,street_music,0,0.4967637956142425
42953-9-0-28.wav,street_music,0,0.9112140536308287
42953-9-0-37.wav,street_music,0,0.9623988270759584
42953-9-0-49.wav,street_music,0,0.8135076761245728
42953-9-0-50.wav,street_music,0,0.8214070200920105
42954-9-0-12.wav,street_music,0,0.8805639147758484
42954-9-0-18.wav,street_music,0,0.9281857013702391
42954-9-0-2.wav,street_music,0,0.9296265244483948
42954-9-0-20.wav,street_music,0,0.7167053818702698
42954-9-0-22.wav,street_music,0,0.8088952302932739
42954-9-0-5.wav,street_music,0,0.7146701812744141
42955-9-0-12.wav,street_music,0,0.746586263179779
42955-9-0-14.wav,street_music,0,0.7744640707969666
42955-9-0-18.wav,street_music,0,0.831909716129303
42955-9-0-19.wav,street_music,0,0.8692815899848938
42955-9-0-22.wav,street_music,0,0.8307096362113953
43784-3-1-0.wav,dog_bark,1,0.740428626537323
43786-3-0-0.wav,dog_bark,1,0.9051554799079896
43786-3-1-0.wav,dog_bark,1,0.6495888233184814
43787-3-0-0.wav,dog_bark,1,0.9735117554664612
43787-3-1-0.wav,dog_bark,1,0.9957113265991212
43787-3-2-0.wav,dog_bark,1,0.9930197596549988
43787-3-3-0.wav,dog_bark,1,0.881666362285614
43802-1-2-0.wav,car_horn,1,0.9251095056533812
43805-8-0-0.wav,siren,1,0.8787303566932678
43805-8-1-0.wav,siren,1,0.9220525026321412
43805-8-2-0.wav,siren,1,0.9225218892097472
43805-8-3-0.wav,siren,1,0.5785953998565674
43805-8-4-0.wav,siren,1,0.5662882924079895
44110-3-0-0.wav,dog_bark,1,0.5093331933021545
44110-3-1-0.wav,dog_bark,1,0.5730587840080261
44110-3-3-0.wav,dog_bark,1,0.6566919684410095
44110-3-4-0.wav,dog_bark,1,0.6067756414413452
44278-1-0-0.wav,car_horn,1,0.5132639408111572
44278-1-1-0.wav,car_horn,1,0.5487263798713684
44325-9-0-18.wav,street_music,0,0.5311738848686218
44325-9-0-21.wav,street_music,0,0.4888205826282501
44325-9-0-35.wav,street_music,0,0.6452804207801819
44325-9-0-67.wav,street_music,0,0.6839678287506104
44325-9-0-72.wav,street_music,0,0.5254374146461487
44325-9-0-78.wav,street_music,0,0.5509551763534546
44735-5-0-0.wav,engine_idling,0,0.7662353515625
44735-5-0-1.wav,engine_idling,0,0.7968277335166931
44736-5-0-0.wav,engine_idling,0,1.3486935131368227e-05
44736-5-0-1.wav,engine_idling,0,2.297145510965493e-05
44737-5-0-0.wav,engine_idling,0,0.0103738382458686
44737-5-0-1.wav,engine_idling,0,0.0307917967438697
44737-5-0-2.wav,engine_idling,0,0.0195591170340776
44737-5-0-3.wav,engine_idling,0,0.0186582710593938
44831-3-0-0.wav,dog_bark,1,0.6867589354515076
44831-3-1-0.wav,dog_bark,1,0.8467158079147339
44831-3-2-0.wav,dog_bark,1,0.7864286303520203
45256-1-0-0.wav,car_horn,1,0.9098496437072754
46299-2-0-0.wav,children_playing,0,0.4167151749134063
46299-2-0-16.wav,children_playing,0,0.6574373841285706
46299-2-0-21.wav,children_playing,0,0.622175395488739
46299-2-0-22.wav,children_playing,0,0.6401878595352173
46299-2-0-36.wav,children_playing,0,0.6822458505630493
46299-2-0-48.wav,children_playing,0,0.4840899705886841
46299-2-0-8.wav,children_playing,0,0.6439645290374756
46299-2-0-9.wav,children_playing,0,0.6292505264282227
46391-1-0-0.wav,car_horn,1,0.1617413908243179
46391-1-1-0.wav,car_horn,1,0.9512895345687866
46654-6-0-0.wav,gun_shot,1,0.7134610414505005
46655-6-0-0.wav,gun_shot,1,0.8894369602203369
46656-6-1-0.wav,gun_shot,1,0.8459206819534302
46656-6-2-0.wav,gun_shot,1,0.5130019187927246
46656-6-3-0.wav,gun_shot,1,0.5354253053665161
46656-6-4-0.wav,gun_shot,1,0.8100837469100952
46656-6-5-0.wav,gun_shot,1,0.889284074306488
46668-4-0-0.wav,drilling,0,0.2083391994237899
46668-4-0-1.wav,drilling,0,0.2364149093627929
46668-4-0-2.wav,drilling,0,0.4382511973381042
46669-4-0-0.wav,drilling,0,0.2822843492031097
46669-4-0-10.wav,drilling,0,0.2803790867328644
46669-4-0-2.wav,drilling,0,0.1075766533613205
46669-4-0-24.wav,drilling,0,0.3406300544738769
46669-4-0-26.wav,drilling,0,0.3878753185272217
46669-4-0-3.wav,drilling,0,0.1304997652769088
46669-4-0-30.wav,drilling,0,0.0941769853234291
46669-4-0-31.wav,drilling,0,0.2865766584873199
46669-4-0-32.wav,drilling,0,0.3911775946617126
46669-4-0-33.wav,drilling,0,0.293500542640686
46669-4-0-35.wav,drilling,0,0.1565228551626205
46669-4-0-36.wav,drilling,0,0.2712814211845398
46669-4-0-37.wav,drilling,0,0.3920852541923523
46669-4-0-39.wav,drilling,0,0.0160813108086586
46669-4-0-4.wav,drilling,0,0.1272967457771301
46669-4-0-45.wav,drilling,0,0.1847166568040847
46669-4-0-48.wav,drilling,0,0.2791177034378052
46669-4-0-49.wav,drilling,0,0.2658104300498962
46669-4-0-54.wav,drilling,0,0.1203232854604721
46669-4-0-61.wav,drilling,0,0.2734506726264953
46669-4-0-63.wav,drilling,0,0.3229036629199981
46669-4-0-8.wav,drilling,0,0.2205026298761367
46669-4-0-9.wav,drilling,0,0.2308689355850219
46918-5-0-0.wav,engine_idling,0,0.7880744338035583
46918-5-0-1.wav,engine_idling,0,0.8016038537025452
46918-5-0-2.wav,engine_idling,0,0.7764027118682861
47019-2-0-42.wav,children_playing,0,0.6863570213317871
47019-2-0-44.wav,children_playing,0,0.6039218306541443
47019-2-0-55.wav,children_playing,0,0.2957172393798828
47019-2-0-65.wav,children_playing,0,0.7208040952682495
47019-2-0-66.wav,children_playing,0,0.7738965749740601
47019-2-0-69.wav,children_playing,0,0.7716788649559021
47019-2-0-73.wav,children_playing,0,0.7962883710861206
47160-0-0-0.wav,air_conditioner,0,0.0924665033817291
47160-0-0-1.wav,air_conditioner,0,0.1399139463901519
47160-0-0-2.wav,air_conditioner,0,0.236430361866951
47160-0-0-3.wav,air_conditioner,0,0.1816572397947311
47160-0-0-4.wav,air_conditioner,0,0.1389676928520202
47926-3-0-0.wav,dog_bark,1,0.9275951385498048
47926-3-1-0.wav,dog_bark,1,0.6261781454086304
47926-3-2-0.wav,dog_bark,1,0.8676551580429077
47926-3-3-0.wav,dog_bark,1,0.9271955490112304
4910-3-0-0.wav,dog_bark,1,0.8998571634292603
4912-3-0-0.wav,dog_bark,1,0.8975203037261963
4912-3-1-0.wav,dog_bark,1,0.9083776473999025
4912-3-2-0.wav,dog_bark,1,0.8569645285606384
4912-3-3-0.wav,dog_bark,1,0.7023199796676636
4918-3-0-0.wav,dog_bark,1,0.5430600047111511
4918-3-1-0.wav,dog_bark,1,0.7260172963142395
4918-3-3-0.wav,dog_bark,1,0.8999581933021545
4918-3-4-0.wav,dog_bark,1,0.8804605603218079
49312-2-0-1.wav,children_playing,0,0.4069311618804931
49312-2-0-10.wav,children_playing,0,0.5697503089904785
49312-2-0-16.wav,children_playing,0,0.58921217918396
49312-2-0-17.wav,children_playing,0,0.6020219922065735
49312-2-0-2.wav,children_playing,0,0.3787270188331604
49312-2-0-5.wav,children_playing,0,0.5633436441421509
49312-2-0-7.wav,children_playing,0,0.5809212327003479
49313-2-0-1.wav,children_playing,0,0.6198290586471558
49313-2-0-10.wav,children_playing,0,0.5328719019889832
49313-2-0-13.wav,children_playing,0,0.6081351041793823
49313-2-0-20.wav,children_playing,0,0.8665735721588135
49313-2-0-30.wav,children_playing,0,0.764746904373169
49313-2-0-4.wav,children_playing,0,0.4562503099441528
49313-2-0-9.wav,children_playing,0,0.4593628048896789
49485-9-0-138.wav,street_music,0,0.653955340385437
49485-9-0-142.wav,street_music,0,0.5253998637199402
49485-9-0-154.wav,street_music,0,0.6784548759460449
49485-9-0-24.wav,street_music,0,0.6419867873191833
49485-9-0-28.wav,street_music,0,0.4808217287063598
49485-9-0-91.wav,street_music,0,0.8361099362373352
49769-5-0-0.wav,engine_idling,0,0.5311436653137207
49769-5-1-0.wav,engine_idling,0,0.9345511794090272
49808-3-0-6.wav,dog_bark,1,0.7552510499954224
49808-3-1-22.wav,dog_bark,1,0.7919583320617676
49808-3-1-8.wav,dog_bark,1,0.8703318238258362
49809-3-0-0.wav,dog_bark,1,0.5952649116516113
49809-3-3-0.wav,dog_bark,1,0.6795392036437988
49809-3-4-0.wav,dog_bark,1,0.536583423614502
49974-1-0-0.wav,car_horn,1,0.8327188491821289
50223-3-0-1.wav,dog_bark,1,0.6517717242240906
50223-3-0-10.wav,dog_bark,1,0.5251367092132568
50223-3-0-3.wav,dog_bark,1,0.2638168334960937
50223-3-0-6.wav,dog_bark,1,0.554805338382721
50413-4-0-0.wav,drilling,0,0.4460828602313995
50413-4-0-1.wav,drilling,0,0.5500686168670654
50413-4-0-2.wav,drilling,0,0.5439568758010864
50413-4-0-3.wav,drilling,0,0.7018388509750366
50414-4-0-0.wav,drilling,0,0.1399057209491729
50414-4-0-1.wav,drilling,0,0.1832338571548462
50415-4-0-0.wav,drilling,0,0.0090157147496938
50415-4-0-1.wav,drilling,0,0.0096530839800834
50416-4-0-0.wav,drilling,0,0.2684181630611419
50416-4-0-1.wav,drilling,0,0.307466447353363
50416-4-0-2.wav,drilling,0,0.4947748184204101
50454-5-0-0.wav,engine_idling,0,0.7304151654243469
50455-5-0-0.wav,engine_idling,0,0.7351723909378052
50612-3-0-0.wav,dog_bark,1,0.8261770606040955
50613-3-0-0.wav,dog_bark,1,0.8880674839019775
50614-3-0-0.wav,dog_bark,1,0.8885552287101746
50618-6-0-0.wav,gun_shot,1,0.8831568360328674
50629-4-0-0.wav,drilling,0,0.2244443595409393
50629-4-0-1.wav,drilling,0,0.4044044315814972
50629-4-1-0.wav,drilling,0,0.3818000257015228
50629-4-1-1.wav,drilling,0,0.2877147793769836
50629-4-1-11.wav,drilling,0,0.0059468816034495
50629-4-1-13.wav,drilling,0,0.0119671914726495
50629-4-1-2.wav,drilling,0,0.286963939666748
50629-4-1-3.wav,drilling,0,0.3233769237995147
50629-4-1-4.wav,drilling,0,0.2891252338886261
50629-4-1-8.wav,drilling,0,0.0074737733229994
50629-4-1-9.wav,drilling,0,0.0127886161208152
50629-4-2-0.wav,drilling,0,0.7219196557998657
50629-4-3-0.wav,drilling,0,0.2018370032310485
50629-4-4-0.wav,drilling,0,0.0819386392831802
50629-4-4-3.wav,drilling,0,0.1638360023498535
50629-4-4-8.wav,drilling,0,0.0555885881185531
50629-4-4-9.wav,drilling,0,0.0612301342189312
50661-5-0-0.wav,engine_idling,0,0.9518507122993468
50661-5-0-1.wav,engine_idling,0,0.9460394382476808
50661-5-0-2.wav,engine_idling,0,0.9299986958503724
50661-5-0-3.wav,engine_idling,0,0.908876359462738
50661-5-0-4.wav,engine_idling,0,0.9398794174194336
50661-5-0-5.wav,engine_idling,0,0.9455649852752686
50668-5-0-0.wav,engine_idling,0,0.885218620300293
50668-5-0-1.wav,engine_idling,0,0.8885697722434998
50668-5-0-2.wav,engine_idling,0,0.8982865810394287
50668-5-1-0.wav,engine_idling,0,0.944987416267395
50668-5-2-0.wav,engine_idling,0,0.926048994064331
50668-5-3-0.wav,engine_idling,0,0.9206083416938782
50668-5-4-0.wav,engine_idling,0,0.9500868916511536
50668-5-5-0.wav,engine_idling,0,0.9020090103149414
50668-5-5-1.wav,engine_idling,0,0.8891242146492004
50668-5-5-2.wav,engine_idling,0,0.8787950277328491
50668-5-6-0.wav,engine_idling,0,0.9382309913635254
50668-5-7-0.wav,engine_idling,0,0.913631796836853
50885-3-0-2.wav,dog_bark,1,0.7719736099243164
50885-3-0-3.wav,dog_bark,1,0.5854699015617371
50885-3-0-4.wav,dog_bark,1,0.494001567363739
50885-3-0-5.wav,dog_bark,1,0.551499605178833
50898-5-0-0.wav,engine_idling,0,0.8294512033462524
50901-0-0-0.wav,air_conditioner,0,0.1520423144102096
50901-0-1-0.wav,air_conditioner,0,0.0931659787893295
50901-0-1-1.wav,air_conditioner,0,0.2677108347415924
51022-3-13-0.wav,dog_bark,1,2.4403333629026414e-13
51022-3-29-0.wav,dog_bark,1,0.001001269207336
51022-3-30-4.wav,dog_bark,1,4.590331190221613e-38
51022-3-7-0.wav,dog_bark,1,1.1447910674977635e-10
51024-3-0-16.wav,dog_bark,1,0.5874449610710144
51024-3-0-2.wav,dog_bark,1,0.23329858481884
51024-3-0-23.wav,dog_bark,1,0.5235746502876282
51024-3-0-3.wav,dog_bark,1,0.4625822901725769
51027-3-0-7.wav,dog_bark,1,0.3338690102100372
51027-3-0-9.wav,dog_bark,1,0.1768810153007507
51027-3-1-1.wav,dog_bark,1,0.1260496079921722
51027-3-1-4.wav,dog_bark,1,0.1369412988424301
518-4-0-0.wav,drilling,0,0.1336593031883239
518-4-0-1.wav,drilling,0,0.2114172726869583
518-4-0-2.wav,drilling,0,0.2420599460601806
518-4-0-3.wav,drilling,0,0.3969880640506744
52077-3-0-13.wav,dog_bark,1,0.6065816283226013
52077-3-0-17.wav,dog_bark,1,0.5267199873924255
52077-3-0-3.wav,dog_bark,1,0.6629132628440857
52077-3-0-8.wav,dog_bark,1,0.5448288321495056
52102-1-0-0.wav,car_horn,1,0.6168886423110962
52171-3-2-0.wav,dog_bark,1,0.5323240756988525
52171-3-3-0.wav,dog_bark,1,0.536686897277832
52171-3-6-0.wav,dog_bark,1,0.1922058463096618
52171-3-6-1.wav,dog_bark,1,0.2090020477771759
52284-6-0-0.wav,gun_shot,1,0.9040376543998718
52411-9-0-4.wav,street_music,0,0.2104129791259765
52411-9-0-52.wav,street_music,0,0.2113759666681289
52411-9-0-6.wav,street_music,0,0.2146972268819809
52411-9-0-64.wav,street_music,0,0.2201624810695648
52411-9-0-66.wav,street_music,0,0.2287728190422058
52411-9-0-79.wav,street_music,0,0.1919018328189849
52441-3-0-0.wav,dog_bark,1,0.5543091893196106
52441-3-0-13.wav,dog_bark,1,0.4718533456325531
52441-3-0-8.wav,dog_bark,1,0.5078227519989014
52441-3-1-2.wav,dog_bark,1,0.5266019701957703
52633-3-0-1.wav,dog_bark,1,0.6230657696723938
52633-3-0-2.wav,dog_bark,1,0.6765039563179016
52633-3-0-8.wav,dog_bark,1,0.6926515698432922
52633-3-0-9.wav,dog_bark,1,0.653964638710022
52740-3-0-0.wav,dog_bark,1,0.2455058246850967
52740-3-0-1.wav,dog_bark,1,0.2682542204856872
52740-3-0-2.wav,dog_bark,1,0.2638386487960815
52740-3-0-3.wav,dog_bark,1,0.260843425989151
52882-2-0-0.wav,children_playing,0,0.4926182329654693
52882-2-0-11.wav,children_playing,0,0.5141170620918274
52882-2-0-3.wav,children_playing,0,0.510096549987793
52882-2-0-4.wav,children_playing,0,0.5140846967697144
52882-2-0-6.wav,children_playing,0,0.5112766027450562
52882-2-0-7.wav,children_playing,0,0.5028660297393799
52882-2-0-8.wav,children_playing,0,0.4939725399017334
54067-2-0-23.wav,children_playing,0,0.8955113887786865
54067-2-0-33.wav,children_playing,0,0.1190273538231849
54067-2-0-48.wav,children_playing,0,0.2715743482112884
54067-2-0-60.wav,children_playing,0,0.8653034567832947
54067-2-0-70.wav,children_playing,0,0.7495366930961609
54067-2-0-71.wav,children_playing,0,0.8031213283538818
54067-2-0-80.wav,children_playing,0,0.5854889154434204
54081-9-0-24.wav,street_music,0,0.2107678204774856
54081-9-0-47.wav,street_music,0,0.3299615979194641
54081-9-0-56.wav,street_music,0,0.1214002072811126
54081-9-0-87.wav,street_music,0,0.5514001846313477
54081-9-0-93.wav,street_music,0,0.3756168782711029
54173-2-0-18.wav,children_playing,0,0.0004146444262005
54173-2-0-2.wav,children_playing,0,0.6102104187011719
54173-2-0-21.wav,children_playing,0,0.0217134375125169
54173-2-0-26.wav,children_playing,0,0.515257716178894
54173-2-0-28.wav,children_playing,0,0.4743229448795318
54173-2-0-4.wav,children_playing,0,0.462718516588211
54173-2-0-5.wav,children_playing,0,0.5374939441680908
54173-2-0-9.wav,children_playing,0,0.5954341292381287
54187-1-0-0.wav,car_horn,1,0.4093191027641296
54187-1-0-1.wav,car_horn,1,0.4713602364063263
54187-1-0-2.wav,car_horn,1,0.5466477274894714
54187-1-0-3.wav,car_horn,1,0.5405007004737854
54187-1-0-4.wav,car_horn,1,0.4860149919986725
54383-0-0-0.wav,air_conditioner,0,0.8777869343757629
54383-0-0-1.wav,air_conditioner,0,0.8848324418067932
54383-0-0-10.wav,air_conditioner,0,0.9328652620315552
54383-0-0-11.wav,air_conditioner,0,0.9477403163909912
54383-0-0-2.wav,air_conditioner,0,0.8909890055656433
54383-0-0-3.wav,air_conditioner,0,0.9108415842056274
54383-0-0-4.wav,air_conditioner,0,0.9163806438446044
54383-0-0-5.wav,air_conditioner,0,0.9164440035820008
54383-0-0-6.wav,air_conditioner,0,0.9193373918533324
54383-0-0-7.wav,air_conditioner,0,0.9141277074813844
54383-0-0-8.wav,air_conditioner,0,0.912174642086029
54383-0-0-9.wav,air_conditioner,0,0.9033377170562744
54545-3-0-0.wav,dog_bark,1,0.5003805160522461
54545-3-0-1.wav,dog_bark,1,0.5310493111610413
54545-3-0-2.wav,dog_bark,1,0.4853399991989136
54697-7-0-0.wav,jackhammer,0,0.4075865745544433
54697-7-0-1.wav,jackhammer,0,0.5990087389945984
54697-7-0-2.wav,jackhammer,0,0.7430306077003479
54697-7-0-3.wav,jackhammer,0,0.7558169960975647
54697-7-0-4.wav,jackhammer,0,0.7322041988372803
54823-3-0-0.wav,dog_bark,1,0.6860621571540833
54823-3-1-0.wav,dog_bark,1,0.6820995807647705
54823-3-2-1.wav,dog_bark,1,0.5097739696502686
54858-3-0-0.wav,dog_bark,1,0.3009882569313049
54858-3-1-2.wav,dog_bark,1,0.4667963087558746
54858-3-2-0.wav,dog_bark,1,0.5644736289978027
54898-8-0-0.wav,siren,1,0.7353365421295166
54898-8-0-1.wav,siren,1,0.6830623745918274
54898-8-0-10.wav,siren,1,0.852101743221283
54898-8-0-2.wav,siren,1,0.6210706830024719
54898-8-0-3.wav,siren,1,0.6514002084732056
54898-8-0-4.wav,siren,1,0.6226256489753723
54898-8-0-5.wav,siren,1,0.6055124998092651
54898-8-0-6.wav,siren,1,0.7088381052017212
54898-8-0-7.wav,siren,1,0.6288654208183289
54898-8-0-8.wav,siren,1,0.9336917400360109
54898-8-0-9.wav,siren,1,0.9848524332046508
54914-2-0-23.wav,children_playing,0,0.0011283884523436
54914-2-0-26.wav,children_playing,0,1.6554331523366272e-05
54914-2-0-27.wav,children_playing,0,1.1185259154444791e-06
54914-2-0-3.wav,children_playing,0,0.0023100653197616
54914-2-0-34.wav,children_playing,0,7.63580683269538e-05
54914-2-0-35.wav,children_playing,0,1.2414327557053184e-06
54914-2-0-48.wav,children_playing,0,6.541801849380136e-05
54976-4-0-0.wav,drilling,0,0.5378226041793823
54976-4-0-1.wav,drilling,0,0.3494093716144562
54976-4-0-2.wav,drilling,0,0.2724946141242981
54976-4-0-3.wav,drilling,0,0.2393051832914352
54976-4-0-4.wav,drilling,0,0.2151132076978683
54976-4-0-5.wav,drilling,0,0.4621219635009765
54976-4-0-6.wav,drilling,0,0.5717821717262268
54976-4-0-7.wav,drilling,0,0.6257367134094238
54976-4-0-8.wav,drilling,0,0.7871202230453491
54976-4-0-9.wav,drilling,0,0.8400799036026001
54976-4-1-0.wav,drilling,0,0.3087461590766907
54976-4-1-1.wav,drilling,0,0.2710655331611633
54976-4-1-2.wav,drilling,0,0.191885694861412
54976-4-1-3.wav,drilling,0,0.3456330597400665
55013-3-0-1.wav,dog_bark,1,0.5481274127960205
55013-3-0-3.wav,dog_bark,1,0.5283737182617188
55013-3-0-4.wav,dog_bark,1,0.5262686014175415
55013-3-0-7.wav,dog_bark,1,0.5420870780944824
55018-0-0-102.wav,air_conditioner,0,0.5208232402801514
55018-0-0-106.wav,air_conditioner,0,0.4856972694396972
55018-0-0-110.wav,air_conditioner,0,0.2954240143299103
55018-0-0-116.wav,air_conditioner,0,0.1194558888673782
55018-0-0-121.wav,air_conditioner,0,0.1096347942948341
55018-0-0-145.wav,air_conditioner,0,0.506906270980835
55018-0-0-146.wav,air_conditioner,0,0.4759133160114288
55018-0-0-148.wav,air_conditioner,0,0.2948194444179535
55018-0-0-162.wav,air_conditioner,0,0.4152571558952331
55018-0-0-194.wav,air_conditioner,0,0.2768877446651459
55018-0-0-2.wav,air_conditioner,0,0.6871766448020935
55018-0-0-209.wav,air_conditioner,0,0.3744815587997436
55018-0-0-246.wav,air_conditioner,0,0.3538267016410827
55018-0-0-248.wav,air_conditioner,0,0.4767782390117645
55018-0-0-26.wav,air_conditioner,0,0.4665669500827789
55018-0-0-37.wav,air_conditioner,0,0.2950417995452881
55018-0-0-44.wav,air_conditioner,0,0.0542495734989643
55018-0-0-49.wav,air_conditioner,0,0.4956673085689544
55018-0-0-8.wav,air_conditioner,0,0.6907838582992554
55018-0-0-84.wav,air_conditioner,0,0.271070659160614
55018-0-0-87.wav,air_conditioner,0,0.520366907119751
55018-0-0-92.wav,air_conditioner,0,0.4019434154033661
55018-0-0-93.wav,air_conditioner,0,0.4211359322071075
55020-4-0-0.wav,drilling,0,0.0779773816466331
55020-4-0-1.wav,drilling,0,0.0044670947827398
55020-4-0-10.wav,drilling,0,0.0819388329982757
55020-4-0-11.wav,drilling,0,0.0538743063807487
55020-4-0-12.wav,drilling,0,0.0550184547901153
55020-4-0-13.wav,drilling,0,0.1786327958106994
55020-4-0-14.wav,drilling,0,0.7661248445510864
55020-4-0-2.wav,drilling,0,0.0045755882747471
55020-4-0-3.wav,drilling,0,0.0200295429676771
55020-4-0-4.wav,drilling,0,0.0749793350696563
55020-4-0-5.wav,drilling,0,0.198288157582283
55020-4-0-6.wav,drilling,0,0.3522534072399139
55020-4-0-7.wav,drilling,0,0.3212011754512787
55020-4-0-8.wav,drilling,0,0.1161275580525398
55020-4-0-9.wav,drilling,0,0.0978032052516937
55728-9-0-14.wav,street_music,0,0.3012351989746094
55728-9-0-28.wav,street_music,0,0.7732399702072144
55728-9-0-30.wav,street_music,0,0.2625809907913208
55728-9-0-34.wav,street_music,0,0.0837282240390777
55728-9-0-67.wav,street_music,0,0.0122262593358755
55728-9-0-8.wav,street_music,0,0.0383276864886283
56385-0-0-0.wav,air_conditioner,0,0.0394712723791599
56385-0-0-1.wav,air_conditioner,0,0.0562991052865982
56385-0-0-2.wav,air_conditioner,0,0.0634143576025962
57105-3-0-1.wav,dog_bark,1,0.5659526586532593
57105-3-1-0.wav,dog_bark,1,0.5037363767623901
57105-3-4-2.wav,dog_bark,1,0.5173234343528748
57105-3-4-4.wav,dog_bark,1,0.6206714510917664
57320-0-0-0.wav,air_conditioner,0,0.5501618981361389
57320-0-0-10.wav,air_conditioner,0,0.6912898421287537
57320-0-0-11.wav,air_conditioner,0,0.6726277470588684
57320-0-0-13.wav,air_conditioner,0,0.7715776562690735
57320-0-0-15.wav,air_conditioner,0,0.7465571761131287
57320-0-0-21.wav,air_conditioner,0,0.7275288105010986
57320-0-0-22.wav,air_conditioner,0,0.6911373734474182
57320-0-0-24.wav,air_conditioner,0,0.4511384963989258
57320-0-0-27.wav,air_conditioner,0,0.5201818943023682
57320-0-0-31.wav,air_conditioner,0,0.6506710052490234
57320-0-0-32.wav,air_conditioner,0,0.7349433898925781
57320-0-0-33.wav,air_conditioner,0,0.7450383901596069
57320-0-0-34.wav,air_conditioner,0,0.7469276785850525
57320-0-0-36.wav,air_conditioner,0,0.8239172101020813
57320-0-0-37.wav,air_conditioner,0,0.8312059640884399
57320-0-0-38.wav,air_conditioner,0,0.832986056804657
57320-0-0-39.wav,air_conditioner,0,0.8720300793647766
57320-0-0-4.wav,air_conditioner,0,0.6630117893218994
57320-0-0-42.wav,air_conditioner,0,0.727022647857666
57320-0-0-45.wav,air_conditioner,0,0.7862834334373474
57320-0-0-5.wav,air_conditioner,0,0.58674156665802
57320-0-0-6.wav,air_conditioner,0,0.5410628318786621
57320-0-0-7.wav,air_conditioner,0,0.3348574936389923
57320-0-0-9.wav,air_conditioner,0,0.6679612994194031
57323-8-0-0.wav,siren,1,0.8964873552322388
57323-8-0-1.wav,siren,1,0.9165453314781188
57323-8-0-10.wav,siren,1,0.6301851272583008
57323-8-0-11.wav,siren,1,0.7043551802635193
57323-8-0-2.wav,siren,1,0.9749169945716858
57323-8-0-3.wav,siren,1,0.9027308225631714
57323-8-0-4.wav,siren,1,0.5770244002342224
57323-8-0-5.wav,siren,1,0.5568028092384338
57323-8-0-6.wav,siren,1,0.6955041885375977
57323-8-0-7.wav,siren,1,0.7808656692504883
57323-8-0-8.wav,siren,1,0.6965880393981934
57323-8-0-9.wav,siren,1,0.5165417194366455
57323-8-2-0.wav,siren,1,0.8929044604301453
57553-3-0-0.wav,dog_bark,1,0.5851926803588867
57553-3-1-0.wav,dog_bark,1,0.5418831706047058
57553-3-2-0.wav,dog_bark,1,0.585146427154541
57584-4-0-0.wav,drilling,0,0.0205135382711887
57584-4-0-1.wav,drilling,0,0.0241221636533737
57584-4-0-2.wav,drilling,0,0.0220183264464139
57584-4-0-3.wav,drilling,0,0.0195394046604633
57584-4-0-4.wav,drilling,0,0.0129405874758958
57584-4-0-5.wav,drilling,0,0.0166807286441326
57584-4-0-6.wav,drilling,0,0.0124741178005933
57584-4-0-7.wav,drilling,0,0.0603806115686893
57584-4-0-8.wav,drilling,0,0.0749039500951767
57596-3-0-0.wav,dog_bark,1,0.6680785417556763
57596-3-1-0.wav,dog_bark,1,0.2548674643039703
57607-1-0-0.wav,car_horn,1,0.3429161012172699
57696-4-0-0.wav,drilling,0,0.6443732976913452
57696-4-0-1.wav,drilling,0,0.5610515475273132
57696-4-0-2.wav,drilling,0,0.1881915181875229
57696-4-0-3.wav,drilling,0,0.0002608314680401
57696-4-0-4.wav,drilling,0,0.0001042318108375
57696-4-0-5.wav,drilling,0,0.0007795440033078
58005-4-0-13.wav,drilling,0,0.2738661766052246
58005-4-0-17.wav,drilling,0,0.168547511100769
58005-4-0-23.wav,drilling,0,0.1397097706794738
58005-4-0-24.wav,drilling,0,0.1406534910202026
58005-4-0-26.wav,drilling,0,0.2342631369829177
58005-4-0-30.wav,drilling,0,0.2586745023727417
58005-4-0-32.wav,drilling,0,0.3704888224601745
58005-4-0-34.wav,drilling,0,0.3499169647693634
58005-4-0-40.wav,drilling,0,0.2434534728527069
58005-4-0-41.wav,drilling,0,0.1959468424320221
58005-4-0-44.wav,drilling,0,0.2397349029779434
58005-4-0-45.wav,drilling,0,0.2309123575687408
58005-4-0-51.wav,drilling,0,0.2755474150180816
58005-4-0-55.wav,drilling,0,0.4469009637832641
58005-4-0-63.wav,drilling,0,0.2183713316917419
58005-4-0-68.wav,drilling,0,0.3157092034816742
58005-4-0-70.wav,drilling,0,0.2327065020799636
58005-4-0-76.wav,drilling,0,0.2853915095329284
58202-1-0-0.wav,car_horn,1,0.8679518699645996
58382-3-0-0.wav,dog_bark,1,0.7253933548927307
58806-0-0-0.wav,air_conditioner,0,0.2879079282283783
58857-2-0-10.wav,children_playing,0,0.5162239074707031
58857-2-0-12.wav,children_playing,0,0.5567640066146851
58857-2-0-13.wav,children_playing,0,0.527157723903656
58857-2-0-14.wav,children_playing,0,0.6630740761756897
58857-2-0-16.wav,children_playing,0,0.6229680180549622
58857-2-0-25.wav,children_playing,0,0.7388108968734741
58857-2-0-7.wav,children_playing,0,0.4594972729682922
58857-2-0-8.wav,children_playing,0,0.457593023777008
58937-4-0-0.wav,drilling,0,0.0298493672162294
58937-4-0-12.wav,drilling,0,0.0214977022260427
58937-4-0-13.wav,drilling,0,0.0118960402905941
58937-4-0-2.wav,drilling,0,0.0025018693413585
58937-4-0-4.wav,drilling,0,0.0719692036509513
58937-4-0-7.wav,drilling,0,0.0959182754158973
58937-4-1-0.wav,drilling,0,0.0052585294470191
58937-4-1-1.wav,drilling,0,0.2256520092487335
58937-4-2-10.wav,drilling,0,0.0308389831334352
58937-4-2-2.wav,drilling,0,1.531719317426905e-05
58937-4-2-9.wav,drilling,0,0.0985083803534507
58937-4-3-6.wav,drilling,0,0.0418824292719364
58937-4-3-9.wav,drilling,0,0.000239418252022
58937-4-4-1.wav,drilling,0,0.2780483365058899
58937-4-5-2.wav,drilling,0,0.5175797343254089
58937-4-5-4.wav,drilling,0,0.2089128494262695
59037-2-0-6.wav,children_playing,0,0.363623172044754
59037-2-1-2.wav,children_playing,0,0.3063524961471557
59037-2-1-3.wav,children_playing,0,0.3133688271045685
59037-2-2-0.wav,children_playing,0,0.414646178483963
59037-2-3-0.wav,children_playing,0,0.4240297675132751
59037-2-4-3.wav,children_playing,0,0.3110687136650085
59037-2-4-5.wav,children_playing,0,0.3126243650913238
59037-2-4-8.wav,children_playing,0,0.3940013349056244
59277-0-0-0.wav,air_conditioner,0,0.0001742036547511
59277-0-0-1.wav,air_conditioner,0,3.774118158617057e-05
59277-0-0-2.wav,air_conditioner,0,0.0001176925070467
59277-0-0-3.wav,air_conditioner,0,6.453070091083646e-05
59277-0-0-4.wav,air_conditioner,0,3.054018452530727e-05
59277-0-0-5.wav,air_conditioner,0,4.759197327075526e-05
59277-0-0-6.wav,air_conditioner,0,0.0001338140718871
59277-0-0-7.wav,air_conditioner,0,0.0001766848145052
59594-4-0-0.wav,drilling,0,0.195415660738945
59594-4-0-1.wav,drilling,0,0.1970500648021698
59594-4-0-2.wav,drilling,0,0.3048848509788513
59594-4-0-3.wav,drilling,0,0.2654922306537628
59594-4-0-4.wav,drilling,0,0.3023584187030792
59595-4-0-0.wav,drilling,0,0.5077497363090515
59595-4-0-1.wav,drilling,0,0.5033396482467651
59800-3-0-0.wav,dog_bark,1,0.4040330350399017
59800-3-1-0.wav,dog_bark,1,0.4466904103755951
59800-3-2-0.wav,dog_bark,1,0.6124206781387329
59800-3-3-1.wav,dog_bark,1,0.5310701131820679
60591-2-0-11.wav,children_playing,0,0.7732997536659241
60591-2-0-12.wav,children_playing,0,0.7360624074935913
60591-2-0-15.wav,children_playing,0,0.7390401363372803
60591-2-0-16.wav,children_playing,0,0.7439997792243958
60591-2-0-2.wav,children_playing,0,0.7484553456306458
60591-2-0-4.wav,children_playing,0,0.7833548784255981
60591-2-0-7.wav,children_playing,0,0.8509500026702881
60591-2-0-8.wav,children_playing,0,0.8344975709915161
60605-9-0-34.wav,street_music,0,9.562952618580312e-05
60605-9-0-52.wav,street_music,0,0.0041384561918675
60605-9-0-64.wav,street_music,0,0.2323111742734909
60605-9-0-73.wav,street_music,0,0.2400950044393539
60605-9-0-90.wav,street_music,0,0.0129760894924402
60605-9-0-95.wav,street_music,0,5.607285402220441e-06
60608-9-0-0.wav,street_music,0,0.9546152949333192
60608-9-0-1.wav,street_music,0,0.9999927282333374
60608-9-0-2.wav,street_music,0,0.9999990463256836
60608-9-0-3.wav,street_music,0,0.9997065663337708
60608-9-0-4.wav,street_music,0,0.9988670945167542
60608-9-0-5.wav,street_music,0,0.9721876978874208
60846-0-0-0.wav,air_conditioner,0,0.1810232847929
60846-0-0-1.wav,air_conditioner,0,0.2595231235027313
60846-0-0-2.wav,air_conditioner,0,0.1219824478030204
60846-0-0-3.wav,air_conditioner,0,0.0982543006539344
60935-2-0-0.wav,children_playing,0,0.5751058459281921
60935-2-0-11.wav,children_playing,0,0.2822853326797485
60935-2-0-12.wav,children_playing,0,0.4376746118068695
60935-2-0-13.wav,children_playing,0,0.4045964777469635
60935-2-0-14.wav,children_playing,0,0.5011305212974548
60935-2-0-15.wav,children_playing,0,0.5542778372764587
60935-2-0-4.wav,children_playing,0,0.6029866337776184
60935-2-0-9.wav,children_playing,0,0.8488849401473999
61077-3-0-0.wav,dog_bark,1,0.954302191734314
61077-3-1-0.wav,dog_bark,1,0.9458776712417604
61077-3-2-0.wav,dog_bark,1,0.9196001291275024
61077-3-3-0.wav,dog_bark,1,0.948203980922699
61250-3-0-31.wav,dog_bark,1,0.4835961759090423
61250-3-0-36.wav,dog_bark,1,0.4853246808052063
61250-3-0-47.wav,dog_bark,1,0.473821610212326
61250-3-0-62.wav,dog_bark,1,0.4568448066711426
61503-2-0-0.wav,children_playing,0,0.8583371639251709
61503-2-0-2.wav,children_playing,0,0.6455278396606445
61503-2-0-3.wav,children_playing,0,0.7624198198318481
61503-2-0-5.wav,children_playing,0,0.2641727924346924
61503-2-0-6.wav,children_playing,0,0.4882012605667114
61503-2-0-7.wav,children_playing,0,0.536632239818573
61503-2-0-8.wav,children_playing,0,0.3449505567550659
61503-2-0-9.wav,children_playing,0,0.3814727067947387
61626-9-0-10.wav,street_music,0,0.2524168491363525
61626-9-0-12.wav,street_music,0,0.2463177144527435
61626-9-0-2.wav,street_music,0,0.2799975872039795
61626-9-0-3.wav,street_music,0,0.3129276633262634
61626-9-0-6.wav,street_music,0,0.3900895118713379
61626-9-0-7.wav,street_music,0,0.3538786172866821
61789-9-0-10.wav,street_music,0,0.3805553019046783
61789-9-0-12.wav,street_music,0,0.3987734615802765
61789-9-0-14.wav,street_music,0,0.5388041734695435
61789-9-0-16.wav,street_music,0,0.491335391998291
61789-9-0-26.wav,street_music,0,0.1809363961219787
61789-9-0-65.wav,street_music,0,0.4847249090671539
61789-9-0-69.wav,street_music,0,0.4374045729637146
61790-9-0-10.wav,street_music,0,0.8526602387428284
61790-9-0-15.wav,street_music,0,0.905310034751892
61790-9-0-16.wav,street_music,0,0.7681249380111694
61790-9-0-20.wav,street_music,0,0.8399929404258728
61790-9-1-1.wav,street_music,0,0.8677926659584045
61790-9-1-20.wav,street_music,0,0.5037161707878113
61791-9-1-1.wav,street_music,0,0.5010673999786377
61791-9-1-40.wav,street_music,0,0.778792679309845
61791-9-1-41.wav,street_music,0,0.5577634572982788
61791-9-1-42.wav,street_music,0,0.4993484020233154
61791-9-1-44.wav,street_music,0,0.6582152247428894
61791-9-1-46.wav,street_music,0,0.5832481384277344
62048-3-0-2.wav,dog_bark,1,0.8376806378364563
62048-3-0-3.wav,dog_bark,1,0.815506637096405
62048-3-0-4.wav,dog_bark,1,0.692552924156189
62048-3-0-5.wav,dog_bark,1,0.5520661473274231
62461-0-0-0.wav,air_conditioner,0,0.2126450687646865
62461-0-0-1.wav,air_conditioner,0,0.1881687939167022
62461-0-0-2.wav,air_conditioner,0,0.1886186599731445
62461-0-0-3.wav,air_conditioner,0,0.2050862461328506
62564-5-0-0.wav,engine_idling,0,5.907832816703929e-12
62564-5-0-1.wav,engine_idling,0,1.6786697032422637e-11
62564-5-0-10.wav,engine_idling,0,2.5524198640075598e-12
62564-5-0-2.wav,engine_idling,0,3.184241715789571e-12
62564-5-0-3.wav,engine_idling,0,3.144947843813917e-12
62564-5-0-4.wav,engine_idling,0,1.1115494809310622e-11
62564-5-0-5.wav,engine_idling,0,4.802798436731592e-11
62564-5-0-6.wav,engine_idling,0,5.893047855254352e-11
62564-5-0-7.wav,engine_idling,0,4.320878290581254e-12
62564-5-0-8.wav,engine_idling,0,8.507014537251223e-13
62564-5-0-9.wav,engine_idling,0,5.019842506080729e-13
62566-5-0-0.wav,engine_idling,0,1.776786589293472e-37
62566-5-0-1.wav,engine_idling,0,4.3802295901051866e-36
62566-5-0-2.wav,engine_idling,0,2.173711666065491e-37
62566-5-0-3.wav,engine_idling,0,2.1025691723561534e-38
62566-5-0-4.wav,engine_idling,0,2.877052400214297e-38
62566-5-0-5.wav,engine_idling,0,2.6869005706566285e-37
62566-5-0-6.wav,engine_idling,0,4.438441366816825e-37
62566-5-0-7.wav,engine_idling,0,1.7425551502449555e-35
62566-5-1-0.wav,engine_idling,0,9.894654724055468e-25
62566-5-1-1.wav,engine_idling,0,4.6928726657735566e-27
62566-5-2-0.wav,engine_idling,0,2.7271517462096762e-15
62567-5-0-0.wav,engine_idling,0,6.566696509576256e-16
62567-5-0-1.wav,engine_idling,0,2.236002785399761e-18
62567-5-0-10.wav,engine_idling,0,1.2015380912444582e-09
62567-5-0-2.wav,engine_idling,0,5.803683354605306e-20
62567-5-0-3.wav,engine_idling,0,5.0278454549325325e-20
62567-5-0-4.wav,engine_idling,0,2.6275779898659063e-19
62567-5-0-5.wav,engine_idling,0,6.301307844039878e-19
62567-5-0-6.wav,engine_idling,0,3.9932415489635915e-19
62567-5-0-7.wav,engine_idling,0,1.6081311346462326e-19
62567-5-0-8.wav,engine_idling,0,2.825309311442113e-19
62567-5-0-9.wav,engine_idling,0,8.719427568649508e-16
62567-5-1-0.wav,engine_idling,0,2.706638895216135e-13
62567-5-1-1.wav,engine_idling,0,1.9169312803768435e-09
62837-7-0-12.wav,jackhammer,0,0.226196750998497
62837-7-0-15.wav,jackhammer,0,0.2100248634815216
62837-7-0-16.wav,jackhammer,0,0.1403710842132568
62837-7-0-17.wav,jackhammer,0,0.1400810778141021
62837-7-0-18.wav,jackhammer,0,0.1722411066293716
62837-7-0-2.wav,jackhammer,0,0.3275007903575897
62837-7-0-20.wav,jackhammer,0,0.2392854243516922
62837-7-0-21.wav,jackhammer,0,0.2646211981773376
62837-7-0-22.wav,jackhammer,0,0.2340709269046783
62837-7-0-24.wav,jackhammer,0,0.1398876309394836
62837-7-0-27.wav,jackhammer,0,0.1170589998364448
62837-7-0-28.wav,jackhammer,0,0.0729994848370552
62837-7-0-3.wav,jackhammer,0,0.249863252043724
62837-7-0-30.wav,jackhammer,0,0.0945389941334724
62837-7-0-31.wav,jackhammer,0,0.1194520592689514
62837-7-0-34.wav,jackhammer,0,0.1363008916378021
62837-7-0-37.wav,jackhammer,0,0.2655768394470215
62837-7-0-4.wav,jackhammer,0,0.1732372194528579
62837-7-0-7.wav,jackhammer,0,0.1464123278856277
62837-7-0-8.wav,jackhammer,0,0.1493860185146331
62837-7-0-9.wav,jackhammer,0,0.1477830857038498
62837-7-1-1.wav,jackhammer,0,0.0694712921977043
62837-7-1-11.wav,jackhammer,0,0.1894113719463348
62837-7-1-14.wav,jackhammer,0,0.1972896009683609
62837-7-1-15.wav,jackhammer,0,0.2375411987304687
62837-7-1-18.wav,jackhammer,0,0.2164151072502136
62837-7-1-2.wav,jackhammer,0,0.1939355432987213
62837-7-1-21.wav,jackhammer,0,0.2006009221076965
62837-7-1-22.wav,jackhammer,0,0.1971738338470459
62837-7-1-24.wav,jackhammer,0,0.1930690556764602
62837-7-1-26.wav,jackhammer,0,0.270445168018341
62837-7-1-27.wav,jackhammer,0,0.2403258979320526
62837-7-1-28.wav,jackhammer,0,0.1995732933282852
62837-7-1-29.wav,jackhammer,0,0.1689187884330749
62837-7-1-3.wav,jackhammer,0,0.2068147510290146
62837-7-1-31.wav,jackhammer,0,0.093116357922554
62837-7-1-32.wav,jackhammer,0,0.1187900602817535
62837-7-1-33.wav,jackhammer,0,0.1375561505556106
62837-7-1-35.wav,jackhammer,0,0.1104858368635177
62837-7-1-39.wav,jackhammer,0,0.0408968962728977
62837-7-1-4.wav,jackhammer,0,0.1269916892051696
62837-7-1-41.wav,jackhammer,0,0.0573898181319236
62837-7-1-44.wav,jackhammer,0,0.0669433623552322
62837-7-1-45.wav,jackhammer,0,0.0709073171019554
62837-7-1-46.wav,jackhammer,0,0.1136666014790535
62837-7-1-49.wav,jackhammer,0,0.2112261652946472
62837-7-1-5.wav,jackhammer,0,0.1911026686429977
62837-7-1-51.wav,jackhammer,0,0.2080226391553878
62837-7-1-53.wav,jackhammer,0,0.1615792512893676
62837-7-1-54.wav,jackhammer,0,0.1622275710105896
62837-7-1-55.wav,jackhammer,0,0.1203220710158348
62837-7-1-56.wav,jackhammer,0,0.1020802482962608
62837-7-1-6.wav,jackhammer,0,0.1512725204229354
62837-7-1-61.wav,jackhammer,0,0.1233953014016151
62837-7-1-62.wav,jackhammer,0,0.1005023047327995
62837-7-1-63.wav,jackhammer,0,0.1019464805722236
62837-7-1-64.wav,jackhammer,0,0.0625242516398429
62837-7-1-65.wav,jackhammer,0,0.0904125124216079
62837-7-1-69.wav,jackhammer,0,0.1610529422760009
62837-7-1-72.wav,jackhammer,0,0.2297553122043609
62837-7-1-73.wav,jackhammer,0,0.2142830789089203
62837-7-1-79.wav,jackhammer,0,0.1196200102567672
62837-7-1-80.wav,jackhammer,0,0.1390822827816009
62837-7-1-81.wav,jackhammer,0,0.1918724477291107
62837-7-1-84.wav,jackhammer,0,0.4863075017929077
62837-7-1-9.wav,jackhammer,0,0.4043976664543152
63095-4-0-1.wav,drilling,0,0.8322875499725342
63095-4-0-10.wav,drilling,0,0.7379839420318604
63095-4-0-14.wav,drilling,0,0.7914731502532959
63095-4-0-16.wav,drilling,0,0.7677483558654785
63095-4-0-20.wav,drilling,0,0.7965747117996216
63095-4-0-21.wav,drilling,0,0.7903245091438293
63095-4-0-26.wav,drilling,0,0.8121311068534851
63095-4-0-28.wav,drilling,0,0.818060040473938
63095-4-0-29.wav,drilling,0,0.8124979138374329
63095-4-0-4.wav,drilling,0,0.8295925259590149
63095-4-0-6.wav,drilling,0,0.3272220492362976
63095-4-0-8.wav,drilling,0,0.354777991771698
63095-4-1-10.wav,drilling,0,0.84120112657547
63095-4-1-18.wav,drilling,0,0.7631680965423584
63095-4-1-19.wav,drilling,0,0.7724549770355225
63095-4-1-20.wav,drilling,0,0.9059757590293884
63095-4-1-23.wav,drilling,0,0.8590315580368042
63095-4-1-27.wav,drilling,0,0.6892013549804688
63095-4-1-33.wav,drilling,0,0.1605026870965957
63095-4-1-4.wav,drilling,0,0.7743355631828308
63095-4-1-6.wav,drilling,0,0.6353138089179993
63095-4-1-7.wav,drilling,0,0.1251009404659271
63261-3-0-0.wav,dog_bark,1,0.9542572498321532
63261-3-0-1.wav,dog_bark,1,0.938845694065094
63292-3-0-0.wav,dog_bark,1,0.9348592758178712
63292-3-0-1.wav,dog_bark,1,0.9193546175956726
63724-0-0-0.wav,air_conditioner,0,0.3469680249691009
63724-0-0-1.wav,air_conditioner,0,0.3477135300636291
63724-0-0-10.wav,air_conditioner,0,0.4094879627227783
63724-0-0-11.wav,air_conditioner,0,0.3952492177486419
63724-0-0-12.wav,air_conditioner,0,0.3582924008369446
63724-0-0-13.wav,air_conditioner,0,0.3795531690120697
63724-0-0-14.wav,air_conditioner,0,0.3995454311370849
63724-0-0-15.wav,air_conditioner,0,0.4577704966068268
63724-0-0-16.wav,air_conditioner,0,0.5041902661323547
63724-0-0-2.wav,air_conditioner,0,0.3533127307891845
63724-0-0-3.wav,air_conditioner,0,0.3543173968791961
63724-0-0-4.wav,air_conditioner,0,0.4849517345428467
63724-0-0-5.wav,air_conditioner,0,0.4908579587936401
63724-0-0-6.wav,air_conditioner,0,0.3519056737422943
63724-0-0-7.wav,air_conditioner,0,0.326774924993515
63724-0-0-8.wav,air_conditioner,0,0.3570380508899688
63724-0-0-9.wav,air_conditioner,0,0.3762826025485992
63932-3-0-1.wav,dog_bark,1,0.8785141110420227
63932-3-0-2.wav,dog_bark,1,0.7496527433395386
63932-3-1-0.wav,dog_bark,1,0.8366297483444214
63932-3-1-1.wav,dog_bark,1,0.4682871699333191
64346-6-0-0.wav,gun_shot,1,0.6990550756454468
6508-9-0-1.wav,street_music,0,0.0091582266613841
6508-9-0-2.wav,street_music,0,0.0085469530895352
6508-9-0-3.wav,street_music,0,0.0020302950870245
6508-9-0-4.wav,street_music,0,0.0152883902192115
6508-9-0-6.wav,street_music,0,0.0024907663464546
6508-9-1-0.wav,street_music,0,0.2323087006807327
65381-3-0-3.wav,dog_bark,1,0.919743835926056
65381-3-0-6.wav,dog_bark,1,0.9442600607872008
65381-3-0-7.wav,dog_bark,1,0.9406136274337769
65472-1-0-0.wav,car_horn,1,0.9209965467453004
65745-3-0-21.wav,dog_bark,1,0.5120262503623962
65745-3-0-49.wav,dog_bark,1,0.4584906995296478
65745-3-0-61.wav,dog_bark,1,0.4593583345413208
65745-3-0-88.wav,dog_bark,1,0.5109434127807617
65749-3-1-12.wav,dog_bark,1,0.6454756855964661
65749-3-1-14.wav,dog_bark,1,0.6079859137535095
65749-3-1-24.wav,dog_bark,1,0.4675767719745636
65749-3-1-9.wav,dog_bark,1,0.674667239189148
65750-3-0-5.wav,dog_bark,1,0.3049757480621338
65750-3-3-48.wav,dog_bark,1,0.3629706799983978
65750-3-3-68.wav,dog_bark,1,0.680855393409729
65750-3-3-74.wav,dog_bark,1,0.4188645482063293
66000-9-0-0.wav,street_music,0,0.8396665453910828
66000-9-0-1.wav,street_music,0,0.8714309334754944
66000-9-0-2.wav,street_music,0,0.8857501149177551
66000-9-0-3.wav,street_music,0,0.8167643547058105
66000-9-0-6.wav,street_music,0,0.4009082317352295
66000-9-0-8.wav,street_music,0,0.3690913021564483
66115-1-0-0.wav,car_horn,1,0.2994373142719269
66115-1-0-1.wav,car_horn,1,0.3216170072555542
66324-9-0-19.wav,street_music,0,0.5971957445144653
66324-9-0-30.wav,street_music,0,0.6393176913261414
66324-9-0-4.wav,street_music,0,0.6337155699729919
66324-9-0-42.wav,street_music,0,0.4187308549880981
66324-9-0-53.wav,street_music,0,0.1583274751901626
66324-9-0-54.wav,street_music,0,0.201843187212944
66587-3-0-0.wav,dog_bark,1,0.9177701473236084
66587-3-1-0.wav,dog_bark,1,0.8686955571174622
66587-3-2-0.wav,dog_bark,1,0.8817967176437378
66587-3-3-0.wav,dog_bark,1,0.932106614112854
66599-9-0-11.wav,street_music,0,0.4935625493526459
66599-9-0-17.wav,street_music,0,0.634973406791687
66599-9-1-11.wav,street_music,0,0.2440704554319381
66599-9-1-21.wav,street_music,0,0.1708986163139343
66599-9-1-23.wav,street_music,0,0.6827569007873535
66599-9-1-4.wav,street_music,0,0.5705326199531555
66601-8-0-0.wav,siren,1,0.7536635994911194
66601-8-0-1.wav,siren,1,0.7497307658195496
66601-8-0-2.wav,siren,1,0.7394750714302063
66601-8-0-3.wav,siren,1,0.7037014961242676
66601-8-0-4.wav,siren,1,0.6571997404098511
66601-8-0-5.wav,siren,1,0.7117540240287781
66619-2-0-0.wav,children_playing,0,0.6259447336196899
66619-2-0-1.wav,children_playing,0,0.6814680695533752
66619-2-0-11.wav,children_playing,0,0.6868943572044373
66619-2-0-18.wav,children_playing,0,0.62697434425354
66619-2-0-22.wav,children_playing,0,0.5824652910232544
66619-2-0-5.wav,children_playing,0,0.7130552530288696
66619-2-0-6.wav,children_playing,0,0.7230289578437805
66619-2-0-7.wav,children_playing,0,0.7039350271224976
66622-4-0-0.wav,drilling,0,0.4159561693668365
66622-4-0-1.wav,drilling,0,0.2838261723518371
66622-4-0-2.wav,drilling,0,0.1166245266795158
66622-4-0-3.wav,drilling,0,0.0592601038515567
66622-4-0-4.wav,drilling,0,0.0442316941916942
66622-4-0-5.wav,drilling,0,0.092275895178318
66622-4-0-6.wav,drilling,0,0.384490966796875
66622-4-0-7.wav,drilling,0,0.5123230218887329
66622-4-0-8.wav,drilling,0,0.2559928297996521
66623-4-0-0.wav,drilling,0,0.4530304968357086
66623-4-0-1.wav,drilling,0,0.4012815952301025
66623-4-0-2.wav,drilling,0,0.2418612241744995
66623-4-0-3.wav,drilling,0,0.2285372018814087
66623-4-0-4.wav,drilling,0,0.2535754442214966
66623-4-0-5.wav,drilling,0,0.4034110307693481
66623-4-0-6.wav,drilling,0,0.3564160466194153
66996-8-1-0.wav,siren,1,0.5640624165534973
66996-8-3-0.wav,siren,1,0.7726292610168457
67049-3-0-0.wav,dog_bark,1,0.8763682246208191
67049-3-0-1.wav,dog_bark,1,0.8764722347259521
67049-3-0-2.wav,dog_bark,1,0.8996597528457642
68080-7-0-0.wav,jackhammer,0,2.8275140451228253e-08
68080-7-0-1.wav,jackhammer,0,2.2345261641021352e-08
68080-7-0-2.wav,jackhammer,0,2.704439727718721e-10
68080-7-0-3.wav,jackhammer,0,2.2546001524070824e-12
68080-7-0-4.wav,jackhammer,0,2.1717096870821348e-11
68080-7-0-5.wav,jackhammer,0,8.576496735024364e-10
68080-7-0-6.wav,jackhammer,0,5.651719977434189e-12
68080-7-0-7.wav,jackhammer,0,4.442438431007112e-11
68080-7-0-8.wav,jackhammer,0,1.2801972815168483e-09
68080-7-0-9.wav,jackhammer,0,5.777905798254324e-08
68389-3-0-0.wav,dog_bark,1,0.1996534317731857
68389-3-1-0.wav,dog_bark,1,0.8409010171890259
68389-3-2-0.wav,dog_bark,1,0.3250602483749389
68657-1-0-0.wav,car_horn,1,0.7216241359710693
6902-2-0-12.wav,children_playing,0,0.8614965081214905
6902-2-0-18.wav,children_playing,0,0.8511408567428589
6902-2-0-26.wav,children_playing,0,0.8820942044258118
6902-2-0-4.wav,children_playing,0,0.8051366209983826
6902-2-0-5.wav,children_playing,0,0.8095178008079529
6902-2-0-7.wav,children_playing,0,0.7380572557449341
6902-2-0-9.wav,children_playing,0,0.814787745475769
69304-9-0-0.wav,street_music,0,0.4348306357860565
69304-9-0-12.wav,street_music,0,0.2733772397041321
69304-9-0-14.wav,street_music,0,0.4985346794128418
69304-9-0-15.wav,street_music,0,0.5311965942382812
69304-9-0-6.wav,street_music,0,0.3871666491031647
69304-9-0-7.wav,street_music,0,0.2658854722976684
69598-4-0-0.wav,drilling,0,0.5223151445388794
69598-4-1-0.wav,drilling,0,0.5040591955184937
69598-4-2-0.wav,drilling,0,0.7553490400314331
69598-4-2-1.wav,drilling,0,0.816337525844574
69598-4-3-0.wav,drilling,0,0.5775855779647827
69598-4-4-0.wav,drilling,0,0.5524950623512268
69598-4-5-0.wav,drilling,0,0.688481330871582
69598-4-6-0.wav,drilling,0,0.8427583575248718
69598-4-6-1.wav,drilling,0,0.8618768453598022
69598-4-7-0.wav,drilling,0,0.8463050127029419
69598-4-8-0.wav,drilling,0,0.7459028363227844
69598-4-9-0.wav,drilling,0,0.6186568140983582
69661-3-0-14.wav,dog_bark,1,0.91532164812088
69661-3-0-23.wav,dog_bark,1,0.8439944982528687
69661-3-0-29.wav,dog_bark,1,0.859476625919342
69777-3-0-0.wav,dog_bark,1,0.0061464961618185
69777-3-0-1.wav,dog_bark,1,0.0002000962558668
69777-3-0-2.wav,dog_bark,1,8.995624375529587e-05
6984-1-0-0.wav,car_horn,1,0.9133605360984802
6988-5-0-0.wav,engine_idling,0,0.0502342842519283
6988-5-0-1.wav,engine_idling,0,0.0314163714647293
6988-5-0-2.wav,engine_idling,0,0.0396574288606643
6988-5-0-3.wav,engine_idling,0,0.0617538690567016
6988-5-0-4.wav,engine_idling,0,0.0826393738389015
6988-5-0-5.wav,engine_idling,0,0.0855698883533477
69883-3-0-20.wav,dog_bark,1,0.4392752647399902
69883-3-0-5.wav,dog_bark,1,0.3850389719009399
69883-3-0-9.wav,dog_bark,1,0.3301905989646911
69962-2-0-11.wav,children_playing,0,0.2768613696098327
69962-2-0-15.wav,children_playing,0,0.2359033524990081
69962-2-0-16.wav,children_playing,0,0.3285645544528961
69962-2-0-17.wav,children_playing,0,0.3411385416984558
69962-2-0-2.wav,children_playing,0,0.7738047242164612
69962-2-0-20.wav,children_playing,0,0.6160875558853149
69962-2-0-22.wav,children_playing,0,0.5384975671768188
69962-2-0-25.wav,children_playing,0,0.4110101163387298
70098-3-0-0.wav,dog_bark,1,0.9152709245681764
70098-3-1-0.wav,dog_bark,1,0.8718674778938293
70098-3-2-0.wav,dog_bark,1,0.8766372799873352
70098-3-3-0.wav,dog_bark,1,0.9050701260566713
70168-3-1-11.wav,dog_bark,1,0.5178524255752563
70168-3-1-13.wav,dog_bark,1,0.3875905275344848
70168-3-1-20.wav,dog_bark,1,0.3947000801563263
70168-3-1-24.wav,dog_bark,1,0.4126575291156769
7060-6-0-0.wav,gun_shot,1,0.9263358116149902
7060-6-1-0.wav,gun_shot,1,0.9255942702293396
7060-6-2-0.wav,gun_shot,1,0.926078736782074
7061-6-0-0.wav,gun_shot,1,0.6278969049453735
7062-6-0-0.wav,gun_shot,1,0.9341028332710266
7063-6-0-0.wav,gun_shot,1,0.9469452500343324
7064-6-0-0.wav,gun_shot,1,0.0107391690835356
7064-6-1-0.wav,gun_shot,1,0.2421663701534271
7064-6-2-0.wav,gun_shot,1,0.4021645784378052
7064-6-3-0.wav,gun_shot,1,0.6998004913330078
7064-6-4-0.wav,gun_shot,1,0.5396542549133301
7064-6-5-0.wav,gun_shot,1,0.3625038266181946
7065-6-0-0.wav,gun_shot,1,0.9361310005187988
7066-6-0-0.wav,gun_shot,1,0.9378998279571532
7066-6-1-0.wav,gun_shot,1,0.0736026391386985
7067-6-0-0.wav,gun_shot,1,0.896920919418335
7068-6-0-0.wav,gun_shot,1,0.908865213394165
70740-8-0-0.wav,siren,1,0.7805864214897156
71079-4-0-0.wav,drilling,0,0.841557502746582
71079-4-1-0.wav,drilling,0,0.4900228977203369
71080-4-0-0.wav,drilling,0,0.623237669467926
71080-4-1-0.wav,drilling,0,0.7157302498817444
71082-4-0-0.wav,drilling,0,0.942350685596466
71082-4-1-0.wav,drilling,0,0.9074898362159728
71086-4-0-0.wav,drilling,0,0.2859157919883728
71086-4-1-0.wav,drilling,0,0.8613398671150208
71086-4-2-0.wav,drilling,0,0.459755003452301
71087-4-0-0.wav,drilling,0,0.174073651432991
71087-4-1-0.wav,drilling,0,0.761925220489502
71088-4-0-0.wav,drilling,0,0.2415445446968078
71088-4-1-0.wav,drilling,0,0.5033429861068726
71088-4-2-0.wav,drilling,0,0.530572772026062
71171-4-0-0.wav,drilling,0,0.4078038334846496
71171-4-0-1.wav,drilling,0,0.3277530074119568
71171-4-0-2.wav,drilling,0,0.3688195347785949
71171-4-0-3.wav,drilling,0,0.4312141835689544
71171-4-0-4.wav,drilling,0,0.4238488674163818
71171-4-1-0.wav,drilling,0,0.6648761630058289
71171-4-1-1.wav,drilling,0,0.5888903737068176
71171-4-1-2.wav,drilling,0,0.6937256455421448
71171-4-1-3.wav,drilling,0,0.7916684746742249
71171-4-1-4.wav,drilling,0,0.7892610430717468
71171-4-1-5.wav,drilling,0,0.7793198823928833
71171-4-2-0.wav,drilling,0,0.661873996257782
71171-4-2-1.wav,drilling,0,0.7740501761436462
71171-4-3-0.wav,drilling,0,0.7053996324539185
71171-4-3-1.wav,drilling,0,0.7350661754608154
71171-4-3-2.wav,drilling,0,0.7616793513298035
71171-4-4-0.wav,drilling,0,0.5137380957603455
71171-4-5-0.wav,drilling,0,0.6159796714782715
71173-2-0-103.wav,children_playing,0,0.0359861999750137
71173-2-0-13.wav,children_playing,0,0.3524093925952911
71173-2-0-17.wav,children_playing,0,0.370871901512146
71173-2-0-21.wav,children_playing,0,0.3940022885799408
71173-2-0-24.wav,children_playing,0,0.4224207699298858
71173-2-0-69.wav,children_playing,0,0.0767944082617759
71173-2-0-71.wav,children_playing,0,0.0451167523860931
71173-2-0-88.wav,children_playing,0,0.250567764043808
71177-8-0-0.wav,siren,1,0.547593355178833
71177-8-0-1.wav,siren,1,0.4883943200111389
71177-8-1-0.wav,siren,1,0.6615341305732727
71177-8-1-1.wav,siren,1,0.5199505090713501
71177-8-1-2.wav,siren,1,0.4522385597229004
71177-8-1-3.wav,siren,1,0.4721037149429321
71177-8-1-4.wav,siren,1,0.6170749664306641
71177-8-2-0.wav,siren,1,0.5278496742248535
71177-8-2-1.wav,siren,1,0.4988633692264557
71309-1-0-0.wav,car_horn,1,0.7711125612258911
71309-1-0-1.wav,car_horn,1,0.6777459383010864
71309-1-0-2.wav,car_horn,1,0.7511566281318665
71309-1-0-3.wav,car_horn,1,0.8775175213813782
71309-1-0-4.wav,car_horn,1,0.8724209070205688
71309-1-0-5.wav,car_horn,1,0.7980781197547913
71309-1-0-6.wav,car_horn,1,0.8983690142631531
71309-1-0-7.wav,car_horn,1,0.7979897856712341
71309-1-0-8.wav,car_horn,1,0.7723966836929321
71309-1-1-0.wav,car_horn,1,0.9035772681236268
71309-1-2-0.wav,car_horn,1,0.5853452086448669
71312-3-0-1.wav,dog_bark,1,0.8716940879821777
71312-3-0-2.wav,dog_bark,1,0.6443893313407898
71312-3-0-4.wav,dog_bark,1,0.8324915766716003
71312-3-0-5.wav,dog_bark,1,0.8553086519241333
71439-1-0-0.wav,car_horn,1,0.8792948126792908
71439-1-2-0.wav,car_horn,1,0.9287378191947936
71439-1-3-0.wav,car_horn,1,0.6964081525802612
71529-4-0-0.wav,drilling,0,0.3141189813613891
71529-4-0-1.wav,drilling,0,0.1683977395296096
71529-4-0-2.wav,drilling,0,0.4035916924476623
71529-4-1-0.wav,drilling,0,0.3684667944908142
71529-4-1-1.wav,drilling,0,0.2654100060462951
71529-4-1-2.wav,drilling,0,0.2414817065000534
71529-4-1-3.wav,drilling,0,0.2747162878513336
71529-4-1-4.wav,drilling,0,0.2818600535392761
71529-4-1-5.wav,drilling,0,0.201641172170639
71529-4-1-6.wav,drilling,0,0.4895302355289459
71700-3-3-2.wav,dog_bark,1,0.1884575337171554
71700-3-4-0.wav,dog_bark,1,0.0579544566571712
71700-3-4-1.wav,dog_bark,1,0.1335561573505401
71700-3-4-3.wav,dog_bark,1,0.2749990224838257
71866-9-0-14.wav,street_music,0,0.9939145445823668
71866-9-0-21.wav,street_music,0,0.9895038604736328
71866-9-0-23.wav,street_music,0,0.9984622001647948
71866-9-0-3.wav,street_music,0,0.949493944644928
71866-9-0-31.wav,street_music,0,0.997278928756714
71866-9-0-32.wav,street_music,0,0.9825968742370604
72015-2-0-0.wav,children_playing,0,0.0001525603147456
72015-2-0-1.wav,children_playing,0,0.0054879444651305
72015-2-0-2.wav,children_playing,0,0.0009113707346841
72015-2-0-3.wav,children_playing,0,1.4947642739571164e-05
72015-2-0-4.wav,children_playing,0,5.531849978090975e-10
72015-2-0-5.wav,children_playing,0,2.084959826883016e-21
72220-3-0-0.wav,dog_bark,1,0.0008470502798445
72220-3-2-2.wav,dog_bark,1,0.0017337467288598
72220-3-2-3.wav,dog_bark,1,0.0064656515605747
72220-3-2-4.wav,dog_bark,1,0.0011742113856598
72221-3-1-0.wav,dog_bark,1,0.4071352779865265
72221-3-4-1.wav,dog_bark,1,0.4131962656974792
72221-3-4-5.wav,dog_bark,1,0.3606161177158355
72221-3-4-7.wav,dog_bark,1,0.5148426294326782
72259-1-0-0.wav,car_horn,1,0.656360387802124
72259-1-0-1.wav,car_horn,1,0.5463037490844727
72259-1-0-2.wav,car_horn,1,0.4916802644729614
72259-1-0-3.wav,car_horn,1,0.7425010800361633
72259-1-0-4.wav,car_horn,1,0.6188069581985474
72259-1-0-5.wav,car_horn,1,0.3843446671962738
72259-1-1-0.wav,car_horn,1,0.0977515429258346
72259-1-10-0.wav,car_horn,1,0.7096524238586426
72259-1-10-1.wav,car_horn,1,0.6524388790130615
72259-1-10-10.wav,car_horn,1,0.5101385712623596
72259-1-10-11.wav,car_horn,1,0.4459641873836517
72259-1-10-12.wav,car_horn,1,0.3819841742515564
72259-1-10-13.wav,car_horn,1,0.5209106206893921
72259-1-10-14.wav,car_horn,1,0.5888411402702332
72259-1-10-2.wav,car_horn,1,0.6196404695510864
72259-1-10-3.wav,car_horn,1,0.5529339909553528
72259-1-10-4.wav,car_horn,1,0.3607634902000427
72259-1-10-5.wav,car_horn,1,0.6023356914520264
72259-1-10-6.wav,car_horn,1,0.4639467298984527
72259-1-10-7.wav,car_horn,1,0.4270251393318176
72259-1-10-8.wav,car_horn,1,0.4445567429065704
72259-1-10-9.wav,car_horn,1,0.3529189527034759
72259-1-2-0.wav,car_horn,1,0.3032283782958984
72259-1-3-0.wav,car_horn,1,0.1824426501989364
72259-1-5-0.wav,car_horn,1,0.7058658599853516
72259-1-5-1.wav,car_horn,1,0.730590283870697
72259-1-5-2.wav,car_horn,1,0.6983861327171326
72259-1-5-3.wav,car_horn,1,0.7106920480728149
72259-1-5-4.wav,car_horn,1,0.7100785374641418
72259-1-6-0.wav,car_horn,1,0.4377782642841339
72259-1-6-1.wav,car_horn,1,0.7541464567184448
72259-1-7-0.wav,car_horn,1,0.7984590530395508
72259-1-7-1.wav,car_horn,1,0.799357533454895
72259-1-7-10.wav,car_horn,1,0.8230227828025818
72259-1-7-11.wav,car_horn,1,0.777532160282135
72259-1-7-12.wav,car_horn,1,0.6455347537994385
72259-1-7-13.wav,car_horn,1,0.6543265581130981
72259-1-7-14.wav,car_horn,1,0.5935570597648621
72259-1-7-15.wav,car_horn,1,0.5697429776191711
72259-1-7-16.wav,car_horn,1,0.5836707949638367
72259-1-7-17.wav,car_horn,1,0.5306723713874817
72259-1-7-18.wav,car_horn,1,0.5508742332458496
72259-1-7-19.wav,car_horn,1,0.5288361310958862
72259-1-7-2.wav,car_horn,1,0.7991377711296082
72259-1-7-20.wav,car_horn,1,0.3380775153636932
72259-1-7-21.wav,car_horn,1,0.3369031846523285
72259-1-7-22.wav,car_horn,1,0.4098664224147796
72259-1-7-3.wav,car_horn,1,0.8116209506988525
72259-1-7-4.wav,car_horn,1,0.7338477373123169
72259-1-7-5.wav,car_horn,1,0.8129711747169495
72259-1-7-6.wav,car_horn,1,0.852592408657074
72259-1-7-7.wav,car_horn,1,0.8810829520225525
72259-1-7-8.wav,car_horn,1,0.8442808389663696
72259-1-7-9.wav,car_horn,1,0.7997230887413025
72259-1-8-0.wav,car_horn,1,0.7329685688018799
72259-1-9-0.wav,car_horn,1,0.4235265552997589
72259-1-9-1.wav,car_horn,1,0.4321926534175873
72259-1-9-10.wav,car_horn,1,0.2420571595430374
72259-1-9-11.wav,car_horn,1,0.1745015233755111
72259-1-9-12.wav,car_horn,1,0.4439944922924042
72259-1-9-13.wav,car_horn,1,0.1302814483642578
72259-1-9-14.wav,car_horn,1,0.1768708527088165
72259-1-9-15.wav,car_horn,1,0.2202878594398498
72259-1-9-16.wav,car_horn,1,0.2895073890686035
72259-1-9-17.wav,car_horn,1,0.2551092803478241
72259-1-9-2.wav,car_horn,1,0.4506512880325317
72259-1-9-3.wav,car_horn,1,0.4123414754867553
72259-1-9-4.wav,car_horn,1,0.3216342628002167
72259-1-9-5.wav,car_horn,1,0.1301852911710739
72259-1-9-6.wav,car_horn,1,0.0925903171300888
72259-1-9-7.wav,car_horn,1,0.0475741326808929
72259-1-9-8.wav,car_horn,1,0.0572063811123371
72259-1-9-9.wav,car_horn,1,0.2155425697565078
72261-3-0-17.wav,dog_bark,1,0.9238830804824828
72261-3-0-23.wav,dog_bark,1,0.7970645427703857
72261-3-0-27.wav,dog_bark,1,0.8542834520339966
72261-3-0-6.wav,dog_bark,1,0.6965041160583496
72265-3-15-0.wav,dog_bark,1,0.1878108531236648
72265-3-4-0.wav,dog_bark,1,0.5719770193099976
72265-3-5-0.wav,dog_bark,1,0.2530509829521179
72265-3-7-0.wav,dog_bark,1,0.0602371059358119
72537-3-0-2.wav,dog_bark,1,0.877737820148468
72537-3-0-6.wav,dog_bark,1,0.707210123538971
72537-3-0-8.wav,dog_bark,1,0.5165107846260071
72538-3-0-0.wav,dog_bark,1,0.8326039910316467
72538-3-0-1.wav,dog_bark,1,0.8818010091781616
72538-3-0-3.wav,dog_bark,1,0.8981269598007202
72538-3-0-4.wav,dog_bark,1,0.8841997385025024
72539-3-0-1.wav,dog_bark,1,0.809410810470581
72539-3-0-5.wav,dog_bark,1,0.8306587338447571
72539-3-0-6.wav,dog_bark,1,0.7547290325164795
72539-3-0-8.wav,dog_bark,1,0.9025148153305054
72567-1-0-0.wav,car_horn,1,0.7395623326301575
72567-1-0-1.wav,car_horn,1,0.815081000328064
72567-1-1-0.wav,car_horn,1,0.0948997437953949
72567-1-2-0.wav,car_horn,1,0.2651805281639099
72567-1-2-1.wav,car_horn,1,0.370116651058197
72567-1-2-2.wav,car_horn,1,0.3201814591884613
72567-1-2-3.wav,car_horn,1,0.090120829641819
72567-1-2-4.wav,car_horn,1,0.054471842944622
72567-1-2-5.wav,car_horn,1,0.0410852320492267
72567-1-3-0.wav,car_horn,1,0.4841477870941162
72567-1-4-0.wav,car_horn,1,0.0582347512245178
72567-1-4-1.wav,car_horn,1,0.0512134209275245
72567-1-4-2.wav,car_horn,1,0.0609206818044185
72567-1-4-3.wav,car_horn,1,0.0373988710343837
72567-1-4-4.wav,car_horn,1,0.0444609969854354
72567-1-4-5.wav,car_horn,1,0.1852898448705673
72567-1-4-6.wav,car_horn,1,0.3121136426925659
72567-1-4-7.wav,car_horn,1,0.3811651468276977
72567-1-5-0.wav,car_horn,1,0.7689021825790405
72579-3-0-0.wav,dog_bark,1,0.7002012133598328
72579-3-0-2.wav,dog_bark,1,0.8990933299064636
72579-3-0-3.wav,dog_bark,1,0.8663271069526672
72579-3-0-4.wav,dog_bark,1,0.7691227793693542
72723-3-0-0.wav,dog_bark,1,0.7356720566749573
72724-3-1-0.wav,dog_bark,1,0.805387020111084
72724-3-2-7.wav,dog_bark,1,0.9033482074737548
72724-3-2-8.wav,dog_bark,1,0.9307442307472228
72724-3-2-9.wav,dog_bark,1,0.3491236567497253
72829-3-0-0.wav,dog_bark,1,0.4995390176773071
72829-3-0-1.wav,dog_bark,1,0.5855736136436462
72829-3-0-2.wav,dog_bark,1,0.6432835459709167
73168-1-0-0.wav,car_horn,1,0.5801523327827454
73168-1-1-0.wav,car_horn,1,0.275339126586914
73168-1-2-0.wav,car_horn,1,0.5065919756889343
73277-9-0-0.wav,street_music,0,0.3520299792289734
73277-9-0-16.wav,street_music,0,0.5543660521507263
73277-9-0-17.wav,street_music,0,0.4822089970111847
73277-9-0-19.wav,street_music,0,0.3930806219577789
73277-9-0-24.wav,street_music,0,0.3822796642780304
73277-9-0-28.wav,street_music,0,0.385263979434967
73373-3-0-0.wav,dog_bark,1,0.8722937107086182
73524-0-0-0.wav,air_conditioner,0,0.0145820649340748
73524-0-0-101.wav,air_conditioner,0,0.0365893542766571
73524-0-0-105.wav,air_conditioner,0,0.0312041342258453
73524-0-0-113.wav,air_conditioner,0,0.0208767093718051
73524-0-0-114.wav,air_conditioner,0,0.0158986393362283
73524-0-0-126.wav,air_conditioner,0,0.0361800864338874
73524-0-0-127.wav,air_conditioner,0,0.0348836705088615
73524-0-0-128.wav,air_conditioner,0,0.0423580296337604
73524-0-0-133.wav,air_conditioner,0,0.0248607490211725
73524-0-0-137.wav,air_conditioner,0,0.0220229718834161
73524-0-0-2.wav,air_conditioner,0,0.0884741619229316
73524-0-0-23.wav,air_conditioner,0,0.0382356606423854
73524-0-0-30.wav,air_conditioner,0,0.0415587536990642
73524-0-0-31.wav,air_conditioner,0,0.0412050820887088
73524-0-0-32.wav,air_conditioner,0,0.0363542400300502
73524-0-0-5.wav,air_conditioner,0,0.0700720995664596
73524-0-0-52.wav,air_conditioner,0,0.1223770156502723
73524-0-0-54.wav,air_conditioner,0,0.6166231036186218
73524-0-0-6.wav,air_conditioner,0,0.0664306059479713
73524-0-0-63.wav,air_conditioner,0,0.0042958641424775
73524-0-0-73.wav,air_conditioner,0,0.0031854424159973
73524-0-0-74.wav,air_conditioner,0,0.0072048888541758
73524-0-0-8.wav,air_conditioner,0,0.042451873421669
73524-0-0-92.wav,air_conditioner,0,0.0136067932471632
73524-0-0-98.wav,air_conditioner,0,0.0247621536254882
73524-0-0-99.wav,air_conditioner,0,0.0449536889791488
73623-7-0-0.wav,jackhammer,0,0.0004533280734904
73623-7-1-0.wav,jackhammer,0,1.9693621733374297e-11
73623-7-1-1.wav,jackhammer,0,3.3836901600000366e-16
73623-7-2-0.wav,jackhammer,0,0.0002539582492318
73623-7-3-0.wav,jackhammer,0,2.0133734679461668e-08
73623-7-4-0.wav,jackhammer,0,0.5192873477935791
73623-7-5-0.wav,jackhammer,0,0.0003182233776897
73623-7-6-0.wav,jackhammer,0,0.0003068500955123
7383-3-0-0.wav,dog_bark,1,0.6440650224685669
7383-3-0-1.wav,dog_bark,1,0.6789048910140991
7383-3-1-0.wav,dog_bark,1,0.8527867197990417
7389-1-0-0.wav,car_horn,1,0.145865648984909
7389-1-0-1.wav,car_horn,1,0.0513408593833446
7389-1-0-2.wav,car_horn,1,0.0482326000928878
7389-1-0-3.wav,car_horn,1,0.0687137469649314
7389-1-0-4.wav,car_horn,1,0.1155318766832351
7389-1-0-5.wav,car_horn,1,0.1039449423551559
7389-1-0-6.wav,car_horn,1,0.137583315372467
7389-1-0-7.wav,car_horn,1,0.2286563664674759
7389-1-1-0.wav,car_horn,1,0.1299180835485458
7389-1-2-0.wav,car_horn,1,0.5720540881156921
7389-1-2-1.wav,car_horn,1,0.5587599873542786
7389-1-2-2.wav,car_horn,1,0.4693139195442199
7389-1-2-3.wav,car_horn,1,0.7078049182891846
7389-1-3-0.wav,car_horn,1,0.7260727882385254
7389-1-3-1.wav,car_horn,1,0.7343460321426392
7389-1-3-2.wav,car_horn,1,0.7826216220855713
7389-1-3-3.wav,car_horn,1,0.7908004522323608
7389-1-3-4.wav,car_horn,1,0.7543913125991821
7389-1-3-5.wav,car_horn,1,0.742365837097168
7389-1-4-0.wav,car_horn,1,0.5897634029388428
7389-1-4-1.wav,car_horn,1,0.5863901972770691
7389-1-4-10.wav,car_horn,1,0.8427852392196655
7389-1-4-11.wav,car_horn,1,0.904346525669098
7389-1-4-12.wav,car_horn,1,0.7992238402366638
7389-1-4-13.wav,car_horn,1,0.5531372427940369
7389-1-4-14.wav,car_horn,1,0.3935202658176422
7389-1-4-15.wav,car_horn,1,0.384442389011383
7389-1-4-2.wav,car_horn,1,0.5707006454467773
7389-1-4-3.wav,car_horn,1,0.1652114689350128
7389-1-4-4.wav,car_horn,1,4.145342202832581e-08
7389-1-4-5.wav,car_horn,1,7.879789598597141e-10
7389-1-4-6.wav,car_horn,1,0.0006218455382622
7389-1-4-7.wav,car_horn,1,0.6290795207023621
7389-1-4-8.wav,car_horn,1,0.8425144553184509
7389-1-4-9.wav,car_horn,1,0.8635003566741943
7390-9-0-0.wav,street_music,0,0.002550097182393
7390-9-0-3.wav,street_music,0,3.176823884132318e-05
7390-9-0-6.wav,street_music,0,2.803122697514482e-05
7390-9-0-9.wav,street_music,0,0.0061951065436005
7390-9-1-11.wav,street_music,0,0.4826055467128753
7390-9-1-12.wav,street_music,0,0.1028676629066467
7390-9-1-5.wav,street_music,0,0.0874009877443313
74226-9-0-0.wav,street_music,0,0.4699804484844208
74226-9-0-10.wav,street_music,0,0.0047190161421895
74226-9-0-13.wav,street_music,0,0.0095457974821329
74226-9-0-14.wav,street_music,0,0.0622906945645809
74226-9-0-21.wav,street_music,0,0.0178360547870397
74226-9-0-6.wav,street_music,0,0.0176276434212923
74226-9-0-7.wav,street_music,0,0.0020130129996687
74364-8-1-0.wav,siren,1,0.2923851311206817
74364-8-1-1.wav,siren,1,0.7694116234779358
74364-8-1-10.wav,siren,1,0.2116392403841018
74364-8-1-11.wav,siren,1,0.1800853461027145
74364-8-1-12.wav,siren,1,0.2070682495832443
74364-8-1-13.wav,siren,1,0.2103939801454544
74364-8-1-14.wav,siren,1,0.0926310122013092
74364-8-1-15.wav,siren,1,0.1338275074958801
74364-8-1-16.wav,siren,1,0.2536906898021698
74364-8-1-17.wav,siren,1,0.2681918144226074
74364-8-1-18.wav,siren,1,0.1999558806419372
74364-8-1-19.wav,siren,1,0.1292815804481506
74364-8-1-2.wav,siren,1,0.7226843237876892
74364-8-1-20.wav,siren,1,0.1390735357999801
74364-8-1-21.wav,siren,1,0.0943598076701164
74364-8-1-22.wav,siren,1,0.0728827863931655
74364-8-1-23.wav,siren,1,0.2636821866035461
74364-8-1-24.wav,siren,1,0.1699095964431762
74364-8-1-25.wav,siren,1,0.105961725115776
74364-8-1-26.wav,siren,1,0.1537210047245025
74364-8-1-27.wav,siren,1,0.1458059698343277
74364-8-1-3.wav,siren,1,0.2811445295810699
74364-8-1-4.wav,siren,1,0.309908002614975
74364-8-1-5.wav,siren,1,0.2477016150951385
74364-8-1-6.wav,siren,1,0.2808952927589416
74364-8-1-7.wav,siren,1,0.3359206914901733
74364-8-1-8.wav,siren,1,0.2724394202232361
74364-8-1-9.wav,siren,1,0.1997249871492386
74458-9-0-5.wav,street_music,0,0.1992964744567871
74458-9-0-7.wav,street_music,0,0.1782852560281753
74458-9-1-12.wav,street_music,0,0.5416622161865234
74458-9-1-13.wav,street_music,0,0.5508947968482971
74458-9-1-5.wav,street_music,0,0.5222324132919312
74458-9-2-18.wav,street_music,0,0.821814239025116
74495-3-0-0.wav,dog_bark,1,0.8342501521110535
74495-3-0-1.wav,dog_bark,1,0.8565618395805359
74507-0-0-0.wav,air_conditioner,0,0.4603198766708374
74507-0-0-1.wav,air_conditioner,0,0.4841457903385162
74507-0-0-10.wav,air_conditioner,0,0.4373403787612915
74507-0-0-11.wav,air_conditioner,0,0.4499464929103851
74507-0-0-12.wav,air_conditioner,0,0.4356992244720459
74507-0-0-13.wav,air_conditioner,0,0.4624179899692535
74507-0-0-14.wav,air_conditioner,0,0.4654808342456817
74507-0-0-15.wav,air_conditioner,0,0.4130726158618927
74507-0-0-16.wav,air_conditioner,0,0.4405273199081421
74507-0-0-17.wav,air_conditioner,0,0.4677799046039581
74507-0-0-18.wav,air_conditioner,0,0.4376961588859558
74507-0-0-2.wav,air_conditioner,0,0.4558801651000976
74507-0-0-20.wav,air_conditioner,0,0.4369863271713257
74507-0-0-22.wav,air_conditioner,0,0.4509874284267425
74507-0-0-23.wav,air_conditioner,0,0.4535433948040008
74507-0-0-24.wav,air_conditioner,0,0.4456800520420074
74507-0-0-25.wav,air_conditioner,0,0.4216479361057281
74507-0-0-27.wav,air_conditioner,0,0.4496419429779053
74507-0-0-28.wav,air_conditioner,0,0.4464087188243866
74507-0-0-3.wav,air_conditioner,0,0.4432803094387054
74507-0-0-4.wav,air_conditioner,0,0.473997414112091
74507-0-0-5.wav,air_conditioner,0,0.4817009270191192
74507-0-0-6.wav,air_conditioner,0,0.4740762114524841
74507-0-0-8.wav,air_conditioner,0,0.4865431785583496
74507-0-0-9.wav,air_conditioner,0,0.4291267693042755
74513-3-0-0.wav,dog_bark,1,0.7463891506195068
74513-3-0-3.wav,dog_bark,1,0.8931010365486145
74513-3-0-5.wav,dog_bark,1,0.8904543519020081
74513-3-0-6.wav,dog_bark,1,0.791614294052124
74677-0-0-0.wav,air_conditioner,0,0.6315837502479553
74677-0-0-10.wav,air_conditioner,0,0.4744227230548858
74677-0-0-105.wav,air_conditioner,0,0.2887937128543854
74677-0-0-116.wav,air_conditioner,0,0.5640094876289368
74677-0-0-13.wav,air_conditioner,0,0.4967341423034668
74677-0-0-130.wav,air_conditioner,0,0.422680139541626
74677-0-0-134.wav,air_conditioner,0,0.5447301268577576
74677-0-0-135.wav,air_conditioner,0,0.6599781513214111
74677-0-0-14.wav,air_conditioner,0,0.4902193546295166
74677-0-0-19.wav,air_conditioner,0,0.4769891798496246
74677-0-0-2.wav,air_conditioner,0,0.5225740671157837
74677-0-0-21.wav,air_conditioner,0,0.4996245205402374
74677-0-0-28.wav,air_conditioner,0,0.497431069612503
74677-0-0-3.wav,air_conditioner,0,0.5345264673233032
74677-0-0-35.wav,air_conditioner,0,0.4260458648204803
74677-0-0-36.wav,air_conditioner,0,0.4994201362133026
74677-0-0-38.wav,air_conditioner,0,0.3526512384414673
74677-0-0-47.wav,air_conditioner,0,0.3476440608501434
74677-0-0-56.wav,air_conditioner,0,0.3785738050937652
74677-0-0-57.wav,air_conditioner,0,0.3900327682495117
74677-0-0-58.wav,air_conditioner,0,0.270397275686264
74677-0-0-6.wav,air_conditioner,0,0.1813585460186004
74677-0-0-61.wav,air_conditioner,0,0.3003847002983093
74677-0-0-64.wav,air_conditioner,0,0.5072459578514099
74677-0-0-66.wav,air_conditioner,0,0.3983933925628662
74677-0-0-67.wav,air_conditioner,0,0.4223612546920776
74677-0-0-69.wav,air_conditioner,0,0.4289440512657165
74677-0-0-75.wav,air_conditioner,0,0.4372440874576568
74677-0-0-92.wav,air_conditioner,0,0.4767904877662658
74677-0-0-94.wav,air_conditioner,0,0.540107786655426
74677-0-0-95.wav,air_conditioner,0,0.458251029253006
74723-3-0-0.wav,dog_bark,1,0.8846258521080017
74723-3-0-1.wav,dog_bark,1,0.8937066197395325
74723-3-0-2.wav,dog_bark,1,0.8697357177734375
74725-3-0-0.wav,dog_bark,1,0.5218371152877808
74725-3-0-1.wav,dog_bark,1,0.5465731024742126
74726-8-0-0.wav,siren,1,0.4051549732685089
74726-8-0-1.wav,siren,1,0.3986489176750183
74726-8-0-10.wav,siren,1,0.6712408661842346
74726-8-0-11.wav,siren,1,0.6418485641479492
74726-8-0-12.wav,siren,1,0.6067330241203308
74726-8-0-13.wav,siren,1,0.6475774049758911
74726-8-0-14.wav,siren,1,0.6875481009483337
74726-8-0-15.wav,siren,1,0.7447299957275391
74726-8-0-16.wav,siren,1,0.8692112565040588
74726-8-0-2.wav,siren,1,0.4151593744754791
74726-8-0-3.wav,siren,1,0.4431767463684082
74726-8-0-4.wav,siren,1,0.4854846000671386
74726-8-0-5.wav,siren,1,0.5706105828285217
74726-8-0-6.wav,siren,1,0.5999876260757446
74726-8-0-7.wav,siren,1,0.584168016910553
74726-8-0-8.wav,siren,1,0.6393799185752869
74726-8-0-9.wav,siren,1,0.6790546178817749
74726-8-1-0.wav,siren,1,0.9992653727531432
74726-8-1-1.wav,siren,1,0.999996304512024
74726-8-1-2.wav,siren,1,0.9998927116394044
74726-8-2-0.wav,siren,1,0.9304419755935668
74726-8-2-1.wav,siren,1,0.8757401704788208
74726-8-2-2.wav,siren,1,0.6967427730560303
74726-8-2-3.wav,siren,1,0.6181620359420776
74726-8-2-4.wav,siren,1,0.5159122347831726
74726-8-2-5.wav,siren,1,0.5299756526947021
74810-9-0-27.wav,street_music,0,0.344847023487091
74810-9-0-32.wav,street_music,0,0.2134227752685547
74810-9-0-5.wav,street_music,0,0.4112513363361358
74810-9-1-12.wav,street_music,0,0.5711735486984253
74810-9-1-5.wav,street_music,0,0.2018332928419113
74850-9-0-11.wav,street_music,0,0.6237776279449463
74850-9-0-18.wav,street_music,0,0.6542801856994629
74850-9-0-22.wav,street_music,0,0.6324439644813538
74850-9-0-27.wav,street_music,0,0.6214863061904907
74850-9-0-5.wav,street_music,0,0.5894092917442322
74850-9-0-6.wav,street_music,0,0.5767290592193604
74922-4-0-0.wav,drilling,0,0.1334992498159408
74922-4-0-1.wav,drilling,0,0.0418993383646011
74922-4-0-2.wav,drilling,0,0.0585646405816078
74922-4-0-3.wav,drilling,0,0.0439179390668869
74922-4-0-4.wav,drilling,0,0.0384812951087951
74922-4-0-5.wav,drilling,0,0.1003584638237953
74922-4-0-6.wav,drilling,0,0.2199509441852569
74922-4-0-7.wav,drilling,0,0.2406709790229797
74950-3-0-0.wav,dog_bark,1,0.9409893751144408
74950-3-2-4.wav,dog_bark,1,0.7646114826202393
74950-3-2-5.wav,dog_bark,1,0.7818348407745361
74965-4-0-0.wav,drilling,0,0.3282168507575989
74965-4-0-1.wav,drilling,0,0.190415158867836
74965-4-0-2.wav,drilling,0,0.187111958861351
74965-4-0-3.wav,drilling,0,0.4527037739753723
74965-4-1-0.wav,drilling,0,0.1349100321531295
74965-4-1-1.wav,drilling,0,0.1080053821206092
74965-4-1-2.wav,drilling,0,0.4057236909866333
75490-8-0-0.wav,siren,1,0.9900001883506776
75490-8-0-1.wav,siren,1,0.9895707368850708
75490-8-0-2.wav,siren,1,0.9981069564819336
75490-8-1-0.wav,siren,1,0.8680033087730408
75490-8-1-1.wav,siren,1,0.729175865650177
75743-0-0-0.wav,air_conditioner,0,0.3783163726329803
75743-0-0-1.wav,air_conditioner,0,0.4007374346256256
75743-0-0-10.wav,air_conditioner,0,0.3949677348136902
75743-0-0-11.wav,air_conditioner,0,0.3748725354671478
75743-0-0-12.wav,air_conditioner,0,0.3615473508834839
75743-0-0-13.wav,air_conditioner,0,0.3716842532157898
75743-0-0-14.wav,air_conditioner,0,0.4220194518566131
75743-0-0-15.wav,air_conditioner,0,0.4274928271770477
75743-0-0-16.wav,air_conditioner,0,0.358362078666687
75743-0-0-17.wav,air_conditioner,0,0.3598561882972717
75743-0-0-18.wav,air_conditioner,0,0.372543454170227
75743-0-0-19.wav,air_conditioner,0,0.3201788961887359
75743-0-0-2.wav,air_conditioner,0,0.3752292990684509
75743-0-0-20.wav,air_conditioner,0,0.3303202688694
75743-0-0-21.wav,air_conditioner,0,0.3759144842624664
75743-0-0-22.wav,air_conditioner,0,0.3602684140205383
75743-0-0-23.wav,air_conditioner,0,0.3723560869693756
75743-0-0-3.wav,air_conditioner,0,0.368638813495636
75743-0-0-4.wav,air_conditioner,0,0.4042820334434509
75743-0-0-5.wav,air_conditioner,0,0.3952935338020324
75743-0-0-6.wav,air_conditioner,0,0.3613564968109131
75743-0-0-7.wav,air_conditioner,0,0.3603864312171936
75743-0-0-8.wav,air_conditioner,0,0.3677485585212707
75743-0-0-9.wav,air_conditioner,0,0.3916156589984894
76085-4-0-103.wav,drilling,0,0.7634352445602417
76085-4-0-14.wav,drilling,0,0.7201759219169617
76085-4-0-24.wav,drilling,0,0.7525322437286377
76085-4-0-27.wav,drilling,0,0.8520145416259766
76085-4-0-35.wav,drilling,0,0.7645766735076904
76085-4-0-37.wav,drilling,0,0.8023401498794556
76085-4-0-38.wav,drilling,0,0.7711224555969238
76085-4-0-55.wav,drilling,0,0.8608934879302979
76085-4-0-6.wav,drilling,0,0.826035737991333
76085-4-0-61.wav,drilling,0,0.7300683259963989
76085-4-0-62.wav,drilling,0,0.8558040261268616
76085-4-0-66.wav,drilling,0,0.7458066344261169
76085-4-0-81.wav,drilling,0,0.9039857387542723
76085-4-0-89.wav,drilling,0,0.8820121884346008
76085-4-0-93.wav,drilling,0,0.6372808218002319
76085-4-0-97.wav,drilling,0,0.8471117615699768
76086-4-0-12.wav,drilling,0,0.6393669843673706
76086-4-0-14.wav,drilling,0,0.8421105742454529
76086-4-0-17.wav,drilling,0,0.8003989458084106
76086-4-0-18.wav,drilling,0,0.8309808373451233
76086-4-0-19.wav,drilling,0,0.7740399837493896
76086-4-0-2.wav,drilling,0,0.6616329550743103
76086-4-0-22.wav,drilling,0,0.7962835431098938
76086-4-0-23.wav,drilling,0,0.8004826307296753
76086-4-0-24.wav,drilling,0,0.8727474808692932
76086-4-0-27.wav,drilling,0,0.5972710251808167
76086-4-0-29.wav,drilling,0,0.6777369379997253
76086-4-0-3.wav,drilling,0,0.8511873483657837
76086-4-0-32.wav,drilling,0,0.7749418020248413
76086-4-0-36.wav,drilling,0,0.2238657474517822
76086-4-0-38.wav,drilling,0,0.6695067286491394
76086-4-0-43.wav,drilling,0,0.7699028253555298
76086-4-0-50.wav,drilling,0,0.4931471049785614
76086-4-0-53.wav,drilling,0,0.9147953391075134
76086-4-0-55.wav,drilling,0,0.9242326021194458
76086-4-0-56.wav,drilling,0,0.9146525859832764
76086-4-0-58.wav,drilling,0,0.8309570550918579
76089-6-0-0.wav,gun_shot,1,0.806300699710846
76090-6-0-0.wav,gun_shot,1,0.8162853121757507
76090-6-1-0.wav,gun_shot,1,0.68328857421875
76091-6-0-0.wav,gun_shot,1,0.899905264377594
76091-6-5-0.wav,gun_shot,1,0.7761058211326599
76093-6-0-0.wav,gun_shot,1,0.9189876914024352
76093-6-1-0.wav,gun_shot,1,0.9186726212501526
76094-6-0-0.wav,gun_shot,1,0.5348246097564697
76094-6-1-0.wav,gun_shot,1,0.353295087814331
76221-2-0-0.wav,children_playing,0,0.6500117778778076
76221-2-0-1.wav,children_playing,0,0.7243571281433105
76221-2-0-10.wav,children_playing,0,0.6013503670692444
76221-2-0-2.wav,children_playing,0,0.700302004814148
76221-2-0-3.wav,children_playing,0,0.6906991004943848
76221-2-0-4.wav,children_playing,0,0.6609479188919067
76221-2-0-5.wav,children_playing,0,0.615680456161499
76221-2-0-6.wav,children_playing,0,0.6990567445755005
76266-2-0-40.wav,children_playing,0,0.2478225231170654
76266-2-0-46.wav,children_playing,0,0.2854591608047485
76266-2-0-50.wav,children_playing,0,0.2544708847999573
76266-2-0-55.wav,children_playing,0,0.2958245575428009
76266-2-0-7.wav,children_playing,0,0.327472060918808
76266-2-0-76.wav,children_playing,0,0.3575127720832824
76266-2-0-80.wav,children_playing,0,0.5396856665611267
76266-2-0-91.wav,children_playing,0,0.4004462957382202
76566-3-0-11.wav,dog_bark,1,0.4778237044811249
76566-3-0-3.wav,dog_bark,1,0.5369089841842651
76566-3-0-6.wav,dog_bark,1,0.4814432859420776
76566-3-0-8.wav,dog_bark,1,0.6524675488471985
76568-9-0-10.wav,street_music,0,0.3981191515922546
76568-9-0-11.wav,street_music,0,0.4580534696578979
76568-9-0-12.wav,street_music,0,0.1319717317819595
76568-9-0-13.wav,street_music,0,0.2607049345970154
76568-9-0-14.wav,street_music,0,0.6496581435203552
76568-9-0-2.wav,street_music,0,0.421694815158844
76585-9-0-10.wav,street_music,0,2.7645604916415326e-08
76585-9-0-38.wav,street_music,0,6.966299406485632e-05
76585-9-0-5.wav,street_music,0,1.4803616750214132e-06
76585-9-0-57.wav,street_music,0,3.89453380194027e-05
76585-9-0-60.wav,street_music,0,1.1819963219750209e-05
76585-9-0-69.wav,street_music,0,0.000244151771767
76640-3-0-0.wav,dog_bark,1,0.8533961772918701
77233-3-0-105.wav,dog_bark,1,0.1447112262248993
77233-3-0-67.wav,dog_bark,1,0.2925358116626739
77233-3-0-7.wav,dog_bark,1,0.400504320859909
77233-3-0-79.wav,dog_bark,1,0.613385796546936
77246-6-0-0.wav,gun_shot,1,0.2590125799179077
77247-6-0-0.wav,gun_shot,1,0.9506719708442688
77509-1-0-0.wav,car_horn,1,0.9133886694908142
77674-3-0-0.wav,dog_bark,1,0.4639191329479217
77751-4-0-0.wav,drilling,0,0.0019849694799631
77751-4-0-1.wav,drilling,0,7.203950644907309e-06
77751-4-1-0.wav,drilling,0,0.0072876387275755
77751-4-1-1.wav,drilling,0,0.028596743941307
77751-4-2-0.wav,drilling,0,0.0168373808264732
77751-4-3-0.wav,drilling,0,0.0028657508082687
77751-4-4-0.wav,drilling,0,0.063139833509922
77751-4-5-0.wav,drilling,0,0.0251919906586408
77751-4-6-0.wav,drilling,0,0.2289810925722122
77751-4-7-0.wav,drilling,0,0.4916798174381256
77751-4-8-0.wav,drilling,0,0.1817268580198288
77751-4-9-0.wav,drilling,0,0.2335066795349121
77751-4-9-1.wav,drilling,0,0.0928473845124244
77751-4-9-2.wav,drilling,0,0.0838388949632644
77751-4-9-3.wav,drilling,0,0.2255351394414901
77751-7-0-0.wav,jackhammer,0,0.0022315185051411
77751-7-0-1.wav,jackhammer,0,7.649614417459816e-06
77751-7-1-0.wav,jackhammer,0,0.0061325561255216
77751-7-1-1.wav,jackhammer,0,0.0148262707516551
77751-7-2-0.wav,jackhammer,0,0.0295298062264919
77751-7-3-0.wav,jackhammer,0,0.0034413652028888
77751-7-4-0.wav,jackhammer,0,0.0683860331773758
77751-7-5-0.wav,jackhammer,0,0.024700216948986
77751-7-6-0.wav,jackhammer,0,0.2132776081562042
77751-7-7-0.wav,jackhammer,0,0.4568957984447479
77751-7-8-0.wav,jackhammer,0,0.1699450314044952
77751-7-9-0.wav,jackhammer,0,0.2275535315275192
77751-7-9-1.wav,jackhammer,0,0.0882689803838729
77751-7-9-2.wav,jackhammer,0,0.085329532623291
77751-7-9-3.wav,jackhammer,0,0.2157644629478454
77766-9-0-0.wav,street_music,0,0.453775942325592
77766-9-0-3.wav,street_music,0,0.5957949161529541
77766-9-0-4.wav,street_music,0,0.4958149790763855
77766-9-0-5.wav,street_music,0,0.5338842272758484
77766-9-0-6.wav,street_music,0,0.6559427976608276
77766-9-0-7.wav,street_music,0,0.6422715187072754
77769-9-0-0.wav,street_music,0,0.3937216997146606
77769-9-0-12.wav,street_music,0,0.2808068990707397
77769-9-0-17.wav,street_music,0,0.3242619931697845
77769-9-0-2.wav,street_music,0,0.3751737177371979
77769-9-0-4.wav,street_music,0,0.363282173871994
77769-9-0-8.wav,street_music,0,0.5698025226593018
77770-9-0-1.wav,street_music,0,0.7952700853347778
77770-9-0-15.wav,street_music,0,0.8044895529747009
77770-9-0-17.wav,street_music,0,0.5518450736999512
77770-9-0-20.wav,street_music,0,0.7569169998168945
77770-9-0-6.wav,street_music,0,0.6259150505065918
77770-9-0-8.wav,street_music,0,0.0680010318756103
77770-9-0-9.wav,street_music,0,0.0591661855578422
77774-4-0-0.wav,drilling,0,0.8603734970092773
77774-4-0-1.wav,drilling,0,0.8875590562820435
77774-4-0-2.wav,drilling,0,0.8610048294067383
77774-4-0-3.wav,drilling,0,0.9049045443534852
77774-4-1-0.wav,drilling,0,0.8606710433959961
77774-4-1-1.wav,drilling,0,0.8835187554359436
77901-9-0-0.wav,street_music,0,0.3332492411136627
77901-9-0-1.wav,street_music,0,0.2735827267169952
77901-9-0-2.wav,street_music,0,0.1977422833442688
77901-9-0-3.wav,street_music,0,0.1752869784832
77901-9-0-4.wav,street_music,0,0.1346205770969391
77901-9-0-6.wav,street_music,0,0.2856441140174866
77901-9-0-7.wav,street_music,0,0.1853826195001602
77927-3-0-0.wav,dog_bark,1,0.9769800901412964
77927-3-0-1.wav,dog_bark,1,0.8565444946289062
77927-3-0-2.wav,dog_bark,1,0.9898295402526855
77927-3-1-1.wav,dog_bark,1,0.5956559181213379
78326-9-0-0.wav,street_music,0,0.2262158691883087
78326-9-0-1.wav,street_music,0,0.3385395109653473
78326-9-0-3.wav,street_music,0,0.2774721980094909
78326-9-0-5.wav,street_music,0,0.4518720209598541
78326-9-0-6.wav,street_music,0,0.2799768447875976
78326-9-0-7.wav,street_music,0,0.0762421041727066
78360-4-0-0.wav,drilling,0,0.4867987632751465
78360-4-0-1.wav,drilling,0,0.6313908100128174
78360-4-0-11.wav,drilling,0,0.5501394867897034
78360-4-0-12.wav,drilling,0,0.5572730898857117
78360-4-0-14.wav,drilling,0,0.5228930711746216
78360-4-0-15.wav,drilling,0,0.4105317890644073
78360-4-0-16.wav,drilling,0,0.4057765007019043
78360-4-0-17.wav,drilling,0,0.4895952641963959
78360-4-0-18.wav,drilling,0,0.4252185821533203
78360-4-0-19.wav,drilling,0,0.2914252877235412
78360-4-0-2.wav,drilling,0,0.6403540968894958
78360-4-0-20.wav,drilling,0,0.4013419151306152
78360-4-0-21.wav,drilling,0,0.4679883122444153
78360-4-0-22.wav,drilling,0,0.4381161332130432
78360-4-0-23.wav,drilling,0,0.4161738753318786
78360-4-0-3.wav,drilling,0,0.7178910970687866
78360-4-0-4.wav,drilling,0,0.7636138796806335
78360-4-0-5.wav,drilling,0,0.7657638192176819
78360-4-0-6.wav,drilling,0,0.7577133774757385
78360-4-0-7.wav,drilling,0,0.7077596187591553
78360-4-0-8.wav,drilling,0,0.6296936273574829
78360-4-0-9.wav,drilling,0,0.5536459684371948
78651-5-0-0.wav,engine_idling,0,7.303300186833894e-09
78651-5-0-1.wav,engine_idling,0,2.374926699744151e-09
78651-5-0-10.wav,engine_idling,0,5.515393697308467e-10
78651-5-0-11.wav,engine_idling,0,3.6994030061521244e-09
78651-5-0-12.wav,engine_idling,0,5.115139423139681e-10
78651-5-0-13.wav,engine_idling,0,1.1590765847113715e-10
78651-5-0-14.wav,engine_idling,0,4.826291033488417e-10
78651-5-0-15.wav,engine_idling,0,7.456284478735142e-09
78651-5-0-16.wav,engine_idling,0,4.649765461550714e-09
78651-5-0-17.wav,engine_idling,0,2.5542645776255313e-09
78651-5-0-2.wav,engine_idling,0,2.387812614301765e-09
78651-5-0-3.wav,engine_idling,0,3.58846463655027e-09
78651-5-0-4.wav,engine_idling,0,1.0842272857303216e-08
78651-5-0-5.wav,engine_idling,0,2.709139135248506e-09
78651-5-0-6.wav,engine_idling,0,1.4897643119127222e-09
78651-5-0-7.wav,engine_idling,0,1.4047992769050666e-09
78651-5-0-8.wav,engine_idling,0,2.821774813810407e-09
78651-5-0-9.wav,engine_idling,0,5.310783479650637e-10
78776-6-0-0.wav,gun_shot,1,0.8351437449455261
79089-0-0-106.wav,air_conditioner,0,0.486706018447876
79089-0-0-115.wav,air_conditioner,0,0.6087024807929993
79089-0-0-12.wav,air_conditioner,0,0.3878300487995147
79089-0-0-122.wav,air_conditioner,0,0.5399125218391418
79089-0-0-123.wav,air_conditioner,0,0.6027778387069702
79089-0-0-134.wav,air_conditioner,0,0.3244558274745941
79089-0-0-135.wav,air_conditioner,0,0.4542109668254852
79089-0-0-136.wav,air_conditioner,0,0.4141699373722076
79089-0-0-138.wav,air_conditioner,0,0.1725692152976989
79089-0-0-19.wav,air_conditioner,0,0.4874620735645294
79089-0-0-25.wav,air_conditioner,0,0.7899914979934692
79089-0-0-28.wav,air_conditioner,0,0.1554388254880905
79089-0-0-4.wav,air_conditioner,0,0.7531625032424927
79089-0-0-40.wav,air_conditioner,0,0.2604499757289886
79089-0-0-41.wav,air_conditioner,0,0.3655470609664917
79089-0-0-43.wav,air_conditioner,0,0.714779257774353
79089-0-0-48.wav,air_conditioner,0,0.6616601347923279
79089-0-0-51.wav,air_conditioner,0,0.9079551100730896
79089-0-0-52.wav,air_conditioner,0,0.8887702226638794
79089-0-0-56.wav,air_conditioner,0,0.5665464997291565
79089-0-0-6.wav,air_conditioner,0,0.3262316584587097
79089-0-0-60.wav,air_conditioner,0,0.6838317513465881
79089-0-0-63.wav,air_conditioner,0,0.2424448132514953
79089-0-0-70.wav,air_conditioner,0,0.4166073501110077
79089-0-0-73.wav,air_conditioner,0,0.2787946462631225
79089-0-0-75.wav,air_conditioner,0,0.2215133607387542
79089-0-0-92.wav,air_conditioner,0,0.422124832868576
7913-3-0-0.wav,dog_bark,1,0.8687118291854858
7913-3-1-0.wav,dog_bark,1,0.7952880263328552
7913-3-2-0.wav,dog_bark,1,0.9046646952629088
7913-3-3-0.wav,dog_bark,1,0.7902715802192688
79377-9-0-10.wav,street_music,0,0.2772781550884247
79377-9-0-12.wav,street_music,0,0.5390800833702087
79377-9-0-13.wav,street_music,0,0.5823167562484741
79377-9-0-2.wav,street_music,0,0.3896983563899994
79377-9-0-4.wav,street_music,0,0.2902278304100036
79377-9-0-8.wav,street_music,0,0.3505087494850158
79584-3-0-4.wav,dog_bark,1,0.6704699993133545
79584-3-0-5.wav,dog_bark,1,0.6386856436729431
79584-3-0-8.wav,dog_bark,1,0.9081571102142334
79584-3-1-2.wav,dog_bark,1,0.6286218762397766
7965-3-11-0.wav,dog_bark,1,0.8582744002342224
7965-3-16-0.wav,dog_bark,1,0.888549268245697
7965-3-22-0.wav,dog_bark,1,0.8186525106430054
7965-3-3-0.wav,dog_bark,1,0.8011947274208069
7975-3-0-0.wav,dog_bark,1,0.3961140215396881
80589-0-0-0.wav,air_conditioner,0,0.8385533094406128
80589-0-0-1.wav,air_conditioner,0,0.8366708755493164
80589-0-0-2.wav,air_conditioner,0,0.8381137251853943
80589-0-0-3.wav,air_conditioner,0,0.8514546751976013
80589-0-0-4.wav,air_conditioner,0,0.7296522259712219
80806-2-0-0.wav,children_playing,0,0.7440827488899231
80806-2-0-1.wav,children_playing,0,0.6871618032455444
80806-2-0-10.wav,children_playing,0,0.7004080414772034
80806-2-0-2.wav,children_playing,0,0.1364409476518631
80806-2-0-3.wav,children_playing,0,0.14654640853405
80806-2-0-4.wav,children_playing,0,0.3870338499546051
80806-2-0-5.wav,children_playing,0,0.2608009576797485
80806-2-0-7.wav,children_playing,0,0.8696776628494263
81068-5-0-0.wav,engine_idling,0,0.0217953845858573
81068-5-0-1.wav,engine_idling,0,0.0389121323823928
81068-5-0-2.wav,engine_idling,0,0.2333756983280182
81068-5-0-3.wav,engine_idling,0,0.2697866261005401
81068-5-0-4.wav,engine_idling,0,0.2745689749717712
81068-5-0-5.wav,engine_idling,0,0.4192381203174591
81068-5-1-0.wav,engine_idling,0,0.3534175157546997
81068-5-2-0.wav,engine_idling,0,0.5418579578399658
81117-4-0-0.wav,drilling,0,0.2422193139791488
81117-4-0-1.wav,drilling,0,0.2673004269599914
81117-4-0-2.wav,drilling,0,0.2546456456184387
81117-4-0-3.wav,drilling,0,0.2532826662063598
81117-4-0-4.wav,drilling,0,0.3042123913764953
81117-4-0-5.wav,drilling,0,0.4128016233444214
81722-3-0-21.wav,dog_bark,1,0.4783039689064026
81722-3-0-22.wav,dog_bark,1,0.4932780563831329
81722-3-0-26.wav,dog_bark,1,0.4867133498191833
81722-3-0-28.wav,dog_bark,1,0.4954479336738586
81787-2-0-0.wav,children_playing,0,0.3563587069511413
81787-2-0-14.wav,children_playing,0,0.382475197315216
81787-2-0-23.wav,children_playing,0,0.3923439979553222
81787-2-0-35.wav,children_playing,0,0.3024355769157409
81787-2-0-39.wav,children_playing,0,0.3146038353443146
81787-2-0-4.wav,children_playing,0,0.3372078537940979
81787-2-0-48.wav,children_playing,0,0.271065354347229
81787-2-0-49.wav,children_playing,0,0.2895415127277374
81788-2-0-12.wav,children_playing,0,0.2977215945720672
81788-2-0-14.wav,children_playing,0,0.3192664980888366
81788-2-0-16.wav,children_playing,0,0.3077754080295563
81788-2-0-35.wav,children_playing,0,0.1379395425319671
81788-2-0-44.wav,children_playing,0,0.0977884456515312
81788-2-0-51.wav,children_playing,0,0.1312283277511596
81788-2-0-69.wav,children_playing,0,0.0915349274873733
81791-3-0-0.wav,dog_bark,1,0.3599519431591034
81791-3-0-1.wav,dog_bark,1,0.3194414377212524
81791-3-1-0.wav,dog_bark,1,0.4835577607154846
81799-3-0-0.wav,dog_bark,1,0.3846008777618408
81799-3-0-1.wav,dog_bark,1,0.3894934356212616
81799-3-1-0.wav,dog_bark,1,0.2388919293880462
81799-3-1-2.wav,dog_bark,1,0.3256506025791168
82024-3-0-4.wav,dog_bark,1,0.4290928840637207
82024-3-0-5.wav,dog_bark,1,0.396097332239151
82024-3-0-6.wav,dog_bark,1,0.3937128484249115
82024-3-0-8.wav,dog_bark,1,0.405246376991272
82317-1-0-0.wav,car_horn,1,0.2050200402736663
82368-2-0-0.wav,children_playing,0,0.2818580567836761
82368-2-0-1.wav,children_playing,0,0.224423661828041
82368-2-0-10.wav,children_playing,0,0.2161491811275482
82368-2-0-17.wav,children_playing,0,0.1658639758825302
82368-2-0-23.wav,children_playing,0,0.3237755596637726
82368-2-0-25.wav,children_playing,0,0.3937731683254242
82368-2-0-30.wav,children_playing,0,0.0023728916421532
82368-2-0-7.wav,children_playing,0,0.2823184132575989
82811-3-0-1.wav,dog_bark,1,0.352548748254776
82811-3-0-2.wav,dog_bark,1,0.351573646068573
82811-3-3-0.wav,dog_bark,1,0.6339805126190186
82811-3-4-0.wav,dog_bark,1,0.5408579111099243
83191-9-0-0.wav,street_music,0,0.4434135854244232
83191-9-0-11.wav,street_music,0,0.4833504557609558
83191-9-0-13.wav,street_music,0,0.3483068346977234
83191-9-0-17.wav,street_music,0,0.2110420167446136
83191-9-0-4.wav,street_music,0,0.255757063627243
83191-9-0-6.wav,street_music,0,0.3600405752658844
83195-9-0-11.wav,street_music,0,0.596152126789093
83195-9-0-14.wav,street_music,0,0.5379906892776489
83195-9-0-2.wav,street_music,0,0.3539336919784546
83195-9-0-3.wav,street_music,0,0.1858419477939605
83195-9-0-6.wav,street_music,0,0.5966517329216003
83195-9-0-7.wav,street_music,0,0.783257007598877
83196-9-0-10.wav,street_music,0,0.3261842429637909
83196-9-0-13.wav,street_music,0,0.2864129543304443
83196-9-0-14.wav,street_music,0,0.2855385839939117
83196-9-0-15.wav,street_music,0,0.3446728587150574
83196-9-0-3.wav,street_music,0,0.3630947470664978
83196-9-0-9.wav,street_music,0,0.37819704413414
83199-9-0-0.wav,street_music,0,0.5694388747215271
83465-1-0-0.wav,car_horn,1,0.5820399522781372
83488-1-0-0.wav,car_horn,1,0.977920949459076
83488-1-1-0.wav,car_horn,1,0.966179370880127
83502-0-0-0.wav,air_conditioner,0,0.3457889854907989
83502-0-0-1.wav,air_conditioner,0,0.4622828066349029
83502-0-0-10.wav,air_conditioner,0,0.0214172899723052
83502-0-0-11.wav,air_conditioner,0,0.1475206613540649
83502-0-0-12.wav,air_conditioner,0,0.0190440844744443
83502-0-0-13.wav,air_conditioner,0,0.0028421720489859
83502-0-0-2.wav,air_conditioner,0,0.5687903761863708
83502-0-0-3.wav,air_conditioner,0,0.3565893769264221
83502-0-0-4.wav,air_conditioner,0,0.1558840274810791
83502-0-0-5.wav,air_conditioner,0,0.0170750059187412
83502-0-0-6.wav,air_conditioner,0,0.0027696243487298
83502-0-0-7.wav,air_conditioner,0,0.0073264674283564
83502-0-0-8.wav,air_conditioner,0,0.0732642114162445
83502-0-0-9.wav,air_conditioner,0,0.0581647045910358
83680-5-0-0.wav,engine_idling,0,0.4216555655002594
83680-5-0-1.wav,engine_idling,0,0.4218068420886993
83680-5-0-2.wav,engine_idling,0,0.4223479032516479
83680-5-0-3.wav,engine_idling,0,0.426738291978836
84143-2-0-10.wav,children_playing,0,0.466248869895935
84143-2-0-12.wav,children_playing,0,0.4628314971923828
84143-2-0-13.wav,children_playing,0,0.4817848205566406
84143-2-0-14.wav,children_playing,0,0.5509243011474609
84143-2-0-15.wav,children_playing,0,0.4736726582050323
84143-2-0-32.wav,children_playing,0,0.6511226296424866
84143-2-0-38.wav,children_playing,0,0.8064738512039185
84143-2-0-7.wav,children_playing,0,0.7474898099899292
84249-9-0-10.wav,street_music,0,0.3753179311752319
84249-9-0-11.wav,street_music,0,0.578819990158081
84249-9-0-3.wav,street_music,0,0.329435259103775
84249-9-0-6.wav,street_music,0,0.0814066976308822
84249-9-0-7.wav,street_music,0,0.0148454224690794
84249-9-0-8.wav,street_music,0,0.002336457138881
84317-3-0-0.wav,dog_bark,1,0.7696663737297058
84359-2-0-0.wav,children_playing,0,0.4675235748291015
84359-2-0-1.wav,children_playing,0,0.4269392490386963
84359-2-0-2.wav,children_playing,0,0.4986740946769714
84359-2-0-5.wav,children_playing,0,0.6893191337585449
84359-2-0-6.wav,children_playing,0,0.6648202538490295
84359-2-0-8.wav,children_playing,0,0.6756841540336609
84359-2-0-9.wav,children_playing,0,0.7689688205718994
84699-4-0-0.wav,drilling,0,0.7194693088531494
84699-4-1-0.wav,drilling,0,0.7678168416023254
84699-4-2-0.wav,drilling,0,0.4707141518592834
84699-4-3-0.wav,drilling,0,0.5341579914093018
84699-4-4-0.wav,drilling,0,0.6973206400871277
84699-4-5-0.wav,drilling,0,0.6929080486297607
84699-4-6-0.wav,drilling,0,0.6477342247962952
85249-2-0-10.wav,children_playing,0,0.3426035046577453
85249-2-0-14.wav,children_playing,0,0.3953703045845032
85249-2-0-25.wav,children_playing,0,0.4781405627727508
85249-2-0-29.wav,children_playing,0,0.4844182133674621
85249-2-0-61.wav,children_playing,0,0.4933288395404815
85249-2-0-62.wav,children_playing,0,0.501274049282074
85249-2-0-68.wav,children_playing,0,0.4588097631931305
85249-2-0-79.wav,children_playing,0,0.3677728176116943
85544-3-5-0.wav,dog_bark,1,0.8610109686851501
85544-3-6-0.wav,dog_bark,1,0.7865676283836365
85544-3-7-0.wav,dog_bark,1,0.8271125555038452
85569-0-0-0.wav,air_conditioner,0,0.2212307155132293
85569-0-0-1.wav,air_conditioner,0,0.1850157231092453
85569-0-0-2.wav,air_conditioner,0,0.1826054453849792
85569-0-0-3.wav,air_conditioner,0,0.1859641522169113
85569-0-0-4.wav,air_conditioner,0,0.1982349455356598
85569-0-0-5.wav,air_conditioner,0,0.2260174751281738
85569-0-0-6.wav,air_conditioner,0,0.2690005600452423
85569-0-0-7.wav,air_conditioner,0,0.2804843187332153
85569-0-0-8.wav,air_conditioner,0,0.2508150339126587
85569-0-0-9.wav,air_conditioner,0,0.2382497042417526
85574-3-0-0.wav,dog_bark,1,0.4727751910686493
85574-3-0-12.wav,dog_bark,1,0.4414274394512176
85574-3-0-2.wav,dog_bark,1,0.4432823657989502
85574-3-0-8.wav,dog_bark,1,0.4535123109817505
85661-3-0-0.wav,dog_bark,1,0.9272611737251282
85662-3-0-0.wav,dog_bark,1,0.974489152431488
85663-3-0-0.wav,dog_bark,1,0.9324921369552612
85664-3-0-0.wav,dog_bark,1,0.9457476139068604
85665-3-0-0.wav,dog_bark,1,0.8400654792785645
86278-6-0-0.wav,gun_shot,1,0.9029935598373412
86279-3-0-0.wav,dog_bark,1,0.999749720096588
86284-3-0-0.wav,dog_bark,1,0.5504289269447327
86284-3-1-0.wav,dog_bark,1,0.4896165430545807
87562-6-0-0.wav,gun_shot,1,0.8450815081596375
88121-8-0-0.wav,siren,1,0.4275069832801819
88121-8-0-1.wav,siren,1,0.4206452965736389
88121-8-0-2.wav,siren,1,0.4183902740478515
88121-8-0-3.wav,siren,1,0.4142565727233886
88121-8-1-0.wav,siren,1,0.6046512126922607
88121-8-2-0.wav,siren,1,0.4851369559764862
88466-7-0-0.wav,jackhammer,0,0.7657358050346375
88569-2-0-14.wav,children_playing,0,0.3729043304920196
88569-2-0-21.wav,children_playing,0,0.5541728734970093
88569-2-0-36.wav,children_playing,0,0.6946712732315063
88569-2-0-54.wav,children_playing,0,0.1770128756761551
88569-2-0-67.wav,children_playing,0,0.4192545115947723
88569-2-0-77.wav,children_playing,0,0.6103924512863159
88569-2-0-85.wav,children_playing,0,0.5654681921005249
89099-4-0-0.wav,drilling,0,0.197429358959198
89099-4-0-1.wav,drilling,0,0.1750179082155227
89099-4-0-2.wav,drilling,0,0.1408483982086181
89207-3-0-0.wav,dog_bark,1,0.9433881044387816
89209-3-0-0.wav,dog_bark,1,0.8521329164505005
89210-3-0-0.wav,dog_bark,1,0.94473135471344
89211-3-0-0.wav,dog_bark,1,0.9013608694076538
89212-3-0-0.wav,dog_bark,1,0.9202425479888916
89213-3-0-0.wav,dog_bark,1,0.8377597332000732
89442-9-0-14.wav,street_music,0,0.2640242874622345
89442-9-0-17.wav,street_music,0,0.0965072512626648
89442-9-0-34.wav,street_music,0,0.0384381264448165
89442-9-0-5.wav,street_music,0,0.0217166803777217
89442-9-0-6.wav,street_music,0,0.0422451496124267
89442-9-0-7.wav,street_music,0,0.1129118055105209
89443-9-0-1.wav,street_music,0,0.1924950331449508
89443-9-0-16.wav,street_music,0,0.3179493844509125
89443-9-0-17.wav,street_music,0,0.5408852696418762
89443-9-0-2.wav,street_music,0,0.5314964652061462
89443-9-0-48.wav,street_music,0,0.9877316951751708
89443-9-0-50.wav,street_music,0,0.8019463419914246
89679-1-0-0.wav,car_horn,1,0.9366474151611328
89679-1-1-0.wav,car_horn,1,0.8756547570228577
89724-5-0-0.wav,engine_idling,0,0.2476622015237808
89724-5-0-1.wav,engine_idling,0,0.2509498596191406
89724-5-0-2.wav,engine_idling,0,0.2015391439199447
89724-5-0-3.wav,engine_idling,0,0.1944025754928589
89724-5-0-4.wav,engine_idling,0,0.2078616172075271
89724-5-0-5.wav,engine_idling,0,0.2078898698091507
89948-5-0-0.wav,engine_idling,0,0.528715193271637
90013-7-0-0.wav,jackhammer,0,0.181039348244667
90013-7-0-1.wav,jackhammer,0,0.1222756952047348
90013-7-0-2.wav,jackhammer,0,0.1005933210253715
90013-7-0-3.wav,jackhammer,0,0.0476178787648677
90013-7-0-4.wav,jackhammer,0,0.0374158285558223
90013-7-0-5.wav,jackhammer,0,0.0545719265937805
90013-7-0-6.wav,jackhammer,0,0.0298077519983053
90013-7-0-7.wav,jackhammer,0,0.0368706583976745
90013-7-1-0.wav,jackhammer,0,0.3587817847728729
90013-7-1-1.wav,jackhammer,0,0.2385939508676529
90013-7-1-2.wav,jackhammer,0,0.1551464349031448
90013-7-1-3.wav,jackhammer,0,0.1116480603814125
90013-7-1-4.wav,jackhammer,0,0.1205220818519592
90013-7-1-5.wav,jackhammer,0,0.1791734099388122
9031-3-1-0.wav,dog_bark,1,0.8606255650520325
9031-3-2-0.wav,dog_bark,1,0.8197507262229919
9031-3-3-0.wav,dog_bark,1,0.8904197216033936
9031-3-4-0.wav,dog_bark,1,0.8993597626686096
90846-8-0-0.wav,siren,1,0.0002651281538419
91209-5-0-0.wav,engine_idling,0,0.3604421615600586
91209-5-0-1.wav,engine_idling,0,0.3654899299144745
91209-5-0-2.wav,engine_idling,0,0.3636039495468139
91209-5-1-0.wav,engine_idling,0,0.3605684041976928
91209-5-1-1.wav,engine_idling,0,0.4031645953655243
91209-5-1-2.wav,engine_idling,0,0.3920432925224304
91209-5-1-3.wav,engine_idling,0,0.4138785600662231
91209-5-1-4.wav,engine_idling,0,0.4081230759620666
91209-5-1-5.wav,engine_idling,0,0.3921475410461426
91396-8-0-0.wav,siren,1,0.4651572108268738
91396-8-0-1.wav,siren,1,0.4640742540359497
91396-8-0-2.wav,siren,1,0.4362989366054535
91396-8-0-3.wav,siren,1,0.4513806700706482
91533-5-0-0.wav,engine_idling,0,0.9452658891677856
91533-5-0-1.wav,engine_idling,0,0.9596522450447084
91533-5-0-2.wav,engine_idling,0,0.9472360610961914
91533-5-0-3.wav,engine_idling,0,0.950921595096588
9223-2-0-10.wav,children_playing,0,0.8333261013031006
9223-2-0-15.wav,children_playing,0,0.2315952032804489
9223-2-0-17.wav,children_playing,0,0.6810311675071716
9223-2-0-2.wav,children_playing,0,0.6970996260643005
9223-2-0-4.wav,children_playing,0,0.4563462734222412
9223-2-0-5.wav,children_playing,0,0.8578391075134277
9223-2-0-9.wav,children_playing,0,0.8970794677734375
93065-9-0-12.wav,street_music,0,0.4491709470748901
93065-9-0-14.wav,street_music,0,0.2294238060712814
93065-9-0-17.wav,street_music,0,0.4259421229362488
93065-9-0-2.wav,street_music,0,0.5654324889183044
93065-9-0-4.wav,street_music,0,0.6219017505645752
93065-9-0-7.wav,street_music,0,0.4585371017456054
93139-6-0-0.wav,gun_shot,1,0.0895171537995338
93193-9-0-4.wav,street_music,0,0.0392823740839958
93193-9-1-11.wav,street_music,0,0.6878656148910522
93193-9-1-18.wav,street_music,0,0.7558274269104004
93193-9-1-19.wav,street_music,0,0.663633406162262
93193-9-1-22.wav,street_music,0,0.6652490496635437
93193-9-1-6.wav,street_music,0,0.5190365314483643
93567-8-0-0.wav,siren,1,0.755882740020752
93567-8-0-1.wav,siren,1,0.7397436499595642
93567-8-0-10.wav,siren,1,0.5073832273483276
93567-8-0-11.wav,siren,1,0.4128431975841522
93567-8-0-12.wav,siren,1,0.3247205317020416
93567-8-0-13.wav,siren,1,0.3499715626239776
93567-8-0-14.wav,siren,1,0.4183282554149627
93567-8-0-15.wav,siren,1,0.2827893197536468
93567-8-0-16.wav,siren,1,0.3919349908828735
93567-8-0-17.wav,siren,1,0.9589719772338868
93567-8-0-18.wav,siren,1,0.9821947813034058
93567-8-0-19.wav,siren,1,0.9998700618743896
93567-8-0-2.wav,siren,1,0.6670844554901123
93567-8-0-3.wav,siren,1,0.7190188765525818
93567-8-0-4.wav,siren,1,0.7525536417961121
93567-8-0-5.wav,siren,1,0.7748880386352539
93567-8-0-6.wav,siren,1,0.7436063289642334
93567-8-0-7.wav,siren,1,0.6223515272140503
93567-8-0-8.wav,siren,1,0.5700660347938538
93567-8-0-9.wav,siren,1,0.5353134870529175
94020-8-0-0.wav,siren,1,0.9162670373916626
94020-8-1-0.wav,siren,1,0.841564416885376
94182-9-0-0.wav,street_music,0,0.7867234349250793
94182-9-0-10.wav,street_music,0,0.9093216061592102
94182-9-0-16.wav,street_music,0,0.7020980715751648
94182-9-0-20.wav,street_music,0,0.9086551666259766
94182-9-0-23.wav,street_music,0,0.599377453327179
94182-9-0-25.wav,street_music,0,0.707025408744812
94182-9-0-9.wav,street_music,0,0.869382917881012
94401-1-0-0.wav,car_horn,1,0.8491966724395752
94631-9-0-12.wav,street_music,0,0.4454707503318786
94631-9-0-16.wav,street_music,0,0.1604150682687759
94631-9-1-16.wav,street_music,0,0.4726293683052063
94631-9-1-2.wav,street_music,0,0.1900417655706405
94631-9-1-25.wav,street_music,0,0.3046551346778869
94631-9-1-3.wav,street_music,0,0.2802900671958923
94632-5-0-0.wav,engine_idling,0,0.6627079248428345
94632-5-0-10.wav,engine_idling,0,0.520406186580658
94632-5-0-13.wav,engine_idling,0,0.5866707563400269
94632-5-0-14.wav,engine_idling,0,0.5816946625709534
94632-5-0-15.wav,engine_idling,0,0.6074644327163696
94632-5-0-2.wav,engine_idling,0,0.5267389416694641
94632-5-0-21.wav,engine_idling,0,0.6175149083137512
94632-5-0-22.wav,engine_idling,0,0.6432867050170898
94632-5-0-25.wav,engine_idling,0,0.6696445345878601
94632-5-0-27.wav,engine_idling,0,0.5722389221191406
94632-5-0-28.wav,engine_idling,0,0.5985331535339355
94632-5-0-29.wav,engine_idling,0,0.5934672951698303
94632-5-0-31.wav,engine_idling,0,0.5254591107368469
94632-5-0-33.wav,engine_idling,0,0.3923114240169525
94632-5-0-34.wav,engine_idling,0,0.3124818205833435
94632-5-0-6.wav,engine_idling,0,0.6127869486808777
94632-5-0-8.wav,engine_idling,0,0.5416509509086609
94632-5-0-9.wav,engine_idling,0,0.5692904591560364
94632-5-1-11.wav,engine_idling,0,0.6493654847145081
94632-5-1-13.wav,engine_idling,0,0.6387726068496704
94632-5-1-14.wav,engine_idling,0,0.6133896112442017
94632-5-1-17.wav,engine_idling,0,0.6320900917053223
94632-5-1-18.wav,engine_idling,0,0.6783719658851624
94632-5-1-19.wav,engine_idling,0,0.6158186197280884
94632-5-1-2.wav,engine_idling,0,0.3883324265480041
94632-5-1-23.wav,engine_idling,0,0.5632660388946533
94632-5-1-26.wav,engine_idling,0,0.498684287071228
94632-5-1-28.wav,engine_idling,0,0.5006235241889954
94632-5-1-30.wav,engine_idling,0,0.477733701467514
94632-5-1-7.wav,engine_idling,0,0.5340120196342468
94632-5-1-9.wav,engine_idling,0,0.6079569458961487
94636-8-0-0.wav,siren,1,0.3579498529434204
94636-8-0-1.wav,siren,1,0.3563490509986877
94636-8-0-10.wav,siren,1,0.5257588624954224
94636-8-0-11.wav,siren,1,0.9983674883842468
94636-8-0-12.wav,siren,1,0.9977365732192992
94636-8-0-13.wav,siren,1,0.9478065371513368
94636-8-0-14.wav,siren,1,0.961938202381134
94636-8-0-15.wav,siren,1,0.8741993308067322
94636-8-0-16.wav,siren,1,0.8161042332649231
94636-8-0-17.wav,siren,1,0.7214645743370056
94636-8-0-18.wav,siren,1,0.4607635736465454
94636-8-0-19.wav,siren,1,0.0823415145277977
94636-8-0-2.wav,siren,1,0.3426190614700317
94636-8-0-20.wav,siren,1,0.0420872755348682
94636-8-0-21.wav,siren,1,0.0364479720592498
94636-8-0-3.wav,siren,1,0.4848207831382751
94636-8-0-4.wav,siren,1,0.4881142079830169
94636-8-0-5.wav,siren,1,0.3371254503726959
94636-8-0-6.wav,siren,1,0.3760982453823089
94636-8-0-7.wav,siren,1,0.370597243309021
94636-8-0-8.wav,siren,1,0.3467231690883636
94636-8-0-9.wav,siren,1,0.2651189863681793
94710-5-0-0.wav,engine_idling,0,0.0002156058326363
94710-5-0-1.wav,engine_idling,0,9.173888247460128e-05
94710-5-0-2.wav,engine_idling,0,0.0021545854397118
94710-5-0-3.wav,engine_idling,0,0.0031516309827566
94710-5-1-0.wav,engine_idling,0,0.3514609932899475
94868-1-0-0.wav,car_horn,1,0.9517051577568054
94868-1-1-0.wav,car_horn,1,0.9558903574943542
94868-1-2-0.wav,car_horn,1,0.94879812002182
95077-5-0-0.wav,engine_idling,0,0.9466513395309448
95404-3-0-0.wav,dog_bark,1,0.4935312569141388
95404-3-0-1.wav,dog_bark,1,0.4987465739250183
95404-3-0-4.wav,dog_bark,1,0.5266447067260742
95404-3-0-5.wav,dog_bark,1,0.5280652046203613
95532-3-0-0.wav,dog_bark,1,0.7482649087905884
95536-3-0-1.wav,dog_bark,1,0.7216377258300781
95536-3-0-2.wav,dog_bark,1,0.6377074718475342
95536-3-0-4.wav,dog_bark,1,0.7539944648742676
95536-3-0-5.wav,dog_bark,1,0.6477466821670532
95549-3-0-14.wav,dog_bark,1,0.0007728714263066
95549-3-0-20.wav,dog_bark,1,0.0370216257870197
95549-3-0-6.wav,dog_bark,1,3.5194061638321728e-06
95549-3-0-7.wav,dog_bark,1,0.0001907194819068
95562-4-0-0.wav,drilling,0,0.5433240532875061
95562-4-1-0.wav,drilling,0,0.4856346249580383
95562-4-2-0.wav,drilling,0,0.1984681189060211
95562-4-3-0.wav,drilling,0,0.0766179636120796
95562-4-3-1.wav,drilling,0,0.0607641860842704
96158-4-0-0.wav,drilling,0,0.8969942927360535
96159-4-0-0.wav,drilling,0,0.5392240285873413
96159-4-1-0.wav,drilling,0,0.9183236956596376
96169-9-1-10.wav,street_music,0,0.5856558680534363
96169-9-1-3.wav,street_music,0,0.7267911434173584
96169-9-1-49.wav,street_music,0,0.1668095588684082
96169-9-1-55.wav,street_music,0,0.4855952858924866
96169-9-1-61.wav,street_music,0,0.1811142265796661
96169-9-1-74.wav,street_music,0,0.4286859631538391
96475-9-0-0.wav,street_music,0,0.0420625917613506
96475-9-0-3.wav,street_music,0,0.0460259057581424
96475-9-0-4.wav,street_music,0,0.0327857099473476
96475-9-0-5.wav,street_music,0,0.197788655757904
96475-9-0-6.wav,street_music,0,0.3284472227096557
96475-9-0-9.wav,street_music,0,0.2697674334049225
96657-8-0-0.wav,siren,1,0.4856507182121277
96657-8-0-1.wav,siren,1,0.4924761354923248
96657-8-0-2.wav,siren,1,0.4642924070358276
96657-8-0-3.wav,siren,1,0.3830475509166717
9674-1-0-0.wav,car_horn,1,0.8739935755729675
9674-1-0-1.wav,car_horn,1,0.8146820068359375
9674-1-0-2.wav,car_horn,1,0.7339059710502625
96920-9-0-0.wav,street_music,0,0.5894505381584167
96920-9-0-11.wav,street_music,0,0.2211679369211197
96920-9-0-13.wav,street_music,0,0.4159068465232849
96920-9-0-2.wav,street_music,0,0.6799061894416809
96920-9-0-3.wav,street_music,0,0.6420052647590637
96920-9-0-8.wav,street_music,0,0.1517114043235778
96921-9-0-1.wav,street_music,0,0.8103617429733276
96921-9-0-11.wav,street_music,0,0.7874673008918762
96921-9-0-17.wav,street_music,0,0.6285502910614014
96921-9-0-18.wav,street_music,0,0.6549019813537598
96921-9-0-4.wav,street_music,0,0.65582275390625
96921-9-0-9.wav,street_music,0,0.4456569850444793
97193-3-0-0.wav,dog_bark,1,0.7129603624343872
97193-3-0-1.wav,dog_bark,1,0.682556688785553
97193-3-0-4.wav,dog_bark,1,0.6846299171447754
97193-3-0-6.wav,dog_bark,1,0.6921709775924683
97317-2-0-22.wav,children_playing,0,0.3615218997001648
97317-2-0-23.wav,children_playing,0,0.2374544292688369
97317-2-0-25.wav,children_playing,0,0.7871890068054199
97317-2-0-28.wav,children_playing,0,0.5511236786842346
97317-2-0-34.wav,children_playing,0,0.1488795280456543
97317-2-0-36.wav,children_playing,0,0.7357960343360901
97317-2-0-5.wav,children_playing,0,0.5781684517860413
97331-2-0-13.wav,children_playing,0,0.6888118386268616
97331-2-0-17.wav,children_playing,0,0.6371447443962097
97331-2-0-20.wav,children_playing,0,0.7203812003135681
97331-2-0-35.wav,children_playing,0,0.7294702529907227
97331-2-0-50.wav,children_playing,0,0.6523602604866028
97331-2-0-55.wav,children_playing,0,0.6593807935714722
97331-2-0-59.wav,children_playing,0,0.981133759021759
97331-2-0-98.wav,children_playing,0,0.8230173587799072
97606-7-0-0.wav,jackhammer,0,0.7708903551101685
97606-7-1-0.wav,jackhammer,0,0.8534312844276428
97606-7-2-0.wav,jackhammer,0,0.8418464064598083
97606-7-3-0.wav,jackhammer,0,0.9334039688110352
97606-7-4-0.wav,jackhammer,0,0.9178102612495422
97606-7-5-0.wav,jackhammer,0,0.929524064064026
97756-3-0-0.wav,dog_bark,1,0.9415555000305176
98202-9-0-10.wav,street_music,0,0.2569115459918976
98202-9-0-4.wav,street_music,0,0.2201487869024276
98202-9-0-7.wav,street_music,0,0.5126098990440369
98202-9-1-20.wav,street_music,0,0.763364315032959
98202-9-1-27.wav,street_music,0,0.7338532209396362
98202-9-1-5.wav,street_music,0,0.6291287541389465
98223-7-0-0.wav,jackhammer,0,0.4533685743808746
98223-7-1-0.wav,jackhammer,0,0.0073055019602179
98223-7-10-0.wav,jackhammer,0,0.9148381352424622
98223-7-2-0.wav,jackhammer,0,0.4054422378540039
98223-7-3-0.wav,jackhammer,0,0.4426144063472748
98223-7-4-0.wav,jackhammer,0,0.7061926126480103
98223-7-5-0.wav,jackhammer,0,0.735797107219696
98223-7-6-0.wav,jackhammer,0,0.8948509693145752
98223-7-7-0.wav,jackhammer,0,0.4768840670585632
98223-7-8-0.wav,jackhammer,0,0.6483896970748901
98223-7-9-0.wav,jackhammer,0,0.8315221071243286
98263-9-0-1.wav,street_music,0,0.6741331219673157
98263-9-0-10.wav,street_music,0,0.6640430092811584
98263-9-0-22.wav,street_music,0,0.2240430861711502
98263-9-0-24.wav,street_music,0,0.4399772584438324
98263-9-0-33.wav,street_music,0,0.8918423056602478
98263-9-0-35.wav,street_music,0,0.9106605648994446
98525-8-0-0.wav,siren,1,0.9916165471076964
98536-8-0-0.wav,siren,1,0.8036954402923584
98680-9-0-11.wav,street_music,0,0.0857951790094375
98680-9-0-14.wav,street_music,0,0.174889475107193
98680-9-0-2.wav,street_music,0,0.3012711405754089
98680-9-0-3.wav,street_music,0,0.2243766635656356
98680-9-0-5.wav,street_music,0,0.3453136086463928
98681-9-0-0.wav,street_music,0,0.7198721766471863
98681-9-0-11.wav,street_music,0,0.517872154712677
98681-9-0-12.wav,street_music,0,0.5367912650108337
98681-9-0-5.wav,street_music,0,0.5723433494567871
98681-9-0-6.wav,street_music,0,0.6239349842071533
98681-9-0-7.wav,street_music,0,0.8540467023849487
98859-7-0-0.wav,jackhammer,0,4.165616337559186e-05
98859-7-1-0.wav,jackhammer,0,0.0005146928597241
98859-7-2-0.wav,jackhammer,0,8.057991773835481e-11
98859-7-2-1.wav,jackhammer,0,1.268861793413123e-09
98859-7-2-2.wav,jackhammer,0,5.114296186548017e-07
98859-7-2-3.wav,jackhammer,0,1.1869113336615557e-07
98859-7-2-4.wav,jackhammer,0,7.28337878896923e-09
98859-7-2-5.wav,jackhammer,0,1.526635595716641e-09
99157-9-0-10.wav,street_music,0,0.173043355345726
99157-9-0-15.wav,street_music,0,0.2003319412469864
99157-9-0-16.wav,street_music,0,0.2364660948514938
99157-9-0-22.wav,street_music,0,0.4610490202903747
99157-9-0-24.wav,street_music,0,0.0586442723870277
99157-9-0-31.wav,street_music,0,0.2858729362487793
99179-9-0-12.wav,street_music,0,0.466072529554367
99179-9-0-17.wav,street_music,0,0.9813565015792848
99179-9-0-19.wav,street_music,0,0.7561391592025757
99179-9-0-38.wav,street_music,0,0.8120004534721375
99179-9-0-53.wav,street_music,0,0.5582446455955505
99179-9-0-58.wav,street_music,0,0.0886562243103981
99180-9-0-0.wav,street_music,0,0.2398378849029541
99180-9-0-2.wav,street_music,0,0.2073964625597
99180-9-0-36.wav,street_music,0,0.4343426525592804
99180-9-0-48.wav,street_music,0,0.4639174938201904
99180-9-0-49.wav,street_music,0,0.4702291190624237
99180-9-0-7.wav,street_music,0,0.5484150052070618
99185-3-0-0.wav,dog_bark,1,0.9469558000564576
99192-4-0-0.wav,drilling,0,9.406640856468584e-06
99192-4-0-1.wav,drilling,0,0.0175008084625005
99192-4-0-12.wav,drilling,0,2.7173042326467112e-05
99192-4-0-15.wav,drilling,0,0.3008619546890259
99192-4-0-17.wav,drilling,0,0.1465848088264465
99192-4-0-18.wav,drilling,0,0.0072856587357819
99192-4-0-20.wav,drilling,0,0.0004727627092506
99192-4-0-24.wav,drilling,0,0.1551498621702194
99192-4-0-26.wav,drilling,0,0.0462863743305206
99192-4-0-27.wav,drilling,0,1.0361211479903432e-06
99192-4-0-28.wav,drilling,0,5.194002028474642e-07
99192-4-0-3.wav,drilling,0,0.0639962926506996
99192-4-0-30.wav,drilling,0,1.625860619469677e-07
99192-4-0-32.wav,drilling,0,0.0376400686800479
99192-4-0-33.wav,drilling,0,0.0930272117257118
99192-4-0-38.wav,drilling,0,1.1306607120786794e-05
99192-4-0-40.wav,drilling,0,0.0117425909265875
99192-4-0-41.wav,drilling,0,0.0002383505343459
99192-4-0-43.wav,drilling,0,0.1415753662586212
99192-4-0-47.wav,drilling,0,0.0029126973822712
99192-4-0-48.wav,drilling,0,4.1637818526396586e-08
99192-4-0-49.wav,drilling,0,1.4463941155895554e-08
99192-4-0-52.wav,drilling,0,0.0239466782659292
99192-4-0-53.wav,drilling,0,0.0607731379568576
99192-4-0-54.wav,drilling,0,0.1589602380990982
99192-4-0-55.wav,drilling,0,0.1922575086355209
99192-4-0-7.wav,drilling,0,0.0020839276257902
99500-2-0-1.wav,children_playing,0,0.2427186816930771
99500-2-0-11.wav,children_playing,0,0.2110003381967544
99500-2-0-2.wav,children_playing,0,0.4132573902606964
99500-2-0-23.wav,children_playing,0,0.2379586845636367
99500-2-0-29.wav,children_playing,0,0.2804068624973297
99500-2-0-39.wav,children_playing,0,0.372983455657959
99500-2-0-41.wav,children_playing,0,0.3049812316894531
99500-2-0-50.wav,children_playing,0,0.3223274648189544
99710-9-0-11.wav,street_music,0,0.9999995231628418
99710-9-0-12.wav,street_music,0,0.999998927116394
99710-9-0-16.wav,street_music,0,0.9996963143348694
99710-9-0-2.wav,street_music,0,0.5429171323776245
99710-9-0-5.wav,street_music,0,0.4856513440608978
99710-9-0-6.wav,street_music,0,0.4739425480365753
99812-1-0-0.wav,car_horn,1,0.3523949384689331
99812-1-0-1.wav,car_horn,1,0.3056719005107879
99812-1-0-2.wav,car_horn,1,0.2074148058891296
99812-1-1-0.wav,car_horn,1,0.3599987626075744
99812-1-2-0.wav,car_horn,1,0.4070196449756622
99812-1-3-0.wav,car_horn,1,0.4976283013820648
99812-1-4-0.wav,car_horn,1,0.3808097541332245
99812-1-5-0.wav,car_horn,1,0.4657328724861145
99812-1-6-0.wav,car_horn,1,0.4258907437324524
