slice_file_name,caption,distilbert_danger_prob
100263-2-0-117.wav,children are playing and adults are talking in the background,0.0064692153
100263-2-0-121.wav,children are playing and adults are talking in the background,0.0064692153
100263-2-0-126.wav,a group of people are talking and children are playing,0.0010613331
100263-2-0-137.wav,children are playing in a playground and talking,0.0013821496
100263-2-0-143.wav,people are talking while children are playing in the background,0.015580986
100263-2-0-161.wav,people are talking in the background and children are playing in the playground,0.0015020138
100263-2-0-3.wav,children are playing and adults are talking in the background,0.0064692153
100263-2-0-36.wav,children are playing in a playground and adults are talking,0.0014408558
100652-3-0-0.wav,a dog barking and dogs bark at the same time,0.9981579
100652-3-0-1.wav,a dog barking and dogs bark in the background,0.99812275
100652-3-0-2.wav,a dog barking and dogs bark in the background,0.99812275
100652-3-0-3.wav,a dog barking and dogs bark at a medium pitch,0.9967457
100795-3-0-0.wav,a dog is barking at a steady pace,0.99744654
100795-3-1-0.wav,a dog is barking and dogs are howling in the background,0.9981268
100795-3-1-1.wav,a dog barking at a steady pace in the background,0.99803716
100795-3-1-2.wav,a dog is barking loudly at a consistent rate,0.9981014
100852-0-0-0.wav,a machine is running at a constant speed and a motor is in the background,0.000888184
100852-0-0-1.wav,a machine is running at a constant speed and a motor is in the background,0.000888184
100852-0-0-10.wav,a machine is running at a constant speed and the wind is blowing,0.00086765183
100852-0-0-11.wav,a machine is running at a constant speed and a car is driving by,0.0008216418
100852-0-0-12.wav,a machine is running at a constant speed and volume,0.00081656186
100852-0-0-13.wav,a machine is running at a constant speed and volume,0.00081656186
100852-0-0-14.wav,a machine is running at a constant speed and steady,0.0008312715
100852-0-0-15.wav,the rain is falling down on the roof of a house,0.0008212293
100852-0-0-16.wav,a machine is running at a constant speed and the wind is blowing,0.00086765183
100852-0-0-17.wav,a machine is running at a constant speed and steady,0.0008312715
100852-0-0-18.wav,a machine is running at a constant rate and steady,0.00082382327
100852-0-0-19.wav,a machine is running at a constant rate and steady,0.00082382327
100852-0-0-2.wav,a machine is running at a constant speed and volume,0.00081656186
100852-0-0-20.wav,a large industrial machine is running at a constant rate,0.0009256009
100852-0-0-21.wav,a large industrial machine is running at a constant speed,0.0009450354
100852-0-0-22.wav,a machine is running at a constant speed and steady,0.0008312715
100852-0-0-23.wav,a machine is running at a constant speed and steady,0.0008312715
100852-0-0-24.wav,a machine is running while a bird is chirping in the background,0.0008989259
100852-0-0-25.wav,a machine is running while a bird is chirping in the background,0.0008989259
100852-0-0-26.wav,a machine is running at a constant speed and the wind is blowing,0.00086765183
100852-0-0-27.wav,a machine is running at a constant speed and steady,0.0008312715
100852-0-0-28.wav,a machine is running at a constant speed and steady,0.0008312715
100852-0-0-29.wav,a machine is running at a constant speed and a motor is in the background,0.000888184
100852-0-0-3.wav,a machine is running at a constant speed and volume,0.00081656186
100852-0-0-30.wav,a machine is running at a constant rate and a car drives by,0.00082704803
100852-0-0-4.wav,a machine is running at a constant speed and volume,0.00081656186
100852-0-0-5.wav,a machine is running at a constant speed and volume,0.00081656186
100852-0-0-6.wav,a machine is running at a constant speed and steady,0.0008312715
100852-0-0-7.wav,a person coughs as a fan blows in the background,0.9982993
100852-0-0-8.wav,a person coughs as a fan blows in the background,0.9982993
100852-0-0-9.wav,a machine is running at a constant speed and a motor is in the background,0.000888184
101281-3-0-0.wav,a dog is barking while a person is walking in the background,0.9981352
101281-3-0-14.wav,a dog is barking while a woman is speaking in the background,0.9981311
101281-3-0-5.wav,someone is opening and closing a door and then a dog barks,0.9171883
101382-2-0-10.wav,children and adults are talking and laughing in a playground,0.0020944404
101382-2-0-12.wav,children and adults are talking in a playground,0.0016442266
101382-2-0-20.wav,children and adults are laughing and talking in the background,0.010619144
101382-2-0-21.wav,children and adults are talking and laughing in a playground,0.0020944404
101382-2-0-29.wav,children and adults are talking and laughing in a playground,0.0020944404
101382-2-0-33.wav,children are playing and adults are talking in the background,0.0064692153
101382-2-0-42.wav,children are playing and adults are talking in the background,0.0064692153
101382-2-0-45.wav,children are playing and adults are talking in the background,0.0064692153
101415-3-0-2.wav,a dog is barking repeatedly while another animal is in the background,0.99811745
101415-3-0-3.wav,a dog is barking and growling at a distance,0.99798787
101415-3-0-8.wav,a dog is barking repeatedly and sporadically,0.9979583
101729-0-0-1.wav,a cricket is chirping and crickets are in the background,0.0010810214
101729-0-0-11.wav,a cricket is chirping and crickets are singing in the background,0.001120601
101729-0-0-12.wav,crickets are chirping and insects are buzzing in the background,0.0009801125
101729-0-0-13.wav,a cricket is chirping in the background and a car drives by,0.0011744021
101729-0-0-14.wav,a cricket is chirping in the background with crickets in the trees,0.0011218485
101729-0-0-16.wav,a cricket is chirping and crickets are singing in the background,0.001120601
101729-0-0-17.wav,a cricket is chirping in the background with a steady hum of crickets,0.001300247
101729-0-0-18.wav,a cricket is chirping and crickets are singing in the background,0.001120601
101729-0-0-19.wav,a cricket is chirping and crickets are singing in the background,0.001120601
101729-0-0-21.wav,a cricket is chirping and crickets are singing in the background,0.001120601
101729-0-0-22.wav,a cricket is chirping and crickets are singing in the background,0.001120601
101729-0-0-23.wav,a cricket is chirping and crickets are singing in the background,0.001120601
101729-0-0-24.wav,a cricket is chirping and crickets are singing in the background,0.001120601
101729-0-0-26.wav,a cricket is chirping and crickets are singing in the background,0.001120601
101729-0-0-28.wav,crickets are chirping and insects are buzzing in the background,0.0009801125
101729-0-0-29.wav,crickets are chirping and insects are buzzing in the background,0.0009801125
101729-0-0-3.wav,a cricket is chirping and crickets are singing in the background,0.001120601
101729-0-0-32.wav,a cricket is chirping and crickets are singing in the background,0.001120601
101729-0-0-33.wav,a cricket is chirping and crickets are singing in the background,0.001120601
101729-0-0-36.wav,a cricket is chirping in the background and a car drives by,0.0011744021
101729-0-0-37.wav,crickets are chirping in the background and a cricket is singing,0.0011435569
101729-0-0-38.wav,a cricket is chirping and crickets are singing in the background,0.001120601
101729-0-0-39.wav,a cricket is chirping and crickets are singing in the background,0.001120601
101729-0-0-4.wav,a cricket is chirping in the background and a car drives by,0.0011744021
101729-0-0-40.wav,a cricket is chirping and crickets are singing in the background,0.001120601
101729-0-0-6.wav,a cricket is chirping and crickets are singing in the background,0.001120601
101729-0-0-9.wav,crickets are chirping and a cricket is tweeting,0.0010063463
101848-9-0-0.wav,music is playing and people are talking in the background,0.31362024
101848-9-0-1.wav,music is playing and people are talking in the background,0.31362024
101848-9-0-2.wav,music is playing in the background while people are talking in the distance,0.051258583
101848-9-0-3.wav,music is playing in the background while people are talking in the distance,0.051258583
101848-9-0-8.wav,music is playing and people are talking in the background,0.31362024
101848-9-0-9.wav,music is playing in the background while people are talking in the distance,0.051258583
102102-3-0-0.wav,a group of dogs are barking and people are talking in the background,0.012525786
102103-3-0-0.wav,a bird is chirping and a dog is barking,0.0014163677
102103-3-1-0.wav,a bird is chirping and a dog is barking,0.0014163663
102104-3-0-0.wav,a dog is barking and dogs are howling,0.9976999
102105-3-0-0.wav,a dog is barking and a person is walking in the background,0.99808013
102106-3-0-0.wav,a dog barking and dogs bark in the background,0.99812275
102547-3-0-2.wav,a dog is barking and growling at another piece of metal,0.997971
102547-3-0-7.wav,a dog is barking and growling at a consistent rate,0.99795
102547-3-0-8.wav,a dog is barking and growling at a consistent rate,0.99795
102842-3-0-1.wav,a dog is barking in the distance and a bird is chirping in the background,0.56283915
102842-3-1-0.wav,a man is speaking while dogs are barking in the background,0.9978509
102842-3-1-5.wav,a dog is barking and people are talking in the background,0.9980737
102842-3-1-6.wav,a dog is barking in the background while a man is talking in the distance,0.9981086
102853-8-0-0.wav,a police car with a siren is blaring and a vehicle is driving by,0.99815196
102853-8-0-1.wav,a police siren is blaring and a car alarm is going off,0.99805534
102853-8-0-2.wav,a car door opens and closes while a siren blares in the background,0.9982128
102853-8-0-3.wav,a siren is blaring and a car is driving by,0.9981585
102853-8-0-4.wav,a car is driving by and a siren is blaring,0.99813795
102853-8-0-5.wav,a car is driving by and a dog is barking,0.9976508
102853-8-0-6.wav,a person is walking on a road with cars driving by,0.0012569902
102853-8-1-0.wav,a police car with a siren on is going off,0.9980615
102857-5-0-0.wav,an engine is idling while a motor is running,0.00080836896
102857-5-0-1.wav,an engine is idling and then it starts to idle,0.00080438174
102857-5-0-10.wav,a motor is running and a machine is operating,0.0008386844
102857-5-0-11.wav,an engine is idling while a man is speaking,0.0009780141
102857-5-0-12.wav,an engine is idling while a man is speaking,0.0009780141
102857-5-0-13.wav,an engine is idling and a truck is driving by,0.00079602224
102857-5-0-14.wav,an engine is idling while a vehicle is moving,0.0009654707
102857-5-0-15.wav,an engine is idling and then it gets louder,0.9980769
102857-5-0-16.wav,an engine is idling while a man is speaking,0.0009780141
102857-5-0-17.wav,a motor is running and a machine is operating,0.0008386844
102857-5-0-18.wav,an engine is idling while a man is speaking,0.0009780141
102857-5-0-19.wav,an engine is idling while people are talking in the background,0.0014724609
102857-5-0-2.wav,an engine is idling and then it starts to idle,0.00080438174
102857-5-0-20.wav,an engine is idling and a vehicle is running,0.000804158
102857-5-0-21.wav,an engine is idling while people are talking in the background,0.0014724629
102857-5-0-22.wav,an engine is idling and then it starts to idle,0.00080438174
102857-5-0-23.wav,an engine is idling while people are talking in the background,0.0014724629
102857-5-0-24.wav,an engine is idling while people are talking in the background,0.0014724629
102857-5-0-25.wav,an engine is idling and then it starts to idle,0.00080438174
102857-5-0-26.wav,an engine is idling and then it starts to idle,0.00080438174
102857-5-0-27.wav,a motor is running and a truck is idling in the background,0.0009385612
102857-5-0-28.wav,an engine is idling and then it idles,0.0008223617
102857-5-0-29.wav,an engine is idling and then it starts to idle,0.00080438174
102857-5-0-3.wav,an engine is idling and then it starts to idle,0.00080438174
102857-5-0-30.wav,an engine is idling and then it starts to idle,0.00080438174
102857-5-0-4.wav,an engine is idling and then it starts to idle,0.00080438174
102857-5-0-5.wav,an engine is idling and then it starts to idle,0.00080438174
102857-5-0-6.wav,an engine is idling and then it starts to idle,0.00080438174
102857-5-0-7.wav,an engine is idling and then it starts to idle,0.00080438174
102857-5-0-8.wav,a motor is running and a machine is operating,0.0008386852
102857-5-0-9.wav,a motor is running and a machine is operating,0.0008386852
102858-5-0-0.wav,an engine is idling and then it starts to idle,0.00080438174
102858-5-0-1.wav,a machine is running at a constant speed and then it starts to idle,0.0007974667
103074-7-0-0.wav,a machine is running at a constant speed and then stops,0.00080265966
103074-7-0-1.wav,a machine is running at a constant speed,0.0008257412
103074-7-0-2.wav,a machine is running at a constant speed and then stops,0.00080265966
103074-7-1-0.wav,a machine is running at a constant speed and then stops,0.00080265966
103074-7-1-1.wav,a machine is running at a constant speed,0.0008257412
103074-7-1-2.wav,a lawn mower is running at a constant speed,0.0010093134
103074-7-1-3.wav,a machine is running at a constant speed,0.0008257412
103074-7-1-4.wav,a machine is running at a constant speed and then it stops,0.00080635404
103074-7-1-5.wav,a lawnmower is being used to cut a lawn,0.0010917474
103074-7-1-6.wav,a jackhammer is running at a constant speed and then stops,0.99116474
103074-7-2-0.wav,a jackhammer is being used to cut a lawn,0.9972619
103074-7-3-0.wav,a lawnmower is being used to cut a lawn,0.0010917474
103074-7-3-1.wav,a machine is running at a constant speed and then it stops,0.00080635404
103074-7-3-2.wav,a machine is running at a constant speed and then it stops,0.00080635404
103074-7-3-3.wav,a machine is running at a constant speed and then it stops,0.00080635404
103074-7-4-0.wav,a machine is running at a constant speed and then stops,0.00080265966
103074-7-4-1.wav,an engine is idling and then it gets louder and then softer,0.9978167
103074-7-4-2.wav,a lawnmower is being used to cut a lawn,0.0010917468
103074-7-4-3.wav,a lawnmower is being used to cut a lawn,0.0010917468
103074-7-4-4.wav,a machine is running at a constant speed and then speeds up,0.0008022897
103074-7-4-5.wav,a machine is running at a constant speed and people are talking in the background,0.0011410986
103074-7-4-6.wav,a machine is running at a constant speed and people are talking in the background,0.0011410986
103076-3-0-0.wav,a dog is barking loudly at the same time,0.9982412
103076-3-1-0.wav,a dog barking and dogs bark at a medium pitch,0.9967457
103076-3-2-0.wav,a dog barking dogs bark at a medium growling,0.9978927
103199-4-0-0.wav,a machine is running at a high speed and then it cuts off,0.00084135536
103199-4-0-3.wav,a machine is running at a pretty consistent speed,0.0008440012
103199-4-0-4.wav,a machine is running at a constant speed,0.0008257412
103199-4-0-5.wav,a machine is running at a constant speed,0.0008257412
103199-4-0-6.wav,a race car is revving up and down the road,0.0018489048
103199-4-1-0.wav,a cat is meowing and crying at a high pitch,0.0010434765
103199-4-2-0.wav,a machine is running at a pretty consistent speed,0.0008440012
103199-4-2-1.wav,someone is cutting through a piece of paper with a weed eater,0.8402409
103199-4-2-10.wav,a machine is running at a constant speed and volume,0.00081656186
103199-4-2-11.wav,a machine is running at a constant speed and volume,0.00081656186
103199-4-2-2.wav,a machine is running at a pretty fast pace,0.0008809324
103199-4-2-3.wav,a machine is running at a constant speed and then it stops,0.00080635404
103199-4-2-4.wav,a machine is running at a high speed and then speeds up,0.00080620695
103199-4-2-5.wav,a machine is running at a high speed and volume,0.00083154085
103199-4-2-6.wav,a machine is running at a high speed and volume,0.00083154085
103199-4-2-7.wav,a machine is running at a high speed and volume,0.00083154085
103199-4-2-8.wav,a machine is running at a high speed and then stops,0.000812633
103199-4-2-9.wav,a machine is running at a constant speed and volume,0.00081656186
103199-4-4-0.wav,a car engine revs up and down as it speeds up,0.4351774
103199-4-6-0.wav,a saw is cutting through a piece of wood,0.9979995
103199-4-7-2.wav,a car engine is started and then it is turned off,0.00094963453
103249-5-0-0.wav,a machine is running at a constant speed and a motor is in the background,0.000888184
103249-5-0-1.wav,a machine is running at a constant speed and a motor is in the background,0.000888184
103249-5-0-10.wav,a machine is running at a constant speed and then it is raining,0.0007931522
103249-5-0-11.wav,a machine is running at a constant speed and then it is raining,0.0007931522
103249-5-0-12.wav,a machine is running at a constant speed and then it is raining,0.0007931522
103249-5-0-13.wav,a machine is running at a constant speed and then it is raining,0.0007931522
103249-5-0-14.wav,a machine is running at a constant speed and then it is raining,0.0007931522
103249-5-0-15.wav,a truck is driving on a road with a low rumbling engine,0.00078965724
103249-5-0-16.wav,a machine is running and a motor is operating,0.00085244153
103249-5-0-17.wav,a machine is running while a motor is operating,0.0008243545
103249-5-0-18.wav,a machine is running at a constant speed and then it is raining,0.0007931522
103249-5-0-19.wav,a machine is running at a constant speed and then it is raining,0.0007931522
103249-5-0-2.wav,a machine is running at a constant speed and then it is raining,0.0007931522
103249-5-0-3.wav,a machine is running at a constant speed and then it is raining,0.0007931522
103249-5-0-4.wav,a machine is running at a constant speed and then it is raining,0.0007931522
103249-5-0-5.wav,a machine is running at a constant speed and then it is raining,0.0007931522
103249-5-0-6.wav,a machine is running at a constant speed and then it is raining,0.0007931522
103249-5-0-7.wav,a machine is running at a constant speed and then it is raining,0.0007931522
103249-5-0-8.wav,a machine is running at a constant speed and then it is raining,0.0007931522
103249-5-0-9.wav,a machine is running at a constant speed and then it is raining,0.0007931522
103258-5-0-0.wav,a fan is blowing in the background while a train is passing by,0.837065
103258-5-0-1.wav,a machine is running at a constant rate and then it is raining,0.00078652555
103258-5-0-10.wav,a fan is blowing and a car is driving by,0.0047655804
103258-5-0-11.wav,a fan is running at a constant rate and then it is raining,0.00090070243
103258-5-0-12.wav,a car drives by and a horn honks,0.99806374
103258-5-0-13.wav,a car drives by and a horn honks,0.99806374
103258-5-0-14.wav,a truck is driving on a road with a low hum,0.00084200985
103258-5-0-15.wav,a truck is beeping while it is raining,0.99763274
103258-5-0-16.wav,a truck is beeping while it backs up and drives away,0.9982436
103258-5-0-17.wav,a truck is beeping while it is backing up,0.9982035
103258-5-0-18.wav,a truck is beeping while backing up,0.99817586
103258-5-0-19.wav,a truck is beeping while backing up,0.99817586
103258-5-0-2.wav,a fan is running at a constant rate and then it is raining,0.00090070243
103258-5-0-3.wav,a fan is running at a constant speed and then it is raining,0.00086201826
103258-5-0-4.wav,a fan is running at a constant speed and then it is raining,0.00086201826
103258-5-0-5.wav,a fan is running at a constant speed and then it is turned off,0.0010160689
103258-5-0-6.wav,a fan is blowing and a vehicle is passing by,0.0012027725
103258-5-0-7.wav,a fan is blowing in the background while a car drives by,0.99736077
103258-5-0-8.wav,the wind is blowing and a car drives by,0.001148093
103258-5-0-9.wav,a fan is running at a constant rate and then it is raining,0.00090070243
103357-4-0-0.wav,a drill is being used to cut up a piece of wood,0.011540072
103357-4-0-1.wav,a drill is being used to cut up a piece of wood,0.011540072
103438-5-0-0.wav,a man is speaking while a car is driving by,0.06817299
103438-5-0-1.wav,a man is speaking while a motor is running in the background,0.011483928
103438-5-0-2.wav,a man is speaking while a motor is running,0.0014351208
104327-2-0-15.wav,water is splashing in a stream and a person is talking in the background,0.0014487609
104327-2-0-19.wav,children are playing in the water and talking,0.0018657856
104327-2-0-26.wav,water is splashing in a stream while children are talking in the background,0.0016489868
104327-2-0-28.wav,water is splashing in a stream and children are talking in the background,0.0011480538
104327-2-0-3.wav,water is splashing in a stream while children are playing in the background,0.0020030322
104327-2-0-30.wav,water is splashing and people are talking in the background,0.001156044
104327-2-0-34.wav,children are playing in the water and splashing in the bathtub,0.0011537996
104327-2-0-4.wav,water is splashing in a stream and people are talking in the background,0.0010387104
104421-2-0-1.wav,a large group of people are talking and yelling,0.2887726
104421-2-0-15.wav,a squeaky gate is being opened and closed with a high pitched squeak,0.0009906352
104421-2-0-20.wav,a cat is meowing and making noises in the background,0.0011569044
104421-2-0-29.wav,a machine is running at a constant speed and then stops,0.00080265966
104421-2-0-3.wav,children are screaming and playing on a playground,0.2134081
104421-2-0-5.wav,a machine is running at a high speed and then stops,0.000812633
104421-2-0-7.wav,a high pitched screech is being played with a squeak,0.9980034
104421-2-1-3.wav,a teapot is whistling loudly and stops for a long time,0.99331784
104625-4-0-15.wav,a person is using a saw to cut a piece of wood,0.99787414
104625-4-0-21.wav,a person is using a saw to cut something,0.9978946
104625-4-0-27.wav,a person is using a saw to cut wood,0.99786633
104625-4-0-29.wav,a person is using a saw to cut wood,0.99786633
104625-4-0-3.wav,a person is using an electric saw to cut a piece of wood,0.9980001
104625-4-0-35.wav,someone is using a saw to cut a weed trimmer,0.99767727
104625-4-0-40.wav,a person is using a saw to cut wood,0.99786633
104625-4-0-41.wav,a person is using a saw to cut wood,0.99786633
104625-4-0-45.wav,a person is using a saw to cut wood,0.99786633
104625-4-0-48.wav,a person is using a saw to cut a piece of wood,0.99787414
104625-4-0-51.wav,a person is using an electric toothbrush to cut a piece of wood,0.0018316723
104625-4-0-52.wav,a person is using an electric saw to cut something,0.9979526
104625-4-0-53.wav,a person is making a loud buzzing sound,0.011999965
104625-4-0-55.wav,a saw is being used to cut a piece of wood,0.9980191
104625-4-0-57.wav,a person is using a saw to cut wood,0.99786633
104625-4-0-66.wav,someone is using a machine to cut a piece of wood,0.0035101322
104625-4-1-20.wav,an electric saw is being used to cut wood,0.9926231
104625-4-1-8.wav,a person is using a saw to cut wood,0.99786633
104817-4-0-0.wav,an electric drill is being used to cut up a piece of wood,0.008080988
104817-4-0-1.wav,a machine is running at a constant speed,0.0008257412
104817-4-0-10.wav,a drill is being used to cut up and down,0.0011571347
104817-4-0-11.wav,a power tool is being used to cut wood,0.0011255998
104817-4-0-2.wav,a saw is cutting through a piece of wood,0.9979995
104817-4-0-3.wav,an electric saw is cutting through a piece of wood,0.9980895
104817-4-0-4.wav,someone is using a saw to cut up a piece of wood,0.9979317
104817-4-0-5.wav,an electric saw is cutting through a piece of wood,0.9980895
104817-4-0-6.wav,a person is using a tool to cut up a piece of wood,0.00525545
104817-4-0-7.wav,an electric saw is cutting through a piece of wood,0.9980895
104817-4-0-8.wav,a drill is being used to cut up a piece of wood,0.011540078
104817-4-0-9.wav,a drill is being used to cut up a piece of wood,0.011540078
104998-7-0-5.wav,a machine is running at a constant speed,0.0008257412
104998-7-10-1.wav,a machine is running at a constant speed and then stops,0.00080265966
104998-7-10-10.wav,a machine is running at a constant speed and then stops,0.00080265966
104998-7-10-13.wav,a jackhammer is running loudly and steadily and consistently hitting the ground,0.9980373
104998-7-10-15.wav,a machine is running at a constant speed and then it stops,0.00080635404
104998-7-10-8.wav,a machine is running at a constant speed and then stops,0.00080265966
104998-7-10-9.wav,a machine is running at a constant speed and then it stops,0.00080635404
104998-7-11-0.wav,a jackhammer is running at a constant speed and then stops,0.99116474
104998-7-11-2.wav,a machine is running at a constant speed and then it stops,0.00080635404
104998-7-12-2.wav,a sewing machine is running at a constant speed,0.0009575654
104998-7-14-1.wav,a machine is running at a constant speed and then stops,0.00080265966
104998-7-14-5.wav,a jackhammer is running loudly and stops for a moment before it starts up,0.9980414
104998-7-14-6.wav,a jackhammer is running loudly and consistently hitting a metal object,0.99801886
104998-7-15-1.wav,a machine is running at a constant speed and then it stops,0.00080635404
104998-7-15-3.wav,a machine is running at a constant speed,0.0008257412
104998-7-15-5.wav,a machine is running at a constant speed,0.0008257412
104998-7-15-9.wav,a motor is running at a constant speed and then stops,0.0008325978
104998-7-16-0.wav,a jackhammer is running at a constant speed and then stops,0.99116474
104998-7-16-10.wav,a machine is running at a constant speed,0.0008257412
104998-7-16-11.wav,a machine is running at a constant speed,0.0008257412
104998-7-16-5.wav,a machine is running at a constant speed and then stops,0.00080265966
104998-7-16-6.wav,a machine is running at a constant speed,0.0008257412
104998-7-16-7.wav,a machine is running at a constant speed and then it stops,0.00080635404
104998-7-17-0.wav,a jackhammer is being used to cut up a piece of wood,0.99780875
104998-7-17-1.wav,a machine is running at a constant speed and then stops,0.00080265966
104998-7-17-12.wav,a machine is running at a constant speed,0.0008257412
104998-7-17-14.wav,a sewing machine is running and then stops and then starts again,0.0008729592
104998-7-17-4.wav,a machine is running at a constant speed,0.0008257412
104998-7-17-7.wav,a machine is running at a constant speed,0.0008257412
104998-7-17-8.wav,a machine is running at a constant speed,0.0008257412
104998-7-18-12.wav,a machine is running at a constant speed and then stops,0.00080265966
104998-7-18-13.wav,a machine is running at a constant speed and then stops,0.00080265966
104998-7-18-3.wav,a machine is running at a constant speed and then stops,0.00080265966
104998-7-18-9.wav,a machine is running at a constant speed and then it stops,0.00080635404
104998-7-19-0.wav,a jackhammer is running and then it stops and starts up again,0.99802965
104998-7-19-3.wav,a machine is running at a constant speed and then stops,0.00080265966
104998-7-19-6.wav,a machine is running at a constant speed and then stops,0.00080265966
104998-7-19-7.wav,a machine is running at a constant speed and then stops,0.00080265966
104998-7-19-8.wav,a machine is running at a constant speed and then stops,0.00080265966
104998-7-19-9.wav,a machine is running at a constant speed and then stops,0.00080265966
104998-7-2-4.wav,a machine is running at a constant speed and then stops,0.00080265966
104998-7-2-5.wav,a machine is running at a constant speed and then it stops,0.00080635404
104998-7-2-6.wav,a jackhammer is running at a constant speed and then stops,0.99116474
104998-7-3-1.wav,a jackhammer is running loudly and consistently hitting a metal object,0.99801886
104998-7-7-0.wav,a fishing reel is being wound up and released,0.0010894673
104998-7-7-1.wav,a sewing machine is running at a constant speed,0.0009575658
104998-7-7-4.wav,a jackhammer is running at a constant speed and then stops,0.99116474
104998-7-7-7.wav,a machine is running at a constant speed,0.0008257412
104998-7-7-9.wav,a machine is running at a constant speed and then it stops,0.00080635404
104998-7-8-13.wav,a machine is running at a constant speed,0.0008257412
104998-7-8-14.wav,a machine is running at a constant speed and then it stops,0.00080635404
104998-7-8-15.wav,a machine is running at a constant speed and then it stops,0.00080635404
104998-7-8-17.wav,a jackhammer is running at a constant speed and then stops,0.99116474
104998-7-8-4.wav,a jackhammer is running at a constant speed and then stops,0.99116474
104998-7-8-6.wav,a jackhammer is running loudly and consistently hitting the ground,0.9980038
104998-7-8-7.wav,a jackhammer is running loudly and consistently hitting the ground,0.9980038
104998-7-9-0.wav,a jackhammer is running at a constant speed and then stops,0.99116474
104998-7-9-13.wav,a machine is running at a constant speed and then stops,0.00080265966
104998-7-9-9.wav,a machine is running at a constant speed and then stops,0.00080265966
105029-7-0-0.wav,a jackhammer is running and then stops and starts again,0.9978782
105029-7-0-1.wav,a machine is running at a constant speed,0.0008257412
105029-7-0-2.wav,a machine is running at a constant speed,0.0008257412
105029-7-0-3.wav,a sewing machine is running at a constant speed,0.0009575658
105029-7-0-4.wav,a machine is running at a constant speed,0.0008257412
105029-7-0-5.wav,a machine is running at a constant speed,0.0008257412
105029-7-0-6.wav,a jackhammer is running loudly and steadily and consistently hitting a hard object,0.9980343
105029-7-1-0.wav,a jackhammer is being used to cut up a piece of wood,0.99780875
105029-7-1-1.wav,a jackhammer is running at a constant speed and then stops,0.99116474
105029-7-1-10.wav,a machine is running at a constant speed and then stops,0.00080265966
105029-7-1-11.wav,a machine is running at a constant speed and then stops,0.00080265966
105029-7-1-12.wav,a machine is making a loud noise in the background,0.995634
105029-7-1-13.wav,a machine is running at a constant speed and then stops,0.00080265966
105029-7-1-2.wav,a jackhammer is running at a constant speed and then stops,0.99116474
105029-7-1-3.wav,a machine is running at a constant speed and then stops,0.00080265966
105029-7-1-4.wav,a machine is running at a constant speed and then stops,0.00080265966
105029-7-1-5.wav,a jackhammer is running at a constant speed and then stops,0.99116474
105029-7-1-6.wav,a jackhammer is running at a constant speed and then stops,0.99116474
105029-7-1-7.wav,a jackhammer is running at a constant speed and then stops,0.99116474
105029-7-1-8.wav,a jackhammer is running at a constant speed and then stops,0.99116474
105029-7-1-9.wav,a jackhammer is running at a constant speed and then stops,0.99116474
105029-7-2-0.wav,a jackhammer is running loudly and stops and then starts again,0.998102
105029-7-2-1.wav,a machine is running at a constant speed and then stops,0.00080265966
105029-7-2-10.wav,a machine is running at a constant speed and then stops,0.00080265966
105029-7-2-11.wav,a jackhammer is running at a constant speed and then stops,0.99116474
105029-7-2-12.wav,a jackhammer is running at a constant speed and then stops,0.99116474
105029-7-2-13.wav,a jackhammer is running at a constant speed and then stops,0.99116474
105029-7-2-14.wav,a jackhammer is running loudly and steadily and consistently hitting a metal object,0.99807906
105029-7-2-15.wav,a machine is running at a constant speed and then it stops,0.00080635404
105029-7-2-16.wav,a jackhammer is running at a constant speed and then stops,0.99116474
105029-7-2-2.wav,a jackhammer is running loudly and slowly stops,0.99800044
105029-7-2-3.wav,a jackhammer is running and then it stops and starts up again,0.99802965
105029-7-2-4.wav,a machine is running at a constant speed and then stops,0.00080265966
105029-7-2-5.wav,a jackhammer is running at a constant speed and then stops,0.99116474
105029-7-2-6.wav,a machine is running at a constant speed and then stops,0.00080265966
105029-7-2-7.wav,a machine is running at a constant speed and then stops,0.00080265966
105029-7-2-8.wav,a machine is running at a constant speed and then stops,0.00080265966
105029-7-2-9.wav,a machine is running at a constant speed and then it stops,0.00080635404
105029-7-3-0.wav,a jackhammer is running at a constant speed and then stops,0.99116474
105029-7-3-1.wav,a jackhammer is running at a constant speed and then stops,0.99116474
105029-7-3-2.wav,a machine is running at a constant speed and then it stops,0.00080635404
105029-7-3-3.wav,a jackhammer is running at a constant speed and then stops,0.99116474
105029-7-3-4.wav,a jackhammer is running at a constant speed and then stops,0.99116474
105029-7-3-5.wav,a jackhammer is running at a constant speed and then stops,0.99116474
105029-7-3-6.wav,a machine is running at a constant speed and then it stops,0.00080635404
105029-7-3-7.wav,a machine is running at a constant speed and then it stops,0.00080635404
105029-7-4-0.wav,a jackhammer is running at a constant rate and then stops,0.9898812
105029-7-4-1.wav,a sewing machine is running at a constant speed,0.0009575654
105029-7-4-2.wav,a sewing machine is running at a constant speed,0.0009575654
105029-7-4-3.wav,a sewing machine is running at a constant speed,0.0009575654
105088-3-0-10.wav,a dog is barking loudly at a steady pace,0.99814415
105088-3-0-11.wav,a dog is barking and growling at a medium pitch,0.99817574
105088-3-0-19.wav,a dog is barking loudly and sporadically,0.9981115
105088-3-0-8.wav,a dog is barking and growling in the background,0.9981376
105289-8-0-0.wav,a siren is going off in the distance as a car drives by,0.9982134
105289-8-0-1.wav,a bird is chirping while a siren is blaring in the background,0.9981415
105289-8-0-2.wav,a bird is chirping while a siren is blaring in the background,0.9981415
105289-8-0-3.wav,a bird is chirping while a siren is blaring in the background,0.9981415
105289-8-0-4.wav,a siren is blaring while birds are chirping in the background,0.9980434
105289-8-0-5.wav,a police car with a siren is blaring in the background,0.9981218
105289-8-1-0.wav,a siren is sounding in the background while a vehicle horn is blaring,0.9981376
105289-8-1-1.wav,a siren is blaring and a horn is sounding in the background,0.99804974
105289-8-1-2.wav,a train horn is blaring and a siren is sounding in the background,0.9981193
105289-8-1-3.wav,a police siren is blaring with traffic noise in the background,0.99816626
105289-8-1-4.wav,a police siren is blaring with sirens and emergency vehicle horns,0.9981723
105289-8-2-0.wav,a siren is blaring and a vehicle passes by,0.99814916
105289-8-2-1.wav,a siren is blaring and a vehicle is driving by,0.99815947
105289-8-2-2.wav,a siren is blaring and a vehicle is passing by,0.9981602
105289-8-2-3.wav,a siren is blaring and a vehicle is passing by,0.9981602
105289-8-2-4.wav,a siren blares while a vehicle passes by and a car horn honks,0.9981275
105289-8-2-5.wav,a car is driving by and a horn is blowing,0.9982791
105289-8-2-6.wav,a siren is going off while a vehicle passes by,0.9979221
105289-8-2-7.wav,birds are chirping in the background while a siren blares in the distance,0.99571407
105319-3-0-22.wav,a dog is barking and a cricket is chirping in the background,0.005626235
105319-3-0-29.wav,a dog is barking and a cricket is chirping in the background,0.005626235
105319-3-0-39.wav,a dog is barking and crickets are chirping in the background,0.00211385
105415-2-0-1.wav,a basketball bounces on the court and a crowd cheers,0.0060190675
105415-2-0-15.wav,children are playing basketball in the playground and shouting,0.0019067217
105415-2-0-19.wav,people are playing basketball in a gym,0.0016596706
105415-2-0-21.wav,a crowd of people are talking and shouting,0.38188022
105415-2-0-24.wav,children are playing basketball in a gym,0.0017587668
105415-2-0-4.wav,children are playing and adults are talking in a playground,0.0013542699
105415-2-0-6.wav,a basketball is bouncing and people are talking in the background,0.0013571538
105415-2-0-8.wav,a group of people are talking and children are playing,0.0010613331
105425-9-0-1.wav,a car alarm is going off while people are talking in the background,0.9981535
105425-9-0-10.wav,music is playing while a man is speaking,0.004200837
105425-9-0-12.wav,people are talking while music plays in the background,0.20157476
105425-9-0-13.wav,people are talking while music plays in the background,0.20157476
105425-9-0-14.wav,a group of people are talking to each other while music plays in the background,0.03835665
105425-9-0-23.wav,a group of people are talking while music plays in the background,0.006845028
106014-5-0-0.wav,a motor is running at a constant speed and then it is raining,0.0008208632
106014-5-0-1.wav,a machine is running at a constant speed,0.0008257412
106014-5-0-2.wav,a machine is running at a constant speed,0.0008257412
106014-5-0-3.wav,a machine is running at a constant speed,0.0008257412
106014-5-0-4.wav,a machine is running at a constant speed and steady,0.0008312711
106015-5-0-0.wav,a motor is running at a constant speed and then it gets louder,0.99693644
106015-5-0-1.wav,a motor is running and a motorcycle engine is idling,0.0008256358
106015-5-0-10.wav,a motor is running at a constant speed and then it gets louder,0.99693644
106015-5-0-11.wav,a motor is running at a constant speed and a motorcycle engine is idling,0.0008067737
106015-5-0-12.wav,a motor is running at a constant speed and a motorcycle engine is idling,0.0008067737
106015-5-0-13.wav,a motor is running at a constant speed and then it gets louder,0.99693644
106015-5-0-14.wav,a motor is running at a constant speed and then it gets louder,0.99693644
106015-5-0-15.wav,a motor is running and a motorcycle engine is idling,0.0008256358
106015-5-0-16.wav,a motor is running at a constant speed and then it gets louder,0.99693644
106015-5-0-17.wav,a motor is running at a constant speed and then a motorcycle engine is idling,0.00080486905
106015-5-0-18.wav,a motor is running and a motorcycle engine is idling,0.0008256366
106015-5-0-19.wav,a motor is running and a motorcycle engine is idling,0.0008256366
106015-5-0-2.wav,a motor is running and a motorcycle engine is idling,0.0008256366
106015-5-0-20.wav,a motor is running at a constant speed and a motorcycle engine is idling,0.0008067737
106015-5-0-3.wav,a motor is running and a motorcycle engine is idling,0.0008256366
106015-5-0-4.wav,a motor is running and a motorcycle engine is idling,0.0008256366
106015-5-0-5.wav,a motor is running and a motorcycle engine is idling,0.0008256366
106015-5-0-6.wav,a motor is running and a motorcycle engine is idling,0.0008256366
106015-5-0-7.wav,a motor is running at a constant speed and then it gets louder,0.99693644
106015-5-0-8.wav,a motor is running at a constant speed and then it gets louder,0.99693644
106015-5-0-9.wav,a motor is running at a constant speed and then it gets louder,0.99693644
106486-5-0-0.wav,a motor is running and vibrating consistently and steadily,0.0009859509
106486-5-0-1.wav,a motor is running and vibrating consistently and steadily,0.0009859509
106486-5-0-2.wav,a motor is running and vibrating consistently and steadily,0.0009859509
106487-5-0-0.wav,an engine is idling and then it starts to idle,0.00080438255
106487-5-0-1.wav,a motor is running and a vehicle engine is idling,0.00082939997
106487-5-0-2.wav,a motor is running and a vehicle engine is idling,0.00082939997
106905-5-0-0.wav,a crowd of people are talking while a car is driving by,0.083563015
106905-5-0-1.wav,a crowd of people are talking while a car is driving by,0.083563015
106905-5-0-2.wav,people are talking while a car is driving by,0.011536863
106905-8-0-0.wav,a police siren is blaring with sirens and people talking,0.9981839
106905-8-0-1.wav,a police siren is blaring while people are talking,0.9982205
106905-8-0-2.wav,a siren is blaring while people are talking in the background,0.9982078
106905-8-0-3.wav,a police siren is blaring with sirens in the background,0.9981877
106955-6-0-0.wav,a gun is fired in a dozen gunshots firing shots,0.99796164
107090-1-0-0.wav,a car horn honks and horns honking in the background,0.99814856
107090-1-1-0.wav,a car horn honks and horns honking in the background,0.99814856
107190-3-0-0.wav,a dog barking and dogs bark at a medium pitch,0.9967457
107228-5-0-0.wav,a motorcycle engine is running at a steady pace,0.00088875333
107228-5-0-1.wav,a motorcycle is revved up and then the engine is running,0.0008510708
107228-5-0-2.wav,a motorcycle engine is running at a steady pace,0.00088875333
107228-5-0-3.wav,a motorcycle engine is running at a steady pace,0.00088875333
107228-5-0-4.wav,a motorcycle engine is running at a steady pace,0.00088875333
107228-5-0-5.wav,a person is running a motorcycle and the engine is revved up and down,0.00087904325
107228-5-0-6.wav,a person is running a basketball on a hard surface,0.0011444908
107228-5-0-7.wav,a person is running a basketball on a hard surface,0.0011444908
107357-8-0-0.wav,a siren is blaring with traffic noise in the background,0.9981488
107357-8-0-1.wav,a police siren is blaring with a car emergency sirens,0.9981864
107357-8-0-2.wav,a police siren is blaring with sirens and emergency vehicles,0.9980958
107357-8-0-3.wav,a police car with a siren is going off,0.9980122
107357-8-0-4.wav,a police siren is blaring with traffic noise in the background,0.99816626
107357-8-0-5.wav,a police siren is blaring with sirens and emergency vehicles,0.9980958
107357-8-0-6.wav,a police siren is blaring with sirens and emergency vehicles,0.9980958
107357-8-0-7.wav,a police car with a siren is going on and on,0.99816304
107357-8-0-8.wav,a police car with a siren going off in the background,0.9980829
107357-8-1-0.wav,a car alarm beeps while traffic passes by in the background,0.99813086
107357-8-1-1.wav,a car alarm beeps while traffic passes by in the background,0.99813086
107357-8-1-10.wav,a police siren is blaring with traffic noise in the background,0.99816626
107357-8-1-11.wav,a police car with a siren is going on and on,0.99816304
107357-8-1-12.wav,a police siren is blaring with sirens and emergency vehicles,0.9980958
107357-8-1-13.wav,a police siren is blaring with sirens and emergency vehicles,0.9980958
107357-8-1-14.wav,a police siren is blaring with sirens and emergency vehicles,0.9980958
107357-8-1-15.wav,a police siren is blaring with sirens and emergency vehicle traffic,0.99811614
107357-8-1-16.wav,a police siren is blaring with a car driving by,0.9981376
107357-8-1-17.wav,a siren blares while cars drive by in the background,0.99819714
107357-8-1-18.wav,a beeping alarm goes off while cars drive by in the background,0.99820614
107357-8-1-2.wav,a car alarm goes off while traffic passes by in the background,0.99814045
107357-8-1-3.wav,a car alarm is beeping while traffic is passing by in the background,0.9981488
107357-8-1-4.wav,a car drives by and a siren blares in the background,0.998187
107357-8-1-5.wav,a car drives by while a siren blares in the background,0.9981781
107357-8-1-6.wav,a car alarm is beeping while a siren blares in the background,0.99805886
107357-8-1-7.wav,a siren is blaring and a vehicle is driving by,0.99815947
107357-8-1-8.wav,a police car with a siren is blaring in the background,0.9981218
107357-8-1-9.wav,a police siren is blaring with traffic noise in the background,0.99816626
107653-9-0-12.wav,people are talking in the background while a musical instrument is playing,0.119202375
107653-9-0-14.wav,a person is playing a musical instrument while people are talking in the background,0.41127652
107653-9-0-18.wav,a printer is printing out a piece of paper,0.00087100087
107653-9-0-3.wav,a person is walking on a hard surface while a car passes by,0.0012652098
107653-9-0-5.wav,a radio tuner is being moved across a hard surface and people are talking in,0.005379818
107653-9-0-7.wav,a violin is playing music in the background,0.025298415
107842-4-0-0.wav,a drill is being used to cut a power tool,0.0011463009
107842-4-0-1.wav,a drill is being used to cut a power tool,0.0011463009
107842-4-0-2.wav,an electric saw is being used to cut wood,0.9926231
107842-4-1-0.wav,air is sprayed out of a spray bottle,0.00090252963
107842-4-2-0.wav,a power tool is being used to cut wood,0.0011255988
107842-4-2-1.wav,a power tool is being used to cut a piece of wood,0.003019623
107842-4-2-2.wav,a power tool is being used to cut a piece of wood,0.003019623
107842-4-2-3.wav,a power tool is being used to cut wood,0.0011255988
107842-4-2-4.wav,a power tool is being used to cut wood,0.0011255988
107842-4-3-0.wav,air is spraying out of a valve at a pressure and then a spray is,0.0009962573
108041-9-0-11.wav,a person is playing a stringed instrument while a man is singing a song,0.011906897
108041-9-0-2.wav,a person is playing a song with a musical instrument,0.0031166093
108041-9-0-4.wav,a person is singing a stringed instrument while music is playing in the background,0.8387925
108041-9-0-5.wav,a person is playing a stringed instrument while a man is singing a song,0.011906897
108041-9-0-6.wav,a person is playing a song on a violin,0.026040334
108041-9-0-7.wav,a person is playing a song with a musical instrument,0.0031166093
108041-9-0-9.wav,a person is playing a song on a musical instrument,0.0029816166
108187-3-2-0.wav,a dog barking and dogs bark at the distance,0.9964946
108187-3-3-0.wav,a dog is barking and a bell is ringing in the background,0.9968598
108187-3-4-0.wav,a dog is barking and dogs are howling in the background,0.9981268
108187-3-6-0.wav,a dog is barking in the background while a metal object is striking another hard,0.9982664
108357-9-0-15.wav,a person is walking on a hard surface with a stick,0.0012588402
108357-9-0-2.wav,people are talking in the background while music is playing,0.79757583
108357-9-0-27.wav,a person is playing a drum with a stick,0.0054639312
108357-9-0-30.wav,a person is playing a song with a musical instrument in the background,0.7592824
108357-9-0-44.wav,a person is walking on a hard surface while people are talking in the background,0.5944034
108357-9-0-49.wav,a person is playing a drum with drums and other instruments,0.0028624458
108362-2-0-11.wav,children and adults are playing in a playground,0.0013577667
108362-2-0-12.wav,children are playing in a playground in a gym,0.001261625
108362-2-0-21.wav,a crowd of people are talking in the background,0.0042909
108362-2-0-23.wav,children and adults are talking in a gym,0.0018896825
108362-2-0-29.wav,a group of people are talking and yelling,0.0016451917
108362-2-0-30.wav,a group of people are talking and yelling,0.0016451917
108362-2-0-7.wav,children are playing in a gym with some banging sounds in the background,0.99792093
108362-2-0-9.wav,children and adults are playing in a playground,0.0013577667
108638-9-0-0.wav,children are playing music while adults are talking and laughing,0.0027771483
108638-9-0-1.wav,people are talking and music is playing in the background,0.43172476
108638-9-0-2.wav,people are talking while music plays in the background,0.20157468
108638-9-0-4.wav,a crowd of people are talking while music plays in the background,0.17178108
108638-9-0-5.wav,a crowd of people are talking while music plays in the background,0.17178108
108638-9-0-6.wav,people are talking while music is playing in the background,0.9479379
109233-3-0-3.wav,a dog is barking and growling in the background,0.9981376
109233-3-0-4.wav,a dog is barking and growling in the background,0.9981376
109233-3-0-5.wav,a dog is barking and a person is walking on a hard surface,0.98969114
109233-3-0-6.wav,a dog is barking and growling in the background,0.9981376
109263-9-0-34.wav,a person is playing a musical instrument with drums and other instruments,0.001634843
109263-9-0-39.wav,a person is playing a musical instrument with a harmonica,0.0016212281
109263-9-0-54.wav,a person is playing a musical instrument with a window,0.0012543567
109263-9-0-61.wav,a person is playing a musical instrument with their mouth,0.0012516982
109263-9-0-78.wav,a person is playing a musical instrument with their mouth,0.0012516982
109703-2-0-134.wav,children and adults are talking in the background,0.004479953
109703-2-0-14.wav,children are playing and adults are talking in the background,0.0064692153
109703-2-0-153.wav,a group of people are talking in a crowded restaurant,0.0017368749
109703-2-0-29.wav,a group of people are talking and laughing in a public place,0.001162636
109703-2-0-32.wav,a group of people are talking and laughing in a crowded place,0.0029758515
109703-2-0-48.wav,a group of people are talking in the background,0.0014614321
109703-2-0-50.wav,people are talking in the background while dishes are being stacked,0.0018008805
109711-3-1-0.wav,dogs are barking at one another at the same time,0.9972422
109711-3-2-4.wav,a dog is barking in the background while a bird is chirping in the distance,0.88037485
109711-3-2-6.wav,a dog is barking and birds are chirping in the background,0.9807843
110134-3-0-0.wav,a dog is barking and growling and dogs are howling,0.9980288
110371-3-0-1.wav,a dog is barking and a car is passing by,0.99799097
110371-3-1-0.wav,a dog is barking and a person is walking in the distance,0.85328263
110371-3-1-1.wav,a dog is barking and rain is pouring down,0.52000624
110621-7-0-0.wav,a jackhammer is running and a machine is whirring,0.0011641141
110621-7-0-1.wav,a machine is running at a constant speed,0.0008257412
110621-7-0-2.wav,a machine is running at a constant speed,0.0008257412
110621-7-0-3.wav,a machine is running at a constant speed and then stops,0.00080265966
110622-6-0-0.wav,a gun is fired in the distance and a machine is firing,0.9972307
110688-3-0-11.wav,a dog is barking and a car drives by,0.99812263
110688-3-0-17.wav,a dog is barking at a constant rate,0.9979024
110688-3-0-2.wav,a dog is barking and a car is driving by,0.998075
110688-3-0-32.wav,a dog is barking and a car is driving by,0.998075
110868-9-0-11.wav,a musical instrument is playing a song with drums and other instruments,0.015167835
110868-9-0-13.wav,a musical instrument is playing a song with drums and other instruments,0.015167835
110868-9-0-14.wav,a musical instrument is playing a song with drums and other instruments,0.015167835
110868-9-0-15.wav,a musical instrument is playing a song in the background,0.97919446
110868-9-0-6.wav,people are playing music while a trumpet is being played in the background,0.91571593
110868-9-0-8.wav,a musical instrument is playing a song with drums and other instruments,0.015167835
110918-3-0-1.wav,a dog barking and dogs bark in the background,0.99812275
110918-3-0-26.wav,a dog barking and dogs bark in the distance,0.9968119
110918-3-0-40.wav,a dog barks and dogs bark in the distance,0.0013343805
110918-3-0-9.wav,a dog barking and dogs bark in the background,0.99812275
111048-6-0-0.wav,a gun is being fired repeatedly in the distance,0.9981084
111386-5-0-0.wav,an engine is idling and then it starts to idle,0.00080438174
111386-5-0-1.wav,an engine is idling and then it starts to idle,0.00080438174
111386-5-0-2.wav,an engine is idling and then it starts to idle,0.00080438174
111386-5-0-3.wav,an engine is idling and then it starts to idle,0.00080438174
111386-5-0-4.wav,an engine is idling and a vehicle is moving,0.0008404568
111386-5-0-5.wav,an engine is idling and then it starts to idle,0.00080438174
111386-5-0-6.wav,an engine is idling and a vehicle is driving,0.0008350656
111386-5-0-7.wav,an engine is idling and a vehicle is moving,0.0008404564
111386-5-1-0.wav,a machine is running and making a loud noise,0.00093244633
111386-5-1-1.wav,a machine is running and making a loud noise,0.00093244633
111386-5-1-10.wav,an engine is idling and then it starts to idle,0.00080438174
111386-5-1-11.wav,an engine is idling and then it gets louder,0.9980769
111386-5-1-12.wav,an engine is idling and then it starts to idle,0.00080438174
111386-5-1-13.wav,an engine is idling and then it starts to idle,0.00080438174
111386-5-1-14.wav,an engine is idling and then it starts to idle,0.00080438174
111386-5-1-2.wav,an engine is idling and then it starts to idle,0.00080438174
111386-5-1-3.wav,a machine is running and making a constant noise,0.00085040275
111386-5-1-4.wav,a machine is running and making a constant noise,0.00085040275
111386-5-1-5.wav,a machine is running and making a loud noise,0.00093244633
111386-5-1-6.wav,an engine is idling and then it starts to idle,0.00080438174
111386-5-1-7.wav,an engine is idling and then it starts to idle,0.00080438174
111386-5-1-8.wav,a machine is running at a constant speed,0.0008257412
111386-5-1-9.wav,an engine is idling and then it starts to idle,0.00080438174
112075-5-0-0.wav,people are talking in the background while a machine is running,0.0019756856
112075-5-0-1.wav,a man is speaking while a machine is running in the background,0.0020335102
112075-5-0-2.wav,a man is speaking while a machine is running in the background,0.0020335102
112195-3-0-38.wav,a dog is barking and growling in the background,0.9981376
112195-3-0-48.wav,a dog barking and dogs bark in the distance,0.9968119
112195-3-0-57.wav,a dog barking and dogs bark in the distance,0.9968119
112195-3-0-80.wav,a dog is barking and dogs are howling in the background,0.9981268
113160-8-0-0.wav,a police siren sirens emergency ambulance with a car,0.9970893
113201-5-0-0.wav,a motor is running at a constant speed and then it gets louder,0.99693644
113201-5-0-1.wav,a motor is running at a constant speed and steady,0.0008237863
113201-5-0-2.wav,a motor is running at a constant speed and steady,0.0008237863
113201-5-0-3.wav,a motor is running at a constant speed and then it gets louder,0.99693644
113201-5-0-4.wav,a motor is running and vibrating consistently and steadily,0.0009859509
113201-5-0-5.wav,a motor is running at a constant speed and steady,0.0008237863
113201-5-0-6.wav,a motor is running at a constant speed and steady,0.0008237863
113201-5-0-7.wav,a motor is running at a constant speed and then it gets louder,0.99693644
113202-5-0-0.wav,a motor is running and a car engine is idling,0.00081807474
113202-5-0-1.wav,a motor is running and a car engine is idling,0.00081807474
113202-5-0-10.wav,a motor is running and a car engine is idling,0.00081807474
113202-5-0-11.wav,a motor is running and a car engine is idling,0.00081807474
113202-5-0-12.wav,a motor is running and a car engine is idling,0.00081807474
113202-5-0-13.wav,a motor is running and a car engine is idling,0.00081807474
113202-5-0-14.wav,a motor is running and a car engine is idling,0.00081807474
113202-5-0-15.wav,a motor is running and a car engine is idling,0.00081807474
113202-5-0-16.wav,a motor is running and a car engine is idling,0.00081807474
113202-5-0-17.wav,a motor is running and a car engine is idling,0.00081807474
113202-5-0-18.wav,a motor is running and a car engine is idling,0.00081807474
113202-5-0-19.wav,a motor is running and a car engine is idling,0.00081807474
113202-5-0-2.wav,a motor is running and a car engine is idling,0.00081807474
113202-5-0-20.wav,a motor is running and a car engine is idling,0.00081807474
113202-5-0-21.wav,a motor is running and a car engine is idling,0.00081807474
113202-5-0-22.wav,a motor is running and a car engine is idling,0.00081807474
113202-5-0-23.wav,a motor is running and a car engine is idling,0.00081807474
113202-5-0-24.wav,a motor is running and a car engine is idling,0.00081807474
113202-5-0-25.wav,a motor is running and a car engine is idling,0.00081807474
113202-5-0-26.wav,a motor is running and a car engine is idling,0.00081807474
113202-5-0-27.wav,a motor is running and a car engine is idling,0.00081807474
113202-5-0-28.wav,a motor is running and a car engine is idling,0.00081807474
113202-5-0-3.wav,a motor is running and a car engine is idling,0.00081807474
113202-5-0-4.wav,a motor is running and a car engine is idling,0.00081807474
113202-5-0-5.wav,a motor is running and a car engine is idling,0.00081807474
113202-5-0-6.wav,a motor is running and a car engine is idling,0.00081807474
113202-5-0-7.wav,a motor is running and a car engine is idling,0.00081807474
113202-5-0-8.wav,a motor is running and a car engine is idling,0.00081807474
113202-5-0-9.wav,a motor is running and a car engine is idling,0.00081807474
113203-5-0-0.wav,a motor is running and people are talking in the background,0.0016112715
113203-5-0-1.wav,a motor is running and a motorcycle engine is idling,0.0008256366
113203-5-0-2.wav,a motor is running and a motorcycle engine is idling,0.0008256366
113203-5-0-3.wav,a motor is running and a car engine is idling,0.0008180739
113203-5-0-4.wav,a motor is running and a man is speaking,0.00096342014
113203-5-0-5.wav,a motor is running and a motorcycle engine is idling,0.0008256366
113203-5-0-6.wav,a motor is running and a motorcycle engine is idling,0.0008256366
113203-5-0-7.wav,a motor is running and a motorcycle is idling,0.0008572159
113203-5-0-8.wav,a motor is running and an engine is idling in the background,0.00090059295
113203-5-1-0.wav,a motor is running and a motorcycle engine is idling,0.0008256366
113203-5-1-1.wav,a motor is running and a vehicle engine is idling,0.00082939997
113203-5-1-2.wav,a car engine is idling and then it gets louder,0.99825853
113203-5-2-0.wav,a motorcycle engine is idling and then revving up,0.00091562775
113203-5-3-0.wav,a car engine is idling then it gets louder and then softer,0.998201
113203-5-3-1.wav,a motor is running at a constant speed and then a car engine revs,0.0010439333
113203-5-4-0.wav,a car engine is idling and then it gets louder,0.99825853
113203-5-5-0.wav,a car engine revs and drives away at a steady pace,0.011809915
113203-5-6-0.wav,a motorcycle engine is running and people are talking,0.000923013
113203-5-7-0.wav,a car engine is revving up and getting louder,0.99826366
113203-5-8-0.wav,a car engine is running and then it gets louder and then softer,0.9980622
113205-5-0-0.wav,a motorcycle engine revs and accelerates as it shifts gears,0.0028078852
113205-5-1-0.wav,a motorcycle is revving its engine and then revved again,0.0017514259
113205-5-1-1.wav,a motorcycle engine is idling and revving its motor,0.0008135344
113205-5-1-2.wav,a car engine is idling and a man is speaking,0.0010075666
113205-5-1-3.wav,a motorcycle engine is idling and a man is speaking,0.0008933562
113205-5-1-4.wav,a motor is running and a man is speaking,0.00096342014
113205-5-1-5.wav,a man is speaking while a car engine is idling,0.0020441797
113205-5-1-6.wav,a motor is running and a motorcycle engine is idling,0.0008256366
113205-5-1-7.wav,a motor is running and a motorcycle engine is idling,0.0008256366
113205-5-1-8.wav,a motorcycle engine is idling and revving up,0.0007981585
113205-5-1-9.wav,a motorcycle engine is idling and revving up,0.0007981585
113216-5-0-0.wav,a motor is running and a vehicle engine is idling,0.00082939997
113216-5-0-1.wav,a motor is running and a motorcycle engine is idling,0.0008256366
113216-5-0-2.wav,a motor is running and a motorcycle engine is idling,0.0008256358
113216-5-0-3.wav,a motor is running and a motorcycle engine is idling,0.0008256358
113216-5-0-4.wav,a motor is running and a motorcycle engine is idling,0.0008256358
113601-9-0-22.wav,a person is walking on a sidewalk and people are talking in the background,0.010458994
113601-9-0-3.wav,people are talking while music is playing in the background,0.94793785
113601-9-0-33.wav,people are talking and music is playing in the background,0.43172523
113601-9-0-34.wav,a crowd of people are talking and music is playing in the background,0.053663377
113601-9-0-35.wav,a man is singing while music is playing in the background,0.9760879
113601-9-0-42.wav,people are talking in the background as music plays in the distance,0.0029487931
113785-3-0-0.wav,a dog barking dogs bark at a growling barks and,0.99807906
113785-3-1-0.wav,a dog barking and dogs bark at the distance,0.9964946
115239-9-0-0.wav,wind blows in the background while a person is walking,0.986043
115239-9-0-1.wav,music is playing in the background while a person is walking,0.96832484
115239-9-0-2.wav,a person is playing a song on a musical instrument,0.0029816183
115239-9-0-3.wav,someone is playing a song with a musical instrument,0.011081741
115239-9-0-4.wav,a person is playing a song on a musical instrument,0.0029816183
115239-9-0-5.wav,a person is playing a song on a violin,0.026040288
115240-9-0-1.wav,music is playing in the background while a person plays a musical instrument,0.015786747
115240-9-0-16.wav,music is playing and people are talking in the background,0.3136211
115240-9-0-28.wav,music is playing while people are talking in the background,0.9187375
115240-9-0-34.wav,music is playing while people are talking in the background,0.9187375
115240-9-0-36.wav,music is playing in the background while a musical instrument is being played,0.23893757
115240-9-0-4.wav,music is playing in the background while a musical instrument is being played,0.23893757
115241-9-0-1.wav,a violin is playing a song in the background,0.99153394
115241-9-0-14.wav,people are talking in the background while music is playing in the distance,0.04054326
115241-9-0-2.wav,music is playing in the background while a person is walking,0.96832484
115241-9-0-20.wav,people are talking in the background while music is playing in the distance,0.04054326
115241-9-0-6.wav,a person is playing music in the distance,0.0013287568
115241-9-0-8.wav,a violin is playing a song in the background,0.99153394
115241-9-0-9.wav,a violin is playing a song in the background,0.99153394
115242-9-0-14.wav,a man is speaking while music is playing in the background,0.9316548
115242-9-0-44.wav,a man is singing while music is playing in the background,0.9760879
115242-9-0-55.wav,a man is singing a song while a person sings in the background,0.9722181
115242-9-0-68.wav,a man is speaking while music is playing in the background,0.93165517
115242-9-0-70.wav,a man is singing a song with a band playing music,0.013985953
115242-9-0-83.wav,a person is playing a musical instrument while music plays in the background,0.010326437
115243-9-0-0.wav,a musical instrument is playing a song in the background,0.9791946
115243-9-0-16.wav,a person is playing a musical instrument with a song,0.002413728
115243-9-0-4.wav,music is playing in the background while a person is singing,0.96513134
115243-9-0-46.wav,people are talking in the background while a man is speaking,0.0045346636
115243-9-0-81.wav,a man is speaking while music is playing in the background,0.93165517
115243-9-0-94.wav,a man is speaking while music is playing in the background,0.93165517
115411-3-0-0.wav,water is flowing in a stream while a person is swimming in the background,0.0009260985
115411-3-2-0.wav,a dog is barking while a woman is talking in the background,0.9982077
115411-3-3-0.wav,a dog is barking while water is flowing in the background,0.99600023
115415-9-0-0.wav,a crowd of people are talking in the background,0.0042909
115415-9-0-1.wav,a crowd of people are talking in the background,0.0042909
115415-9-0-4.wav,a crowd of people are talking in the background,0.0042909
115415-9-0-5.wav,people are talking in the background as a bird is chirping in the distance,0.0013409704
115415-9-0-6.wav,a crowd of people are talking in the background,0.0042909
115415-9-0-7.wav,a crowd of people are talking in the background,0.0042909
115418-9-0-11.wav,a person is playing a musical instrument in the background,0.08164856
115418-9-0-12.wav,a person is playing a musical instrument while music plays in the background,0.010326437
115418-9-0-15.wav,music is playing in the background while a person is walking,0.96832484
115418-9-0-20.wav,music is playing in the background while a person is singing,0.96513134
115418-9-0-29.wav,the wind is blowing and the music is playing,0.0013767278
115418-9-0-6.wav,music is playing while people are talking in the background,0.9187379
115535-3-0-0.wav,a dog barking dogs bark at a medium barks and a small angry puppy,0.0022620473
115536-3-0-0.wav,a dog is barking and growling at another man is speaking,0.99793255
115537-3-0-0.wav,a dog barking and dogs bark at a close growling,0.9979432
116163-3-0-0.wav,a radio is playing with a lot of static,0.0073947557
116163-3-1-0.wav,a woman is giving a speech with a female voice speaking,0.0071049808
116163-3-2-0.wav,a dog barking dogs bark at a growling and a puppy barks,0.99650204
116423-2-0-0.wav,a baby is laughing and screaming while other children are playing in the background,0.9981127
116423-2-0-1.wav,a group of children are laughing and screaming at a playground,0.011162626
116423-2-0-2.wav,children are screaming and playing in a playground,0.7071874
116423-2-0-3.wav,children are screaming and playing in a playground,0.7071874
116423-2-0-4.wav,a baby is crying and screaming while a child is shouting,0.9980598
116483-3-0-1.wav,a dog is barking loudly at a steady pace,0.99814415
116483-3-0-2.wav,a dog is barking loudly at a steady pace,0.99814415
116483-3-1-0.wav,a dog is barking loudly at a steady pace,0.99814415
116483-3-1-2.wav,a dog is barking loudly and sporadically,0.9981115
116484-3-0-12.wav,a dog is barking loudly and consistently in the background,0.99821126
116484-3-0-16.wav,a dog is barking loudly and consistently but at a steady pace,0.99804866
116484-3-0-6.wav,a dog is barking repeatedly and sporadically,0.9979583
116484-3-0-8.wav,a dog is barking loudly at a consistent rate,0.9981014
116485-3-0-4.wav,a dog is barking loudly at a steady pace,0.99814415
116485-3-0-6.wav,a dog is barking loudly and sporadically,0.9981115
116485-3-2-0.wav,a dog is barking loudly at a steady pace,0.99814415
116485-3-2-4.wav,a dog is barking loudly and consistently in the background,0.99821126
117048-3-0-17.wav,dogs are barking at the distance at the same time,0.0032956332
117048-3-0-23.wav,dogs are barking and howling in the distance,0.41405937
117048-3-0-25.wav,a dog is barking loudly and sporadically,0.9981115
117048-3-0-35.wav,a dog is barking loudly at a distance,0.99823654
117072-3-0-11.wav,a dog is barking and a car is driving by,0.998075
117072-3-0-14.wav,a dog is barking and a car is passing by,0.99799097
117072-3-0-19.wav,cars are driving by on a highway and a dog is barking,0.99187124
117072-3-0-8.wav,a dog is barking and a vehicle passes by in the distance,0.9807751
117181-8-0-0.wav,a siren is blaring and a police car horn is sounding,0.99812776
117181-8-0-1.wav,a siren is blaring and a police car horn is sounding,0.99812776
117181-8-0-10.wav,a siren is blaring and a police car is driving by,0.99813926
117181-8-0-11.wav,a siren is blaring and a vehicle is passing by,0.9981602
117181-8-0-12.wav,a siren is blaring and a vehicle is driving by,0.99815947
117181-8-0-2.wav,a siren is blaring and a police car horn is sounding,0.99812776
117181-8-0-3.wav,a siren is blaring and a police car horn is sounding,0.99812776
117181-8-0-4.wav,a siren is blaring and a police car horn is sounding,0.99812776
117181-8-0-5.wav,a siren is blaring and a police car horn is blowing,0.99812263
117181-8-0-6.wav,a siren is blaring and a police car horn is honking,0.99806005
117181-8-0-7.wav,a siren is blaring and a police car horn is sounding,0.99812776
117181-8-0-8.wav,a siren is blaring and a police car horn is honking,0.99806005
117181-8-0-9.wav,a siren is blaring and a police car horn is sounding,0.99812776
11722-3-0-0.wav,a dog is barking at a steady pace,0.99744654
11722-3-1-0.wav,a dog barking dogs bark at a medium distance,0.99593866
117536-1-0-0.wav,a car horn is honking and a bell is ringing,0.99812406
117889-9-0-12.wav,a person is playing a saxophone on the sidewalk,0.0033007325
117889-9-0-20.wav,a person is playing a musical instrument with a trumpet,0.0018094013
117889-9-0-30.wav,a person is playing a saxophone on the sidewalk,0.0033007325
117889-9-0-36.wav,a person is playing a saxophone on the sidewalk,0.0033007325
117889-9-0-39.wav,a person is walking through a tunnel and people are talking in the distance,0.0017090786
117889-9-0-40.wav,a person is playing a musical instrument with a marker,0.0011320399
118101-3-0-0.wav,a dog is barking loudly and a woman is talking in the background,0.99823534
118101-3-0-3.wav,a doorbell rings three times and then a dog barks,0.70874685
118101-3-0-4.wav,a dog is barking and a person is walking on a hard surface,0.98969114
118101-3-0-6.wav,a doorbell rings and a dog barks twice,0.7021142
118278-4-0-0.wav,people are talking in the distance as a car passes by,0.0013227761
118278-4-0-1.wav,people are talking in the distance as a train passes by,0.0012693874
118278-4-0-10.wav,people are talking in the background while a horse is passing by,0.05139782
118278-4-0-11.wav,people are talking in the background while cars are passing by,0.33615413
118278-4-0-12.wav,people are talking in the background while cars are passing by,0.33615413
118278-4-0-13.wav,people are talking in the background while cars are passing by,0.33615413
118278-4-0-2.wav,people are talking in the background while a machine is running,0.0019756856
118278-4-0-3.wav,people are talking in the background while a fan is running in the distance,0.001698931
118278-4-0-4.wav,people are talking in the background while a machine is running,0.0019756856
118278-4-0-5.wav,a crowd of people are talking while a machine is running in the background,0.0019100688
118278-4-0-6.wav,people are talking in the background while a machine is running,0.0019756856
118278-4-0-7.wav,people are talking while cars are passing by in the background,0.04307541
118278-4-0-8.wav,people are talking while birds are chirping in the background,0.0014239026
118278-4-0-9.wav,birds are chirping and people are talking in the background,0.001106799
118279-8-0-0.wav,a siren is blaring and a police car is passing by,0.9981207
118279-8-0-1.wav,a police car with a siren blaring and a vehicle passing by,0.9980842
118279-8-0-10.wav,a police car with a siren is blaring and a vehicle is driving by,0.99815196
118279-8-0-11.wav,a siren is blaring and a police car is driving by,0.99813926
118279-8-0-12.wav,a siren is blaring while birds are chirping in the background,0.9980434
118279-8-0-13.wav,birds are chirping and a siren is blaring in the background,0.998131
118279-8-0-14.wav,a bird is singing while a siren is blaring in the background,0.9981824
118279-8-0-2.wav,a siren is blaring and birds are chirping in the background,0.99805105
118279-8-0-3.wav,a siren is blaring and a vehicle is passing by,0.9981602
118279-8-0-4.wav,a siren is going off while a vehicle is passing by,0.9979911
118279-8-0-5.wav,a siren is blaring and a vehicle is driving by,0.99815947
118279-8-0-6.wav,a siren is blaring while a police car is driving by,0.9981857
118279-8-0-7.wav,a siren is blaring and birds are chirping in the background,0.99805105
118279-8-0-8.wav,a police car with its siren is going off,0.9980458
118279-8-0-9.wav,a police car with a siren is blaring and a bird is chirping in the,0.998175
118440-4-0-0.wav,a power drill is being used to cut a drilling,0.0010309825
118440-4-1-0.wav,a drill is being started and revved up and then revving up and down,0.0022678995
118440-4-2-0.wav,a power drill is being used to cut a chainsaw,0.9977672
118440-4-3-0.wav,a drill is being used to cut up and down,0.0011571352
118440-4-4-0.wav,a power drill is being used to cut up and down,0.0011792167
118440-4-5-0.wav,a person is using a drill in a chainsaw,0.997535
118440-4-6-0.wav,a drill is being used to cut power tool,0.0010574703
118440-4-7-0.wav,a zipper is being zipped up and unzipped,0.0011259313
118440-4-8-0.wav,a drill is being used using a power tool,0.0010075935
118496-1-0-0.wav,a car horn honks and a whistle is honking,0.9980381
118558-5-0-0.wav,birds are chirping in the background while a car drives by,0.0074733268
118558-5-0-1.wav,birds are chirping and a car is driving by,0.0010482471
118558-5-0-2.wav,birds chirp in the background as a car drives by,0.05541804
118558-5-1-0.wav,a car is driving on a road and a vehicle is passing by,0.0010521654
118558-5-1-1.wav,a vehicle is driving on a road and a car is passing by,0.0010575398
118558-5-1-2.wav,a car drives by and a motorcycle passes by,0.003358549
118558-5-2-0.wav,a car drives by and a bird is chirping,0.0013389335
118558-5-2-1.wav,a car is driving down the road with birds chirping in the background,0.001217683
118558-5-2-2.wav,a car is driving down the road with birds chirping in the background,0.001217683
118558-5-2-3.wav,a car drives by and a bird is chirping,0.0013389335
118587-3-0-2.wav,a dog is barking and growling at a constant rate,0.99806136
118587-3-0-21.wav,a dog is barking and dogs are panting in the background,0.99789953
118587-3-0-6.wav,a dog is barking and growling at a consistent rate,0.99795
118723-4-0-0.wav,someone is using a pressure washer to clean something,0.0021558078
118961-3-0-0.wav,a dog is barking and dogs are growling in the background,0.99813133
118962-3-0-0.wav,a dog barking and growling at a dogs bark at the distance,0.9978667
118963-3-0-0.wav,a dog barking dogs bark at a growling barks at a medium yipping,0.9977149
119067-0-0-0.wav,a motor is running at a constant speed and then it starts to idle,0.00081164937
119067-0-0-1.wav,a motor is running and vibrating consistently and steadily,0.0009859509
119067-0-0-2.wav,a motor is running at a constant speed and then it starts to idle,0.00081164937
119420-3-0-0.wav,dogs are barking at one another in the distance,0.028676473
119420-3-1-0.wav,a dog is barking at a consistent rate,0.9976841
119449-5-0-0.wav,a motor is running at a constant speed,0.0008283491
119449-5-0-1.wav,a motor is running at a constant speed,0.0008283491
119449-5-0-2.wav,a motor is running at a constant speed and then a low frequency engine is,0.0009181192
119449-5-0-3.wav,a motor is running at a constant speed,0.0008283491
119449-5-0-4.wav,a motor is running at a constant speed,0.0008283491
119449-5-0-5.wav,a motor is running at a constant speed,0.0008283491
119449-5-0-6.wav,a motor is running at a constant speed,0.0008283491
119455-5-0-0.wav,a motorcycle engine is idling and then it gets farther away,0.0009124833
119455-5-0-1.wav,a motor is running at a constant speed and steady pace,0.00085730327
119455-5-0-2.wav,a motorcycle engine is idling and then it gets louder,0.99818546
119455-5-0-3.wav,a motor is running at a constant speed,0.0008283491
119455-5-0-4.wav,a motor is running at a constant speed,0.0008283491
119455-5-0-5.wav,a motorcycle engine is idling and then it gets louder,0.99818546
119455-5-0-6.wav,an engine is running at a constant speed,0.0008617099
119455-5-0-7.wav,a motor is running at a constant speed,0.0008283491
119809-7-0-0.wav,a machine is running at a constant speed and a motor is in the background,0.000888184
119809-7-0-1.wav,a machine is running at a constant speed and a motor is in the background,0.000888184
119809-7-0-2.wav,a machine is running at a constant speed and a motor is in the background,0.000888184
119809-7-0-3.wav,a machine is running at a constant speed and a motor is in the background,0.000888184
119809-7-0-4.wav,a car is driving down the road while birds are chirping in the background,0.0014354112
119809-7-0-5.wav,birds chirp in the background as a car drives by,0.05541826
119809-7-0-6.wav,a motor is running and birds are chirping in the background,0.0009486104
121285-0-0-0.wav,a machine is running at a constant speed and volume,0.00081656186
121285-0-0-1.wav,a machine is running at a constant speed and volume,0.00081656186
121285-0-0-2.wav,a machine is running at a constant speed and volume,0.00081656186
121285-0-0-3.wav,a large industrial machine is running at a constant speed,0.0009450354
121285-0-0-4.wav,a large industrial machine is running at a constant speed,0.0009450354
121285-0-0-5.wav,a large industrial machine is running at a constant speed,0.0009450354
121285-0-0-6.wav,a large industrial machine is running at a constant speed,0.0009450354
121285-0-0-7.wav,a machine is running at a constant speed and volume,0.00081656186
121285-0-0-8.wav,a machine is running at a constant speed and volume,0.00081656186
121285-0-0-9.wav,a large industrial machine is running at a constant speed,0.0009450354
121286-0-0-0.wav,a machine is running at a constant speed and volume,0.00081656186
121286-0-0-1.wav,a machine is running at a constant speed and volume,0.00081656186
121286-0-0-10.wav,a machine is running at a constant speed and volume,0.00081656186
121286-0-0-11.wav,a machine is running at a constant speed and volume,0.00081656186
121286-0-0-12.wav,a machine is running at a constant speed and volume,0.00081656186
121286-0-0-13.wav,a large industrial machine is running at a constant rate,0.0009256009
121286-0-0-14.wav,a machine is running at a constant speed and volume,0.00081656186
121286-0-0-15.wav,a machine is running at a constant speed and volume,0.00081656186
121286-0-0-2.wav,a machine is running at a constant speed and volume,0.00081656186
121286-0-0-3.wav,a machine is running at a constant speed and volume,0.00081656186
121286-0-0-4.wav,a machine is running at a constant speed and volume,0.00081656186
121286-0-0-5.wav,a machine is running at a constant speed and volume,0.00081656186
121286-0-0-6.wav,a large industrial machine is running at a constant rate,0.0009256009
121286-0-0-7.wav,a large industrial machine is running at a constant rate,0.0009256009
121286-0-0-8.wav,a large industrial machine is running at a constant rate,0.0009256009
121286-0-0-9.wav,a large industrial machine is running at a constant rate,0.0009256009
121299-1-0-0.wav,a musical instrument is playing a note and a car is driving by,0.029793572
121528-8-1-0.wav,a fire is crackling and burning in the night,0.005799287
121528-8-1-1.wav,a police car with a siren is blaring and people are talking in the background,0.9981883
121888-3-0-0.wav,a dog barking and growling dogs bark at a close,0.9979809
122199-3-1-1.wav,wind blows in the background as a car drives by,0.9964169
122199-3-1-2.wav,wind blows in the background as a car drives by,0.9964169
122199-3-1-3.wav,the wind is blowing and the rain is pouring down,0.000871548
122199-3-1-6.wav,birds are chirping in the background as a dog barks,0.0011378917
122690-6-0-0.wav,a gun is fired in the distance and then a gunshot is followed by more,0.99797577
122738-9-0-11.wav,people are talking while music is playing in the background,0.94793785
122738-9-0-12.wav,a man is speaking while music is playing in the background,0.93165475
122738-9-0-2.wav,people are talking in the background while a musical instrument is playing,0.11920243
122738-9-0-3.wav,people are talking in the background while a musical instrument is playing,0.11920243
122738-9-0-5.wav,a person is walking on a sidewalk and people are talking in the background,0.010458994
122738-9-0-9.wav,a person is playing a musical instrument while the wind is blowing in the background,0.4445232
123399-2-0-13.wav,a group of people are talking and laughing in a public place,0.001162636
123399-2-0-19.wav,children are playing in a park and a baby is laughing,0.006997646
123399-2-0-22.wav,children are screaming and playing in a playground,0.70718473
123399-2-0-5.wav,children are talking and playing in the water,0.001774387
123399-2-0-54.wav,children are playing and adults are talking in the background,0.0064691966
123399-2-0-74.wav,a group of people are talking and laughing,0.0012851317
123399-2-0-83.wav,a group of people are talking and laughing in the background,0.0014735977
123399-2-0-91.wav,a group of people are talking and laughing in a gym,0.0012681192
123685-5-0-0.wav,a motor is running and a motorcycle engine is revving,0.00079750404
123685-5-0-1.wav,a car engine is idling and revving up and down,0.0010051717
123685-5-0-2.wav,a car engine is idling and revving up and down,0.0010051717
123685-5-0-3.wav,the engine of a car is idling and the motor is running,0.00084370846
123685-5-0-4.wav,the engine of a car is idling and the motor is running,0.00084370846
123685-5-0-5.wav,the engine of a car is idling and then it starts to idle,0.0008874303
123685-5-0-6.wav,the engine of a car is revving up and idling,0.0011036226
123685-5-0-7.wav,the engine of a car is idling and revving up,0.0013081079
123685-5-0-8.wav,the engine of a car is idling and revving up,0.0013081079
123688-8-0-0.wav,people are talking while birds are chirping and children are playing in the background,0.0034570799
123688-8-0-1.wav,birds are chirping and people are talking in the background,0.001106799
123688-8-0-10.wav,a police car with a siren is blaring and a vehicle passing by,0.99812347
123688-8-0-11.wav,a siren is blaring and birds are chirping in the background,0.99805105
123688-8-0-12.wav,a police car with a siren is blaring and traffic is passing by,0.9981799
123688-8-0-13.wav,a police car with a siren is going by and a motorcycle passes by,0.9980775
123688-8-0-14.wav,a police car with a siren is going off and birds are chirping,0.99811375
123688-8-0-15.wav,a siren is blaring and birds are chirping in the background,0.99805105
123688-8-0-16.wav,a siren is blaring and a police car is passing by,0.9981207
123688-8-0-17.wav,a siren is blaring and birds are chirping in the background,0.99805105
123688-8-0-18.wav,a police siren is blaring with traffic noise in the background,0.99816626
123688-8-0-2.wav,birds are chirping and people are talking in the background,0.001106799
123688-8-0-3.wav,people are talking while a siren is blaring in the background,0.99818426
123688-8-0-4.wav,people are talking while a siren blares in the background,0.9982362
123688-8-0-5.wav,a woman is speaking while a siren blares in the background,0.99823713
123688-8-0-6.wav,a woman is speaking while a siren is blaring,0.9982169
123688-8-0-7.wav,a siren is blaring while a vehicle is passing by and a police car is,0.9981834
123688-8-0-8.wav,a siren is blaring while birds are chirping in the background,0.9980434
123688-8-0-9.wav,a police siren is blaring with sirens and traffic noise in the background,0.9981974
123688-8-1-0.wav,a police siren is blaring with sirens and traffic noise in the background,0.9981974
123688-8-1-1.wav,a police siren is blaring and a vehicle is passing by,0.99814403
123688-8-1-2.wav,a police siren is blaring with a loud emergency vehicle,0.99805176
123688-8-1-3.wav,a police siren is blaring with sirens and emergency vehicles,0.9980958
123688-8-1-4.wav,a police siren is blaring with sirens and emergency vehicles,0.9980958
123688-8-1-5.wav,a police siren is blaring with sirens and emergency vehicles passing by,0.9981183
123688-8-2-0.wav,people are talking while a siren is blaring in the background,0.99818426
123688-8-2-1.wav,people are talking while a siren is blaring in the background,0.99818426
123688-8-2-2.wav,a siren is blaring while people are talking in the background,0.9982078
123688-8-2-3.wav,a car drives by and a siren blares in the background,0.998187
123688-8-2-4.wav,a car is driving by and a siren is blaring,0.99813795
124389-8-1-0.wav,a siren is blaring and a vehicle is driving by,0.99815947
124389-8-1-1.wav,a siren is blaring and a police car is driving by,0.99813926
124389-8-1-10.wav,a police car with a siren is going on and on,0.99816304
124389-8-1-11.wav,a siren is blaring and a vehicle is passing by,0.9981602
124389-8-1-12.wav,a siren is blaring and a vehicle is passing by,0.9981602
124389-8-1-13.wav,the wind is blowing and a car is driving by,0.0009879763
124389-8-1-14.wav,a car is driving down the street with a lot of people talking,0.029428244
124389-8-1-15.wav,a car is driving on the street with people talking in the background,0.7892616
124389-8-1-16.wav,a police car with a siren is going off,0.9980122
124389-8-1-17.wav,a siren is blaring and birds are chirping in the background,0.99805105
124389-8-1-18.wav,a siren is blaring and birds are chirping in the background,0.99805105
124389-8-1-2.wav,a police siren is blaring with sirens and emergency vehicles,0.9980958
124389-8-1-3.wav,a police siren is blaring with sirens in the background,0.9981877
124389-8-1-4.wav,a police siren is blaring with a high pitch,0.9981154
124389-8-1-5.wav,a police siren is blaring and a car is driving by,0.99813604
124389-8-1-6.wav,a police siren is blaring with sirens in the background,0.9981877
124389-8-1-7.wav,a police siren is blaring with sirens and traffic noise in the background,0.9981974
124389-8-1-8.wav,a police siren is blaring with sirens and emergency vehicles passing by,0.9981183
124389-8-1-9.wav,a police siren is blaring with sirens and emergency vehicles,0.9980958
124489-9-0-12.wav,a person is playing a guitar while another piece of music is being played,0.006604556
124489-9-0-14.wav,a person is playing a song with an orchestra,0.008838261
124489-9-0-16.wav,music is playing in the background while a person is walking,0.96832484
124489-9-0-17.wav,music is playing and a person is talking in the background,0.82240975
124489-9-0-18.wav,people are talking to each other while music plays in the background,0.20577855
124489-9-0-6.wav,a man is singing while music is playing in the background,0.9760879
125523-3-0-1.wav,a dog is barking and growling at a constant rate,0.99806136
125523-3-0-11.wav,a baby is crying and making noises in the background,0.9982368
125523-3-0-3.wav,a dog is barking loudly at a steady pace,0.99814415
125554-3-0-0.wav,a dog barking and dogs bark at a medium pitch,0.9967457
125574-3-0-0.wav,a dog is barking and growling at a steady pace,0.99778074
125678-7-0-0.wav,a machine is running at a constant speed,0.0008257412
125678-7-0-1.wav,a machine is running at a constant speed and then it stops,0.00080635404
125678-7-0-2.wav,a machine is running at a constant speed and then it stops,0.00080635404
125678-7-0-3.wav,a machine is running at a constant speed and a motor is in the background,0.000888184
125678-7-0-4.wav,a machine is operating and a piece of machinery is running,0.00086537056
125678-7-0-5.wav,an electric saw is being used to cut wood,0.9926231
125678-7-0-6.wav,a machine is running at a constant speed and a helicopter is flying overhead,0.00093111466
125678-7-0-7.wav,an airplane is flying in the sky and the engine is whirring,0.00088915863
125678-7-0-8.wav,a machine is running at a constant speed and a horn is blaring,0.9914814
125678-7-0-9.wav,a machine is running at a constant speed and a horn is blowing in the,0.0036968305
125678-7-1-0.wav,a machine is running at a constant speed and then it stops,0.00080635445
125678-7-1-1.wav,a machine is running at a constant speed and then it stops,0.00080635445
125678-7-1-2.wav,a machine is running at a constant speed and a high pitched engine is whirring,0.00086630706
125678-7-1-3.wav,a machine is running at a constant speed and then it stops,0.00080635445
125678-7-1-4.wav,a machine is running at a constant speed and then it stops,0.00080635445
125678-7-1-5.wav,a machine is running at a constant speed and then it stops,0.00080635445
125678-7-1-6.wav,a machine is running at a constant speed and a high pitched engine is whirring,0.00086630706
125678-7-1-7.wav,a machine is running at a constant speed and then it stops,0.00080635445
125678-7-1-8.wav,a machine is running at a constant speed and an airplane is flying overhead,0.0008969123
125678-7-2-0.wav,a saw is being used to cut wood,0.99774987
125678-7-2-1.wav,a machine is running at a constant speed and a high pitched engine is whirring,0.00086630706
125678-7-2-2.wav,a machine is running at a constant speed and then it stops,0.00080635445
125678-7-2-3.wav,a machine is running at a constant speed,0.0008257412
125678-7-2-4.wav,a machine is running at a constant speed,0.0008257412
125678-7-2-5.wav,a machine is running at a constant speed,0.0008257412
125678-7-2-6.wav,a machine is running at a constant speed,0.0008257412
125678-7-2-7.wav,a machine is running at a constant speed and then it stops,0.00080635445
125678-7-2-8.wav,a machine is running at a constant speed and then stops,0.00080265966
125678-7-3-0.wav,a saw is being used to cut wood,0.99774987
125678-7-3-1.wav,a machine is running at a constant speed,0.0008257412
125678-7-3-2.wav,a machine is running at a constant speed and then stops,0.00080265966
125678-7-3-3.wav,a machine is running at a constant speed,0.0008257412
125678-7-3-4.wav,a machine is running at a constant speed and a high pitched engine is whirring,0.00086630706
125678-7-3-5.wav,a machine is running at a constant speed and then it stops,0.00080635445
125678-7-3-6.wav,a machine is running at a constant speed,0.0008257412
125678-7-3-7.wav,a machine is running at a constant speed and then it stops,0.00080635445
125678-7-4-0.wav,a machine is running at a constant speed,0.0008257412
125678-7-4-1.wav,a machine is running at a constant speed and then it stops,0.00080635404
125678-7-4-2.wav,a machine is running at a constant speed,0.0008257412
125678-7-4-3.wav,a machine is running at a constant speed and then it stops,0.00080635404
125678-7-4-4.wav,a machine is running at a constant speed,0.0008257412
125678-7-4-5.wav,a machine is running at a constant speed,0.0008257412
125678-7-4-6.wav,a machine is running at a constant speed and a motor is in the background,0.000888184
125678-7-4-7.wav,a machine is running at a constant speed,0.0008257412
125678-7-4-8.wav,a lawnmower is being used to cut a construction site,0.0013481836
125791-3-0-12.wav,a dog barking and dogs bark in the background,0.99812275
125791-3-0-13.wav,a dog barking and dogs bark in the background,0.99812275
125791-3-0-15.wav,a dog is barking loudly and sporadically in the background,0.9981457
125791-3-0-9.wav,a dog is barking and birds are chirping in the background,0.9807843
126153-9-0-0.wav,a person is playing a guitar with a song,0.0060858983
126153-9-0-1.wav,a person is playing a stringed instrument while people are talking in the background,0.9513732
126153-9-0-11.wav,a person is playing a stringed instrument while people are talking in the background,0.9513732
126153-9-0-4.wav,a person is playing a guitar with a musical instrument,0.0014753022
126153-9-0-5.wav,a person is playing a stringed instrument while people are talking in the background,0.9513732
126153-9-0-6.wav,a person is playing a stringed instrument in the background,0.419376
126153-9-0-8.wav,a person is playing a guitar while a song is being played,0.021506267
12647-3-0-0.wav,a dog barking dogs bark at a distance,0.99798644
12647-3-1-0.wav,a dog is barking and growling at a distance,0.99798787
12647-3-2-0.wav,dogs are barking and a dog is howling in the background,0.9981293
12647-3-3-0.wav,a dog barking and dogs bark in the background,0.99812275
126521-3-0-12.wav,birds are chirping in the background as a train passes by,0.0011986906
126521-3-0-17.wav,birds are chirping and a dog is barking in the background,0.93942416
126521-3-0-18.wav,birds are chirping and a dog is barking in the background,0.93942416
126521-3-0-2.wav,birds are chirping in the background as a car passes by,0.0015825822
127443-4-0-0.wav,a car is driving down the road with a high speed,0.0008723921
127443-4-0-1.wav,a motor is running at a constant speed and speeds up,0.00081094936
127443-4-0-10.wav,a motor is running at a constant speed and speeds up,0.00081094936
127443-4-0-11.wav,a motor is running at a constant speed and speeds up,0.00081094936
127443-4-0-12.wav,a machine is running at a constant speed and volume,0.00081656186
127443-4-0-2.wav,a motor is running at a constant speed and volume,0.00083924393
127443-4-0-3.wav,a motor is running at a constant speed and speeds up,0.00081094936
127443-4-0-4.wav,a motor is running at a constant speed and speeds up,0.00081094936
127443-4-0-5.wav,a motor is running at a constant speed and volume,0.00083924393
127443-4-0-6.wav,a machine is running at a constant speed and volume,0.00081656186
127443-4-0-7.wav,a motor is running at a constant speed and volume,0.00083924393
127443-4-0-8.wav,a motor is running at a constant speed and volume,0.00083924393
127443-4-0-9.wav,a motor is running at a constant speed and speeds up,0.00081094936
127538-4-0-0.wav,a blender is being operated at a high speed,0.0009224738
127538-4-1-0.wav,a blender is being started and then turned off,0.0012798522
127538-4-2-0.wav,a blender is being started up and then turned off,0.0012989715
127872-0-0-0.wav,a machine is running at a constant speed and volume,0.00081656186
127873-0-0-0.wav,a machine is running at a constant speed and a motor is humming,0.0008469425
128030-3-0-0.wav,a dog barking and dogs bark at a medium pitch,0.9967457
128030-3-1-0.wav,a dog is barking and dogs are howling and whimpering,0.9980438
128030-3-2-0.wav,a dog is barking and dogs bark at a medium pitch,0.98836553
12812-5-0-0.wav,an engine is running and a motorcycle is driving by,0.00081032637
12812-5-0-1.wav,a motor is running and a motorcycle is driving by,0.0008362584
12812-5-0-2.wav,an engine is running at a constant speed and volume,0.00087309064
128152-9-0-10.wav,a musical instrument is playing a song in the background,0.9791946
128152-9-0-126.wav,a chorus of people chant together in a large open space,0.34776896
128152-9-0-167.wav,music is playing in the background while a musical instrument is being played,0.23893712
128152-9-0-48.wav,a musical instrument is playing a song in the background,0.9791946
128152-9-0-49.wav,music is playing and people are talking in the background,0.31362024
128152-9-0-67.wav,a person is playing a musical instrument while people are walking and talking in the,0.0045227325
128160-5-0-0.wav,a motor is running and a motorcycle engine is idling,0.0008256366
128160-5-0-1.wav,a motor is running and a motorcycle engine is idling,0.0008256366
128160-5-0-10.wav,a motor is running and a motorcycle engine is idling in the background,0.0008863562
128160-5-0-11.wav,a motor is running and a motorcycle engine is idling,0.0008256366
128160-5-0-12.wav,a motor is running and a motorcycle engine is idling in the background,0.0008863562
128160-5-0-13.wav,a motor is running and a motorcycle engine is idling,0.0008256366
128160-5-0-14.wav,a motor is running and a motorcycle engine is idling,0.0008256366
128160-5-0-15.wav,a motor is running and a motorcycle engine is idling,0.0008256358
128160-5-0-2.wav,a motor is running and a motorcycle engine is idling,0.0008256358
128160-5-0-3.wav,a motor is running and a motorcycle engine is idling,0.0008256358
128160-5-0-4.wav,a motor is running and a motorcycle engine is idling,0.0008256358
128160-5-0-5.wav,a motor is running and a motorcycle engine is idling,0.0008256358
128160-5-0-6.wav,a motor is running and a motorcycle engine is idling,0.0008256358
128160-5-0-7.wav,a motor is running and a motorcycle engine is idling,0.0008256358
128160-5-0-8.wav,a motor is running and a motorcycle engine is idling,0.0008256358
128160-5-0-9.wav,a motor is running and a motorcycle engine is idling in the background,0.0008863562
128240-3-0-1.wav,a dog is barking and dogs are howling in the background,0.9981268
128240-3-0-20.wav,a dog barking and dogs bark in the background,0.99812275
128240-3-0-39.wav,a dog is barking and dogs bark in the background,0.99797267
128240-3-0-42.wav,a dog is barking and dogs bark in the background,0.99797267
128470-3-0-0.wav,a dog is barking and a group of dogs are howling in the background,0.9980413
128470-3-0-1.wav,a group of dogs are barking and people are talking in the background,0.012525815
128470-3-0-5.wav,a dog is barking and people are talking in the background,0.9980737
128470-3-0-8.wav,a dog is barking and people are talking in the background,0.9980737
128607-4-0-0.wav,a lawnmower is being started up and then revved up,0.0011021622
128607-4-0-1.wav,a machine is running at a constant speed,0.0008257412
128607-4-0-2.wav,a lawnmower is being used to cut a lawn,0.0010917474
128607-4-0-3.wav,an engine is idling and then it starts to idle,0.00080438174
128607-4-0-4.wav,a motor is running and then it starts up and begins to idle,0.00082740234
128607-4-1-0.wav,an engine is started and revved up and then starts revving up,0.0011070826
128607-4-1-1.wav,an engine is idling and then it starts to idle,0.00080438174
128607-4-1-2.wav,a motor is running and then it starts up and begins to idle,0.00082740234
128607-4-1-3.wav,a chainsaw is being revved up and then turned off,0.9982653
128891-3-0-2.wav,a dog is barking and growling at a constant rate,0.99806136
128891-3-0-4.wav,a dog is barking and growling at another person in the background,0.99813616
128891-3-0-5.wav,a dog is barking and growling at another person,0.99806803
129356-2-0-101.wav,children are playing basketball in a gym,0.0017587668
129356-2-0-115.wav,children are playing basketball in the playground and shouting,0.0019067208
129356-2-0-118.wav,children are playing basketball in a park and a child is shouting,0.0059887604
129356-2-0-129.wav,children are playing basketball in a gym,0.0017587668
129356-2-0-199.wav,children are playing and adults are talking in the background,0.0064692153
129356-2-0-48.wav,a basketball bounces on the court as people talk,0.0035477052
129356-2-0-98.wav,a basketball is bouncing and people are talking in the background,0.0013571538
129750-2-0-3.wav,waves crash against the shore and the wind blows,0.0011114628
129750-2-0-34.wav,waves crash against the shore and a child laughs,0.0060319873
129750-2-0-36.wav,water is splashing and children are laughing and talking,0.0010734475
129750-2-0-37.wav,waves are crashing and splashing against the shore,0.0009139342
129750-2-0-4.wav,water is splashing in the background and children are talking,0.0015861216
129750-2-0-45.wav,waves splash against the shore and the seagulls begin squawking,0.0013575985
129750-2-0-46.wav,waves splash against the shore and seagulls begin squawking,0.001266384
129750-2-0-48.wav,children are playing in the ocean and splashing water,0.0017245124
130030-3-0-0.wav,a dog is barking and growling at the same time,0.9981458
130961-4-0-0.wav,someone is hammering a piece of wood with a hammer,0.0022086692
130961-4-1-1.wav,an engine is revving up and then revved again,0.0015216266
130961-4-1-2.wav,a chainsaw is started up and then revved up and then starts again,0.9982444
130961-4-1-3.wav,a machine is running at a constant speed and then stops,0.00080265966
130961-4-1-4.wav,a machine is running at a constant speed and then stops,0.00080265966
130961-4-2-1.wav,a chainsaw is cutting through a piece of wood,0.99795234
130961-4-2-2.wav,a machine is running at a pretty consistent speed,0.0008440012
130961-4-3-0.wav,a car engine is revving up and driving away,0.0008502537
130961-4-3-1.wav,a car engine is revving up and driving away,0.0008502537
130961-4-3-2.wav,a car engine is started and then the vehicle drives away,0.0010415992
130961-4-4-0.wav,a chainsaw is cutting through a piece of wood,0.99795234
130961-4-5-0.wav,a car is started and then the engine is revved up,0.0011678048
130961-4-5-1.wav,a machine is running at a constant speed,0.0008257412
130961-4-5-2.wav,a machine is running at a constant speed and then it cuts off,0.00083181256
130961-4-5-3.wav,a machine is running at a constant speed and then it cuts off,0.00083181256
130961-4-5-4.wav,an engine is revving up and then it revs up and down,0.0018058772
130961-4-5-5.wav,a car engine is started and a vehicle is revved up and then drives away,0.0010078297
131199-3-0-0.wav,a dog barking dogs bark at a growling barks and yipping,0.9979698
131428-9-0-3.wav,people are talking while music is playing in the background,0.9479379
131428-9-0-5.wav,a person is playing a song with a drum,0.035049826
131428-9-1-0.wav,people are talking in the background as a crowd of music is playing,0.6239319
131428-9-1-19.wav,music is playing and people are talking in the background,0.31362024
131428-9-1-8.wav,music is playing and people are talking in the background,0.31362024
131428-9-1-9.wav,music is playing and people are talking in the background,0.31362024
131571-6-0-0.wav,a gun is fired repeatedly in the distance,0.9979361
131918-7-0-0.wav,a lawn mower is running at a constant speed,0.0010093134
131918-7-0-1.wav,a lawn mower is running and then stops,0.0010476675
131918-7-0-2.wav,a lawn mower is running and then stops,0.0010476675
131918-7-0-3.wav,a lawn mower is cutting through a piece of wood,0.0014215518
131918-7-0-4.wav,a lawn mower is running at a constant speed,0.0010093134
131918-7-0-5.wav,a lawn mower is running at a constant speed,0.0010093134
131918-7-0-6.wav,a lawn mower is running and then it gets closer and then farther away,0.0011615239
131918-7-0-7.wav,a lawn mower is running at a constant speed,0.0010093134
131918-7-0-8.wav,a lawn mower is running at a constant speed,0.0010093134
132016-7-0-0.wav,a machine is running while a person is mowing the ground,0.0007983673
132016-7-0-1.wav,an airplane is flying overhead while the wind is blowing,0.0009249899
132016-7-0-2.wav,an airplane is flying overhead while the wind is blowing,0.0009249899
132016-7-0-3.wav,wind chimes are ringing and a vehicle is driving by,0.018245315
132016-7-0-4.wav,wind chimes are ringing in the background as a car drives by,0.9977223
132016-7-0-5.wav,the wind is blowing and a car is driving by,0.0009879763
132016-7-0-6.wav,a train is passing by and a bell is ringing,0.0017940012
132016-7-0-7.wav,wind is blowing while a car drives by,0.0021156156
132016-7-0-8.wav,the wind is blowing while a plane is flying overhead,0.00088115816
132016-9-0-0.wav,a car drives by and a motorcycle passes by,0.003358546
132016-9-0-11.wav,an engine is whirring while a vehicle drives by,0.0017788149
132016-9-0-14.wav,a machine is running while a car drives by,0.0008492311
132016-9-0-16.wav,an airplane is flying overhead while the wind is blowing in the background,0.0035832943
132016-9-0-20.wav,the wind is blowing and the music is playing,0.0013767278
132016-9-0-6.wav,music is playing and a car is driving by,0.06187477
132021-7-0-0.wav,a car is driving on a road with people talking in the background,0.09777453
132021-7-0-1.wav,a car is driving on a road with people talking in the background,0.09777453
132021-7-0-10.wav,a motor is running and people are talking in the background,0.0016112715
132021-7-0-11.wav,a motor is running and a motorcycle is driving by,0.000836258
132021-7-0-12.wav,a motorcycle is driving by while people are talking in the background,0.9133482
132021-7-0-2.wav,a car is driving by and people are talking in the background,0.29596546
132021-7-0-3.wav,the wind is blowing while a car drives by,0.0016111949
132021-7-0-4.wav,the wind is blowing while crickets are chirping in the background,0.0011435361
132021-7-0-5.wav,a car drives by and a motorcycle passes by,0.003358549
132021-7-0-6.wav,a motorcycle is driving by and a child is speaking,0.007823189
132021-7-0-7.wav,people are talking while a motorcycle is driving by,0.006581717
132021-7-0-8.wav,people are talking while a motorcycle is driving by,0.006581717
132021-7-0-9.wav,a motorcycle is driving by and a child is speaking,0.007823189
132021-7-1-0.wav,a motorcycle engine is revved up and idled in the background,0.0010463928
132073-1-0-0.wav,a car horn honks and a whistle blows in the background,0.9981887
132073-1-1-0.wav,a car alarm is going off while people are talking,0.9980438
132073-1-2-0.wav,people are talking in the background while a woman is speaking,0.004879003
132073-1-3-0.wav,a horn is being blown at different pitches,0.9982509
132073-1-4-0.wav,a horn is blaring and a car alarm is ringing,0.998103
132073-1-5-0.wav,a car horn honks and a whistle blows,0.99811506
132073-1-6-0.wav,a horn honks repeatedly and then a car horns honking,0.9981173
132108-9-0-12.wav,music is playing in the background while a person is walking,0.96832484
132108-9-0-21.wav,people are talking while music is playing in the background,0.94793785
132108-9-1-1.wav,music plays in the background as a car drives by,0.9954822
132108-9-1-24.wav,a crowd of people are talking and walking,0.0011927243
132108-9-1-26.wav,a man is speaking while music is playing in the background,0.9316548
132108-9-1-27.wav,a man is speaking while music is playing in the background,0.9316548
132162-9-1-3.wav,a group of people are talking in a crowded restaurant,0.0017368764
132162-9-1-58.wav,people are talking in the background while music is playing,0.79757476
132162-9-1-63.wav,people are laughing and talking in the background while a man coughs,0.99789387
132162-9-1-67.wav,people are talking in the background while music is playing,0.79757476
132162-9-1-68.wav,people are talking in the background while dishes are being stacked,0.0018008797
132162-9-1-73.wav,people are talking in the background while music is playing,0.79757476
13230-0-0-1.wav,a radio is playing while people are talking in the background,0.9682197
13230-0-0-10.wav,people are talking in the background while a machine is running in the distance,0.0011644968
13230-0-0-11.wav,static is in the background while a television is on,0.36047688
13230-0-0-12.wav,static is in the background while people are talking in the distance,0.008946948
13230-0-0-13.wav,a radio is playing with static in the background,0.9976064
13230-0-0-14.wav,a machine is running and people are talking in the background,0.0010134589
13230-0-0-16.wav,people are talking in the background while a television is on,0.0056042373
13230-0-0-17.wav,a machine is running and people are talking in the background,0.0010134589
13230-0-0-18.wav,people are talking in the background while a machine is running,0.0019756875
13230-0-0-19.wav,static is in the background while a television is on,0.36047688
13230-0-0-20.wav,static is in the background while a radio is playing,0.9972339
13230-0-0-22.wav,a machine is running at a constant speed and a motor is in the background,0.000888184
13230-0-0-23.wav,a machine is running at a constant speed and a low hum is in the,0.000810402
13230-0-0-24.wav,a machine is running at a constant speed and air is moving in the background,0.0009546744
13230-0-0-25.wav,a machine is running at a constant speed and a low hum is in the,0.000810402
13230-0-0-26.wav,a machine is running at a constant rate and a faint hum is in the,0.0009016474
13230-0-0-27.wav,a piece of metal is being used to cut something,0.7815632
13230-0-0-28.wav,a machine is running at a constant speed and a person is talking in the,0.00084692426
13230-0-0-3.wav,a radio is playing with static and people talking in the background,0.9953063
13230-0-0-5.wav,people are talking in the background while a machine is running in the distance,0.0011644968
13230-0-0-6.wav,a television is on in the background while people are talking in the distance,0.0064596967
13230-0-0-7.wav,people are talking in the background while a television is on,0.0056042373
13230-0-0-8.wav,people are talking in the background while a television is on,0.0056042373
13230-0-0-9.wav,people are talking in the background while music is playing in the distance,0.040543206
132855-2-0-113.wav,a crowd of people are talking in the background,0.0042909
132855-2-0-41.wav,a crowd of people are talking and yelling,0.9051629
132855-2-0-58.wav,a group of people are talking and yelling,0.0016451917
132855-2-0-70.wav,people are talking in the background while a car is driving by,0.887633
132855-2-0-77.wav,people are talking in the background and a crowd is cheering,0.10829482
132855-2-0-88.wav,a person is using a chainsaw to cut wood,0.9976526
132855-2-0-90.wav,a car is driving down the road and the wind is blowing,0.00086557184
132855-2-0-99.wav,a group of people are talking and yelling,0.0016451917
133090-2-0-14.wav,children are playing and adults are talking in the background,0.0064692153
133090-2-0-20.wav,children are playing and adults are talking in the background,0.0064692087
133090-2-0-28.wav,children are playing and adults are talking in the background,0.0064692087
133090-2-0-37.wav,children are playing and adults are talking in the background,0.0064692087
133090-2-0-38.wav,children are playing and adults are talking in the playground,0.0014379827
133090-2-0-64.wav,children are laughing and playing in the playground,0.0017851626
133090-2-0-70.wav,children are playing and adults are talking in the background,0.0064692087
133090-2-0-76.wav,children are playing and adults are talking in the background,0.0064692087
133473-8-0-0.wav,a police siren sirens and emergency vehicle ambulance with a car driving by,0.9968933
133473-8-0-1.wav,a police siren is on with sirens and emergency vehicles driving by,0.9976624
133473-8-0-2.wav,a police siren is blaring with sirens and emergency vehicles driving by,0.9980976
133473-8-0-3.wav,a police siren is blaring with sirens and emergency vehicles,0.9980958
133473-8-0-4.wav,a police siren sirens and emergency vehicle ambulance with a car passing by,0.99720263
133473-8-0-5.wav,a police siren is on a vehicle with a car driving by,0.9979887
133494-2-0-18.wav,children are playing and shouting in a playground,0.009051841
133494-2-0-19.wav,children and adults are playing in a playground,0.001357766
133494-2-0-22.wav,children and adults are shouting and screaming in a playground,0.99668956
133494-2-0-25.wav,children and adults are playing in a playground,0.001357766
133494-2-0-26.wav,children and adults are playing in a playground,0.001357766
133494-2-0-31.wav,children and adults are laughing and talking in a playground,0.002045033
133494-2-0-37.wav,children and adults are playing in a playground,0.001357766
133494-2-0-45.wav,children and adults are playing in a playground,0.001357766
133797-6-0-0.wav,a gun is fired and gunshots firing machine guns,0.99793637
133797-6-1-0.wav,a gun is fired repeatedly in the background,0.9980867
133797-6-2-0.wav,a gun is firing and gunshots in a machine guns,0.99804807
134717-0-0-0.wav,a machine is running at a constant speed and volume,0.0008165623
134717-0-0-1.wav,a machine is running at a constant speed and volume,0.0008165623
134717-0-0-12.wav,the wind is blowing very strongly and the rain is hitting the ground,0.0010446665
134717-0-0-13.wav,a machine is running at a constant speed and volume,0.0008165623
134717-0-0-14.wav,a machine is running at a constant speed and volume,0.0008165623
134717-0-0-15.wav,a machine is running at a constant rate and then it is raining,0.0007865259
134717-0-0-16.wav,a machine is running at a constant rate and then it is raining,0.0007865259
134717-0-0-18.wav,a machine is running at a constant speed and volume,0.0008165623
134717-0-0-19.wav,a machine is running at a constant speed and volume,0.0008165623
134717-0-0-2.wav,the wind is blowing and the rain is hitting the ground,0.00090877543
134717-0-0-20.wav,a machine is running at a constant speed and volume,0.0008165623
134717-0-0-21.wav,the wind is blowing and the rain is pouring down,0.0008715485
134717-0-0-22.wav,the wind is blowing and the rain is hitting the ground,0.00090877543
134717-0-0-23.wav,the wind is blowing and the rain is hitting the ground,0.00090877543
134717-0-0-24.wav,a machine is running at a constant speed and volume,0.0008165623
134717-0-0-25.wav,the wind is blowing very strongly and the rain is hitting the ground,0.0010446665
134717-0-0-26.wav,a machine is running at a constant speed and volume,0.0008165623
134717-0-0-27.wav,a machine is running at a constant speed and volume,0.0008165623
134717-0-0-28.wav,a machine is running at a constant speed and volume,0.0008165623
134717-0-0-4.wav,a machine is running at a constant speed and volume,0.0008165623
134717-0-0-5.wav,a machine is running at a constant speed and volume,0.0008165623
134717-0-0-6.wav,a machine is running at a constant speed and volume,0.0008165623
134717-0-0-7.wav,a machine is running at a constant speed and volume,0.0008165623
134717-0-0-8.wav,a machine is running at a constant speed and volume,0.0008165623
134717-0-0-9.wav,the wind is blowing and the rain is hitting the ground,0.00090877543
135160-8-0-0.wav,a police car with a siren on is going down the road,0.99653095
135160-8-0-1.wav,a police siren is blaring with traffic noise in the background,0.99816626
135160-8-0-10.wav,a train is passing by on a busy road,0.0010159188
135160-8-0-11.wav,a subway train is passing by on a railroad track,0.0009167766
135160-8-0-2.wav,a police car with a siren on is going down the road,0.99653095
135160-8-0-3.wav,a police siren is blaring and a vehicle is passing by,0.99814403
135160-8-0-4.wav,a police siren is blaring with sirens and emergency vehicles passing by,0.9981183
135160-8-0-5.wav,a police siren is blaring and a vehicle is passing by,0.99814403
135160-8-0-6.wav,a siren is blaring and a vehicle is passing by,0.9981602
135160-8-0-7.wav,a police car with a siren on is going down the road,0.99653095
135160-8-0-8.wav,a vehicle is driving on a road with a siren blaring,0.9981294
135160-8-0-9.wav,a police car is passing by on a busy road,0.002061059
135526-6-1-0.wav,a gun is fired repeatedly in the distance,0.9979361
135526-6-10-0.wav,a gun is fired while people are talking in the background,0.9981359
135526-6-11-0.wav,a gun is fired in the distance as a car passes by,0.998044
135526-6-12-0.wav,a gun is fired then a door is being set off,0.9978218
135526-6-13-0.wav,a gun shots gunshots in a dozen fireworks shooting guns firing in the distance,0.99814296
135526-6-3-0.wav,fireworks are going off in the distance,0.0010724642
135526-6-4-0.wav,a gun is fired in the distance with a slight echo,0.9980995
135526-6-5-0.wav,fireworks are going off in the distance with a gun shots in the background,0.99807346
135526-6-6-0.wav,a gun is being fired in the background while a person is firing a machine,0.99783605
135526-6-7-0.wav,a gun is being fired in the background while a machine is running,0.9978655
135526-6-8-0.wav,a gun is fired in the distance as a machine is firing,0.99725443
135527-6-0-0.wav,a gun is fired in the distance as a jet flies overhead,0.9978015
135527-6-1-0.wav,a gun is fired in the distance with a second machine guns being shot in,0.99771404
135527-6-11-0.wav,fireworks are going off in the distance and then a gun is fired,0.99800926
135527-6-12-0.wav,fireworks are going off in the distance as a gun is fired,0.99802434
135527-6-13-0.wav,a gun is fired in the distance while a machine is running,0.99753463
135527-6-14-0.wav,a gun is fired in the distance as a person is firing a shot in,0.9981865
135527-6-14-1.wav,a gun is fired in the distance and fireworks are exploding in the sky,0.9979698
135527-6-14-10.wav,a gun is fired in the distance with a second machine guns firing in the,0.9973525
135527-6-14-2.wav,a gun is fired in the distance and a gunshot is in the background,0.9980077
135527-6-14-4.wav,a gun is fired in the distance with a second machine guns being shot in,0.99771404
135527-6-14-5.wav,a gun is fired in the distance with a second machine guns firing in the,0.9973525
135527-6-14-6.wav,a gun is fired in the distance as a car passes by,0.998044
135527-6-14-7.wav,a gun is fired in the distance as a car drives by,0.998095
135527-6-14-8.wav,a gun is fired in the distance and then a match is lit,0.99786794
135527-6-2-0.wav,a gun is fired in the distance with a loud explosion,0.9979645
135527-6-3-0.wav,a gun is fired in the distance with a explosions in the background,0.99805427
135527-6-5-0.wav,a gun is fired in the distance as a car passes by,0.998044
135527-6-6-0.wav,fireworks are going off in the distance as a gun is fired,0.99802434
135527-6-7-0.wav,fireworks are going off in the distance as a gun is fired,0.99802434
135527-6-8-0.wav,a gun is fired in the distance and then a match is lit,0.99786794
135527-6-9-0.wav,a gun is fired in the distance as a machine guns is firing,0.99728656
135528-6-0-0.wav,a gun is fired in the distance as a car passes by,0.998044
135528-6-1-0.wav,a gun is being fired in the background while a machine is running,0.9978655
135528-6-10-0.wav,a gun is fired in the distance and then a gunshot is followed by more,0.99797577
135528-6-11-0.wav,a gun is fired in the distance as a car passes by,0.998044
135528-6-12-0.wav,a gun is fired in the distance with a slight echo in the background,0.99804235
135528-6-2-0.wav,a gun is fired in the distance and a machine is firing,0.9972307
135528-6-3-0.wav,a gun is fired in the background while a machine is firing,0.99711764
135528-6-4-1.wav,a gun is fired in the distance as a machine is firing,0.99725443
135528-6-5-0.wav,fireworks are going off in the distance,0.0010724642
135528-6-6-0.wav,a gun is being fired in the distance,0.9980617
135528-6-7-0.wav,fireworks are going off in the distance,0.0010724642
135528-6-8-0.wav,a gun is fired in the distance and then a loud explosion occurs,0.99791116
135528-6-9-0.wav,a gun is fired in the distance and then the explosion is followed by a,0.9978903
135544-6-1-0.wav,a gun is being fired in the distance,0.9980617
135544-6-10-0.wav,a gun is fired in a dozen times and then gunshots are shot in the,0.9980203
135544-6-11-0.wav,a gun shot gunshots in a dozen shots fireworks shooting guns,0.99807656
135544-6-12-0.wav,a gun is fired in the distance and fireworks are exploding in the sky,0.9979698
135544-6-13-0.wav,fireworks are going off in the distance,0.0010724642
135544-6-14-0.wav,a gun is fired in the distance and then the fireworks are exploding in the,0.99803394
135544-6-15-0.wav,a gun is fired in the distance with a slight echo in the background,0.99804235
135544-6-16-0.wav,a gun is fired in the distance and a gunshot is firing,0.9980434
135544-6-18-0.wav,a gun is fired in the background while a machine is firing,0.99711764
135544-6-19-0.wav,a gun is fired in the distance as a machine is firing,0.99725443
135544-6-2-0.wav,a gun is fired in the distance and a machine is firing,0.9972307
135544-6-4-0.wav,a gun is fired in the distance and a gunshot is firing,0.9980434
135544-6-5-0.wav,a gun is fired in the distance and a man is speaking,0.99801433
135544-6-6-0.wav,a gun is fired in the distance and fireworks are shot in the sky,0.99800116
135544-6-7-0.wav,a gun is fired in a dozen gunshots firing shots in the distance,0.99798226
135544-6-8-0.wav,a gun shot gunshots fireworks shots in the distance,0.9981717
135544-6-9-0.wav,a gun is fired in the distance and then a gunshot is firing,0.99805427
13577-3-0-0.wav,a dog is barking and howling in the distance,0.99737954
13577-3-0-2.wav,a machine is running at a high speed and then stops,0.000812633
13577-3-5-0.wav,the wind is blowing and a car is driving by,0.0009879763
135776-2-0-32.wav,children and adults are talking and playing in a playground,0.0015661945
135776-2-0-37.wav,a group of children are playing and talking in a playground,0.0012990017
135776-2-0-40.wav,children and adults are talking and laughing in a playground,0.0020944404
135776-2-0-49.wav,children and adults are talking and playing in a playground,0.0015661945
135776-2-0-50.wav,children are playing and adults are talking in the background,0.0064692153
135776-2-0-65.wav,children and adults are talking in the background,0.004479953
135776-2-0-85.wav,children are playing and adults are talking in a playground,0.001354272
135776-2-0-90.wav,children are playing and talking in a playground,0.0014127803
13579-2-0-15.wav,people are talking and playing basketball in a gym,0.0016642632
13579-2-0-16.wav,a crowd of people are shouting and cheering while children are playing,0.051858194
13579-2-0-17.wav,a crowd of people are shouting and cheering,0.0030732418
13579-2-0-2.wav,a basketball is being bounced on the court and people are talking in the background,0.0021320952
13579-2-0-38.wav,a group of people are talking to each other,0.0012140024
13579-2-0-48.wav,a group of people are shouting and yelling,0.92796624
13579-2-0-53.wav,a group of people are talking and playing basketball,0.0013955149
13579-2-0-62.wav,a group of people are shouting and yelling while a car drives by,0.9980738
135849-4-0-0.wav,a drill is being used to cut power tool,0.0010574703
136399-6-0-0.wav,a gun is being fired repeatedly in the distance,0.9981084
136399-6-1-0.wav,a gun is fired and then a shot occurs,0.9979399
136399-6-2-0.wav,a gun is fired and then a few gunshots are shot several times,0.9980388
136399-6-3-0.wav,a gun is being fired repeatedly in the distance,0.9981084
136399-6-4-0.wav,a gun is being fired repeatedly in the distance,0.9981084
136399-6-5-0.wav,a gun is being fired repeatedly in the distance,0.9981084
136399-6-6-0.wav,a gun is being fired repeatedly in the distance,0.9981084
136399-6-7-0.wav,a gun is being fired repeatedly in the distance,0.9981084
136399-6-8-0.wav,a gun is fired repeatedly in the distance,0.9979361
136399-6-9-0.wav,fireworks are going off in the distance,0.0010724642
136558-9-0-1.wav,a whistle is blown while people are talking and whistling,0.99642366
136558-9-0-2.wav,a whistle is blown while people are talking and whistling in the background,0.9982399
136558-9-1-10.wav,a musical instrument is playing with drums and other instruments,0.0011340627
136558-9-1-21.wav,a car is driving and a child is speaking while a horn is blowing,0.99830866
136558-9-1-26.wav,a crowd of people are talking while music is playing,0.0065152273
136558-9-1-39.wav,music is playing and a person is singing,0.00158718
137156-9-0-28.wav,a person is singing a song while a man sings in the background,0.9710807
137156-9-0-30.wav,a person is playing a guitar while a man is singing,0.026917046
137156-9-0-31.wav,a man is speaking while music is playing in the background,0.93165517
137156-9-0-5.wav,people are talking in the background while music is playing in the distance,0.040543206
137156-9-0-73.wav,people are talking while music is playing in the background,0.9479379
137156-9-0-79.wav,a group of people are talking to each other while music is playing,0.0041305893
137803-3-0-0.wav,a dog is barking and growling at the same time,0.9981458
137803-3-0-1.wav,a dog is barking and dogs bark at the distance,0.11460785
137803-3-0-2.wav,a dog is barking and growling at a medium pitch,0.99817574
137815-4-0-0.wav,a vacuum cleaner is being used to cut up a piece of wood,0.0024874383
137815-4-0-1.wav,a person is using a saw to cut hair with a tool,0.99658054
137815-4-0-10.wav,a drill is being used to cut wood,0.0013818587
137815-4-0-2.wav,a blow dryer that is in a circular saw,0.0036403425
137815-4-0-3.wav,a machine is running at a constant speed and high pressure,0.0008195829
137815-4-0-4.wav,a machine is running at a constant speed and high pressure,0.0008195829
137815-4-0-5.wav,a power tool is being used to cut wood,0.0011255988
137815-4-0-6.wav,a chainsaw is cutting through a piece of wood,0.99795234
137815-4-0-7.wav,a saw is cutting through a piece of wood,0.9979995
137815-4-0-8.wav,a saw is cutting through a piece of wood,0.9979995
137815-4-0-9.wav,a drill is being used to cut up a piece of wood,0.011540072
137969-2-0-18.wav,a group of people are talking and laughing in a large room,0.028499093
137969-2-0-20.wav,a group of people are shouting and yelling,0.92796624
137969-2-0-37.wav,a group of people are talking and laughing in the background,0.0014735977
137969-2-0-4.wav,a group of people are talking and laughing in the background,0.0014735977
137969-2-0-41.wav,a group of people are shouting and yelling,0.92796624
137969-2-0-55.wav,a group of people are talking and laughing in a room,0.004886166
137969-2-0-56.wav,birds are chirping and people are talking in the background,0.001106799
137971-2-0-0.wav,a person is walking through dry leaves and twigs,0.00095526763
137971-2-0-2.wav,a person is walking through the snow with boots,0.0013085435
137971-2-0-3.wav,a person is walking through the snow with boots,0.0013085435
137971-2-0-4.wav,a person is walking through the snow and then gets louder as time goes on,0.9983026
137971-2-0-5.wav,a person is walking through the snow covered with leaves,0.0011395568
137971-2-0-6.wav,a person is walking through leaves through the woods,0.0015111631
137971-2-0-8.wav,a person is walking through leaves through the woods,0.0015111631
138015-3-0-1.wav,a dog is barking and a car is driving by,0.998075
138015-3-0-5.wav,a dog is barking and a bird is chirping in the background,0.99575317
138015-3-0-7.wav,a dog is barking and dogs are howling in the background,0.9981268
138017-9-0-2.wav,a person is singing a song with a tambourine in the background,0.98697335
138017-9-0-9.wav,a group of people are singing and music is playing in the background,0.0021947464
138017-9-1-10.wav,people are talking in the background while cars are passing by,0.33615413
138017-9-1-16.wav,a group of people are talking and walking around,0.0011725265
138017-9-1-4.wav,people are talking in the background as music plays in the distance,0.0029487931
138017-9-1-6.wav,a crowd of people are talking in the background,0.004290917
138031-2-0-13.wav,children are playing and adults are talking in the background,0.0064692087
138031-2-0-2.wav,children and adults are talking in the background,0.0044799554
138031-2-0-22.wav,children are playing and adults are talking in the background,0.0064692087
138031-2-0-23.wav,children are playing and adults are talking in the background,0.0064692087
138031-2-0-28.wav,children are playing and adults are talking in the background,0.0064692087
138031-2-0-45.wav,children are playing and adults are talking in the background,0.0064692087
138031-2-0-47.wav,the wind is blowing and birds are chirping in the background,0.0012799925
138031-2-0-7.wav,children are playing on the playground and talking,0.0013447125
138468-1-0-0.wav,rain is pouring down and thunder is rumbling in the distance,0.0011149967
138473-9-0-12.wav,people are talking in the background as music plays in the distance,0.0029487931
138473-9-0-29.wav,a man is singing while music is playing in the background,0.9760879
138473-9-0-35.wav,music is playing and people are talking in the background,0.3136211
138473-9-0-38.wav,people are talking in the background as music is playing,0.08806095
138473-9-0-5.wav,a crowd of people are talking in the background,0.004290917
138473-9-0-6.wav,people are talking in the background as music plays in the distance,0.0029487931
139000-4-0-0.wav,a chainsaw is started up and then revved up and down,0.99821436
139000-4-0-1.wav,a machine is running at a constant speed,0.0008257412
139000-4-0-2.wav,a lawnmower is being used to cut grass in the engine,0.0010229493
139665-9-0-19.wav,a crowd of people are talking in the background,0.004290917
139665-9-0-23.wav,people are talking in the background as music plays in the distance,0.0029487931
139665-9-0-25.wav,a crowd of people are talking in the background,0.004290917
139665-9-0-32.wav,a crowd of people are talking in the background,0.004290917
139665-9-0-8.wav,a crowd of people are talking in the background,0.004290917
139665-9-0-9.wav,a crowd of people are talking in the background,0.004290917
139948-3-0-0.wav,a dog is barking in the distance and a car drives by,0.9980951
139948-3-1-0.wav,a dog is barking in the background while a car is driving by,0.99821436
139948-3-2-0.wav,dogs are barking at the distance and a dog barks in the background,0.9626368
139948-3-4-0.wav,a dog is barking at the same time,0.99817085
139951-9-0-13.wav,people are talking in the background while a man is speaking,0.0045346757
139951-9-0-17.wav,someone is playing a violin on a musical instrument,0.0021207994
139951-9-0-29.wav,a man is speaking while birds are chirping in the background,0.0011987792
139951-9-0-33.wav,a person is playing a flute with a musical instrument,0.0013504891
139951-9-0-45.wav,someone is playing a flute with a musical instrument,0.0016577685
139951-9-0-9.wav,people are talking in the background while music is playing,0.79757476
140824-4-0-0.wav,a loud bang occurs followed by a few more frequent and more intense,0.9979772
14110-4-0-0.wav,a chainsaw is cutting through a piece of wood,0.99795234
14110-4-0-1.wav,a chainsaw is cutting through a piece of wood,0.99795234
14110-4-0-2.wav,someone is using a chainsaw to cut a piece of wood,0.9977071
14111-4-0-0.wav,an electric shaver is being used to cut up a piece of wood,0.004448401
14111-4-0-1.wav,an electric guitar is being played with a high pitch,0.0014959438
14111-4-0-2.wav,an electric guitar is being played with a high pitch,0.0014959438
14111-4-0-3.wav,an electric guitar is being played with a high pitch,0.0014959438
14111-4-0-4.wav,a machine is running at a constant speed and then it stops,0.00080635404
14111-4-0-5.wav,a machine is making a loud buzzing sound,0.00082041154
14111-4-0-6.wav,a machine is running and making a loud buzzing sound,0.00085877615
14111-4-0-7.wav,a machine is running at a constant speed and then it stops,0.00080635404
14113-4-0-0.wav,a drill is being used to cut something,0.0023309207
14113-4-0-1.wav,a motor is running and a machine is making noise,0.00084599433
14114-4-0-0.wav,a machine is running and then it stops and begins to run,0.0008635383
14114-4-0-1.wav,a helicopter is flying in the sky and getting ready to take off,0.000938681
14114-4-0-2.wav,a machine is running and a high pitched engine is whirring,0.00090165297
14114-4-0-3.wav,a machine is operating and grinding against a piece of metal,0.00090537366
14115-4-0-0.wav,a machine is running and making a loud buzzing sound,0.00085877615
141240-5-0-0.wav,a motor is running at a constant speed and then stops,0.0008325978
141240-5-1-0.wav,a motor is running and then it starts up and begins to idle,0.00082740234
142003-2-0-0.wav,a group of people are talking in a large room,0.02090565
142003-2-0-1.wav,a group of people are talking in a gym,0.0010496046
142003-2-0-19.wav,a group of people are talking in a large room,0.02090565
142003-2-0-20.wav,a large group of people are talking in a gym,0.0014381065
142003-2-0-21.wav,a large group of people are talking in a room,0.016293779
142003-2-0-24.wav,a large group of people are talking in a room,0.016293779
142003-2-0-30.wav,a large group of people are talking in a room,0.016293779
142003-2-0-8.wav,a group of people are laughing and talking in a large crowd,0.0025075153
142641-3-0-0.wav,a dog barking and dogs bark at the distance,0.9964946
143115-1-0-0.wav,people are talking while traffic is moving in the background,0.014267152
143115-1-1-0.wav,music is playing and people are talking in the background,0.31362024
143115-1-2-0.wav,a horn honks and a car horns honking,0.9980869
143115-1-3-0.wav,a car horn honks and a horns honking at the traffic in the background,0.99815255
143115-1-4-0.wav,a musical instrument is playing a note,0.0011377078
14358-3-0-26.wav,dogs are barking and birds are chirping in the background,0.0023972597
14358-3-0-7.wav,a dog is barking and birds are chirping in the background,0.9807843
14358-3-0-85.wav,birds are chirping and a bird is singing in the background,0.9980987
14358-3-0-90.wav,birds are chirping in the background while a bird is singing,0.9979048
143604-5-0-0.wav,a car engine is started and then revved again before being turned off,0.003892446
143651-2-0-0.wav,people are talking while music is playing in the background,0.9479379
143651-2-0-16.wav,a child is speaking while a door is being opened and closed,0.00130545
143651-2-0-20.wav,a person is walking on a hard surface while children are talking in the background,0.68064636
143651-2-0-22.wav,children are talking and playing in the playground,0.0015321085
143651-2-0-39.wav,children are playing and adults are talking in the background,0.0064692153
143651-2-0-55.wav,children are playing and adults are talking and laughing,0.0016042375
143651-2-0-59.wav,children are playing and adults are talking in the playground,0.0014379827
143651-2-0-63.wav,children and adults are talking and laughing while kids are playing,0.011111791
14385-9-0-10.wav,a marching band is playing a song with drums and bagpipes,0.006619273
14385-9-0-11.wav,a marching band is playing a song with drums and bagpipes,0.006619273
14385-9-0-13.wav,a marching band is playing a song with drums and bagpipes,0.006619273
14385-9-0-14.wav,a marching band is playing a song with drums and bagpipes,0.006619273
14385-9-0-17.wav,a marching band is playing a song with drums and cymbals,0.010658292
14385-9-0-21.wav,a marching band is playing a drums and bagpipes,0.0020112302
14386-9-0-11.wav,someone is banging on a metal drum in the background,0.99729806
14386-9-0-16.wav,a train is passing by on the tracks and the wind is blowing,0.001028615
14386-9-0-17.wav,a dryer is running while a train is passing by,0.000884177
14386-9-0-2.wav,a train is chugging down the tracks as it is moving,0.0009678431
14386-9-0-20.wav,someone is banging on a metal drum in the background,0.99729806
14386-9-0-6.wav,a machine is running at a constant speed and a train passes by,0.00086286553
14387-9-0-11.wav,a man is speaking while music is playing in the background,0.9316548
14387-9-0-12.wav,a man is speaking while music is playing in the background,0.9316548
14387-9-0-15.wav,a man is speaking and a bell is ringing,0.0011717874
14387-9-0-16.wav,a man is singing a song while music plays in the background,0.96087193
14387-9-0-19.wav,people are talking while music is playing in the background,0.94793785
14387-9-0-7.wav,a man is speaking while music is playing in the background,0.9316548
143970-5-0-0.wav,an engine is idling and then it starts to idle,0.00080438174
143970-5-0-1.wav,an engine is idling and then it starts to idle,0.00080438174
143970-5-0-2.wav,an engine is idling and then it starts to idle,0.00080438174
143970-5-0-3.wav,an engine is idling and then it starts to idle,0.00080438174
144007-5-0-0.wav,a machine is running at a constant speed,0.0008257412
144007-5-0-1.wav,a machine is running at a constant speed,0.0008257412
144007-5-0-10.wav,a machine is running at a constant speed,0.0008257412
144007-5-0-11.wav,a machine is running at a constant speed,0.0008257412
144007-5-0-12.wav,a machine is running at a constant speed,0.0008257412
144007-5-0-13.wav,a machine is running at a constant speed,0.0008257412
144007-5-0-14.wav,a machine is running at a constant speed,0.0008257412
144007-5-0-15.wav,a machine is running at a constant speed,0.0008257412
144007-5-0-16.wav,a machine is running at a constant speed,0.0008257412
144007-5-0-17.wav,a machine is running at a constant speed,0.0008257412
144007-5-0-18.wav,a machine is running at a constant speed,0.0008257412
144007-5-0-19.wav,a machine is running at a constant speed,0.0008257412
144007-5-0-2.wav,a machine is running at a constant speed,0.0008257412
144007-5-0-20.wav,a machine is running at a constant speed,0.0008257412
144007-5-0-21.wav,a machine is running at a constant speed,0.0008257412
144007-5-0-3.wav,a machine is running at a constant speed,0.0008257412
144007-5-0-4.wav,a machine is running at a constant speed,0.0008257412
144007-5-0-5.wav,a machine is running at a constant speed,0.0008257412
144007-5-0-6.wav,a machine is running at a constant speed,0.0008257412
144007-5-0-7.wav,a machine is running at a constant speed,0.0008257412
144007-5-0-8.wav,a machine is running at a constant speed,0.0008257412
144007-5-0-9.wav,a machine is running at a constant speed,0.0008257412
144007-5-1-0.wav,a machine is running at a constant speed,0.0008257412
144007-5-1-1.wav,a machine is running at a constant speed,0.0008257412
144007-5-1-10.wav,a machine is running at a constant speed,0.0008257412
144007-5-1-11.wav,a machine is running at a constant speed and then stops,0.00080265966
144007-5-1-2.wav,a machine is running at a constant speed,0.0008257412
144007-5-1-3.wav,a machine is running at a constant speed,0.0008257412
144007-5-1-4.wav,a machine is running at a constant speed,0.0008257412
144007-5-1-5.wav,a machine is running at a constant speed,0.0008257412
144007-5-1-6.wav,a machine is running at a constant speed,0.0008257412
144007-5-1-7.wav,a machine is running at a constant speed,0.0008257412
144007-5-1-8.wav,a machine is running at a constant speed,0.0008257412
144007-5-1-9.wav,a machine is running at a constant speed,0.0008257412
144068-5-0-0.wav,a large diesel engine is idling and then it is raining,0.0008269279
144068-5-0-1.wav,a machine is running at a constant speed and then it stops,0.00080635404
144068-5-0-10.wav,a machine is running at a constant speed,0.0008257412
144068-5-0-11.wav,a machine is running at a constant speed,0.0008257412
144068-5-0-12.wav,a machine is running at a constant speed and steady,0.0008312715
144068-5-0-13.wav,a machine is running at a constant speed and a motor is operating,0.0008240701
144068-5-0-14.wav,a machine is running at a constant speed and a motor is operating,0.0008240701
144068-5-0-15.wav,a machine is running at a constant speed and a motor is operating,0.0008240701
144068-5-0-16.wav,a machine is running at a constant speed and a motor is in the background,0.000888184
144068-5-0-17.wav,a machine is running at a constant speed,0.0008257412
144068-5-0-18.wav,a machine is running at a constant speed and then it stops,0.00080635404
144068-5-0-2.wav,a machine is running at a constant speed and steady,0.0008312715
144068-5-0-3.wav,a machine is running at a constant speed and a motor is in the background,0.000888184
144068-5-0-4.wav,a machine is running at a constant speed,0.0008257412
144068-5-0-5.wav,a machine is running at a constant speed and volume,0.00081656186
144068-5-0-6.wav,a machine is running at a constant speed and volume,0.00081656186
144068-5-0-7.wav,a machine is running at a constant speed and volume,0.00081656186
144068-5-0-8.wav,a machine is running at a constant speed and a motor is in the background,0.000888184
144068-5-0-9.wav,a machine is running at a constant speed and a motor is in the background,0.000888184
144068-5-1-0.wav,a machine is running at a constant speed and then it stops,0.00080635404
144068-5-2-0.wav,a machine is running while a vehicle is driving in the background,0.0010969437
144068-5-3-0.wav,an engine is running and a vehicle is driving,0.0008098378
144068-5-4-0.wav,a machine is running at a constant speed and a motor is in the background,0.000888184
144068-5-4-1.wav,a machine is running at a constant speed,0.0008257412
144068-5-4-2.wav,a machine is running at a constant speed,0.0008257412
144068-5-4-3.wav,a machine is running at a constant speed and a motor is in the background,0.000888184
144068-5-4-4.wav,a machine is running at a constant speed and a motor is in the background,0.000888184
144068-5-4-5.wav,an engine is idling while a vehicle is driving,0.0009492352
144068-5-4-6.wav,a truck is idling and the engine is rumbling,0.0007915256
144068-5-4-7.wav,a machine is running at a constant speed and a vehicle engine is idling,0.0008294122
144068-5-4-8.wav,a machine is running at a constant speed and a motor is in the background,0.000888184
144068-5-5-0.wav,a machine is running at a constant speed and a motor is in the background,0.000888184
144068-5-5-1.wav,a machine is running at a constant speed and a motor is in the background,0.000888184
144068-5-5-2.wav,a machine is running at a constant speed and then it stops,0.00080635404
144351-4-0-0.wav,a drill is being used to cut wood,0.0013818587
144351-4-0-1.wav,a drill is being used to cut wood,0.0013818587
144351-4-0-2.wav,a drill is being used to cut wood,0.0013818587
144351-4-1-1.wav,a lawnmower is being started up and then starts up,0.0010141481
144351-4-2-0.wav,someone is using a tool to cut a saw,0.9973878
144351-4-2-2.wav,a machine is running at a constant speed and then it is cutting hair,0.00088813744
144351-4-2-4.wav,a machine is running at a constant speed and a high pressure,0.00081076537
144351-4-2-5.wav,a machine is running at a high speed and then it is turned off,0.000801411
144351-4-2-6.wav,a vacuum cleaner is being used to cut something,0.0012143158
144351-4-3-1.wav,a machine is running at a constant speed and then it is cutting hair,0.00088813744
144351-4-3-10.wav,a machine is running at a constant speed and then it is turned off,0.00079954905
144351-4-3-11.wav,a machine is running at a constant speed and then it is turned off,0.00079954905
144351-4-3-12.wav,a machine is running at a constant speed and then it is turned off,0.00079954905
144351-4-3-14.wav,a machine is running and grinding against a metal surface,0.00090028456
144351-4-3-15.wav,a saw is being used to cut a piece of wood,0.9980191
144351-4-3-2.wav,someone is using a saw to cut a piece of wood,0.9979559
144351-4-3-3.wav,a machine is running at a high speed and then it is turned off,0.000801411
144351-4-3-4.wav,a machine is running at a constant speed and then it is turned off,0.00079954905
144351-4-3-5.wav,a vacuum cleaner is being used to cut a piece of wood,0.0025621122
144351-4-3-7.wav,a machine is running at a constant speed and then it stops,0.00080635404
14468-3-0-2.wav,a machine is running and a person is playing a piece of metal,0.0009155423
14468-3-0-3.wav,a machine is running at a high speed and a person is talking in the,0.0008523815
14468-3-1-0.wav,a bird is chirping in the background while a car passes by,0.003394626
14468-3-5-0.wav,the wind is blowing and people are talking in the background,0.01510541
14470-2-0-10.wav,a group of people are talking and laughing,0.0012851317
14470-2-0-14.wav,children are playing basketball in a gym,0.0017587668
14470-2-0-21.wav,a basketball is bouncing and people are talking in the background,0.0013571538
14470-2-0-4.wav,children are playing basketball in a gym,0.0017587668
14470-2-0-56.wav,children are playing basketball in a park and adults are talking,0.0025809926
14470-2-0-65.wav,a basketball is bouncing and people are talking in the background,0.0013571538
14470-2-0-70.wav,people are talking and walking in a large hall,0.0075101336
14470-2-0-72.wav,children are playing basketball in a gym,0.0017587668
144885-3-0-0.wav,a dog barking and growling at a medium pitch,0.99795914
145206-6-0-0.wav,a gun is fired repeatedly in the distance,0.9979361
145206-6-1-0.wav,a gun is fired repeatedly in the distance,0.9979361
145206-6-2-0.wav,a gun is fired repeatedly in the distance,0.9979361
145206-6-3-0.wav,a gun is fired repeatedly in the distance,0.9979361
145206-6-4-0.wav,a gun is fired repeatedly in the distance,0.9979361
145206-6-5-0.wav,a gun shot fireworks exploding in the distance,0.99789435
14524-1-0-0.wav,a car horn is blaring and traffic is in the background,0.99822134
14527-9-0-0.wav,a group of people are talking to each other while music is playing,0.0041305893
14527-9-0-2.wav,a woman is singing while music is playing in the background,0.9901106
14527-9-0-3.wav,people are talking in the background as music plays in the distance,0.0029487931
14527-9-0-4.wav,music is playing and a person is singing,0.00158718
14527-9-0-5.wav,music is playing and a woman is singing,0.0019686823
14527-9-0-6.wav,people are talking while music plays in the background,0.20157468
14527-9-0-7.wav,people are talking in the background while a man is speaking,0.0045346636
145390-9-0-13.wav,a person is playing a guitar while a music plays in the background,0.31853348
145390-9-0-15.wav,a person is playing a guitar with a musical instrument,0.0014753022
145390-9-0-22.wav,a person is playing music with a guitar and a man singing in the background,0.5619971
145390-9-0-26.wav,a person is playing a song with a guitar and a man singing in the,0.04257095
145390-9-0-3.wav,a person is playing a song with a guitar,0.008554314
145390-9-0-34.wav,a person is playing a song with a guitar,0.008554314
145390-9-0-7.wav,a person is playing a guitar while people are talking in the background,0.9626842
145608-6-0-0.wav,fireworks are going off in the distance with a gun shot in the background,0.99808383
145608-6-1-0.wav,fireworks are exploding in the sky in the distance,0.0013200972
145608-6-3-0.wav,a gun is fired in the distance with a slight echo in the background,0.99804235
145609-6-0-0.wav,fireworks are going off in the distance,0.0010724642
145609-6-1-0.wav,fireworks are exploding in the sky in the distance,0.0013200972
145611-6-0-0.wav,a gun is fired in the distance and a shot is firing shots in the,0.9981172
145611-6-1-0.wav,fireworks are exploding in the sky and the gun fires in the distance,0.9975963
145611-6-2-0.wav,fireworks are exploding in the sky as the gun fires in the distance,0.99737525
145611-6-4-0.wav,a gun is fired in the distance and fireworks are exploding in the sky,0.9979698
145612-6-0-0.wav,fireworks are going off in the distance,0.0010724642
145612-6-1-0.wav,fireworks are exploding in the sky in the distance,0.0013200972
145612-6-2-0.wav,fireworks are going off in the distance,0.0010724642
145612-6-3-0.wav,fireworks are exploding in the sky and then the gun fires off in the distance,0.9977708
145683-6-1-0.wav,a gun is being fired in the distance,0.9980617
145683-6-2-0.wav,fireworks are going off in the distance,0.0010724642
145683-6-3-0.wav,a gun is fired in the distance with a shot in the background,0.99807227
145683-6-4-0.wav,a gun is being fired in the distance,0.9980617
146186-5-0-0.wav,a motorcycle engine is idling and revving up,0.0007981585
146186-5-0-1.wav,a motor is running and a man is speaking,0.00096342014
146186-5-0-10.wav,a motor is running at a constant speed,0.0008283491
146186-5-0-11.wav,a motor is running at a constant speed,0.0008283491
146186-5-0-12.wav,a motor is running at a constant speed,0.0008283491
146186-5-0-13.wav,a motor is running at a constant speed,0.0008283491
146186-5-0-2.wav,a motor is running and a motorcycle engine is idling,0.0008256366
146186-5-0-3.wav,a motor is running and a motorcycle engine is idling in the background,0.0008863562
146186-5-0-4.wav,a motor is running and vibrating consistently and steadily,0.0009859509
146186-5-0-5.wav,a motor is running and a motorcycle engine is idling in the background,0.0008863562
146186-5-0-6.wav,a motor is running and vibrating consistently and steadily,0.0009859509
146186-5-0-7.wav,a motor is running at a constant speed,0.0008283491
146186-5-0-8.wav,a motor is running and a motorcycle engine is idling,0.0008256366
146186-5-0-9.wav,a motor is running and vibrating consistently and steadily,0.0009859509
146244-4-0-0.wav,someone is using a saw with a power tool,0.997113
146249-4-0-0.wav,a drill is being used using a high power tool,0.0010456563
146343-3-0-0.wav,a dog is barking at a constant rate,0.9979024
146690-0-0-100.wav,a machine is running at a constant speed,0.0008257412
146690-0-0-112.wav,a machine is running at a constant speed,0.0008257412
146690-0-0-115.wav,a machine is running at a constant speed,0.0008257412
146690-0-0-116.wav,a machine is running at a constant speed,0.0008257412
146690-0-0-117.wav,a machine is running at a constant speed,0.0008257412
146690-0-0-125.wav,a machine is running at a constant speed,0.0008257412
146690-0-0-137.wav,a machine is running at a constant speed,0.0008257412
146690-0-0-140.wav,a machine is running at a constant speed and a fan is in the background,0.00094951014
146690-0-0-151.wav,a machine is running at a constant speed and air is moving in the background,0.0009546744
146690-0-0-154.wav,a machine is running at a constant speed and a fan is in the background,0.00094951014
146690-0-0-155.wav,a machine is running at a constant speed,0.0008257412
146690-0-0-165.wav,a machine is running at a constant speed,0.0008257412
146690-0-0-17.wav,a machine is running at a constant speed,0.0008257412
146690-0-0-18.wav,a machine is running at a constant speed,0.0008257412
146690-0-0-25.wav,a machine is running at a constant speed,0.0008257412
146690-0-0-35.wav,a machine is running at a constant speed and a fan is in the background,0.00094951014
146690-0-0-38.wav,a machine is running at a constant speed and a fan is in the background,0.00094951014
146690-0-0-43.wav,a machine is running at a constant speed and then it stops,0.00080635404
146690-0-0-47.wav,a machine is running at a constant speed and then it stops,0.00080635404
146690-0-0-64.wav,a machine is running at a constant speed,0.0008257412
146690-0-0-8.wav,a machine is running at a constant speed and a slight hum,0.0008418269
146690-0-0-80.wav,a machine is running at a constant speed,0.0008257412
146690-0-0-86.wav,a machine is running at a constant speed,0.0008257412
146690-0-0-87.wav,a machine is running at a constant speed,0.0008257412
146690-0-0-93.wav,a machine is running at a constant speed and a fan is blowing,0.00084536953
146709-0-0-1.wav,a machine is running at a constant speed and a fan is blowing in the,0.00082776824
146709-0-0-11.wav,a machine is running at a constant speed and air is moving in the background,0.0009546744
146709-0-0-12.wav,a machine is running at a constant speed and volume,0.00081656186
146709-0-0-17.wav,a machine is running at a constant speed and volume,0.00081656186
146709-0-0-18.wav,a machine is running at a constant speed and volume,0.00081656186
146709-0-0-19.wav,a machine is running at a constant speed and volume,0.00081656186
146709-0-0-20.wav,a machine is running at a constant speed and air is moving in the background,0.0009546744
146709-0-0-22.wav,a machine is running at a constant rate and then it is raining,0.00078652555
146709-0-0-25.wav,a machine is running at a constant speed and volume,0.00081656186
146709-0-0-26.wav,a machine is running at a constant speed and volume,0.00081656186
146709-0-0-3.wav,a machine is running at a constant speed and then it stops,0.00080635404
146709-0-0-30.wav,a machine is running in the background and a fan is blowing,0.0016363359
146709-0-0-33.wav,a machine is running at a constant speed and volume,0.00081656186
146709-0-0-34.wav,a machine is running at a constant speed and volume,0.00081656186
146709-0-0-37.wav,a machine is running at a constant speed and air is spraying in the background,0.0008596121
146709-0-0-44.wav,a machine is running at a constant speed and volume,0.00081656186
146709-0-0-48.wav,a machine is running at a constant speed and volume,0.00081656186
146709-0-0-53.wav,a machine is running at a constant speed and volume,0.00081656186
146709-0-0-59.wav,a machine is running at a constant speed and volume,0.00081656186
146709-0-0-63.wav,a machine is running at a constant speed and volume,0.00081656186
146709-0-0-65.wav,a machine is running at a constant speed and then it stops,0.00080635404
146709-0-0-66.wav,a machine is running at a constant speed and then it stops,0.00080635404
146709-0-0-68.wav,a machine is running at a constant speed and volume,0.00081656186
146709-0-0-7.wav,a machine is running at a constant speed and volume,0.00081656186
146714-0-0-0.wav,water is dripping from a faucet into a sink,0.0008394167
146714-0-0-12.wav,water is dripping from a faucet into a tub,0.00084032107
146714-0-0-13.wav,water is dripping from a faucet into a sink,0.00083941716
146714-0-0-17.wav,water is dripping from a faucet at a steady pace,0.00084335316
146714-0-0-18.wav,water is dripping from a faucet at a steady pace,0.00084335316
146714-0-0-2.wav,water is dripping from a faucet into a sink,0.00083941716
146714-0-0-21.wav,water is dripping from a faucet into a sink,0.00083941716
146714-0-0-22.wav,water is dripping from a faucet into a sink,0.00083941716
146714-0-0-27.wav,water is dripping from a faucet into a sink,0.00083941716
146714-0-0-33.wav,water is dripping from a faucet into a sink,0.00083941716
146714-0-0-35.wav,water is dripping from a faucet into a sink,0.00083941716
146714-0-0-36.wav,water is dripping from a faucet into a sink,0.00083941716
146714-0-0-38.wav,water is dripping from a faucet into a sink,0.00083941716
146714-0-0-41.wav,water is dripping from a faucet into a sink,0.00083941716
146714-0-0-43.wav,water is dripping from a faucet into a tub,0.00084032107
146714-0-0-45.wav,water is dripping from a faucet into a sink,0.00083941716
146714-0-0-47.wav,water is dripping from a faucet into a sink,0.00083941716
146714-0-0-49.wav,water is dripping from a faucet into a tub,0.00084032107
146714-0-0-50.wav,water is dripping from a faucet into a tub,0.00084032107
146714-0-0-53.wav,water is dripping from a faucet into a sink,0.00083941716
146714-0-0-55.wav,water is dripping from a faucet into a sink,0.00083941716
146714-0-0-56.wav,water is dripping from a faucet into a sink,0.00083941716
146714-0-0-58.wav,water is dripping from a faucet into a sink,0.00083941716
146714-0-0-6.wav,water is dripping in a fountain while a person is talking in the background,0.0013059002
146845-0-0-0.wav,a machine is running while a bird is chirping in the background,0.0008989263
146845-0-0-1.wav,a machine is running at a constant speed and volume,0.0008165623
146845-0-0-10.wav,a machine is running at a constant speed and volume,0.0008165623
146845-0-0-11.wav,a machine is running at a constant speed and volume,0.0008165623
146845-0-0-12.wav,a machine is running at a constant speed,0.0008257412
146845-0-0-13.wav,a machine is running at a constant speed and volume,0.0008165623
146845-0-0-14.wav,a machine is running at a constant speed and volume,0.0008165623
146845-0-0-15.wav,a machine is running at a constant speed and volume,0.0008165623
146845-0-0-16.wav,a machine is running at a constant speed and volume,0.0008165623
146845-0-0-17.wav,a machine is running at a constant speed and volume,0.0008165623
146845-0-0-18.wav,a machine is running at a constant speed and volume,0.0008165623
146845-0-0-19.wav,a machine is running at a constant speed and volume,0.0008165623
146845-0-0-2.wav,a machine is running at a constant speed and volume,0.0008165623
146845-0-0-20.wav,a machine is running at a constant speed and volume,0.0008165623
146845-0-0-21.wav,a machine is running at a constant speed and volume,0.0008165623
146845-0-0-22.wav,a machine is running at a constant speed and volume,0.0008165623
146845-0-0-24.wav,a machine is running at a constant speed and volume,0.0008165623
146845-0-0-25.wav,a machine is running at a constant speed and volume,0.0008165623
146845-0-0-26.wav,a machine is running at a constant speed and volume,0.0008165623
146845-0-0-27.wav,a machine is running continuously at a constant speed,0.00088139455
146845-0-0-3.wav,a machine is running at a constant speed and volume,0.0008165623
146845-0-0-30.wav,a machine is running at a constant speed and volume,0.0008165623
146845-0-0-31.wav,a machine is running at a constant speed and volume,0.0008165623
146845-0-0-32.wav,a machine is running at a constant speed and volume,0.0008165623
146845-0-0-33.wav,a machine is running at a constant speed and volume,0.0008165623
146845-0-0-35.wav,a machine is running at a constant speed and volume,0.0008165623
146845-0-0-36.wav,a machine is running at a constant speed and volume,0.0008165623
146845-0-0-5.wav,a machine is running at a constant speed and volume,0.0008165623
146845-0-0-6.wav,a machine is running at a constant speed and volume,0.0008165623
146845-0-0-7.wav,a machine is running at a constant speed and volume,0.0008165623
146845-0-0-8.wav,a machine is running at a constant speed and volume,0.0008165623
146845-0-0-9.wav,a machine is running at a constant speed and volume,0.0008165623
147019-4-0-0.wav,a drill is being used to cut up and down,0.0011571347
147317-6-0-0.wav,a gun is fired repeatedly and then a few times,0.99794465
147491-9-0-0.wav,a person is playing a flute while people are talking in the background,0.8130723
147491-9-0-5.wav,a musical instrument is playing a song while a car is driving by,0.74079794
147491-9-2-10.wav,a siren is blaring while people are talking in the background,0.9982078
147491-9-2-25.wav,people are talking while music is playing in the background,0.94793785
147491-9-2-32.wav,people are talking while music is playing in the background,0.94793785
147491-9-2-6.wav,a musical instrument is playing a song while a siren is blaring,0.99819535
147672-3-0-0.wav,a dog barking dogs bark at a medium barks at a growling,0.9960588
147672-3-1-0.wav,a dog barking dogs bark at a medium barks at the growling,0.99032885
147672-3-2-0.wav,a dog barking and dogs bark at a medium barks,0.5046001
14772-7-0-0.wav,a jackhammer is being used in the background,0.99663746
14772-7-1-0.wav,a jackhammer is running loudly and then stops,0.9979949
14772-7-2-0.wav,a jackhammer is being used in a workshop,0.98561865
14772-7-3-0.wav,a jackhammer is being used in a workshop,0.98561865
14772-7-4-0.wav,a jackhammer is being used in a workshop,0.98561865
14772-7-5-0.wav,a jackhammer is running loudly and then stops and starts again,0.99810624
14772-7-6-0.wav,a jackhammer pounds against another hard object in the background,0.99805164
14772-7-7-0.wav,a jackhammer is running loudly and stops and then starts again,0.998102
14772-7-8-0.wav,a jackhammer is running loudly and stops and then starts again,0.998102
14772-7-9-0.wav,a jackhammer is running loudly and then stops,0.9979949
147764-4-0-0.wav,a power tool is being used by a high powered machine,0.0007945056
147764-4-1-0.wav,a power tool is being used to cut wood,0.0011255988
147764-4-2-0.wav,a person is using a shovel to cut down a piece of wood,0.0011331274
147764-4-3-0.wav,a machine is running at a high speed and then stops,0.000812633
147764-4-4-0.wav,a machine is running at a constant speed and then it stops,0.00080635404
147764-4-4-1.wav,a machine is running at a constant speed and then it stops,0.00080635404
147764-4-4-2.wav,a machine is running at a constant speed and then stops,0.00080265966
147764-4-5-0.wav,a loud buzzing sound is being made with a high pitched screech,0.9979267
147764-4-6-0.wav,a machine is running at a constant speed and volume,0.00081656186
147764-4-7-0.wav,a high pitched screech is being made with a long squeak,0.9977633
147764-4-8-0.wav,a metal gate is being opened and closed repeatedly,0.0010477309
14780-9-0-0.wav,children are playing and adults are talking to each other,0.0020038157
14780-9-0-1.wav,a group of children are playing and shouting while music plays in the background,0.997813
14780-9-0-2.wav,a group of people are talking and music is playing,0.0010732275
147926-0-0-10.wav,a car is driving down the road with the window open,0.0009148991
147926-0-0-11.wav,a car is driving down the road with the window open,0.0009148991
147926-0-0-12.wav,a fan is running in the background while a car drives by,0.337099
147926-0-0-16.wav,a car is driving down the road with the window open,0.0009148991
147926-0-0-17.wav,a car is driving down the road with the window open,0.0009148991
147926-0-0-2.wav,a car is driving on a road with a lot of traffic in the background,0.0015639822
147926-0-0-20.wav,a car is driving down the road with the window open,0.0009148991
147926-0-0-21.wav,a car is driving down the road and the wind is blowing,0.00086557184
147926-0-0-27.wav,a car is driving down the road and the wind is blowing,0.00086557184
147926-0-0-28.wav,a car is driving down the road with the window open,0.0009148991
147926-0-0-34.wav,a car is driving down the road and the wind is blowing,0.00086557184
147926-0-0-35.wav,a car is driving down the road and the wind is blowing,0.00086557184
147926-0-0-36.wav,a car is driving down the road with the window open,0.0009148991
147926-0-0-37.wav,a car is driving down the road with the window open,0.0009148991
147926-0-0-39.wav,a car is driving down the road with the window open,0.0009148991
147926-0-0-4.wav,a car is driving down the road and the wind is blowing,0.00086557184
147926-0-0-41.wav,a car is driving down the road with the window open,0.0009148991
147926-0-0-42.wav,a car is driving down the road with the window open,0.0009148991
147926-0-0-44.wav,a car is driving down the road with the window open,0.0009148991
147926-0-0-5.wav,a car drives down the road with the window open,0.0011140385
147926-0-0-50.wav,a car is driving down the road with the window open,0.0009148991
147926-0-0-52.wav,a car is driving down the road with the window open,0.0009148991
147926-0-0-54.wav,people are talking in the background while a machine is running,0.0019756875
147926-0-0-7.wav,a machine is running and a person is walking in the background,0.00094127434
148166-6-0-0.wav,a gun is fired in the distance and a machine guns is firing,0.99717426
148463-7-2-0.wav,a machine is operating and a vehicle is driving by,0.0008213655
148463-7-2-1.wav,a machine is running at a constant speed and a motor is whirring,0.00080551463
148463-7-2-2.wav,a machine is running while a person is walking in the background,0.0011094619
148463-7-3-0.wav,a machine is running at a high speed and a metal object is scraping against,0.0008163266
148463-7-3-1.wav,a machine is running at a constant speed and then stops,0.00080265966
148463-7-3-10.wav,a machine is running at a constant speed and a helicopter is flying overhead,0.00093111506
148463-7-3-2.wav,a machine is running at a constant speed and a high pitched squeal,0.0009795561
148463-7-3-3.wav,a subway train is passing by on the tracks,0.001041198
148463-7-3-4.wav,a machine is running at a constant speed and then it slows down,0.00080455345
148463-7-3-5.wav,a machine is running at a constant speed and a high pitched squeal,0.0009795561
148463-7-3-6.wav,a machine is running at a high speed and a horn is ringing,0.0015696454
148463-7-3-7.wav,a machine is running at a high speed and then stops,0.000812633
148463-7-3-8.wav,a subway train is passing by and a bell is ringing,0.0015868972
148463-7-3-9.wav,a machine is running at a constant speed and then stops,0.00080265966
148632-8-0-0.wav,a police siren is blaring with traffic noise in the background,0.99816626
148632-8-0-1.wav,a police car with a siren on is going off,0.9980615
148632-8-0-10.wav,a police car with a siren on is going off,0.9980615
148632-8-0-11.wav,a police car with a siren on is going off,0.9980615
148632-8-0-12.wav,a police car with a siren blaring and a vehicle passing by,0.9980842
148632-8-0-13.wav,a siren sounds in the distance as a vehicle drives by,0.9982205
148632-8-0-14.wav,a siren sounds in the distance as a vehicle drives by,0.9982205
148632-8-0-15.wav,a siren is blaring and a vehicle is passing by,0.9981602
148632-8-0-16.wav,a police car with a siren blaring in the background,0.99810374
148632-8-0-17.wav,a siren sounds in the distance as a vehicle drives by,0.9982205
148632-8-0-18.wav,the wind is blowing and a siren is blaring,0.9978509
148632-8-0-2.wav,a police car with a siren on and a vehicle driving away,0.99767965
148632-8-0-3.wav,a car engine revs and drives away at a steady pace,0.011809887
148632-8-0-4.wav,a car is driving down the road and the wind is blowing,0.00086557184
148632-8-0-5.wav,the wind is blowing and the rain is hitting the ground,0.00090877543
148632-8-0-6.wav,a bird is chirping in the background while a car drives by,0.3347143
148632-8-0-7.wav,a siren is blaring and a police car is passing by,0.9981207
148632-8-0-8.wav,a siren is blaring and a vehicle is passing by,0.9981602
148632-8-0-9.wav,a police car with a siren on is going off,0.9980615
148827-6-0-0.wav,a gun is being fired at a steady pace,0.008768849
148827-6-1-0.wav,a gun is fired and gunshots firing shots in the distance,0.99800617
148827-6-2-0.wav,a gun is being fired in a dozen gunshots,0.998089
148827-6-3-0.wav,a gun is fired in the background while a person is firing a fireworks,0.9981822
148828-6-0-0.wav,a gun is fired repeatedly in the distance,0.9979361
148828-6-1-0.wav,a gun is fired in the distance with a slight echo,0.9980995
148833-6-0-0.wav,a gun is fired repeatedly in the distance,0.9979361
148833-6-1-0.wav,a gun is being fired repeatedly in the distance,0.9981084
148834-6-0-0.wav,a gun shot gunshots and firing shots in the distance,0.99814725
148835-6-0-0.wav,a gun is fired in a dozen gunshots firing shots,0.99796164
148835-6-1-0.wav,a gun is fired repeatedly in the distance,0.9979361
148835-6-2-0.wav,a gun is fired and a machine guns is firing,0.0036288714
148835-6-3-0.wav,a gun is being fired in a set of gunshots,0.9980775
148835-6-4-0.wav,a gun is fired and then a gunshot is followed by a few gunshots,0.9980761
148837-6-1-0.wav,a gun is being fired repeatedly in the background,0.9981913
148837-6-2-0.wav,a gun is fired repeatedly in the distance,0.9979361
148838-6-0-0.wav,a gun is fired in the distance and a gunshot is in the background,0.9980077
148838-6-1-0.wav,a gun is being fired and a person is firing a set of keys and,0.9963612
148838-6-2-0.wav,a gun is fired repeatedly in the distance,0.9979361
148841-6-0-0.wav,a gun is fired repeatedly in the distance,0.9979361
148841-6-1-0.wav,a gun is being fired repeatedly in the distance,0.9981084
148841-6-2-0.wav,a gun is being fired repeatedly in the distance,0.9981084
149177-6-0-0.wav,a gun shot gunshots firing shots and explosions,0.9981186
149193-5-0-0.wav,a motor is running and a motorcycle engine is idling in the background,0.0008863562
149193-5-0-1.wav,a motor is running and a motorcycle engine is idling in the background,0.0008863562
149193-5-0-2.wav,a motor is running and a motorcycle engine is idling in the background,0.0008863562
149193-5-0-3.wav,a motor is running and a motorcycle engine is idling in the background,0.0008863562
149193-5-0-4.wav,a motor is running and a motorcycle engine is idling in the background,0.0008863562
149193-5-0-5.wav,a machine is running at a constant speed,0.0008257412
149254-9-0-25.wav,a person is playing a musical instrument while people are talking in the background,0.41127652
149254-9-0-29.wav,people are talking in the background while music is playing,0.79757583
149254-9-0-30.wav,music is playing in the background while a person is singing,0.96513134
149254-9-0-42.wav,a person is walking on a sidewalk and people are talking in the background,0.010458994
149254-9-0-51.wav,a person is walking on a sidewalk and people are talking in the background,0.010458994
149254-9-0-56.wav,a person is playing a musical instrument while people are talking in the background,0.41127652
149255-9-0-0.wav,people are talking while music is playing in the background,0.9479379
149255-9-0-13.wav,music is playing while people are talking in the background,0.9187379
149255-9-0-3.wav,a person is playing a musical instrument while people are laughing and talking in the,0.011255313
149255-9-0-4.wav,a person is walking on a sidewalk and people are talking in the background,0.010458994
149255-9-0-5.wav,a person is walking on a sidewalk and people are talking in the background,0.010458994
149255-9-0-7.wav,people are talking while music is playing in the background,0.9479379
149370-9-0-15.wav,people are talking while music is playing in the background,0.9479379
149370-9-0-19.wav,a horn is blown by a few people in the background,0.99835134
149370-9-0-21.wav,a person is playing a musical instrument while cars are driving by,0.050518893
149370-9-0-22.wav,a person is playing a musical instrument while the music plays in the background,0.009251381
149370-9-0-32.wav,a person is playing a musical instrument while a car is driving by,0.022015931
149370-9-0-37.wav,a person is playing a musical instrument while people are talking in the background,0.41127652
149929-9-0-0.wav,a crowd of people are talking and music is playing,0.0018511718
149929-9-0-2.wav,a crowd of people are talking and music is playing in the background,0.0536635
149929-9-0-5.wav,people are talking while fireworks are exploding in the background,0.9962675
149929-9-1-0.wav,music is playing and people are talking in the background,0.31362024
149929-9-1-1.wav,music is playing and a man is singing,0.0015813705
149929-9-1-4.wav,a man is singing while music plays in the background,0.9494586
150341-3-0-0.wav,a dog barking and growling at a dogs bark at the same time,0.9980963
150341-3-1-0.wav,a dog barking and dogs bark at a growling,0.9980166
151005-4-0-0.wav,a drill is being used to cut up a piece of wood,0.011540072
151005-4-0-1.wav,a saw is cutting through a piece of wood,0.9979995
151005-4-0-2.wav,a saw is cutting through a piece of wood,0.9979995
151005-4-0-3.wav,an electric saw is cutting through a piece of wood,0.9980895
151005-4-1-0.wav,a saw is cutting through a piece of wood,0.9979995
151005-4-1-1.wav,a saw is cutting through a piece of wood,0.9979995
151005-4-1-2.wav,a drill is being used to cut up a piece of wood,0.011540072
151005-4-2-0.wav,a saw is cutting through a piece of wood,0.9979995
151005-4-2-1.wav,a machine is running at a high speed,0.00086413627
151005-4-3-0.wav,a saw is cutting through a piece of wood,0.9979995
151005-4-3-1.wav,a machine is running at a high speed and then it is cutting a piece,0.0009744282
151005-4-3-2.wav,a drill is being used to cut a power tool,0.0011463009
151065-6-0-0.wav,a gun is being fired in a set of gunshots,0.9980775
151069-6-0-0.wav,a gun is being fired repeatedly in a small room,0.99819106
151071-6-0-0.wav,a gun is being fired repeatedly in a set of keys,0.9982577
151149-2-0-11.wav,a group of people are talking in a large room,0.02090565
151149-2-0-12.wav,people are talking in the background while a woman is speaking,0.004878998
151149-2-0-15.wav,a group of people are talking in a large hall,0.0024534492
151149-2-0-22.wav,a group of people are talking and yelling,0.0016451917
151149-2-0-3.wav,a group of people are talking in a large room,0.02090565
151149-2-0-4.wav,a group of people are talking in the background,0.0014614321
151149-2-0-54.wav,a large group of people are talking and yelling,0.28877226
151149-2-0-56.wav,people are talking in a large hall with a lot of footsteps in the background,0.31136796
151877-5-0-0.wav,a motorcycle engine is idling and then revved again,0.0011594275
151877-5-1-0.wav,a motor is running and a motorcycle engine is idling,0.0008256358
151977-0-0-0.wav,a machine is running and then stops and then starts again,0.0008361955
151977-0-0-1.wav,a machine is running at a constant speed and volume,0.00081656186
151977-0-0-10.wav,a machine is running at a constant speed and volume,0.00081656186
151977-0-0-11.wav,a machine is running at a constant speed and a motor is humming,0.0008469425
151977-0-0-12.wav,a machine is running at a constant speed and a motor is humming,0.0008469425
151977-0-0-13.wav,a machine is running at a constant speed and crickets are chirping in the background,0.0010021988
151977-0-0-2.wav,a machine is running at a constant speed and volume,0.00081656186
151977-0-0-3.wav,a machine is running at a constant speed and volume,0.00081656186
151977-0-0-4.wav,a machine is running at a constant speed and a motor is in the background,0.000888184
151977-0-0-5.wav,crickets chirp in the background as a machine runs,0.0012348315
151977-0-0-6.wav,crickets chirp in the background as a car drives by,0.0015476393
151977-0-0-7.wav,crickets chirp in the background as a car drives by,0.0015476393
151977-0-0-8.wav,a machine is running at a constant speed and volume,0.00081656186
151977-0-0-9.wav,a machine is running at a constant speed and steady,0.0008312711
152570-9-0-0.wav,people are talking and a horn is blowing in the background,0.9982463
152570-9-1-41.wav,music is playing and people are talking in the background,0.31362042
152570-9-1-42.wav,a band is playing a song with drums and people are talking in the background,0.9777905
152570-9-1-61.wav,a person is playing a musical instrument with drums and other instruments,0.0016348424
152570-9-1-63.wav,a person is playing a musical instrument with drums and other instruments,0.0016348424
152570-9-1-81.wav,a person is playing a musical instrument while a car is driving by,0.022015965
152588-3-0-0.wav,a dog barking and dogs bark in the background,0.99812275
152588-3-1-0.wav,a dog is barking loudly at a steady pace,0.99814415
152588-3-2-0.wav,a dog is barking loudly and sporadically,0.9981115
152588-3-3-0.wav,a dog is barking and growling at the same time,0.9981458
152908-5-0-0.wav,an engine is idling and then it starts to idle,0.00080438174
152908-5-0-1.wav,an engine is idling and then it gets louder,0.9980769
152908-5-0-10.wav,an engine is idling and vibrating consistently and steadily,0.0009679239
152908-5-0-11.wav,an engine is idling and then it gets louder,0.9980769
152908-5-0-12.wav,an engine is idling and then it starts to idle,0.00080438174
152908-5-0-13.wav,an engine is idling and then it gets louder,0.9980769
152908-5-0-2.wav,an engine is idling and then it gets louder,0.9980769
152908-5-0-3.wav,an engine is idling and then it idles and then starts again,0.0008404796
152908-5-0-4.wav,an engine is idling and then it starts to idle,0.00080438174
152908-5-0-5.wav,an engine is idling and vibrating consistently and steadily,0.0009679239
152908-5-0-6.wav,an engine is idling and vibrating consistently and steadily,0.0009679239
152908-5-0-7.wav,an engine is idling and then it gets louder,0.9980769
152908-5-0-8.wav,an engine is idling and then it gets louder,0.9980769
152908-5-0-9.wav,an engine is idling and vibrating consistently and steadily,0.0009679239
153261-0-0-0.wav,a car engine is running at a steady pace,0.0009026789
153261-0-0-1.wav,a car is driving on the road with the window open,0.00092132564
153261-0-0-2.wav,a car is driving down the road with a window open,0.00093450927
153261-0-0-3.wav,a car engine is running at a steady pace,0.0009026789
15356-2-0-0.wav,children are playing and adults are talking and laughing,0.0016042375
15356-2-0-1.wav,children are playing and a child is shouting and a baby is crying,0.9982412
15356-2-0-2.wav,children are playing and kids are shouting and screaming,0.99790585
15356-2-0-3.wav,children are playing and shouting while a child is yelling and a baby cries,0.9981645
15356-2-0-4.wav,children are playing and kids are screaming and shouting,0.9979305
154758-5-0-0.wav,a car engine is running and then it stops,0.0008496237
154758-5-0-1.wav,an engine is running and a car is driving,0.0008015156
154758-5-0-10.wav,an engine is idling and then it starts to idle,0.00080438174
154758-5-0-11.wav,an engine is idling and then it starts to idle,0.00080438174
154758-5-0-12.wav,an engine is idling and then it starts to idle,0.00080438174
154758-5-0-13.wav,an engine is idling and then it starts to idle,0.00080438174
154758-5-0-14.wav,an engine is idling and then it starts to idle,0.00080438174
154758-5-0-15.wav,an engine is idling and then it starts to idle,0.00080438174
154758-5-0-16.wav,an engine is idling and then it starts to idle,0.00080438174
154758-5-0-17.wav,an engine is idling and then it starts to idle,0.00080438174
154758-5-0-18.wav,an engine is idling and then it starts to idle,0.00080438174
154758-5-0-19.wav,an engine is idling and then it starts to idle,0.00080438174
154758-5-0-2.wav,a motor is running at a constant speed and then it starts to idle,0.00081164937
154758-5-0-20.wav,an engine is idling and then it starts to idle,0.00080438174
154758-5-0-21.wav,an engine is idling and then it starts to idle,0.00080438174
154758-5-0-3.wav,a motor is running at a constant speed and then stops,0.00083259813
154758-5-0-4.wav,a motor is running at a constant speed,0.0008283491
154758-5-0-5.wav,a motor is running at a constant speed and then it starts to idle,0.0008116501
154758-5-0-6.wav,a motor is running at a constant speed and then stops,0.00083259813
154758-5-0-7.wav,a motor is running at a constant speed and then stops,0.00083259813
154758-5-0-8.wav,an engine is idling and then it starts to idle,0.00080438174
154758-5-0-9.wav,an engine is idling and then it starts to idle,0.00080438174
155044-9-0-11.wav,a man is speaking while music is playing in the background,0.93165475
155044-9-0-15.wav,a man is speaking while music is playing in the background,0.93165475
155044-9-0-19.wav,a man is singing while music is playing in the background,0.9760878
155044-9-0-3.wav,music is playing and a man is singing and a bell is ringing,0.0019175912
155044-9-0-37.wav,a machine is running and then stops and then turns off,0.00085623836
155044-9-0-38.wav,a skateboard is rolling across the sidewalk and a skateboarder passes by,0.0012597033
155127-9-0-2.wav,a person is singing a song in the background,0.9824034
155127-9-1-2.wav,a person is singing a song in the background and a man sings alone,0.95643574
155127-9-1-23.wav,a person is singing a chant in the background and a man sings alone,0.9927227
155127-9-1-24.wav,a person is singing a song in the background and a woman sings in the,0.99024326
155127-9-1-25.wav,a person is singing while people are talking in the background,0.99395025
155127-9-1-27.wav,a group of people are singing and talking to each other,0.0015326929
155129-1-2-0.wav,a car horn honks while cars drive by in the background,0.9981499
155202-9-0-124.wav,a person is singing a song and a man is speaking,0.016212657
155202-9-0-126.wav,a man is speaking and a guitar is playing a song,0.012622869
155202-9-0-135.wav,a person is singing a song while a man sings in the background,0.9710806
155202-9-0-38.wav,a person is playing a guitar while people are talking in the background,0.9626841
155202-9-0-42.wav,a person is singing a song in the background,0.9824034
155202-9-0-6.wav,a person is singing a song with a chorus of music in the background,0.9733863
155212-9-0-13.wav,a person is playing a song with a drum,0.0350497
155212-9-1-14.wav,a man is singing a song while a woman sings in the background,0.982612
155212-9-1-49.wav,a person is singing a song with a tambourine and a woman sings in the,0.39062017
155212-9-1-75.wav,a group of people are singing while music plays in the background,0.012119907
155212-9-1-85.wav,a person is singing a song while a woman sings in the background,0.9726954
155212-9-1-88.wav,a person is singing a song while a woman sings in the background,0.9726954
155217-9-0-27.wav,a man is singing a song with a chorus of people in the background,0.98737925
155217-9-0-39.wav,a person is singing a song with a tambourine and a man sings in the,0.3717378
155217-9-0-57.wav,a person is singing a song while a woman sings in the background,0.9726954
155217-9-0-85.wav,a woman is singing a song while a child sings in the background,0.99228597
155217-9-1-24.wav,a person is singing a song with a chorus of music in the background,0.9733863
155217-9-1-58.wav,a person is playing a song on a guitar,0.009958876
155219-2-0-0.wav,children are playing and adults are talking in the background,0.0064691966
155219-2-0-1.wav,children are playing and adults are talking and birds are chirping,0.0011245147
155219-2-0-22.wav,children are playing and adults are talking and walking,0.001404246
155219-2-0-24.wav,people are talking and children are playing and a siren is blaring,0.99828666
155219-2-0-25.wav,people are talking while a siren is blaring,0.99819857
155219-2-0-26.wav,people are talking and children are playing in the background,0.0026602861
155219-2-0-51.wav,children are playing and adults are talking in the background,0.0064691966
155219-2-0-57.wav,children and adults are talking while birds are chirping in the background,0.0022008826
155227-9-0-2.wav,a person is playing a song with a musical instrument,0.0031166035
155227-9-0-20.wav,music is playing in the background while a bird is singing in the distance,0.43730214
155227-9-0-23.wav,birds are singing and music is playing in the background,0.9909016
155227-9-0-24.wav,cars are driving by on a highway and birds are chirping,0.0010262063
155227-9-0-27.wav,cars are driving by on a highway and birds are chirping,0.0010262063
155227-9-0-3.wav,someone is playing a song with a musical instrument,0.011081772
155238-2-0-17.wav,people are talking while birds are chirping in the background,0.0014239053
155238-2-0-3.wav,children are playing and birds are chirping in the background,0.0013307171
155238-2-0-31.wav,children are playing and birds are chirping in the background,0.0013307171
155238-2-0-36.wav,children and adults are talking while birds are chirping in the background,0.0022008826
155238-2-0-47.wav,birds are chirping and people are talking in the background,0.001106799
155238-2-0-67.wav,children are playing and birds are chirping in the background,0.0013307171
155238-2-0-75.wav,children are playing and birds are chirping in the background,0.0013307171
155238-2-0-97.wav,birds are chirping and people are talking in the background,0.001106799
155241-9-0-50.wav,music is playing in the background while a person is walking,0.96832484
155241-9-0-56.wav,a person is playing a musical instrument while birds are chirping in the background,0.238166
155241-9-0-69.wav,a person is playing a musical instrument while people are talking in the background,0.41127652
155241-9-0-79.wav,the wind is blowing and waves are crashing against the shore,0.00083900685
155241-9-0-8.wav,a person is playing a musical instrument in the background,0.08164856
155241-9-0-88.wav,a musical instrument is playing a song in the background,0.9791946
155242-9-0-12.wav,birds are chirping and singing while music plays in the background,0.9964444
155242-9-0-15.wav,a musical instrument is playing a song while birds are singing in the background,0.9906014
155242-9-0-27.wav,birds are singing and a musical instrument is playing in the background,0.5020325
155242-9-0-35.wav,music is playing in the background while a musical instrument is being played,0.23893712
155242-9-0-4.wav,music is playing and a musical instrument is being played,0.0011100428
155242-9-0-44.wav,music plays in the background as a car horn honks,0.9981067
155243-9-0-18.wav,birds are chirping while cars are passing by and a horn is blowing,0.9980811
155243-9-0-24.wav,birds are chirping and cars are passing by on a road,0.0010613373
155243-9-0-32.wav,birds are singing and cars are passing by in the distance,0.0014096148
155243-9-0-42.wav,birds are chirping and singing while music plays in the background,0.9964444
155243-9-0-53.wav,cars are driving by on a highway while birds are chirping,0.0011292923
155243-9-0-55.wav,cars are driving by and birds are chirping in the background,0.0013110347
155262-2-0-101.wav,a group of people are talking and laughing with each other,0.0014812222
155262-2-0-11.wav,people are talking in the background and a crowd is cheering,0.10829482
155262-2-0-15.wav,a crowd of people are talking in the background,0.0042909
155262-2-0-2.wav,a crowd of people are talking in the background,0.0042909
155262-2-0-21.wav,a group of people are talking in a crowd,0.0015573723
155262-2-0-48.wav,people are talking in the background as a crowd of children are playing,0.003620522
155262-2-0-58.wav,a group of people are talking and children are playing in the background,0.0012604683
155262-2-0-63.wav,a crowd of people are talking in the background,0.0042909
155263-2-0-12.wav,children are playing and adults are talking in the background,0.0064692153
155263-2-0-22.wav,a crowd of people are talking and clapping,0.001838192
155263-2-0-23.wav,a crowd of people are cheering and clapping,0.0016924461
155263-2-0-34.wav,a crowd of people are talking in the background,0.0042909
155263-2-0-43.wav,a crowd of people are talking in the background,0.0042909
155263-2-0-50.wav,a crowd of people are talking in the background,0.0042909
155263-2-0-57.wav,a crowd of people are talking in the background,0.0042909
155263-2-0-61.wav,a crowd of people are talking in the background,0.0042909
155280-2-0-10.wav,people are talking and birds are chirping in the background,0.0010901978
155280-2-0-11.wav,children are playing and talking while birds are chirping in the background,0.00608582
155280-2-0-13.wav,people are talking and walking in a gym,0.001369508
155280-2-0-15.wav,birds are chirping and people are talking in the background,0.001106799
155280-2-0-3.wav,children are laughing and talking while birds are chirping in the background,0.0047161467
155280-2-0-5.wav,children are talking and birds are chirping in the background,0.0012317032
155280-2-0-6.wav,birds are chirping and children are talking in the background,0.0011933028
155280-2-0-7.wav,birds are chirping and children are playing in the playground,0.0011505475
155283-1-0-0.wav,a horn honks and a car horns honking and a siren is blaring,0.9980787
155283-1-1-0.wav,a car alarm is beeping and a horn is honking,0.9980551
155294-3-0-0.wav,a dog is barking and a car is driving by,0.998075
155299-3-0-1.wav,a siren is going off while a dog barks and a car alarm goes off,0.998175
155299-3-1-0.wav,a dog is barking and birds are chirping in the background,0.9807843
155299-3-1-1.wav,a dog is barking and a car passes by,0.9977397
155299-3-1-2.wav,a dog is barking and a car passes by,0.9977397
155309-3-0-0.wav,a dog is barking loudly at a consistent rate,0.9981014
155310-3-0-0.wav,a dog is barking loudly at a steady pace,0.99814415
155311-3-0-0.wav,a dog is barking loudly at a consistent rate,0.9981014
155313-3-0-0.wav,a dog barking and dogs bark at a medium howl,0.9979387
155314-3-0-1.wav,a dog is barking loudly at a consistent rate,0.9981014
155314-3-0-2.wav,a dog is barking loudly at a steady pace,0.99814415
155314-3-0-5.wav,a dog is barking loudly at a steady pace,0.99814415
155315-3-0-0.wav,a dog is barking and growling at a high pitch,0.99821883
155317-3-0-0.wav,a dog is barking loudly at a constant rate,0.99816555
155320-3-0-0.wav,a dog barking and dogs bark at a medium pitch,0.9967457
15544-5-0-0.wav,a machine is running at a constant speed and then it is raining,0.0007931526
15544-5-0-1.wav,a machine is running at a constant speed and then it stops,0.00080635445
15544-5-0-10.wav,a machine is running at a constant speed,0.0008257412
15544-5-0-11.wav,a motor is running and a machine is in the background,0.0008640103
15544-5-0-12.wav,a motor is running and then it starts to idle,0.00080505764
15544-5-0-13.wav,a motor is running and then stops and then starts again,0.0008684509
15544-5-0-14.wav,a machine is running at a constant speed,0.0008257412
15544-5-0-15.wav,a machine is running at a constant speed,0.0008257412
15544-5-0-16.wav,a machine is running at a constant speed and then it stops,0.00080635404
15544-5-0-17.wav,a machine is running at a constant speed and then it stops,0.00080635404
15544-5-0-18.wav,a motor is running and a machine is in the background,0.0008640103
15544-5-0-19.wav,a motor is running at a constant speed and then stops,0.0008325978
15544-5-0-2.wav,a motor is running and a machine is in the background,0.0008640103
15544-5-0-3.wav,a machine is running at a constant rate and then it is raining,0.0007865259
15544-5-0-4.wav,a machine is running at a constant speed,0.0008257412
15544-5-0-5.wav,a motor is running and a machine is operating,0.0008386852
15544-5-0-6.wav,a machine is running at a constant speed,0.0008257412
15544-5-0-7.wav,a motor is running and the engine is idling,0.0008641256
15544-5-0-8.wav,a machine is running at a constant speed and then it stops,0.00080635404
15544-5-0-9.wav,a machine is running at a constant speed and then it stops,0.00080635404
155488-3-0-6.wav,a dog is barking and birds are chirping in the background,0.9807844
155488-3-2-0.wav,a dog is barking and a bird is chirping in the background,0.99575317
155488-3-3-0.wav,a dog is barking and a car drives by,0.99812263
155488-3-3-1.wav,a dog is barking and a vehicle passes by in the distance,0.9807751
15564-2-0-0.wav,a large group of people are talking in a gym,0.0014381052
15564-2-0-1.wav,a large crowd of people are talking and yelling,0.9902289
15564-2-0-2.wav,a large group of people are shouting and yelling,0.9966725
156091-1-0-0.wav,a child is speaking and a woman is talking over a radio,0.007218924
156194-1-0-0.wav,a musical instrument is playing a song with a high pitch,0.0039999154
156200-2-0-0.wav,children are playing and adults are talking in the background,0.0064692087
156358-5-0-0.wav,a machine is running at a constant speed,0.0008257412
156358-5-0-1.wav,a machine is running at a constant speed,0.0008257412
156358-5-0-2.wav,a machine is running at a constant speed,0.0008257412
156358-5-0-3.wav,a machine is running at a constant speed,0.0008257412
156358-5-0-4.wav,a machine is running at a constant speed,0.0008257412
156358-5-0-5.wav,a machine is running at a constant speed,0.0008257412
156358-5-0-6.wav,a machine is running at a constant speed and a motor is humming,0.0008469429
156362-4-0-0.wav,a subway train is passing by on a railroad track,0.0009167766
156362-4-0-1.wav,a train is passing by and a bell is ringing,0.0017940036
156362-4-0-2.wav,a machine is running at a high speed and a horn is blowing in the,0.014171754
156362-4-0-3.wav,a machine is running at a high speed and then speeds up,0.00080620695
156362-4-1-0.wav,a subway train is coming to a stop,0.0010421507
156362-4-2-0.wav,a beeping sound is being made in the background,0.9982084
156362-4-2-1.wav,a truck is beeping while it is backing up,0.9982035
156362-4-3-0.wav,people are talking in the background while a train is moving,0.009074462
156362-4-3-1.wav,a subway train is passing by on the tracks,0.001041198
156362-4-3-2.wav,a machine is running at a constant speed and people are talking in the background,0.0011410986
156362-4-3-3.wav,a machine is running at a constant speed and people are talking in the background,0.0011410986
156362-4-3-4.wav,a machine is running at a constant speed and a metal object is scraping against,0.0008108134
156362-4-3-5.wav,a metal object is being dragged across a hard surface,0.0010019161
156362-4-3-6.wav,a machine is running at a constant speed and then stops,0.00080265966
156362-4-3-7.wav,a machine is running at a constant speed and then stops,0.00080265966
156362-4-3-8.wav,a person is hammering a piece of metal on a hard surface,0.0008694117
156418-3-0-0.wav,a dog is barking and birds are chirping in the background,0.9807843
156418-3-0-1.wav,birds are chirping and dogs are barking in the background,0.002823692
156418-3-1-0.wav,dogs are barking and birds are chirping in the background,0.0023972597
156418-3-2-0.wav,a dog barking and dogs bark at a medium pitch,0.9967457
156634-5-0-0.wav,a car engine revs up and slows down before slowing down,0.31266198
156634-5-0-1.wav,a car engine revs and accelerates while people talk in the background,0.9422548
156634-5-0-10.wav,a motorcycle is revving its engine and revved several times,0.0015848676
156634-5-0-11.wav,a motorcycle is revving its engine and revved several times,0.0015848676
156634-5-0-12.wav,a motorcycle revs its engine before revving its tires,0.0020368556
156634-5-0-2.wav,a motorcycle engine revs and accelerates while people talk,0.0032569496
156634-5-0-3.wav,a motorcycle engine revs and accelerates while people talk,0.0032569496
156634-5-0-4.wav,a motor is running and a motorcycle is driving by,0.0008362584
156634-5-0-5.wav,a motorcycle engine is revved up and idled in the distance,0.0008114054
156634-5-0-6.wav,a motorcycle revs its engine and accelerates as it drives away,0.0012013431
156634-5-0-7.wav,people are talking while a motorcycle is driving by,0.006581723
156634-5-0-8.wav,a motorcycle revs its engine and drives away,0.0010099668
156634-5-0-9.wav,a motorcycle revs its engine before revving its tires,0.0020368556
156634-5-1-0.wav,a motorcycle engine is idling and revving its motor,0.0008135344
156634-5-2-0.wav,a motorcycle is revving its engine and the car drives away,0.00091056264
156634-5-2-1.wav,a motor is running and a motorcycle is passing by,0.0008346441
156634-5-2-2.wav,a motor is running and a motorcycle is passing by,0.0008346441
156634-5-2-3.wav,a motorcycle engine is running and a car is driving,0.00082280295
156634-5-2-4.wav,a motorcycle engine is running and people are talking in the background,0.0015329258
156634-5-2-5.wav,an engine is running while people are talking in the background,0.0015549916
156634-5-2-6.wav,an engine is running and a man is speaking,0.00081951503
156634-5-2-7.wav,a car engine is started and drives away,0.00082627096
156634-5-2-8.wav,a car engine is running and people are talking in the background,0.0024904772
156868-8-0-0.wav,a siren is blaring with a police sirens and emergency alarm,0.9981553
156868-8-1-0.wav,a police siren is blaring with sirens and emergency vehicles,0.9980958
156868-8-2-0.wav,a police siren emergency sirens ambulance with a car alarm blaring,0.99809223
156868-8-3-0.wav,a police siren is emergency sirens and ambulance with a fire alarm,0.988472
156868-8-4-0.wav,a police siren emergency sirens and ambulance with a car alarm,0.99797267
156869-8-0-0.wav,a siren is blaring and emergency sirens are going off,0.99807584
156869-8-0-1.wav,a siren is blaring and a police car is passing by,0.9981207
156869-8-0-10.wav,a siren is blaring and a police car is passing by,0.9981207
156869-8-0-11.wav,a siren is blaring and a vehicle is driving by,0.99815947
156869-8-0-2.wav,a siren is blaring and a police car is passing by,0.9981207
156869-8-0-3.wav,an emergency siren is blaring with a police sirens,0.9981779
156869-8-0-4.wav,a siren is blaring and emergency sirens are sounding in the background,0.9980856
156869-8-0-5.wav,an emergency siren is blaring with sirens in the background,0.99809366
156869-8-0-6.wav,a siren is blaring and a police car alarm is going off,0.9980495
156869-8-0-7.wav,a siren is blaring and a police car is passing by,0.9981207
156869-8-0-8.wav,a siren is blaring and emergency sirens are going off,0.99807584
156869-8-0-9.wav,an emergency siren is blaring with a high pitch,0.9979656
156893-7-0-0.wav,a machine is running at a constant speed,0.0008257412
156893-7-1-0.wav,a jackhammer is running loudly and consistently hitting the ground,0.9980038
156893-7-10-0.wav,a lawnmower is being used to cut a lawn,0.0010917474
156893-7-11-0.wav,a machine is running at a constant speed and then stops,0.00080265966
156893-7-2-0.wav,a jackhammer is running loudly and slowly starts to start up,0.99806625
156893-7-3-0.wav,a machine is running at a constant speed and then stops,0.00080265966
156893-7-4-0.wav,an engine is running at a constant speed,0.000861709
156893-7-5-0.wav,a machine is running at a constant speed and then stops,0.00080265966
156893-7-6-0.wav,a machine is running at a constant speed,0.0008257412
156893-7-7-0.wav,a machine is running at a constant speed,0.0008257412
156893-7-8-0.wav,a lawnmower is being used to cut a lawn,0.0010917474
156893-7-9-0.wav,a machine is running at a constant speed and then stops,0.00080265966
156897-6-0-0.wav,a gun is fired and then a shot occurs several times,0.99802953
157207-6-0-0.wav,a gun is fired repeatedly in the distance,0.9979361
157207-6-2-0.wav,a gun is fired in the distance and then a second shot is followed by,0.9978696
157207-6-4-0.wav,a gun is fired in the distance and then a shot is set of gunshots,0.9980252
157207-6-5-0.wav,a gun is fired in the distance and then a shot is followed by a,0.9979273
157207-6-6-0.wav,a gun is fired repeatedly in the distance,0.9979361
157207-6-7-0.wav,a gun is fired in the distance and then a shot is followed by a,0.9979273
157207-6-8-0.wav,a gun is fired in the distance with a slight echo in the background,0.99804235
157207-6-9-0.wav,a gun is being fired at a consistent intervals,0.18146345
157322-3-0-3.wav,a dog is barking and growling at a consistent rate,0.99795
157322-3-0-4.wav,a dog is barking and growling at a consistent rate,0.99795
157322-3-0-5.wav,a dog is barking and growling at a consistent rate,0.99795
157322-3-0-6.wav,a dog is barking loudly at a consistent rate,0.9981014
157648-8-0-0.wav,a police car with a siren is blaring and traffic is moving in the background,0.99817336
157649-3-0-0.wav,a dog is barking and a car is driving by,0.998075
157649-3-0-1.wav,a dog is barking and a car passes by,0.9977397
157649-3-1-1.wav,a dog is barking and a car passes by,0.9977397
157649-3-2-0.wav,a dog is barking and a car passes by,0.9977397
157799-6-0-0.wav,a gun is fired and then a person is firing a shot into the distance,0.9979971
157800-6-0-0.wav,a gun is fired repeatedly in the distance,0.9979361
157801-6-0-0.wav,a gun is fired repeatedly in the distance,0.9979361
157866-8-0-0.wav,a police siren is blaring with a high pitch,0.9981154
157866-8-0-1.wav,a police siren is blaring with a high pitch,0.9981154
157866-8-0-10.wav,a police siren is blaring with a high pitch,0.9981154
157866-8-0-11.wav,a police siren is blaring with a high pitch,0.9981154
157866-8-0-12.wav,a police siren is blaring with a high pitch,0.9981154
157866-8-0-13.wav,a police siren is blaring with a high pitch,0.9981154
157866-8-0-14.wav,a police siren is blaring with a high pitch,0.9981154
157866-8-0-15.wav,a police siren is blaring with a high pitch,0.9981154
157866-8-0-16.wav,a police siren is blaring with a high pitch,0.9981154
157866-8-0-17.wav,a police siren is blaring with a high pitch,0.9981154
157866-8-0-18.wav,a police siren is blaring with a high pitch,0.9981154
157866-8-0-19.wav,a police siren is blaring with a high pitch,0.9981154
157866-8-0-2.wav,a police siren is blaring with a high pitch,0.9981154
157866-8-0-20.wav,a police siren is blaring with a high pitch,0.9981154
157866-8-0-21.wav,a police siren is blaring with a high pitch,0.9981154
157866-8-0-22.wav,a police siren is blaring with a high pitch,0.9981154
157866-8-0-23.wav,a police siren is blaring with a high pitch,0.9981154
157866-8-0-24.wav,a police siren is blaring with a high pitch,0.9981154
157866-8-0-25.wav,a police siren is blaring with a high pitch,0.9981154
157866-8-0-26.wav,a police siren is blaring with a high pitch,0.9981154
157866-8-0-27.wav,a police siren is blaring with a high pitch,0.9981154
157866-8-0-3.wav,a police siren is blaring with a high pitch,0.9981154
157866-8-0-4.wav,a police siren is blaring with a high pitch,0.9981154
157866-8-0-5.wav,a police siren is blaring with a high pitch,0.9981154
157866-8-0-6.wav,a police siren is blaring with a high pitch,0.9981154
157866-8-0-7.wav,a police siren is blaring with a high pitch,0.9981154
157866-8-0-8.wav,a police siren is blaring with a high pitch,0.9981154
157866-8-0-9.wav,a police siren is blaring with a high pitch,0.9981154
157867-8-0-0.wav,a police car siren is blaring and a vehicle is passing by,0.9981527
157867-8-0-1.wav,a police siren is blaring and a vehicle is passing by,0.99814403
157867-8-0-10.wav,a police car siren is blaring and a vehicle is passing by,0.9981527
157867-8-0-11.wav,a siren is blaring and a police car is passing by,0.9981207
157867-8-0-12.wav,a police car siren is blaring and a vehicle is passing by,0.9981527
157867-8-0-13.wav,a police car siren is blaring and a vehicle is passing by,0.9981527
157867-8-0-14.wav,a police siren is blaring and a car is driving by,0.99813604
157867-8-0-15.wav,a police car siren is blaring and a vehicle is passing by,0.9981527
157867-8-0-16.wav,a siren is blaring and a police car is passing by,0.9981207
157867-8-0-17.wav,a police siren is blaring and a car is driving by,0.99813604
157867-8-0-18.wav,a police car siren is blaring and a vehicle is passing by,0.9981527
157867-8-0-19.wav,a police siren is blaring and a car is driving by,0.99813604
157867-8-0-2.wav,a police car siren is blaring and a vehicle is passing by,0.9981527
157867-8-0-20.wav,a police car siren is blaring and a vehicle is passing by,0.9981527
157867-8-0-21.wav,a police siren is blaring and a vehicle is passing by,0.99814403
157867-8-0-22.wav,a police siren is blaring and a car is driving by,0.99813604
157867-8-0-23.wav,a police car siren is blaring and a vehicle is passing by,0.9981527
157867-8-0-24.wav,a police siren is blaring and a car is driving by,0.99813604
157867-8-0-25.wav,a police car siren is blaring and a vehicle is passing by,0.9981527
157867-8-0-26.wav,a siren is blaring and a police car is passing by,0.9981207
157867-8-0-27.wav,a siren is blaring and a police car is passing by,0.9981207
157867-8-0-28.wav,a police car siren is blaring and a vehicle is passing by,0.9981527
157867-8-0-3.wav,a police siren is blaring and a vehicle is passing by,0.99814403
157867-8-0-4.wav,a police siren is blaring and a car is driving by,0.99813604
157867-8-0-5.wav,a police car siren is blaring and a vehicle is passing by,0.9981527
157867-8-0-6.wav,a siren is blaring and a police car is passing by,0.9981207
157867-8-0-7.wav,a police car siren is blaring and a vehicle is passing by,0.9981527
157867-8-0-8.wav,a police siren is blaring and a vehicle is passing by,0.99814403
157867-8-0-9.wav,a police siren is blaring and a car is driving by,0.99813604
157868-8-0-0.wav,a siren is blaring and a car alarm goes off,0.99806625
157868-8-0-1.wav,a siren is blaring and a car alarm goes off,0.99806625
157868-8-0-10.wav,a siren is blaring and a car alarm goes off,0.99806625
157868-8-0-11.wav,a siren is blaring and a car alarm goes off,0.99806625
157868-8-0-12.wav,a siren is blaring and a car alarm goes off,0.99806625
157868-8-0-13.wav,a siren is blaring and a car alarm goes off,0.99806625
157868-8-0-14.wav,a siren is blaring and a car alarm goes off,0.99806625
157868-8-0-15.wav,a siren is blaring and a car alarm goes off,0.99806625
157868-8-0-16.wav,a siren is blaring and a car alarm goes off,0.99806625
157868-8-0-17.wav,a siren is blaring and a car alarm goes off,0.99806625
157868-8-0-18.wav,a siren is blaring and a car alarm goes off,0.99806625
157868-8-0-19.wav,a siren is blaring and a car alarm goes off,0.99806625
157868-8-0-2.wav,a siren is blaring and a car alarm goes off,0.99806625
157868-8-0-20.wav,a siren is blaring and a car alarm goes off,0.99806625
157868-8-0-21.wav,a siren is blaring and a car alarm goes off,0.99806625
157868-8-0-22.wav,a siren is blaring and a car alarm goes off,0.99806625
157868-8-0-23.wav,a siren is blaring and a car alarm goes off,0.99806625
157868-8-0-24.wav,a siren is blaring and a car alarm goes off,0.99806625
157868-8-0-25.wav,a siren is blaring and a car alarm goes off,0.99806625
157868-8-0-26.wav,a siren is blaring and a car alarm goes off,0.99806625
157868-8-0-27.wav,a siren is blaring and a car alarm goes off,0.99806625
157868-8-0-3.wav,a siren is blaring and a car alarm goes off,0.99806625
157868-8-0-4.wav,a siren is blaring and a car alarm goes off,0.99806625
157868-8-0-5.wav,a siren is blaring and a car alarm goes off,0.99806625
157868-8-0-6.wav,a siren is blaring and a car alarm goes off,0.99806625
157868-8-0-7.wav,a siren is blaring and a car alarm goes off,0.99806625
157868-8-0-8.wav,a siren is blaring and a car alarm goes off,0.99806625
157868-8-0-9.wav,a siren is blaring and a car alarm goes off,0.99806625
157940-9-0-0.wav,someone is playing a drum with drums in the background,0.9903565
157940-9-0-2.wav,someone is playing a drum while people are talking in the background,0.99109787
157940-9-0-3.wav,a person is playing a drum with drums in the background,0.8431176
157940-9-0-4.wav,someone is playing a drum while people are talking in the background,0.99109787
157940-9-0-5.wav,a drum is being played with drums and people are talking in the background,0.9637064
157940-9-0-6.wav,a drum is being played with drums and people are playing in the background,0.04944525
157950-3-0-0.wav,a dog barking and dogs bark in the background,0.99812275
158593-2-0-0.wav,children and adults are talking in the background,0.0044799554
158593-2-0-31.wav,people are talking and children are playing in the playground,0.0012694647
158593-2-0-43.wav,children are playing and adults are talking in the background,0.0064692087
158593-2-0-47.wav,children and adults are talking and playing in the playground,0.001796144
158593-2-0-52.wav,children are playing and adults are talking in the background,0.0064692087
158593-2-0-54.wav,children are walking and talking in the background and a child is speaking,0.0034520924
158593-2-0-8.wav,people are talking and children are playing in the background,0.0026602861
158597-2-0-16.wav,children are playing and birds are chirping in the background,0.0013307178
158597-2-0-2.wav,birds are chirping and children are laughing and talking in the background,0.0017945596
158597-2-0-3.wav,a group of people are laughing and talking while birds are chirping in the background,0.0012934376
158597-2-0-30.wav,a group of people are talking while a child is speaking in the background,0.0030632159
158597-2-0-33.wav,birds are chirping and children are playing in the playground,0.0011505475
158597-2-0-41.wav,people are talking while birds are chirping in the background,0.0014239053
158597-2-0-57.wav,birds are chirping and people are talking and children are playing,0.0011969227
158597-2-0-85.wav,people are talking and children are playing in the playground,0.0012694647
158607-3-0-0.wav,a dog is barking and birds are chirping in the background,0.9807843
158607-3-1-0.wav,a dog is barking and a car passes by,0.9977397
158607-3-2-0.wav,a dog is barking and a car passes by,0.9977397
158608-8-0-0.wav,a car is driving on a road with a siren blaring,0.99816114
158608-8-0-1.wav,a car is driving on a road with a siren blaring,0.99816114
158608-8-0-10.wav,a car is driving down the road with a siren blaring,0.99817884
158608-8-0-2.wav,a car is driving down the road with a siren blaring,0.99817884
158608-8-0-3.wav,people are talking in the background as a person is walking on a hard surface,0.006589041
158608-8-0-4.wav,people are talking while traffic is passing by in the background,0.005641167
158608-8-0-5.wav,a police car with a siren on is going off,0.9980615
158608-8-0-6.wav,a police car with a siren on a busy street with a vehicle passing by,0.9975508
158608-8-0-7.wav,a police car with a siren is blaring in the background,0.9981218
158608-8-0-8.wav,a siren is blaring and a police car is passing by,0.9981207
158608-8-0-9.wav,a police car with a siren on is going off,0.9980615
158977-6-0-0.wav,a gun is fired in the distance in the background,0.99786586
158978-6-0-0.wav,a gun is fired in the distance with a slight echo in the background,0.99804235
158979-6-0-0.wav,a gun is fired in the distance and then echoes,0.9980716
159176-3-0-0.wav,a dog barking and growling dogs bark at a medium pitch,0.99798214
159439-2-0-0.wav,children are playing and adults are talking and laughing,0.0016042389
159439-2-0-10.wav,children are playing and adults are talking in the background,0.0064691966
159439-2-0-11.wav,children are playing and adults are talking in the background,0.0064691966
159439-2-0-19.wav,children are playing and adults are talking in the background,0.0064691966
159439-2-0-21.wav,a group of people are talking and children are playing,0.0010613331
159439-2-0-29.wav,people are talking and children are playing in the playground,0.0012694647
159439-2-0-30.wav,a crowd of people are talking and a child is shouting,0.9971961
159701-6-0-0.wav,a gun is fired and echoes in the distance,0.9981188
159701-6-1-0.wav,a gun is fired repeatedly in the distance,0.9979361
159701-6-2-0.wav,a gun is fired repeatedly in the distance,0.9979361
159701-6-3-0.wav,a gun is fired repeatedly in the distance,0.9979361
159701-6-4-0.wav,a gun is being fired at a consistent pace,0.0064726914
159701-6-5-0.wav,a gun is fired repeatedly in the distance,0.9979361
159701-6-6-0.wav,a gun is fired repeatedly in the distance,0.9979361
159702-6-0-0.wav,a gun is fired in a dozen gunshots firing shots,0.99796164
159702-6-2-0.wav,a gun is fired in a dozen gunshots,0.99792165
159702-6-3-0.wav,a gun is fired in a dozen gunshots,0.99792165
159702-6-4-0.wav,a gun is fired in a dozen gunshots,0.99792165
159702-6-6-0.wav,a gun is being fired in the distance,0.9980617
159703-6-0-0.wav,a gun is fired in the distance with a slight echo,0.9980995
159704-6-0-0.wav,a gun is fired repeatedly in the distance,0.9979361
159705-6-0-0.wav,a gun is fired repeatedly in the distance,0.9979361
159706-6-0-0.wav,a gun is fired repeatedly in the distance,0.9979361
159707-6-0-0.wav,a gun is fired repeatedly in the distance,0.9979361
159708-6-0-0.wav,a gun is being fired with a dozen gunshots,0.9980438
159708-6-1-0.wav,a gun is being fired with a dozen shots,0.9978942
159708-6-2-0.wav,a gun is being fired repeatedly and is being shot several times,0.9980076
159708-6-3-0.wav,someone is using a piece of paper with a tool,0.0011399633
159708-6-4-0.wav,a gun is being fired in a dozen gunshots,0.998089
159708-6-5-0.wav,a gun is fired and gunshots is firing shots,0.99807644
159710-6-0-0.wav,a gun is fired in a dozen gunshots firing shots,0.99796164
159726-3-0-0.wav,a bird is chirping in the background with a owl hooting in the distance,0.0012770881
159726-3-1-0.wav,an owl hoots in the distance and another bird is chirping in the background,0.0016494768
159735-2-0-11.wav,children are playing and adults are talking in the background,0.0064691966
159735-2-0-121.wav,birds are chirping and children are talking in the distance,0.0010867893
159735-2-0-17.wav,children are playing and adults are talking in the background,0.0064691966
159735-2-0-22.wav,children are playing and adults are talking in the background,0.0064691966
159735-2-0-34.wav,birds are chirping and children are playing in the background,0.0014244703
159735-2-0-80.wav,birds are chirping and children are talking in the background,0.0011933028
159735-2-0-9.wav,children are playing and talking while birds are chirping in the background,0.00608582
159735-2-0-99.wav,a group of children are playing and talking while birds are chirping in the background,0.0029259182
159738-8-0-0.wav,a siren is blaring and a police car is passing by,0.9981207
159738-8-0-1.wav,a siren is blaring in the background as a vehicle drives by,0.998231
159738-8-0-10.wav,a siren is blaring and a police car is passing by,0.9981207
159738-8-0-11.wav,a police siren is blaring and a car is driving by,0.99813604
159738-8-0-12.wav,a police car with a siren on is going off,0.9980615
159738-8-0-13.wav,a police car siren is blaring and a vehicle is driving by,0.9981414
159738-8-0-14.wav,a police car with a siren is going off,0.9980122
159738-8-0-15.wav,a police siren is blaring and a car is driving by,0.99813604
159738-8-0-16.wav,a police car with a siren is blaring and a vehicle is driving by,0.99815196
159738-8-0-17.wav,a siren is blaring and a police car is passing by,0.9981207
159738-8-0-18.wav,a police car with a siren on is going off,0.9980615
159738-8-0-19.wav,a siren is blaring and a vehicle is passing by,0.9981602
159738-8-0-2.wav,a siren is blaring and a police car is passing by,0.9981207
159738-8-0-3.wav,a siren is blaring and a vehicle is passing by,0.9981602
159738-8-0-4.wav,a siren is blaring and a police car is passing by,0.9981207
159738-8-0-5.wav,a siren is blaring and a police car is passing by,0.9981207
159738-8-0-6.wav,a siren is blaring and a police car is driving by,0.99813926
159738-8-0-7.wav,a siren is blaring and a police car is passing by,0.9981207
159738-8-0-8.wav,a police siren is blaring and a car is driving by,0.99813604
159738-8-0-9.wav,a siren is blaring and a vehicle is passing by,0.9981602
159742-8-0-0.wav,a police siren is blaring and a vehicle is passing by,0.99814403
159742-8-0-1.wav,a police siren is blaring and a vehicle is passing by,0.99814403
159742-8-0-10.wav,a police car with a siren on and a vehicle passing by,0.99790585
159742-8-0-11.wav,a police car is driving on a road with a siren blaring,0.9981275
159742-8-0-12.wav,a police car with a siren is going off,0.9980122
159742-8-0-13.wav,an emergency vehicle is passing by and a siren is blaring,0.99806005
159742-8-0-14.wav,an engine is running and a siren is going off,0.99577504
159742-8-0-2.wav,a police siren is blaring and a vehicle is passing by,0.99814403
159742-8-0-3.wav,a siren is blaring and a car alarm goes off,0.99806625
159742-8-0-4.wav,a siren is blaring and a car alarm goes off in the distance,0.99811065
159742-8-0-5.wav,a police car with a siren is blaring,0.99808794
159742-8-0-6.wav,a police car siren is blaring and a vehicle is passing by,0.9981527
159742-8-0-7.wav,a siren is blaring and a car alarm goes off,0.99806625
159742-8-0-8.wav,a siren is blaring and a police car is passing by,0.9981207
159742-8-0-9.wav,a police car with a siren is going off,0.9980122
159743-8-0-0.wav,a police car siren is blaring and it gets louder,0.9981304
159744-8-0-0.wav,a police car siren is blaring and a vehicle is passing by,0.9981527
159744-8-0-1.wav,a police car siren is blaring with a high pitch,0.9981179
159744-8-0-10.wav,a police car with a siren is blaring and a vehicle is driving by,0.99815196
159744-8-0-11.wav,a police car with a siren is going off and on,0.99809605
159744-8-0-12.wav,a car is driving on a road with a siren blaring,0.99816114
159744-8-0-13.wav,a siren is blaring and a vehicle is passing by,0.9981602
159744-8-0-2.wav,a police car siren is blaring and it gets louder,0.9981304
159744-8-0-3.wav,a police car siren is blaring and it gets louder,0.9981304
159744-8-0-4.wav,a police car siren is blaring and a vehicle is passing by,0.9981527
159744-8-0-5.wav,a police car siren is blaring and a vehicle is passing by,0.9981527
159744-8-0-6.wav,a police car siren is blaring and a vehicle is passing by,0.9981527
159744-8-0-7.wav,a police car siren is blaring and a vehicle is passing by,0.9981527
159744-8-0-8.wav,a police car siren is blaring and a vehicle is passing by,0.9981527
159744-8-0-9.wav,a police siren is blaring with sirens and emergency vehicles,0.9980958
159745-8-0-0.wav,a police siren is blaring with sirens and emergency alarm,0.998133
159745-8-1-0.wav,a car is driving on a road with a police siren,0.9976878
159745-8-1-1.wav,a police car with a siren is going on and on,0.99816304
159745-8-1-2.wav,a police car with a siren going off,0.9978878
159745-8-1-3.wav,a police car with a siren is going off,0.9980122
159745-8-1-4.wav,a siren is blaring and a vehicle is passing by,0.9981602
159745-8-1-5.wav,a police car with a siren on is going off,0.9980615
159745-8-1-6.wav,a police car with a siren blaring and a vehicle passing by,0.9980842
159745-8-1-7.wav,a police car with a siren on is going off,0.9980615
159747-8-0-0.wav,a siren is blaring and a car alarm goes off,0.99806625
159747-8-0-1.wav,a police car alarm is sounding in the background,0.99809736
159747-8-0-10.wav,a police car alarm is going off while a siren is blaring,0.99810636
159747-8-0-11.wav,a police car siren is blaring and a vehicle is driving by,0.9981414
159747-8-0-12.wav,a police car siren is blaring and a vehicle is passing by,0.9981527
159747-8-0-13.wav,a police car siren is blaring and a vehicle is driving by,0.9981414
159747-8-0-14.wav,a police car siren is blaring and a vehicle is passing by,0.9981527
159747-8-0-15.wav,a police car with a siren is going on and on,0.99816304
159747-8-0-16.wav,a police car with a siren is blaring and a vehicle is driving by,0.99815196
159747-8-0-17.wav,a police car is driving on the road with a siren blaring,0.99810684
159747-8-0-18.wav,a vehicle is driving by and a motorcycle is passing by,0.0013005766
159747-8-0-19.wav,a car is driving on a road with a siren blaring,0.99816114
159747-8-0-2.wav,a siren is blaring and a car alarm goes off,0.99806625
159747-8-0-20.wav,a police car with a siren blaring in the background,0.99810374
159747-8-0-21.wav,a siren is blaring and a police car is passing by,0.9981207
159747-8-0-3.wav,a police car siren is blaring and a vehicle is passing by,0.9981527
159747-8-0-4.wav,a police car siren is blaring with traffic noise in the background,0.9981674
159747-8-0-5.wav,a siren is blaring and a car alarm goes off,0.99806625
159747-8-0-6.wav,a police car siren is blaring and it gets louder,0.9981304
159747-8-0-7.wav,a police car siren is blaring and it gets louder,0.9981304
159747-8-0-8.wav,a police car siren is blaring and it gets louder,0.9981304
159747-8-0-9.wav,a police car siren is blaring with a high pitch,0.9981179
159748-8-0-0.wav,a police car with a siren is going off,0.9980122
159748-8-0-1.wav,a police car with a siren on and a vehicle passing by,0.99790585
159748-8-0-2.wav,a police car with a siren going off in the background,0.9980829
159748-8-0-3.wav,a police car is driving on a race track,0.0060598706
159748-8-0-4.wav,a police car is driving on a road with a siren blaring,0.9981275
159748-8-0-5.wav,a police siren is blaring and a car is driving by,0.99813604
159748-8-0-6.wav,a police car with a siren on is going off,0.9980615
159748-8-0-7.wav,a police siren is blaring and a car is driving by,0.99813604
159748-8-0-8.wav,a police siren is blaring and a car is driving by,0.99813604
159748-8-0-9.wav,a police siren is blaring and a car is driving by,0.99813604
159748-8-1-0.wav,a siren is blaring and a police car alarm is going off,0.9980495
159748-8-2-0.wav,a race car is driving on a track and a motorcycle is revving,0.0012126861
159748-8-2-1.wav,a police car is driving on a road with a siren on,0.99770594
159748-8-2-2.wav,a police car is driving on a race track,0.0060598706
159748-8-2-3.wav,a police car is driving on the road with a siren on,0.9976751
159748-8-2-4.wav,a police car with a siren is going off,0.9980122
159748-8-2-5.wav,a police car with a siren on is going off,0.9980615
159748-8-2-6.wav,a police siren is blaring and a car is driving by,0.99813604
159748-8-2-7.wav,a police car with a siren on is going off,0.9980615
159748-8-2-8.wav,a police car with a siren is blaring in the background,0.9981218
159750-8-0-0.wav,a police car with a siren is blaring and a vehicle is driving by,0.99815196
159750-8-0-1.wav,a police siren is blaring and a car is driving by,0.99813604
159750-8-0-2.wav,a police car with a siren is blaring and a vehicle is driving by,0.99815196
159750-8-0-3.wav,a police siren is blaring and a car is driving by,0.99813604
159750-8-0-4.wav,a police car with a siren blaring and a vehicle driving by,0.99807066
159750-8-0-5.wav,a police car with a siren is blaring and a vehicle is driving by,0.99815196
159750-8-0-6.wav,a siren is blaring and a police car is passing by,0.9981207
159750-8-0-7.wav,a police siren is blaring and a car is driving by,0.99813604
159750-8-0-8.wav,a police siren is blaring with sirens and emergency vehicles,0.9980958
159751-8-0-0.wav,a police car is driving on a road with a siren blaring,0.9981275
159751-8-0-1.wav,a police car is driving on a road with a siren,0.99777526
159751-8-0-10.wav,a police siren is blaring and a car is driving by,0.99813604
159751-8-0-11.wav,a police car with a siren is going off,0.9980122
159751-8-0-12.wav,a police car with a siren is going off and on,0.99809605
159751-8-0-13.wav,a police siren is blaring with sirens and a car driving by,0.99814844
159751-8-0-14.wav,a police car with a siren is going off,0.9980122
159751-8-0-15.wav,a police car is driving on a race track,0.0060598706
159751-8-0-16.wav,a race car is driving on the road with a revving engine,0.0011143199
159751-8-0-17.wav,a police car is driving on a race track,0.0060598706
159751-8-0-18.wav,a police car is driving on a road with a siren on,0.99770594
159751-8-0-19.wav,a police car is driving on a road with a siren blaring,0.9981275
159751-8-0-2.wav,a police car with a siren is blaring and a vehicle is driving by,0.99815196
159751-8-0-20.wav,a police car is driving on a road with a siren blaring,0.9981275
159751-8-0-21.wav,a police siren is blaring with sirens and emergency vehicles,0.9980958
159751-8-0-3.wav,a police car with a siren on is going off,0.9980615
159751-8-0-4.wav,a police car with a siren on is blaring,0.9981504
159751-8-0-5.wav,a police car with a siren on is going off,0.9980615
159751-8-0-6.wav,a police car with a siren on is going off,0.9980615
159751-8-0-7.wav,a police car with a siren on is going off,0.9980615
159751-8-0-8.wav,a police siren is blaring with sirens and emergency vehicles,0.9980958
159751-8-0-9.wav,a police car with a siren on is going off,0.9980615
159752-8-0-0.wav,a police car is driving on a road with a siren blaring,0.9981275
159752-8-0-1.wav,a police car is driving on a race track,0.006059868
159752-8-0-10.wav,a police siren is blaring with sirens and emergency vehicles,0.9980958
159752-8-0-11.wav,a police siren is going off with a high pitch,0.9981475
159752-8-0-12.wav,a police car with a siren on is blaring,0.9981504
159752-8-0-2.wav,a police car is driving on a race track with a siren on,0.9963791
159752-8-0-3.wav,a police car is driving on a road with a siren on a vehicle,0.99704057
159752-8-0-4.wav,a police car is driving on a road with a siren blaring,0.9981275
159752-8-0-5.wav,a police car with a siren is going off,0.9980122
159752-8-0-6.wav,a police car with a siren on is going off,0.9980615
159752-8-0-7.wav,a police siren is blaring with sirens and emergency vehicles driving by,0.9980976
159752-8-0-8.wav,a police siren is blaring and a car is driving by,0.99813604
159752-8-0-9.wav,a police siren is blaring and a car is driving by,0.99813604
159752-8-1-0.wav,a siren is blaring and a car alarm goes off,0.99806625
159752-8-2-0.wav,a police car with a siren is going on and on,0.99816304
159752-8-2-1.wav,a police car with a siren is going on and on,0.99816304
159752-8-2-2.wav,a police car is driving on a road with a siren,0.99777526
159752-8-2-3.wav,a police car is driving on a road with a siren on,0.99770594
159753-8-0-0.wav,a siren is blaring and a police car is driving by,0.99813926
159753-8-0-1.wav,a siren is blaring and a police car alarm is sounding,0.9980679
159753-8-0-2.wav,a siren is blaring and a police car is driving by,0.99813926
159753-8-0-3.wav,a siren is blaring and a police car alarm is sounding,0.9980679
159753-8-0-4.wav,a siren is blaring and a police car horn is sounding,0.99812776
159753-8-0-5.wav,a siren is blaring and a police car is driving by,0.99813926
159753-8-0-6.wav,a siren is blaring and a police car alarm is sounding,0.9980679
159754-8-0-0.wav,a siren is beeping with a high pitch,0.99806637
159754-8-1-0.wav,a siren is blaring with a high pitched tone,0.9981414
159754-8-2-0.wav,a police siren is sounding with sirens and emergency alarm,0.99799395
159754-8-3-0.wav,a police siren is blaring with a high pitch,0.9981154
159754-8-4-0.wav,a siren is blaring and a police car is driving by,0.99813926
159755-8-0-0.wav,a siren is blaring and a car is driving by,0.9981585
159755-8-0-1.wav,a police car siren is blaring and a vehicle is passing by,0.9981527
159755-8-0-2.wav,a police car with a siren on is going off,0.9980615
159755-8-0-3.wav,a siren is blaring and a police car is passing by,0.9981207
159761-0-0-0.wav,a fire crackles in the background as rain drops onto the ground,0.9971221
159761-0-0-1.wav,a fire crackles in the background as rain falls,0.99283844
159761-0-0-2.wav,a fire crackles in the background as rain patters down,0.99720275
159761-0-0-3.wav,a fire crackles in the background as rain falls,0.99283844
159761-0-0-4.wav,rain is falling down onto the roof of a house,0.0008581479
159761-0-0-5.wav,rain is falling down onto a roof and the water is dripping,0.00091416144
159761-0-0-6.wav,rain is pouring down on the roof of a house,0.0008243427
159761-0-0-7.wav,rain is pouring down on a roof and the water is dripping down,0.0008949183
159761-0-0-8.wav,rain falls steadily and hits the ground below,0.0016239531
160009-2-0-1.wav,children are playing on a playground while adults are talking and laughing,0.0015800063
160009-2-0-11.wav,children are playing and adults are talking in the playground,0.0014379827
160009-2-0-22.wav,children are playing and adults are talking and laughing,0.0016042375
160009-2-0-30.wav,children are playing and screaming while adults are talking and laughing,0.9978301
160009-2-0-31.wav,children are playing and adults are talking in the background,0.0064692087
160009-2-0-47.wav,children are playing and adults are talking in the playground,0.0014379827
160009-2-0-5.wav,children are playing and kids are screaming and shouting,0.9979305
160009-2-0-50.wav,children are playing and adults are talking in the background,0.0064692087
160010-2-0-19.wav,children are playing and adults are talking in the background,0.0064692087
160010-2-0-21.wav,a group of people are talking and walking on a hard surface,0.0011196219
160010-2-0-30.wav,a man is speaking while a ball is being hit,0.02882354
160010-2-0-32.wav,a group of people are talking and clapping,0.0009828861
160010-2-0-33.wav,a group of people are talking and clapping,0.0009828861
160010-2-0-37.wav,a group of people are talking while a ball is bouncing,0.0017300795
160010-2-0-38.wav,a group of people are talking and clapping,0.0009828861
160010-2-0-49.wav,children are playing and adults are talking in the background,0.0064692087
160011-2-0-0.wav,children are playing and adults are talking in the background,0.0064691966
160011-2-0-1.wav,a bird is chirping while people are talking in the background,0.0020446037
160011-2-0-12.wav,children are playing and adults are talking in the background,0.0064691966
160011-2-0-3.wav,a bird is chirping and people are talking in the background,0.0010424963
160011-2-0-34.wav,a person is walking on a hard surface while people are talking in the background,0.59440327
160011-2-0-5.wav,children are playing and adults are talking in the background,0.0064691966
160011-2-0-7.wav,people are talking while children are playing in the background,0.015580949
160011-2-0-9.wav,a bird is chirping and a child is talking in the background,0.0025861263
160016-2-0-13.wav,traffic is passing by and people are talking in the background,0.0021224108
160016-2-0-25.wav,children and adults are talking in the background and a car drives by,0.9342507
160016-2-0-26.wav,people are talking while traffic is passing by,0.0017519313
160016-2-0-37.wav,children are playing and adults are talking in the background,0.0064691966
160016-2-0-40.wav,children are playing and adults are talking in the background,0.0064691966
160016-2-0-5.wav,people are talking in the background as a car passes by,0.017939914
160016-2-0-8.wav,a car drives by and a siren is blaring,0.998123
160366-3-0-13.wav,dogs are barking and a dog barks in the background,0.99737406
160366-3-0-4.wav,a dog is barking in the background while a bird is chirping in the distance,0.88037485
160366-3-0-7.wav,a dog is barking and dogs are howling in the distance,0.97482544
160366-3-0-8.wav,a dog is barking and a bird is chirping in the background,0.99575317
160575-3-0-0.wav,a bird is chirping and a person is shuffling through a piece of paper,0.0012849359
160575-3-1-0.wav,a bird is chirping and a dog is barking in the background,0.99383545
160575-3-4-0.wav,a dog is barking and a bird is chirping in the background,0.99575317
160575-3-7-0.wav,a bird is chirping and whistling in the background,0.6424879
161005-2-0-0.wav,a crowd of people are talking and yelling,0.90516317
161005-2-0-12.wav,children are playing and adults are talking and kids are shouting,0.35511717
161005-2-0-14.wav,people are talking and children are playing in the background,0.0026602861
161005-2-0-19.wav,children are playing and adults are talking in the background,0.0064691966
161005-2-0-27.wav,children are playing and adults are talking in the background,0.0064691966
161005-2-0-28.wav,children are playing and adults are talking in the background,0.0064691966
161005-2-0-4.wav,people are talking while children are playing in the background,0.015580949
161005-2-0-6.wav,children and adults are talking and a cat is meowing,0.00090658735
161129-4-0-1.wav,a machine is running at a constant speed and steady,0.0008312711
161129-4-0-10.wav,a machine is running at a constant speed and then stops,0.00080265966
161129-4-0-11.wav,a person is using a tool to cut up a piece of wood,0.00525545
161129-4-0-12.wav,a person is using a chainsaw to cut something,0.9976482
161129-4-0-13.wav,a machine is running at a constant speed and then it is turned off,0.00079954905
161129-4-0-15.wav,a person is using a tool to cut something,0.002551257
161129-4-0-16.wav,a person is using a tool to cut something,0.002551257
161129-4-0-19.wav,a person is using a tool to cut something,0.002551257
161129-4-0-2.wav,a machine is running at a constant speed,0.0008257412
161129-4-0-20.wav,a person is using a tool to cut something,0.002551257
161129-4-0-3.wav,a machine is running at a constant speed and then stops,0.00080265966
161129-4-0-4.wav,a machine is running at a constant speed and then stops,0.00080265966
161129-4-0-5.wav,a person is using a tool to cut something,0.002551257
161129-4-0-6.wav,a person is using a tool to cut something,0.002551257
161129-4-0-7.wav,a person is using a tool to cut up a piece of wood,0.00525545
161129-4-0-8.wav,a person is using a tool to cut up a piece of wood,0.00525545
161129-4-0-9.wav,a machine is running at a constant speed and then stops,0.00080265966
161195-6-0-0.wav,a gun is fired and gunshots firing shots in the distance,0.99800617
161702-9-0-26.wav,a person is playing a guitar with a musical instrument,0.0014753016
161702-9-0-30.wav,a person is playing a guitar with a musical instrument,0.0014753016
161702-9-0-37.wav,a person is playing a guitar while a man is speaking in the background,0.93931353
161702-9-0-45.wav,a person is playing a guitar with a musical instrument in the background,0.024836162
161702-9-0-6.wav,a person is playing a musical instrument in the background,0.08164828
161702-9-0-8.wav,a person is playing a guitar with a song in the background,0.8952928
161922-3-1-4.wav,birds are chirping and dogs are barking in the background,0.0028236934
161922-3-1-5.wav,a dog is barking and birds are chirping in the background,0.9807844
161922-3-1-6.wav,a dog is barking and birds are chirping in the background,0.9807844
161922-3-2-0.wav,a dog is barking and birds are chirping in the background,0.9807844
161923-3-0-0.wav,a dog is barking and growling in the background,0.9981376
161923-3-0-12.wav,a dog is barking and growling in the background,0.9981376
161923-3-0-19.wav,a dog is barking in the background and a cat is purring,0.9950653
161923-3-0-5.wav,a quiet whooshing occurs and is followed by a low hum,0.997813
162103-0-0-0.wav,a machine is running at a constant speed and then it is raining,0.0007931526
162103-0-0-1.wav,a machine is running at a constant speed and a motor is in the background,0.000888184
162103-0-0-10.wav,a machine is running at a constant speed and a motor is in the background,0.000888184
162103-0-0-11.wav,a machine is running at a constant speed and volume,0.00081656186
162103-0-0-12.wav,a machine is running at a constant speed and a train is passing by,0.00085475115
162103-0-0-13.wav,a machine is running at a constant speed and a train is passing by,0.00085475115
162103-0-0-14.wav,a machine is running at a constant speed and volume,0.00081656186
162103-0-0-15.wav,a machine is running at a constant speed and then it is raining,0.0007931522
162103-0-0-16.wav,a machine is running at a constant speed and steady,0.0008312715
162103-0-0-17.wav,a machine is running at a constant speed and volume,0.00081656186
162103-0-0-2.wav,a machine is running at a constant speed and then it is raining,0.0007931522
162103-0-0-3.wav,a machine is running at a constant speed and a motor is in the background,0.000888184
162103-0-0-4.wav,a machine is running at a constant speed and a motor is in the background,0.000888184
162103-0-0-5.wav,a machine is running at a constant speed and steady,0.0008312715
162103-0-0-6.wav,a machine is running at a constant speed and steady,0.0008312715
162103-0-0-7.wav,a machine is running at a constant speed and volume,0.00081656186
162103-0-0-8.wav,a machine is running at a constant speed and volume,0.00081656186
162103-0-0-9.wav,a machine is running at a constant speed and a motor is in the background,0.000888184
162134-7-0-0.wav,a jackhammer is being used to cut a piece of metal,0.997707
162134-7-0-1.wav,a machine is running at a constant speed and then it stops,0.00080635404
162134-7-0-2.wav,a machine is running at a constant speed and then stops,0.00080265966
162134-7-1-0.wav,a machine is running and then it stops and starts again,0.00083469885
162134-7-10-0.wav,a jackhammer pounds against another piece of metal in a circular saw,0.9977576
162134-7-10-1.wav,a jackhammer pounds against a hard surface at a high speed,0.9962368
162134-7-10-2.wav,a jackhammer pounds against a metal object in the background,0.9979722
162134-7-10-3.wav,a jackhammer pounds against a hard surface at a high speed,0.9962368
162134-7-11-0.wav,a jackhammer is being used to cut a piece of wood,0.9977695
162134-7-11-1.wav,a jackhammer is being used to cut up a piece of wood,0.99780875
162134-7-11-2.wav,a jackhammer is running loudly in a high pitched tone,0.9980388
162134-7-11-3.wav,a jackhammer is being used to cut up a piece of metal,0.99778265
162134-7-11-4.wav,a jackhammer pounds against another piece of metal in the background,0.99798846
162134-7-11-5.wav,a jackhammer pounds against a metal object in the background,0.9979722
162134-7-11-6.wav,a jackhammer pounds against a metal object in the background,0.9979722
162134-7-11-7.wav,a jackhammer pounds against another piece of metal in a factory,0.99774545
162134-7-12-0.wav,a jackhammer pounds against a metal object in a workshop,0.995795
162134-7-12-1.wav,a jackhammer is running loudly in a workshop,0.9978817
162134-7-12-2.wav,a jackhammer pounds against a metal object in the background,0.9979722
162134-7-12-3.wav,a jackhammer is running loudly and consistently hitting against another piece of metal,0.9981477
162134-7-12-4.wav,a jackhammer pounds against a metal object in the background,0.9979722
162134-7-13-0.wav,a jackhammer pounds against a metal object in a circular motion,0.9974023
162134-7-13-1.wav,a jackhammer pounds against a metal object at a fast pace,0.9969416
162134-7-13-2.wav,a machine is running at a constant speed and then stops,0.00080265966
162134-7-13-3.wav,a jackhammer pounds against a metal object in a circular motion,0.9974023
162134-7-13-4.wav,a machine is running and making a loud noise,0.00093244633
162134-7-14-0.wav,a jackhammer pounds against a hard surface at a high speed,0.9962368
162134-7-14-1.wav,a jackhammer pounds against another piece of metal in a workshop,0.9976342
162134-7-14-2.wav,a jackhammer pounds against another piece of metal in a circular saw,0.9977576
162134-7-15-0.wav,a jackhammer pounds against a metal object at a fast pace,0.9969416
162134-7-15-1.wav,a machine is running at a constant speed and then it stops,0.00080635404
162134-7-15-2.wav,a jackhammer is being used to cut up a piece of wood,0.99780875
162134-7-15-3.wav,a jackhammer is being used to cut up a piece of metal,0.99778265
162134-7-15-4.wav,a jackhammer is being used to cut a piece of metal,0.9977069
162134-7-16-0.wav,a machine is running at a constant speed and then it stops,0.00080635404
162134-7-16-1.wav,a jackhammer pounds against a metal object in the background,0.9979722
162134-7-17-0.wav,a machine is running at a constant speed and then stops,0.00080265966
162134-7-17-1.wav,a machine is running at a constant speed and then stops,0.00080265966
162134-7-17-2.wav,a machine is running at a constant speed and then stops,0.00080265966
162134-7-17-3.wav,a machine is running at a constant speed,0.0008257412
162134-7-17-4.wav,a machine is running at a constant speed and then stops,0.00080265966
162134-7-2-0.wav,a machine is running at a constant speed and then it stops,0.00080635404
162134-7-3-0.wav,a piece of metal is being struck by a machine,0.0025974978
162134-7-4-0.wav,a person is using a tool to sharpen a hammer,0.001834203
162134-7-5-0.wav,a person is using a tool to cut something on a piece of wood,0.0062640077
162134-7-6-0.wav,a person is using a hammer against metal in the background,0.8406887
162134-7-7-0.wav,someone is using a hammer to cut down a piece of wood,0.62896377
162134-7-7-1.wav,a machine is running at a constant speed and then stops,0.00080265966
162134-7-8-0.wav,a jackhammer pounds against another hard object at a fast pace,0.99702495
162134-7-8-1.wav,a jackhammer pounds against a metal object in the background,0.9979722
162134-7-8-2.wav,a jackhammer pounds against a hard surface at a steady pace,0.804019
162134-7-8-3.wav,a jackhammer pounds against a hard surface at a constant speed,0.9913544
162134-7-8-4.wav,a jackhammer pounds against a hard surface at a steady pace,0.804019
162134-7-8-5.wav,a jackhammer pounds against a hard surface at a constant speed,0.9913544
162134-7-8-6.wav,a jackhammer pounds against a hard surface at a fast pace,0.7058074
162134-7-8-7.wav,a jackhammer pounds against a hard surface continuously,0.9828063
162134-7-9-0.wav,a jackhammer pounds against another piece of metal in a factory,0.99774545
162134-7-9-1.wav,a machine is running at a high speed and then stops,0.0008126322
162134-7-9-2.wav,a jackhammer pounds against a metal object at a fast pace,0.9969416
162134-7-9-3.wav,a jackhammer pounds against a construction site in the background,0.9968131
162134-7-9-4.wav,a jackhammer pounds against a hard surface at a high speed,0.9962368
162148-3-0-0.wav,a dog barking dogs bark at a medium barks,0.02169657
162318-2-0-17.wav,children are playing and adults are talking in the background,0.0064692087
162318-2-0-25.wav,children are playing and adults are talking in the background,0.0064692087
162318-2-0-34.wav,a group of people are talking in the background,0.0014614314
162318-2-0-38.wav,people are talking and children are playing in the playground,0.0012694647
162318-2-0-39.wav,a group of people are talking and laughing in a public place,0.001162636
162318-2-0-40.wav,a group of people are talking and laughing with each other in the background,0.0019048207
162318-2-0-55.wav,children are playing and adults are talking in the playground,0.0014379827
162318-2-0-7.wav,children are playing and adults are talking in the background,0.0064692087
162431-6-0-0.wav,a gun is being fired repeatedly in a repeated fashion,0.99797624
162431-6-1-0.wav,a gun is being fired repeatedly in a repeated fashion,0.99797624
162431-6-2-0.wav,a gun is being fired and gunshots are being shot,0.99823546
162431-6-3-0.wav,a gun is being fired repeatedly and is being shot several times,0.9980076
162432-6-0-0.wav,a gun is fired repeatedly and is shot several times,0.9977786
162432-6-1-0.wav,a gun is being fired repeatedly and is shot several times,0.9979634
162432-6-10-0.wav,a gun is being fired repeatedly in a repeated fashion,0.99797624
162432-6-11-0.wav,a gun is being fired repeatedly in a repeated fashion,0.99797624
162432-6-12-0.wav,a gun is being fired repeatedly and is shot several times,0.9979634
162432-6-13-0.wav,a gun is being fired and a shot is being broken,0.9981704
162432-6-14-0.wav,a gun is being fired repeatedly and a person is firing a swatting object,0.99794847
162432-6-2-0.wav,a gun is being fired repeatedly and is being shot several times,0.9980076
162432-6-3-0.wav,a gun is being fired repeatedly and is shot several times,0.9979634
162432-6-4-0.wav,a gun is being fired repeatedly in a repeated fashion,0.99797624
162432-6-5-0.wav,a gun is being fired repeatedly in a repeated fashion,0.99797624
162432-6-6-0.wav,a gun is being fired repeatedly and is being shot several times,0.9980076
162432-6-7-0.wav,a man is speaking and then a gun is fired,0.99788636
162432-6-8-0.wav,a gun is being fired repeatedly in a repeated fashion,0.99797624
162432-6-9-0.wav,a gun is being fired at a steady pace,0.008768841
162433-6-0-0.wav,a gun is being fired repeatedly and is being shot several times,0.9980076
162433-6-1-0.wav,a gun is fired gunshots and a shot is firing shots,0.99815184
162433-6-2-0.wav,a gun is being fired and a shot is gunshots,0.99820673
162433-6-3-0.wav,a gun is fired gunshots shot shots and a gunshot is firing,0.9981446
162433-6-4-0.wav,a gun is fired gunshots and a shot is firing,0.99815625
162433-6-5-0.wav,a gun is fired gunshots and a shot is firing,0.99815625
162433-6-6-0.wav,a gun is fired gunshots and a shot is firing shots,0.99815184
162433-6-7-0.wav,a gun is fired gunshots and a shot is firing,0.99815625
162433-6-8-0.wav,a gun is fired gunshots firing shots shot a gunshot,0.9981261
162434-6-1-0.wav,a gun is being shot several times and a few gunshots are being fired,0.9982218
162434-6-2-0.wav,someone is hitting a gun repeatedly and a door is being slammed shut,0.99791867
162435-6-0-0.wav,a gun is being fired repeatedly in a repeated fashion,0.99797624
162435-6-1-0.wav,a gun is being fired repeatedly in a repeated fashion,0.99797624
162435-6-2-0.wav,a gun is being fired repeatedly and then hit several times,0.9980299
162436-6-0-0.wav,a gun is being fired repeatedly in the distance,0.9981084
162540-1-0-0.wav,a car horn honking horns honk and honks,0.9980666
162540-1-1-0.wav,a car horn honking horns honk and a whistle honks,0.9980768
162540-1-2-0.wav,a car horn honking horns honk and traffic honks,0.9980786
162541-1-0-0.wav,a car horn is honking at a horns,0.99826944
162541-1-1-0.wav,a person is playing a musical instrument,0.0011525458
162541-1-2-0.wav,a car horn is honking while a siren is being played,0.9982345
162702-1-1-0.wav,a siren is blaring and a car horn is honking,0.9980531
162703-1-0-0.wav,a car horn is honking while cars are passing by,0.9981735
162728-1-0-0.wav,a car horn honking horns honk and traffic honks,0.9980786
164053-8-0-0.wav,a police car with a siren blaring in the background,0.99810374
164053-8-1-0.wav,a police car with a siren blaring in the background,0.99810374
164053-8-2-0.wav,a siren is blaring and a police car alarm is going off,0.9980495
164053-8-2-1.wav,a siren is blaring and a police car alarm is going off,0.9980495
164053-8-2-2.wav,a police car with a siren blaring in the background,0.99810374
164053-8-2-3.wav,a police car with a siren going off,0.9978878
164053-8-3-0.wav,a siren is blaring in the background as a car drives by,0.9982439
164194-2-0-10.wav,a group of people are talking and laughing,0.0012851317
164194-2-0-11.wav,a group of children are shouting and yelling,0.99681866
164194-2-0-14.wav,children are playing and adults are talking and laughing,0.0016042375
164194-2-0-18.wav,children are playing and adults are talking in the background,0.0064692087
164194-2-0-24.wav,a person is walking through the woods with footsteps in the background,0.26914835
164194-2-0-26.wav,a group of people are talking and walking around,0.0011725265
164194-2-0-29.wav,a group of people are talking and children are playing,0.0010613331
164194-2-0-7.wav,people are talking and walking in a public place,0.0012407133
164311-3-0-0.wav,a dog barks and growls and whines at a steady pace,0.9972052
164311-3-1-0.wav,a dog barking and dogs bark in the background,0.99812275
164312-3-0-0.wav,a dog is barking and growling at a medium pitch,0.99817574
164312-3-1-0.wav,a dog is barking loudly and sporadically in the background,0.9981457
164312-3-3-0.wav,a dog barking and dogs bark at the same time,0.9981579
164312-3-4-0.wav,a dog is barking and a door is being opened and closed,0.4897016
164344-9-0-0.wav,a crowd of people are talking and a drum is being played,0.0041086576
164344-9-0-26.wav,a large group of people are singing and music is playing in the background,0.003931209
164344-9-0-38.wav,a crowd of people are talking while music is playing in the background,0.81249833
164344-9-0-39.wav,a crowd of people are talking while music is playing in the background,0.81249833
164344-9-0-40.wav,a group of people are talking and a crowd is cheering,0.0013827197
164344-9-0-44.wav,a crowd of people are talking while music is playing,0.0065152273
164377-9-0-16.wav,a person is playing a song with a guitar,0.008554314
164377-9-1-15.wav,a person is playing a drum while a man is speaking,0.009010874
164377-9-1-3.wav,a person is playing a song with a guitar,0.008554314
164377-9-1-36.wav,a person is playing a drum while a man is singing,0.084662326
164377-9-1-43.wav,a person is playing a drum while a man is singing,0.084662326
164377-9-1-50.wav,a person is playing a drum while a music is being played,0.007884342
164377-9-1-92.wav,a person is playing a song with a drum,0.0350497
164625-1-0-0.wav,a horn is honking and a trumpet is playing,0.99820447
164626-1-0-0.wav,a horn honks and horns honking a short blast and a car honk and a,0.9980281
164627-1-0-0.wav,a horn is being blown with a few horns,0.9931049
164646-6-0-0.wav,a gun is fired and gunshots firing shots and shooting,0.99804974
164667-6-0-0.wav,a gun is fired and gunshots firing shots a shot is shooting,0.99813265
164782-8-0-0.wav,a vehicle is driving down the road with a siren blaring,0.9981597
164782-8-0-1.wav,a car drives by and a siren blares in the distance,0.9982395
164782-8-0-2.wav,a car drives by and a bird is chirping,0.0013389342
164782-8-0-3.wav,birds are chirping and a vehicle is passing by,0.0010214894
164782-8-0-4.wav,birds are chirping in the background as a car passes by,0.0015825822
164782-8-0-5.wav,a bird is chirping in the background while a siren blares in the distance,0.9973122
164782-8-0-6.wav,birds are chirping in the background as a car drives by,0.0018178506
164782-8-0-7.wav,a bird is chirping while a siren is blaring in the background,0.9981415
164797-2-0-16.wav,a siren wails in the distance as an emergency vehicle passes by,0.997948
164797-2-0-29.wav,people are talking in the background while a fan is blowing,0.44357967
164797-2-0-32.wav,people are talking in the background while a fan is blowing,0.44357967
164797-2-0-44.wav,children are playing in a park and adults are talking,0.0025380382
164797-2-0-47.wav,people are talking in the background while a bird is chirping,0.0017043776
164797-2-0-50.wav,children are playing and adults are talking in the background,0.0064691966
164797-2-0-8.wav,a siren is blaring while a police car is passing by,0.9981572
165039-7-0-0.wav,a motorcycle engine is idling and then it gets louder,0.99818546
165039-7-1-0.wav,a machine is running at a constant speed and then it slows down,0.00080455345
165039-7-10-0.wav,a machine is running at a constant speed and then it slows down,0.00080455345
165039-7-10-1.wav,a machine is running at a constant speed and then stops,0.00080265966
165039-7-11-0.wav,a machine is running at a fast pace and then slowly comes to a stop,0.0008726868
165039-7-12-0.wav,a machine gun fires up and then slows down,0.81693125
165039-7-12-1.wav,a machine is running at a constant speed and then stops,0.00080265966
165039-7-13-0.wav,a machine is running at a constant speed and then a gun is fired,0.0027620215
165039-7-14-0.wav,a train is moving down the tracks and the engine is whirring,0.00086671155
165039-7-15-0.wav,a motorcycle engine is revved up and then started again,0.00091014017
165039-7-15-1.wav,a motorcycle engine is running and then it gets closer and then farther away,0.0009869339
165039-7-16-0.wav,a machine is running at a constant speed and then it slows down,0.00080455345
165039-7-17-0.wav,a machine is running at a fairly fast speed,0.00087365153
165039-7-17-1.wav,a machine is running at a fairly fast speed and then it slows down,0.00081299787
165039-7-2-0.wav,a machine is running at a constant speed and then it gets closer,0.0008188984
165039-7-2-1.wav,a machine is running at a constant speed and then it stops,0.00080635404
165039-7-3-0.wav,a machine is running at a constant speed and then it gets closer,0.0008188984
165039-7-4-0.wav,a motorcycle engine is idling and then it gets louder,0.99818546
165039-7-4-1.wav,a helicopter engine is running and then it gets louder and then fades away,0.9891711
165039-7-4-2.wav,a machine is running at a fast pace and then slowly slows down,0.00085452356
165039-7-5-0.wav,a machine is running at a constant speed and then it stops,0.00080635404
165039-7-5-1.wav,a machine is running at a fairly fast pace,0.00088296935
165039-7-6-0.wav,a machine is running at a fairly fast pace,0.00088296935
165039-7-6-1.wav,a machine is running at a fairly fast pace,0.00088296935
165039-7-7-0.wav,a machine is running at a constant speed and then stops,0.00080265966
165039-7-8-0.wav,a machine is running at a fairly fast pace,0.00088296935
165039-7-8-1.wav,an engine is idling and then it starts to idle,0.00080438255
165039-7-8-2.wav,a machine is running and then stops and then starts again,0.00083619636
165039-7-9-0.wav,a machine is running at a constant speed and then it stops,0.00080635404
165067-2-0-111.wav,water is flowing and people are talking in the background,0.0012168203
165067-2-0-112.wav,people are talking and laughing while water is flowing in the background,0.0017397925
165067-2-0-35.wav,children are playing and adults are talking and laughing,0.0016042375
165067-2-0-56.wav,people are talking in the background as water is flowing,0.0011735691
165067-2-0-72.wav,children are playing and adults are talking and laughing,0.0016042375
165067-2-0-9.wav,water is running and children are playing in the background,0.0018266828
165067-2-0-91.wav,people are talking while children are playing in the background,0.015580986
165166-8-0-0.wav,a police car with a siren on and a vehicle passing by,0.99790585
165166-8-0-1.wav,a police car with a siren on and a vehicle passing by,0.99790585
165166-8-0-2.wav,a police car with a siren going off,0.9978878
165166-8-0-3.wav,a police car with a siren is going on and on,0.99816304
165166-8-0-4.wav,a police car with a siren is going off,0.9980122
165166-8-0-5.wav,a police siren is blaring with sirens and emergency vehicles,0.9980958
165166-8-0-6.wav,a police siren is blaring with sirens and emergency vehicles,0.9980958
165166-8-0-7.wav,a police siren is blaring with sirens and emergency vehicles driving by,0.9980976
165166-8-0-8.wav,a police car with a siren going off,0.9978878
165192-9-0-118.wav,people are talking while music is playing in the background,0.94793785
165192-9-0-146.wav,a man is singing while music is playing in the background,0.9760879
165192-9-0-160.wav,a man is singing a song while a male singer is speaking,0.00848205
165192-9-0-5.wav,music is playing in the background while people are talking in the distance,0.051258817
165192-9-0-76.wav,music is playing in the background while people are talking in the distance,0.051258817
165192-9-0-87.wav,music is playing in the background while a musical instrument is being played,0.23893757
165454-0-0-0.wav,a fan is turned on and then a car door is opened and closed,0.0009962498
165454-0-0-1.wav,a car is driving down the road with the window open,0.0009148987
165454-0-0-10.wav,a fan is turned on and then turns on and off,0.0012291652
165454-0-0-11.wav,a car door opens and closes while a vehicle drives away,0.0014612881
165454-0-0-12.wav,a fan is blowing in the background and a car drives by,0.99750155
165454-0-0-2.wav,a machine is running at a constant speed and volume,0.0008165623
165454-0-0-3.wav,a train is passing by on the tracks and the wind is blowing,0.001028615
165454-0-0-4.wav,the wind is blowing and the rain is hitting the ground,0.00090877543
165454-0-0-5.wav,a fan is running in the background while a car drives by,0.3370982
165454-0-0-6.wav,a machine is running at a constant speed and volume,0.0008165623
165454-0-0-7.wav,a machine is running at a constant speed and volume,0.0008165623
165454-0-0-8.wav,a fan is running in the background while a car drives by,0.3370982
165454-0-0-9.wav,a machine is running at a constant speed and volume,0.0008165623
165529-2-0-18.wav,children are playing in a playground and kids are shouting,0.0019710418
165529-2-0-3.wav,children are playing and adults are talking in the background,0.0064692087
165529-2-0-6.wav,children are playing and adults are talking in the background,0.0064692087
165529-2-0-70.wav,children are playing and adults are talking in the background,0.0064692087
165529-2-0-73.wav,people are talking in the background and a child is yelling,0.99797124
165529-2-0-8.wav,children are playing and adults are talking in the background,0.0064692087
165529-2-0-90.wav,children are playing and adults are talking in the background,0.0064692087
165567-3-0-0.wav,dogs are barking and a dog barks in the distance,0.004345443
165567-3-2-0.wav,dogs are barking and a dog barks in the background,0.99737406
165567-3-3-0.wav,dogs are barking and birds are chirping in the background,0.0023972553
165567-3-4-0.wav,birds are chirping in the background while a car passes by,0.0021036793
165640-4-0-0.wav,a machine is running at a constant speed and then it is turned off,0.00079954905
165640-4-0-1.wav,a machine is running at a constant speed,0.0008257412
165640-4-0-2.wav,a machine is running at a constant speed and then it stops,0.00080635404
165641-4-0-0.wav,a machine is running and then it is turned off,0.00080377335
165641-4-0-1.wav,a machine is running at a constant speed,0.0008257412
165642-4-0-0.wav,a machine is running and then it stops and begins to start up,0.00084444595
165643-4-0-0.wav,a machine is running at a constant speed and then it stops,0.00080635404
165644-4-0-0.wav,a machine is running at a constant speed and then stops,0.00080265966
165644-4-0-1.wav,a machine is running and then it stops,0.0008180232
165645-4-0-0.wav,a person is struggling with a balloon and then starts to start a loud,0.9980956
165645-4-1-0.wav,a person is struggling to start up and down,0.02771174
165645-4-2-0.wav,a person is using a machine to blow air,0.0008180545
165645-4-3-0.wav,a person is using a tool to cut up a piece of wood,0.00525545
165645-4-4-0.wav,a person is using a tool to cut up a piece of wood,0.00525545
165645-4-5-0.wav,a person is using a tool to blow air,0.0009183546
165774-7-0-0.wav,a jackhammer is being revved up and down,0.9982158
165774-7-1-0.wav,a jackhammer is running and a child is speaking in the background,0.9976527
165774-7-2-0.wav,a motorcycle is revving up and down,0.0012211407
165774-7-3-0.wav,a motorcycle engine is revved up and gets louder as it speeds up,0.99808514
165774-7-4-0.wav,a motorcycle engine is revved up and then slows down,0.00089906465
165774-7-5-0.wav,a jackhammer is being used to cut a piece of wood,0.9977695
165774-7-6-0.wav,a chain is being spun on a hard surface,0.0010099992
165774-7-7-0.wav,a motor is running and vibrating in the background,0.9817687
165774-7-8-0.wav,a motorcycle is being revved up and then driven until it speeds up,0.0032847435
165775-7-0-0.wav,a motorcycle is being revved up and down,0.0017489626
165775-7-1-0.wav,a motorcycle engine is revved up and then starts revving up,0.000964092
165785-4-0-0.wav,a person is struggling to cut up a piece of wood,0.9925277
165785-4-1-0.wav,a person is breathing loudly in a loud deep breath,0.9980262
165785-4-2-0.wav,a person is struggling in a chainsaw and loudly,0.99805164
165785-4-3-0.wav,a person is snoring loudly and steadily,0.99770653
165785-4-4-0.wav,a person is struggling to blow air with a tool,0.003748712
165786-4-0-0.wav,a machine is running at a constant speed and then it starts up,0.0007943859
166101-5-0-0.wav,a machine is running at a constant speed and then it stops,0.00080635404
166101-5-0-1.wav,a machine is running at a fairly fast pace,0.00088296935
166101-5-0-2.wav,a machine is running at a fairly fast pace,0.00088296935
166101-5-0-3.wav,a motorcycle engine is idling and getting closer and louder,0.9968027
166101-5-1-0.wav,a person is banging a drum in the background,0.99303484
166101-5-2-0.wav,a gun is being fired at a steady pace,0.008768841
166101-5-2-1.wav,fireworks are going off in the distance as people are talking in the background,0.46292588
166101-5-2-2.wav,a machine gun is fired while people are talking in the background,0.9980563
166101-5-2-3.wav,a machine gun is fired and then a man is speaking,0.99748
166101-5-2-4.wav,a gun is being fired repeatedly in the distance,0.9981084
166101-5-3-0.wav,a gun is being fired then a person is firing a shot into the distance,0.9980533
166268-3-0-0.wav,a dog barking and dogs bark at a growling,0.9980166
166268-3-1-0.wav,a dog barking and dogs bark at a medium pitch,0.9967457
166421-3-0-29.wav,a dog is barking and birds are chirping in the background,0.9807843
166421-3-0-31.wav,a dog is barking and a woman is speaking in the background,0.99812645
166421-3-0-5.wav,a dog is barking loudly at the same time,0.9982412
166489-3-0-1.wav,a dog is barking loudly and sporadically in the distance,0.99816763
166489-3-0-2.wav,a dog is barking loudly at a steady pace,0.99814415
166489-3-0-4.wav,a dog is barking and a person is walking in the background,0.99808013
16692-5-0-0.wav,a motorcycle engine is idling and revving up,0.0007981585
16692-5-0-1.wav,a motorcycle engine is idling and vibrating,0.00080154004
16692-5-0-10.wav,a motor is running at a constant speed,0.0008283491
16692-5-0-2.wav,a motorcycle engine is idling and vibrating,0.00080154004
16692-5-0-3.wav,a motorcycle engine is idling and revving up,0.0007981585
16692-5-0-4.wav,a motor is running and a motorcycle engine is idling,0.0008256366
16692-5-0-5.wav,a motor is running at a constant speed,0.0008283491
16692-5-0-6.wav,a motor is running at a constant speed,0.0008283491
16692-5-0-7.wav,a motor is running at a constant speed,0.0008283491
16692-5-0-8.wav,a motor is running at a constant speed,0.0008283491
16692-5-0-9.wav,a motor is running at a constant speed,0.0008283491
166931-4-0-0.wav,a machine is running at a constant speed and then it stops,0.00080635404
166931-4-0-1.wav,a machine is running at a constant speed and steady,0.0008312715
166931-4-1-2.wav,a vacuum cleaner is running at a constant speed,0.0008259664
166931-4-1-4.wav,a machine is running at a constant speed,0.0008257412
166931-4-1-5.wav,a vacuum cleaner is being used in a factory,0.001256618
166931-4-1-6.wav,a drill is being used in a workshop,0.001112459
166931-4-2-0.wav,a vacuum cleaner is being used to cut something,0.0012143158
166931-4-2-12.wav,a machine is running at a constant speed and then it stops,0.00080635404
166931-4-2-13.wav,a machine is running at a constant speed and volume,0.00081656186
166931-4-2-3.wav,a vacuum cleaner is running at a constant speed,0.0008259664
166931-4-2-7.wav,a machine is running at a constant speed and steady,0.0008312715
166931-4-2-8.wav,a machine is running at a constant speed and consistent,0.000839148
166931-4-3-1.wav,a machine is running at a constant speed and high pressure,0.0008195829
166931-4-3-2.wav,a machine is running at a constant speed and steady,0.0008312715
166931-4-4-0.wav,a vacuum cleaner is being used in the background,0.98484045
166931-4-4-2.wav,a vacuum cleaner is running and people are talking in the background,0.002469984
166931-4-4-3.wav,a machine is running at a constant speed and then it stops,0.00080635404
166942-0-0-0.wav,a piece of machinery is running and birds are chirping in the background,0.00097393576
166942-0-0-1.wav,a large piece of metal is being dragged across a hard surface,0.0012386173
166942-0-0-10.wav,a machine is running and birds are chirping in the background,0.00091507746
166942-0-0-11.wav,birds are chirping in the background while a machine is running,0.0009156871
166942-0-0-12.wav,a machine is running and a metal object is being dragged across a hard surface,0.0008402434
166942-0-0-13.wav,a machine is running and a metal object is being dragged across a hard surface,0.0008402434
166942-0-0-14.wav,a large piece of metal is being dragged across a hard surface,0.0012386173
166942-0-0-15.wav,a large piece of metal is being rocked back and forth across a hard surface,0.0015422007
166942-0-0-2.wav,a piece of metal is being filed and rubbed against a hard surface,0.00091500854
166942-0-0-3.wav,birds are chirping and a machine is running in the background,0.000861801
166942-0-0-4.wav,a machine is running and a metal object is striking another piece of machinery,0.0009420149
166942-0-0-5.wav,birds are chirping in the background while a machine is running,0.0009156871
166942-0-0-6.wav,birds are chirping while a machine is running in the background,0.00089795655
166942-0-0-7.wav,birds are chirping while a machine is running in the background,0.00089795655
166942-0-0-8.wav,a piece of machinery is running and birds are chirping in the background,0.00097393576
166942-0-0-9.wav,a machine is running and birds are chirping in the background,0.00091507746
167464-0-0-0.wav,the wind is blowing and cars are passing by in the background,0.017940206
167464-0-0-1.wav,a machine is running at a constant rate while a person is walking in the,0.000820061
167464-0-0-10.wav,the wind is blowing and a car is driving by,0.0009879763
167464-0-0-11.wav,a car is driving on a road with a high speed,0.0009351421
167464-0-0-12.wav,a bird is chirping while traffic is passing by in the background,0.0015981141
167464-0-0-13.wav,a piece of machinery is running and birds are chirping in the background,0.00097393576
167464-0-0-14.wav,a car is driving down the road with the window open,0.0009148991
167464-0-0-15.wav,a car is driving down the road with the window open,0.0009148991
167464-0-0-16.wav,a machine is running at a constant speed and a car drives by,0.00081229187
167464-0-0-17.wav,a car is driving down the road with a slight wind blowing,0.00091033714
167464-0-0-18.wav,a car is driving down the street with a lot of traffic,0.0013308073
167464-0-0-19.wav,the wind is blowing and the rain is hitting the ground,0.00090877543
167464-0-0-2.wav,the wind is blowing and a vehicle is passing by,0.0009263919
167464-0-0-20.wav,the wind is blowing and a car is driving by,0.0009879763
167464-0-0-21.wav,a car is driving down the road with the window open,0.0009148991
167464-0-0-22.wav,the wind is blowing and the rain is hitting the ground,0.00090877543
167464-0-0-23.wav,the wind is blowing and the rain is hitting the ground,0.00090877543
167464-0-0-24.wav,cars are driving by on a busy road with traffic in the background,0.0014432829
167464-0-0-3.wav,the wind is blowing and birds are chirping in the background,0.0012799919
167464-0-0-4.wav,a machine is running at a constant rate and a faint hum is in the,0.0009016474
167464-0-0-5.wav,a train is moving on the tracks and a whistle is blowing,0.02614636
167464-0-0-6.wav,a train is moving on the tracks and a whistle is blowing,0.02614636
167464-0-0-7.wav,a person is walking in a large room with people talking in the background,0.81801087
167464-0-0-8.wav,people are talking in the background while a fan is blowing,0.44357884
167464-0-0-9.wav,the wind is blowing and the rain is hitting the ground,0.00090877543
167701-4-0-0.wav,someone is playing a musical instrument with a high pitched sound,0.019024204
167701-4-1-0.wav,a person is playing a musical instrument with a high pitch,0.0013313169
167701-4-10-0.wav,a metal object is being dragged across a hard surface,0.0010019161
167701-4-11-0.wav,someone is playing a musical instrument in a large room,0.39966652
167701-4-12-0.wav,a metallic object is being hit repeatedly and then it stops,0.99777585
167701-4-2-0.wav,a large metal object is being dragged across a hard surface,0.0010233363
167701-4-3-0.wav,a loud metallic instrument is being played with a high pitched sound,0.6844513
167701-4-4-0.wav,someone is playing a musical instrument with a high pitched horn,0.05839815
167701-4-5-0.wav,a large metal object is being dragged across a hard surface,0.0010233363
167701-4-6-0.wav,a very loud creaking sound is being made by a musical instrument,0.050039742
167701-4-6-1.wav,someone is playing a musical instrument with a high pitch,0.0016192009
167701-4-6-2.wav,a very loud buzzing sound is being played by a horn,0.9407002
167701-4-6-3.wav,a horn is being blown with a high pitched tone,0.9981323
167701-4-6-4.wav,a horn is being blown at different pitches,0.9982509
167701-4-7-0.wav,a horn is being blown repeatedly with a high pitched whistle,0.99824643
167701-4-9-0.wav,someone is playing a musical instrument with a high pitch,0.0016192009
167701-4-9-1.wav,a horn is being blown repeatedly with a high pitch,0.9982497
167702-4-0-0.wav,a very loud buzzing sound is being played,0.0027183378
167702-4-1-0.wav,a loud buzzing sound is being made by a musical instrument,0.0024264301
167702-4-2-0.wav,someone is playing a musical instrument with a high pitched horn,0.05839815
167702-4-3-0.wav,a horn is being blown by a long note,0.998216
167702-4-4-0.wav,a horn is being blown repeatedly and a loud musical instrument is playing,0.9982033
167702-4-5-0.wav,a horn is being blown repeatedly with a high pitched sound,0.99827766
167702-4-6-0.wav,a loud buzzing sound is followed by a high pitched horn,0.99737334
167702-4-7-0.wav,an electric saw is being used to cut up a piece of wood,0.9980546
167702-4-7-1.wav,a horn is being blown by a loud buzzing sound,0.99805593
167702-4-8-0.wav,a loud buzzing occurs and gets louder and more frequent as time goes on,0.9963877
167702-4-9-0.wav,a person is playing a musical instrument with a high pitch,0.0013313182
16772-8-0-0.wav,an alarm is going off in a large room,0.9978258
167750-4-0-0.wav,someone is using a heavy object on a hard surface,0.0011291192
167750-4-1-0.wav,a sewing machine is running and printing out of paper,0.0009786182
167750-4-2-0.wav,someone is using a drill in a workshop,0.0032136787
167750-4-3-0.wav,a drill is being used to cut up a power tool,0.0011877707
168037-4-0-0.wav,a power saw is being used to cut wood,0.9967362
168037-4-1-0.wav,a person is sweeping the floor with a broom,0.0009788261
168037-4-10-0.wav,a power saw is being used to cut wood,0.9967362
168037-4-11-0.wav,a drill is being used to cut wood,0.001381858
168037-4-12-0.wav,a person is using a shovel to clean something,0.0009946271
168037-4-13-0.wav,a person is using a wrench on a hard surface,0.001269348
168037-4-2-0.wav,someone is using a power tool to clean something,0.0016033647
168037-4-3-0.wav,a power tool is being used in the background,0.117135614
168037-4-4-0.wav,a power tool is being used to cut wood,0.0011255988
168037-4-5-0.wav,a person is using a power saw in a garage,0.99678195
168037-4-6-0.wav,a power tool is being used to cut wood,0.0011255988
168037-4-7-0.wav,someone is using a power tool and then the saw is being used,0.99682105
168037-4-8-0.wav,someone is using a hose to clean a metal object,0.0010128268
168037-4-9-0.wav,a drill is being used to cut up and down,0.0011571336
16860-9-0-26.wav,a drum is being played with drums and people talking in the background,0.98916256
16860-9-0-28.wav,a drum is being played with drums and people in the background,0.44780624
16860-9-0-30.wav,a drum beat is being played with drums and people talking in the background,0.99265254
16860-9-0-45.wav,a marching band is playing a song with drums,0.0069033974
16860-9-0-50.wav,children are playing and adults are talking in the background,0.0064692153
16860-9-0-8.wav,a marching band is playing a song with drums and bagpipes,0.006619273
168713-9-0-32.wav,a person is playing a stringed instrument while people are talking in the background,0.9513732
168713-9-0-33.wav,a person is playing a stringed instrument while talking in the background,0.9712938
168713-9-0-38.wav,a person is playing a guitar with a musical instrument,0.0014753022
168713-9-0-46.wav,a person is playing a stringed instrument while people are talking in the background,0.9513732
168713-9-0-62.wav,a person is playing a guitar with a violin,0.002750291
168713-9-0-82.wav,a person is playing a guitar with a musical instrument,0.0014753022
168846-5-0-0.wav,a truck is idling and then it gets louder,0.9982436
168846-5-0-1.wav,a car engine is idling and a truck honks its horn,0.9982034
168846-5-0-2.wav,a car horn honks while traffic moves in the background,0.99820304
168846-5-1-0.wav,the wind is blowing and a vehicle is passing by,0.0009263919
168846-5-1-1.wav,the wind is blowing and a vehicle is passing by,0.0009263919
168846-5-1-10.wav,a machine is running at a constant speed and then it is raining,0.0007931522
168846-5-1-11.wav,a machine is running at a constant speed and then it is raining,0.0007931522
168846-5-1-12.wav,a machine is running at a constant speed and then it is raining,0.0007931522
168846-5-1-13.wav,a train is moving on the tracks and the brakes are squealing,0.0014413546
168846-5-1-14.wav,a large truck backs up and drives away,0.003300536
168846-5-1-2.wav,a vehicle is driving down the road with the window open,0.00088180107
168846-5-1-3.wav,a car drives by and a truck passes by,0.0028511835
168846-5-1-4.wav,a car drives by and a vehicle brakes squeal,0.9926779
168846-5-1-5.wav,a large truck is driving down the street with a heavy engine,0.0008711495
168846-5-1-6.wav,a machine is running at a constant rate and then it is raining,0.0007865259
168846-5-1-7.wav,a car is driving down the road with the window open,0.0009148987
168846-5-1-8.wav,a car is driving down the road with the window open,0.0009148987
168846-5-1-9.wav,a machine is running at a constant rate and then it is raining,0.0007865259
168906-9-0-114.wav,a person is playing a guitar while a music plays in the background,0.3185336
168906-9-0-128.wav,a person is playing a guitar while people are talking in the background,0.96268404
168906-9-0-28.wav,music is playing in the background while a person is walking,0.96832484
168906-9-0-47.wav,people are talking while music is playing in the background,0.94793785
168906-9-0-73.wav,a person is playing a song with a guitar,0.008554314
168906-9-0-95.wav,people are talking in the background while music is playing,0.79757476
169043-2-0-10.wav,a basketball bouncing ball bounces and people are talking,0.008244059
169043-2-0-13.wav,children are playing basketball in a gym,0.0017587668
169043-2-0-15.wav,children are playing basketball in a gym,0.0017587668
169043-2-0-21.wav,a group of children are playing basketball in a gym,0.0015766631
169043-2-0-24.wav,a basketball is being bounced on a court and people are talking,0.0025780788
169043-2-0-28.wav,a basketball bouncing ball bounces and people are talking,0.008244059
169043-2-0-3.wav,a group of children are playing basketball in a gym,0.0015766631
169044-2-0-10.wav,a basketball bouncing ball bounces and children are playing,0.0015347953
169044-2-0-13.wav,children are playing basketball in a gym,0.0017587668
169044-2-0-18.wav,a group of people are talking and yelling in a large crowd,0.95034117
169044-2-0-21.wav,a group of children are shouting and yelling,0.99681866
169044-2-0-25.wav,a group of children are playing basketball in a gym,0.0015766631
169044-2-0-3.wav,children are playing and adults are talking in a gym,0.001454954
169044-2-0-5.wav,a basketball is bouncing and people are talking in a gym,0.0013408504
169045-2-0-0.wav,a basketball is bouncing and people are talking in a gym,0.0013408504
169045-2-0-1.wav,a group of people are talking and laughing,0.0012851317
169045-2-0-14.wav,a basketball bounces on a court and people are talking,0.0026338976
169045-2-0-16.wav,people are shouting and yelling in a gym,0.99534976
169045-2-0-20.wav,a group of people are shouting and yelling,0.92796624
169045-2-0-3.wav,a group of children are shouting and yelling,0.99681866
169045-2-0-8.wav,a group of children are shouting and yelling,0.99681866
169098-7-0-0.wav,a machine is running at a constant speed and then stops,0.00080265966
169098-7-0-1.wav,a machine is running at a constant speed and people are talking in the background,0.0011410986
169098-7-0-2.wav,a machine is running and people are talking in the background,0.0010134589
169098-7-0-3.wav,people are talking while a machine is running,0.00091387285
169098-7-0-4.wav,a machine is running and people are talking in the background,0.0010134589
169098-7-0-5.wav,a machine is running at a constant speed and then stops,0.00080265966
169098-7-0-6.wav,a machine is running at a constant speed and then it slows down,0.00080455345
169098-7-0-7.wav,a machine is running at a constant speed and a train passes by,0.0008628647
169098-7-0-8.wav,a machine is running at a constant speed and then stops,0.00080265966
169098-7-0-9.wav,a machine is running at a constant speed and then stops,0.00080265966
169098-7-1-0.wav,a machine is running at a constant speed and then stops,0.00080265966
169098-7-2-0.wav,a machine is running while people are talking in the background,0.0012967595
169098-7-3-0.wav,a metal object is being hit against another hard surface,0.003060379
169098-7-3-1.wav,a metal object is being hit against a hard surface,0.0018596612
169098-7-4-0.wav,a machine is running at a constant speed,0.0008257412
169098-7-4-1.wav,a machine is running at a constant speed and speeds up,0.00081005535
169098-7-4-10.wav,a metal object is being dragged along a hard surface,0.0009117116
169098-7-4-11.wav,a machine is running at a constant speed and then stops,0.00080265966
169098-7-4-2.wav,a machine is running at a constant speed and then stops,0.00080265966
169098-7-4-3.wav,a machine is running at a constant speed and then stops,0.00080265966
169098-7-4-4.wav,a metal object is being dragged across a hard surface,0.0010019161
169098-7-4-5.wav,a machine is running at a constant speed and then it slows down,0.00080455345
169098-7-4-6.wav,a machine is running at a constant speed and then it stops,0.00080635404
169098-7-4-7.wav,a machine is running at a constant speed and then it stops,0.00080635404
169098-7-4-8.wav,a machine is running at a constant speed and then stops,0.00080265966
169098-7-4-9.wav,a machine is running at a constant speed and then it stops,0.00080635404
169261-6-0-0.wav,a gun is fired at a consistent intervals,0.42139715
169466-4-0-12.wav,a machine is running at a high speed and then it is used to cut,0.0008747644
169466-4-0-7.wav,a machine is running and then stops and then starts again,0.00083619636
169466-4-0-8.wav,a machine is running and then stops and then starts again,0.0008361955
169466-4-1-3.wav,a machine is running in the background while a person is using a tool,0.0011869497
169466-4-1-5.wav,a machine is running and then stops and then shuts it off,0.000843567
169466-4-1-8.wav,a person is walking on a hard surface while a machine is running in the,0.0008085423
169466-4-2-17.wav,a saw is cutting through a piece of wood,0.9979995
169466-4-2-18.wav,an electric saw is cutting through a piece of wood,0.9980895
169466-4-2-2.wav,a machine is running at a constant speed and then it stops,0.00080635445
169466-4-2-21.wav,a machine is running at a constant speed and then a car drives by,0.00086063816
169466-4-2-4.wav,a machine is running at a constant speed and then it is raining,0.0007931526
169466-4-2-6.wav,a machine is running at a constant speed and then it stops,0.00080635445
169466-4-2-8.wav,a machine is running at a high speed and then stops,0.0008126322
169466-4-3-1.wav,a machine is running and a metal object is striking another piece of machinery,0.0009420149
169466-4-3-10.wav,a saw is cutting through a piece of wood,0.9979995
169466-4-3-12.wav,an electric saw is being used to cut wood,0.9926231
169466-4-3-14.wav,a piece of metal is being used to cut something,0.78156316
169466-4-3-3.wav,a machine is running at a high speed and then it stops,0.0008063211
169466-4-3-7.wav,a saw is being used to cut wood,0.99774987
169466-4-3-8.wav,a saw is being used in a workshop,0.9949025
169466-4-3-9.wav,someone is hammering a piece of metal in a workshop,0.0012304578
170022-0-0-0.wav,a car is driving down the road with the windows rolled down,0.0009717011
170022-0-0-1.wav,a car is driving down the road with the windows rolled down,0.0009717011
17009-2-0-0.wav,birds are chirping and children are talking in the background,0.0011933028
17009-2-0-1.wav,birds are chirping in the background while a person is walking on a hard surface,0.0011553549
17009-2-0-10.wav,birds are chirping and children are talking in the background,0.0011933028
17009-2-0-3.wav,children are playing on a playground while birds are chirping,0.0011465133
17009-2-0-4.wav,children are playing on a playground while birds are chirping and kids are talking,0.0014272246
17009-2-0-6.wav,birds are chirping and children are talking in the background,0.0011933028
17009-2-0-9.wav,birds are chirping and children are laughing and talking in the background,0.0017945596
170245-0-0-0.wav,the wind is blowing and the rain is hitting the ground,0.0009087763
170564-2-0-0.wav,birds are chirping and people are talking in the background,0.001106799
170564-2-0-3.wav,kids are playing and children are shouting while birds are chirping,0.99658185
170564-2-1-22.wav,birds are chirping and children are talking in the background,0.0011933028
170564-2-1-27.wav,birds are chirping and children are playing in the playground,0.0011505475
170564-2-1-31.wav,birds are chirping and children are talking in the background,0.0011933028
170564-2-1-32.wav,birds are chirping and children are talking in the background,0.0011933028
170564-2-1-34.wav,birds are chirping and children are talking in the background,0.0011933028
170564-2-1-9.wav,birds are chirping and children are screaming in the background,0.998147
17074-1-0-0.wav,the wind is blowing and the rain is falling,0.0008797973
171165-9-0-103.wav,a person is playing a song on the accordion,0.0029213768
171165-9-0-15.wav,a person is playing a song on the accordion,0.0029213768
171165-9-0-19.wav,a person is playing a song on the accordion,0.0029213768
171165-9-0-54.wav,a person is playing a song on the accordion,0.0029213768
171165-9-0-70.wav,a person is playing a song on the accordion,0.0029213768
171165-9-0-84.wav,a person is playing a song on the accordion,0.0029213768
171184-9-0-17.wav,a car is driving down the road and the wind is blowing,0.00086557184
171184-9-0-18.wav,a car is driving on the road and a motorcycle is racing by,0.0010198618
171184-9-0-19.wav,a car is driving on a road and a motorcycle is racing by,0.001117195
171184-9-0-23.wav,a person is walking on a road while birds are chirping in the background,0.0010917857
171184-9-0-6.wav,a group of people are playing music with children and adults talking in the background,0.003809735
171184-9-0-7.wav,people are talking while cars are driving by and a motorcycle is racing by,0.0053412546
171243-9-0-11.wav,music is playing while people are talking in the background,0.9187379
171243-9-0-123.wav,music is playing and people are talking in the background,0.31362024
171243-9-0-31.wav,a band is playing a song while a person is singing,0.031326946
171243-9-0-49.wav,music is playing and people are talking in the background,0.31362024
171243-9-0-81.wav,a man is speaking while music is playing in the background,0.93165517
171243-9-0-85.wav,music is playing while people are talking in the background,0.9187379
171243-9-0-91.wav,a person is playing a stringed instrument while people are talking in the background,0.9513732
171249-1-0-0.wav,a horn is honking and horns are blaring,0.99814296
171249-1-1-0.wav,a musical instrument is playing a song in the background,0.9791946
171249-1-2-0.wav,a musical instrument is playing a song with a violin,0.005296139
171305-7-0-0.wav,a jackhammer pounds against a hard surface and a lawn mower starts to run,0.093964666
171305-7-1-0.wav,a jackhammer pounds against a hard surface and then stops,0.9979741
171305-7-10-0.wav,an electric saw is being used to cut wood,0.9926231
171305-7-11-0.wav,a jackhammer is being used to cut a power tool,0.9957202
171305-7-12-0.wav,a jackhammer is running loudly and stops and then starts to start up again,0.99811965
171305-7-13-0.wav,a jackhammer is being used to cut up and down,0.99779886
171305-7-14-0.wav,a jackhammer is being used to cut a power tool,0.9957202
171305-7-15-0.wav,a jackhammer is running and then it stops and starts to start up again,0.9980356
171305-7-16-0.wav,a jackhammer is being used to cut the lawn,0.9970625
171305-7-17-0.wav,a jackhammer is being used to cut a lawn,0.9972619
171305-7-18-0.wav,a jackhammer pounds against a hard surface and then stops,0.9979741
171305-7-19-0.wav,a jackhammer is running and a person is using a tool,0.018780405
171305-7-2-0.wav,a jackhammer is running loudly and then stops,0.9979949
171305-7-20-0.wav,a jackhammer is being used to cut wood,0.9976373
171305-7-21-0.wav,a jackhammer is being used to cut a power tool,0.9957202
171305-7-22-0.wav,a jackhammer pounds against a hard surface and then stops,0.9979741
171305-7-23-0.wav,a jackhammer is running and a person is using a tool,0.018780405
171305-7-24-0.wav,a jackhammer is running and then stops and starts again,0.9978782
171305-7-25-0.wav,a jackhammer is running loudly and stops for a while before it starts to start,0.99806243
171305-7-26-0.wav,a jackhammer is running loudly and then stops,0.9979949
171305-7-27-0.wav,a jackhammer pounds against a hard surface and a lawn mower starts to run,0.093964666
171305-7-28-0.wav,a jackhammer pounds against another hard object in the background,0.99805164
171305-7-29-0.wav,a jackhammer pounds against a hard surface and a lawn mower starts to run,0.093964666
171305-7-3-0.wav,a jackhammer is being used in the background and a drill is being started and,0.998075
171305-7-4-0.wav,a jackhammer is running loudly and stops and then starts to start up,0.99809736
171305-7-5-0.wav,a jackhammer is running loudly and stops for a while before it starts to start,0.99806243
171305-7-6-0.wav,a jackhammer is being used to cut a lawn,0.9972619
171305-7-7-0.wav,a jackhammer pounds against a hard surface at a high speed,0.9962368
171305-7-8-0.wav,a jackhammer pounds against a hard surface at a constant speed,0.9913545
171305-7-8-1.wav,a jackhammer is running loudly and consistently hitting the ground,0.9980038
171305-7-9-0.wav,a jackhammer is running loudly and stops and then starts to cut down,0.99801207
171388-9-0-202.wav,people are talking while music is playing in the background,0.9479379
171388-9-0-225.wav,people are talking while music is playing in the background,0.9479379
171388-9-0-246.wav,music is playing and a musical instrument is being played,0.0011100428
171388-9-0-253.wav,people are talking while music is playing in the background,0.9479379
171388-9-0-43.wav,music is playing and people are talking in the background,0.31362024
171388-9-0-88.wav,music is playing while people are talking in the background,0.9187379
171406-9-0-124.wav,people are talking in the background as music plays in the distance,0.0029487931
171406-9-0-183.wav,music is playing and people are talking in the background,0.31362024
171406-9-0-23.wav,music is playing and people are talking in the background,0.31362024
171406-9-0-57.wav,people are talking while a horse is walking and a man is speaking,0.0016058107
171406-9-0-7.wav,people are talking in the background while music plays in the distance,0.005567435
171406-9-0-90.wav,people are talking in the background while a machine is running,0.0019756875
171464-3-0-0.wav,a dog barking and dogs bark at a medium pitch,0.9967457
171464-3-1-0.wav,a dog is barking loudly at a consistent rate,0.9981014
171464-3-2-0.wav,a dog barking and dogs bark at a medium pitch,0.9967457
171478-9-0-26.wav,a person is playing basketball in the distance while people are talking,0.010156476
171478-9-0-28.wav,a person is walking on a sidewalk and people are talking in the background,0.010458994
171478-9-0-38.wav,children are playing and talking while a person is walking on a hard surface,0.0017916383
171478-9-0-4.wav,people are talking in the background as a man is speaking,0.0018366012
171478-9-0-55.wav,a person is playing with a gun in the distance,0.6196191
171478-9-0-57.wav,a crowd of people are talking while music plays in the background,0.17178108
171478-9-0-58.wav,a crowd of people are talking in the background,0.0042909
172314-9-0-22.wav,a person is playing a musical instrument while a band plays music in the background,0.0052057467
172314-9-0-40.wav,a person is playing a musical instrument while birds are chirping in the background,0.23816743
172314-9-0-51.wav,music is playing while people are talking in the background,0.9187379
172314-9-0-52.wav,music is playing and a person is walking in the distance,0.0010607212
172314-9-0-72.wav,the wind is blowing and the waves are crashing on the shore,0.0008373764
172314-9-0-80.wav,music is playing and people are talking in the background,0.31362024
172315-9-0-105.wav,water is flowing in the background while people are talking in the distance,0.0014999429
172315-9-0-113.wav,a person is playing a musical instrument while a band plays music in the background,0.0052057467
172315-9-0-203.wav,people are talking while music is playing in the background,0.9479379
172315-9-0-211.wav,a person is walking on a hard surface while music plays in the background,0.9540394
172315-9-0-212.wav,a person is walking on a sidewalk and a music plays in the background,0.86960024
172315-9-0-224.wav,music is playing and people are talking in the background,0.31362024
172338-9-0-1.wav,a marching band is playing a song with drums and cymbals,0.010658281
172338-9-0-20.wav,a large group of people chant together in the distance,0.0035907216
172338-9-0-21.wav,a large group of people chant together in unison,0.48710772
172338-9-0-39.wav,a marching band is playing a song with drums and cymbals,0.010658292
172338-9-0-6.wav,a marching band is playing a song with drums and cymbals,0.010658292
172338-9-0-7.wav,a marching band is playing a song with drums and cymbals,0.010658292
172460-9-0-100.wav,a person is playing a musical instrument while music plays in the background,0.010326495
172460-9-0-101.wav,a person is playing a song with a musical instrument,0.0031166093
172460-9-0-24.wav,a person is playing a song with a musical instrument in the background,0.7592824
172460-9-0-31.wav,a person is playing a musical instrument while people are talking in the background,0.4112773
172460-9-0-91.wav,a person is playing a song while a woman is speaking in the background,0.9883807
172460-9-0-94.wav,a person is playing a musical instrument while music plays in the background,0.010326495
172519-9-0-10.wav,people are talking while music is playing in the background,0.94793785
172519-9-0-13.wav,a marching band is playing a song with drums and cymbals,0.010658292
172519-9-0-49.wav,people are talking while music is playing in the background,0.94793785
172519-9-0-53.wav,a marching band is playing with drums and people are talking in the background,0.011387796
172519-9-0-67.wav,a marching band is playing a drum while people are talking in the background,0.12764984
172519-9-0-8.wav,a marching band is playing a song with drums and cymbals,0.010658292
172593-2-0-10.wav,children are playing and adults are talking and laughing,0.0016042375
172593-2-0-13.wav,children are playing and adults are talking and laughing,0.0016042375
172593-2-0-14.wav,a group of people are talking and children are playing,0.0010613331
172593-2-0-18.wav,a group of people are talking and children are playing,0.0010613331
172593-2-0-22.wav,children and adults are talking and laughing in a playground,0.0020944404
172593-2-0-27.wav,children are playing and adults are talking in the background,0.0064692087
172593-2-0-28.wav,children are playing and adults are talking in the background,0.0064692087
172593-2-0-29.wav,children are playing and adults are talking in the background,0.0064692087
173891-9-0-1.wav,music is playing in the background while a person is walking,0.96832484
173891-9-0-10.wav,music is playing in the background while a person is walking,0.96832484
173891-9-0-11.wav,music is playing in the background while a person is walking,0.96832484
173891-9-0-17.wav,music is playing in the background while a person is singing,0.96513146
173891-9-0-2.wav,music is playing in the background while a person is walking,0.96832484
173891-9-0-7.wav,music is playing in the background while a person is walking,0.96832484
173993-3-0-25.wav,a dog is barking and howling with a high pitched howl,0.9980521
173993-3-0-39.wav,a dog is barking and dogs are howling in the background,0.9981268
173993-3-0-51.wav,a dog is barking and dogs are howling in the background,0.9981268
173993-3-0-52.wav,a dog is barking and dogs are howling in the background,0.9981268
173994-3-0-14.wav,a dog barking and dogs bark in the background,0.99812275
173994-3-0-3.wav,a dog is barking and dogs are howling in the background,0.9981268
173994-3-0-44.wav,a dog barking and dogs bark at the same time,0.9981579
173994-3-0-45.wav,a dog barking and dogs bark at the same time,0.9981579
173995-3-0-0.wav,a dog is barking and dogs are howling in the background,0.9981268
173995-3-0-11.wav,a dog is barking and dogs are howling in the background,0.9981268
173995-3-0-27.wav,a dog is barking and dogs are howling in the background,0.9981268
173995-3-0-3.wav,a dog barking and dogs bark in the background,0.99812275
174026-3-1-0.wav,birds chirp in the background as a person walks by,0.002558088
174026-3-1-1.wav,birds are chirping in the background as a car drives by,0.0018178506
174026-3-1-5.wav,birds chirp in the background as a soft wind blows,0.0038444644
174026-3-2-2.wav,birds are chirping in the background while a car drives by,0.007473348
174032-2-0-1.wav,children and adults are talking and playing in a playground,0.0015661945
174032-2-0-11.wav,children are playing and adults are talking in the background,0.0064692153
174032-2-0-17.wav,children and kids are shouting and playing in a playground,0.017494174
174032-2-0-18.wav,children and kids are playing in a playground,0.0013125815
174032-2-0-22.wav,children and adults are talking and playing in a playground,0.0015661945
174032-2-0-26.wav,a large group of children are shouting and screaming,0.99790937
174032-2-0-4.wav,children and adults are shouting and screaming in a playground,0.99668956
174276-7-0-0.wav,a machine is running at a constant speed and then it stops,0.00080635404
174276-7-1-0.wav,a machine is running at a constant speed and then it stops,0.00080635404
174276-7-2-0.wav,a machine is running and a person is walking in the background,0.00094127434
174276-7-3-0.wav,a machine is running at a constant speed and then it stops,0.00080635404
174276-7-4-0.wav,a machine is running at a constant speed and power tool is being used,0.00076756004
174276-7-5-0.wav,a drill is being used to cut a piece of metal,0.0043518464
174276-7-6-0.wav,birds are chirping in the background while a machine is running,0.0009156871
174282-6-1-0.wav,a gun is fired in the distance and then a shot is followed by a,0.9979273
174284-6-0-0.wav,fireworks are going off in the distance at a steady pace,0.001533818
174284-6-1-0.wav,a gun is fired in the distance and then more frequent as time goes on,0.99812835
174284-6-2-0.wav,a gun is fired in the distance and then more shots echo,0.9979742
174285-6-0-0.wav,a gun is fired in the distance and then a shot is set off,0.9979532
174285-6-1-0.wav,a gun is fired in the distance and then the fireworks are exploding in the,0.99803394
174285-6-2-0.wav,a gun is fired in the distance and then more shots echo,0.9979742
174287-6-0-0.wav,a gun is fired in the distance and then a second shot is followed by,0.9978696
174287-6-1-0.wav,a gun is fired in the distance with a slight echo in the background,0.99804235
174287-6-2-0.wav,a gun is fired in the distance with a slight echo in the background,0.99804235
174287-6-3-0.wav,a gun is fired in the distance with a slight echo in the background,0.99804235
174289-6-0-0.wav,a gun is fired in the distance with a slight echo in the background,0.99804235
174289-6-1-0.wav,a gun is fired in the distance with a slight echo in the background,0.99804235
174289-6-2-0.wav,a gun is fired in the distance with a slight echo in the background,0.99804235
174289-6-3-0.wav,a gun is fired in the distance with a slight echo in the background,0.99804235
174290-6-0-0.wav,a gun is fired in the distance with a slight echo,0.9980995
174290-6-2-0.wav,a gun is fired in the distance with a slight echo,0.9980995
174290-6-3-0.wav,a gun is fired in the distance and then a slight wind blows,0.99798536
174292-6-0-0.wav,a gun is fired repeatedly in the distance,0.9979361
174292-6-1-0.wav,a gun is fired in the distance and a bird is chirping in the background,0.99799263
174292-6-2-0.wav,a gun is fired in the distance and a bird is chirping in the background,0.99799263
174293-6-0-0.wav,a gun is fired repeatedly in the distance,0.9979361
174293-6-1-0.wav,a gun is fired in the distance and a person is firing a shot a,0.99815303
174293-6-2-0.wav,a gun is fired in the distance and a bird is chirping in the background,0.99799263
174294-6-0-0.wav,a gun is fired in the distance with a slight echo,0.9980995
174294-6-1-0.wav,a gun is fired in the distance and then a slight echo,0.9981534
174294-6-2-0.wav,a gun is fired in the distance and then a slight echo,0.9981534
174786-2-0-18.wav,children and adults are talking and laughing with each other,0.004634014
174786-2-0-19.wav,children are talking while a motorcycle is driving by,0.018968403
174786-2-0-27.wav,children are playing and adults are talking and laughing,0.0016042389
174786-2-0-30.wav,children and adults are shouting and playing in the playground,0.00687686
174786-2-0-39.wav,children are playing on a playground while a woman is speaking,0.0015052
174786-2-0-60.wav,children are playing and adults are talking and laughing,0.0016042389
174786-2-0-75.wav,children are playing and adults are talking and laughing,0.0016042389
174786-2-0-89.wav,children are talking and birds are chirping in the background,0.0012317032
17480-2-0-11.wav,children are playing and talking while birds are chirping in the background,0.00608582
17480-2-0-24.wav,birds are chirping and people are talking in the background,0.001106799
17480-2-0-25.wav,birds are chirping and children are playing in the background,0.0014244716
17480-2-0-30.wav,children are playing and talking while birds are chirping in the background,0.006085812
17480-2-0-35.wav,a helicopter flies overhead while people are talking,0.0011323823
17480-2-0-5.wav,people are talking in the background while birds are chirping,0.0013966383
17480-2-0-6.wav,a woman is speaking while birds are chirping in the background,0.0015943161
17480-2-0-9.wav,a person is walking through leaves while birds are chirping in the background,0.0014812625
174841-1-0-0.wav,a car alarm goes off at a steady pace,0.9979693
17486-3-0-0.wav,a dog barking dogs bark at a medium pitch,0.9974833
17486-3-1-0.wav,a dog barking and dogs bark at a medium barks,0.5046001
17486-3-2-0.wav,a man is speaking and a dog is barking,0.9959
174873-3-5-1.wav,a dog is barking and whining in the background,0.9980629
174873-3-5-10.wav,a dog is barking and growling at the same time,0.9981458
174873-3-5-12.wav,a dog is barking and yelping in the background,0.99810034
174873-3-5-13.wav,a dog is barking and yelping in the background,0.99810034
174906-2-0-10.wav,children are playing and adults are talking in the background,0.0064692153
174906-2-0-11.wav,children are playing and adults are talking in the background,0.0064692153
174906-2-0-14.wav,people are talking in the background as a train is passing by,0.0019758446
174906-2-0-18.wav,children are playing and birds are chirping in the background,0.0013307171
174906-2-0-20.wav,children are laughing and playing in the playground,0.0017851626
174906-2-0-21.wav,children are playing and laughing while adults are talking and a child is crying,0.99681574
174906-2-0-6.wav,a crowd of people are talking while a train is passing by,0.0018336297
174906-2-0-8.wav,people are talking while children are playing in the background,0.015580986
174994-3-0-0.wav,a dog is barking and growling at a constant rate,0.99806136
174994-3-0-1.wav,a dog is barking and yelping in the background,0.99810034
174994-3-0-2.wav,a dog is barking and growling at a distance,0.99798787
174994-3-0-4.wav,a dog is barking and growling at a constant pace,0.9979721
175296-2-0-123.wav,a group of children are shouting and yelling while playing in the background,0.9981177
175296-2-0-128.wav,children and adults are talking in a playground,0.0016442266
175296-2-0-140.wav,children and adults are talking in the background,0.004479953
175296-2-0-212.wav,children are playing and adults are talking in the background,0.0064692153
175296-2-0-3.wav,children and adults are playing in a playground,0.0013577667
175296-2-0-54.wav,children are playing and adults are talking in the background,0.0064692153
175296-2-0-76.wav,children are playing and adults are talking in the background,0.0064692153
175296-2-0-86.wav,children and adults are talking in the background,0.0044799577
17578-5-0-0.wav,a machine is running and making a constant noise,0.0008504024
17578-5-0-1.wav,a machine is running and making a constant noise,0.0008504024
17578-5-0-10.wav,a motor is running and a machine is operating,0.0008386844
17578-5-0-11.wav,a motor is running and a machine is making noise,0.00084599433
17578-5-0-12.wav,a machine is running and making a constant noise,0.0008504024
17578-5-0-14.wav,a machine is running and making a constant noise,0.0008504024
17578-5-0-15.wav,a motor is running and a car engine is idling,0.0008180739
17578-5-0-16.wav,a motor is running and a car engine is idling,0.0008180739
17578-5-0-18.wav,a machine is running at a constant speed and then it stops,0.00080635404
17578-5-0-2.wav,a motor is running and a car engine is idling,0.0008180739
17578-5-0-21.wav,a machine is running and making a constant noise,0.0008504024
17578-5-0-22.wav,a machine is running and making a constant noise,0.0008504024
17578-5-0-23.wav,a machine is running and making a constant noise,0.0008504024
17578-5-0-24.wav,a machine is running and making a constant noise,0.0008504024
17578-5-0-25.wav,a machine is running and making a constant noise,0.0008504024
17578-5-0-26.wav,a motor is running and a car engine is idling,0.0008180739
17578-5-0-27.wav,a motor is running and a car engine is idling,0.0008180739
17578-5-0-28.wav,a motor is running and a car engine is idling,0.0008180739
17578-5-0-29.wav,a machine is running at a constant speed and then stops,0.00080265966
17578-5-0-3.wav,a motor is running and a car engine is idling,0.0008180739
17578-5-0-30.wav,a machine is running and making a constant noise,0.0008504024
17578-5-0-31.wav,a machine is running and making a constant noise,0.0008504024
17578-5-0-32.wav,a machine is running and making a constant noise,0.0008504024
17578-5-0-33.wav,a motor is running and a machine is operating,0.0008386844
17578-5-0-34.wav,a machine is running and making a constant noise,0.0008504024
17578-5-0-35.wav,a motor is running and a car engine is idling,0.0008180739
17578-5-0-4.wav,a motor is running and a car engine is idling,0.0008180739
17578-5-0-5.wav,a machine is running and making a constant noise,0.0008504024
17578-5-0-6.wav,a machine is running and making a constant noise,0.0008504024
17578-5-0-7.wav,a machine is running and making a constant noise,0.0008504024
17578-5-0-8.wav,a motor is running and a car engine is idling,0.00081807474
17578-5-0-9.wav,a motor is running and a machine is making a constant noise,0.0008111901
175842-1-0-0.wav,a loud siren is being played with a high pitched horn,0.9982753
175843-1-0-0.wav,a car alarm is beeping while a siren is blaring,0.9980533
175844-1-0-0.wav,a car horn honks and horns honking in the background,0.99814856
175847-1-0-0.wav,a car horn honks and horns honking with traffic,0.99812835
175848-1-0-0.wav,a car horn honks with traffic horns honking,0.9980854
175849-1-0-0.wav,a car horn honking with traffic horns in the background,0.99816066
175850-1-0-0.wav,a horn is being blown at different pitches,0.9982509
175851-1-0-0.wav,a musical instrument is playing a note at a constant rate,0.0020710772
175852-1-0-0.wav,a car horn honking horns honk at a whistle in the background,0.99816906
175853-1-0-0.wav,a horn is honking a flute is playing a saxophone,0.997644
175854-1-0-0.wav,a horn honking car horns honk and traffic honks,0.99806625
175904-2-0-11.wav,children and kids are playing in a playground,0.0013125819
175904-2-0-12.wav,children and adults are talking and playing in a playground,0.001566196
175904-2-0-124.wav,children and kids are playing in a playground,0.0013125819
175904-2-0-24.wav,children are playing and kids are talking and laughing,0.0021591946
175904-2-0-41.wav,children and adults are talking in the background,0.0044799554
175904-2-0-64.wav,children are playing and talking in the background,0.009487586
175904-2-0-76.wav,children are talking and swinging on a playground,0.0012341224
175904-2-0-98.wav,children are playing and adults are talking in the background,0.0064692087
175915-3-0-0.wav,a dog is barking and a woman is speaking,0.9979923
175915-3-0-1.wav,a dog is barking and a woman is speaking in the background,0.99812645
175915-3-0-3.wav,a dog is barking and people are talking in the background,0.9980737
175915-3-1-8.wav,a dog is barking and a woman is speaking in the background,0.99812645
175917-3-0-3.wav,a dog is barking and people are talking in the background,0.9980737
175917-3-1-1.wav,a dog is barking and a woman is talking in the background,0.99819916
175917-3-2-2.wav,a dog barking and dogs bark in the background,0.99812275
175917-3-4-1.wav,a dog is barking and people are talking in the background,0.9980737
17592-5-0-0.wav,an engine is idling and then it starts to idle,0.00080438174
17592-5-1-0.wav,an engine is idling and then it starts to idle,0.00080438174
17592-5-1-1.wav,an engine is idling and then it starts to idle,0.00080438174
17592-5-1-2.wav,an engine is idling and then it starts to idle,0.00080438255
17592-5-1-3.wav,an engine is idling and then it starts to idle,0.00080438255
176003-1-0-0.wav,a horn honks and a car horns honking in the background,0.9981598
17615-3-0-0.wav,a dog barking and dogs bark in the distance,0.9968119
17615-3-0-3.wav,a dog is barking and a machine is running in the background,0.973823
17615-3-0-4.wav,a machine is running at a constant speed and a low hum is in the,0.000810402
17615-3-0-6.wav,a civil defense siren blares out in the distance,0.99817216
176257-3-0-0.wav,a dog is barking in the background while a car is driving by,0.99821436
176258-3-1-12.wav,a bird is chirping in the background and a car horn is blowing,0.9983089
176258-3-1-13.wav,a dog is barking loudly and sporadically,0.9981115
176258-3-1-18.wav,a dog is barking loudly at a steady pace,0.99814415
176258-3-1-2.wav,a dog is barking loudly at a steady pace,0.99814415
176634-1-0-0.wav,a horn is honking and a car honks,0.99808073
176638-5-0-0.wav,a car drives by and a motorcycle passes by,0.003358546
176638-5-0-1.wav,a car horn honks three times then a vehicle drives off,0.9981468
176638-5-0-2.wav,a car horn is being blown over and over again,0.99823064
176714-2-0-18.wav,children and adults are talking and laughing in a playground,0.0020944404
176714-2-0-23.wav,children are playing and talking in the background while birds are chirping,0.0061763045
176714-2-0-26.wav,children are laughing and talking in the background,0.005572794
176714-2-0-33.wav,children are playing and talking in the background,0.009487586
176714-2-0-40.wav,children are playing and adults are talking in the background,0.0064692153
176714-2-0-51.wav,children and adults are talking in a playground,0.0016442266
176714-2-0-55.wav,children are playing in the playground and talking,0.0014229503
176714-2-0-77.wav,a person is walking on a hard surface and children are talking in the background,0.20288832
176783-3-0-11.wav,a dog is barking and growling in the background,0.9981376
176783-3-0-3.wav,a dog is barking and birds are chirping in the background,0.9807843
176783-3-0-5.wav,a dog is barking and a bird is chirping in the background,0.99575317
176783-3-1-0.wav,a dog is barking loudly and sporadically,0.9981115
176787-5-0-0.wav,a motor is running and a bird is chirping in the background,0.0009131713
176787-5-0-1.wav,a motor is running and a machine is in the background,0.0008640103
176787-5-0-10.wav,the engine of a vehicle is idling while it is raining,0.0009149188
176787-5-0-11.wav,a large diesel engine is idling and then it gets louder,0.9933476
176787-5-0-12.wav,a large diesel engine is idling while birds are chirping in the background,0.0009932768
176787-5-0-13.wav,a large diesel engine is running and a bird is chirping in the background,0.0009917363
176787-5-0-14.wav,a large diesel engine is running and a bird is chirping in the background,0.0009917363
176787-5-0-15.wav,a large diesel engine is idling and then it gets louder,0.9933476
176787-5-0-16.wav,a machine is running at a constant speed and volume,0.00081656186
176787-5-0-17.wav,a machine is running at a constant speed and volume,0.00081656186
176787-5-0-18.wav,a large diesel engine is idling and then it gets louder,0.9933476
176787-5-0-19.wav,a large diesel engine is idling and vibrating,0.0009012063
176787-5-0-2.wav,a vehicle engine is running and a bird is chirping in the background,0.0009898155
176787-5-0-20.wav,a machine is running at a constant speed and steady,0.0008312715
176787-5-0-21.wav,a machine is running at a constant speed and a motor is in the background,0.000888184
176787-5-0-22.wav,a machine is running at a constant speed and a motor is in the background,0.000888184
176787-5-0-23.wav,a large diesel truck is idling and then it is raining,0.00084553624
176787-5-0-24.wav,a large diesel engine is idling and then it is raining,0.0008269279
176787-5-0-25.wav,a machine is running at a constant speed and a motor is in the background,0.000888184
176787-5-0-26.wav,a motor is running and birds are chirping in the background,0.0009486104
176787-5-0-27.wav,a motor is running and birds are chirping in the background,0.0009486104
176787-5-0-28.wav,a motor is running and birds are chirping in the background,0.0009486104
176787-5-0-29.wav,a large diesel engine is running and birds are chirping in the background,0.00096038677
176787-5-0-3.wav,a large diesel engine is idling and then it gets louder,0.9933476
176787-5-0-30.wav,a motor is running and birds are chirping in the background,0.0009486104
176787-5-0-4.wav,a large diesel engine is running and a bird is chirping in the background,0.0009917363
176787-5-0-5.wav,a large diesel engine is running and birds are chirping in the background,0.00096038677
176787-5-0-6.wav,a motor is running and birds are chirping in the background,0.0009486104
176787-5-0-7.wav,an engine is idling and then it gets louder and quieter,0.99557096
176787-5-0-8.wav,a large diesel engine is idling and vibrating,0.0009012063
176787-5-0-9.wav,a machine is running at a constant speed and volume,0.00081656186
177537-7-0-0.wav,a machine is running at a constant speed and a car drives by,0.00081229187
177537-7-0-1.wav,a machine is running at a constant speed and then it stops,0.00080635404
177537-7-0-10.wav,a car is driving on a road with a high speed,0.0009351421
177537-7-0-11.wav,a car is driving by on a road with traffic in the background,0.001705781
177537-7-0-12.wav,a car is driving by on a road with traffic in the background,0.001705781
177537-7-0-13.wav,a car is driving on a road with a constant speed,0.0009373513
177537-7-0-14.wav,a machine is running at a constant speed and volume,0.00081656186
177537-7-0-15.wav,a machine is running at a constant speed and a car drives by,0.00081229187
177537-7-0-16.wav,a machine is running at a constant speed and a motor is whirring,0.00080551504
177537-7-0-17.wav,a machine is running at a constant speed and a motor is whirring,0.00080551504
177537-7-0-18.wav,a machine is running at a constant speed and a vehicle is passing by,0.0008272503
177537-7-0-19.wav,a machine is running at a constant speed and a motor is operating,0.0008240701
177537-7-0-2.wav,a machine is running at a constant speed and then it stops,0.00080635445
177537-7-0-20.wav,a machine is running at a constant speed and then it stops,0.00080635445
177537-7-0-21.wav,a car is driving down a road with a high speed,0.00089624483
177537-7-0-22.wav,a train is passing by on a busy street,0.0010277247
177537-7-0-23.wav,a machine is running at a constant speed and then it stops,0.00080635445
177537-7-0-24.wav,cars are driving by and a horn is blowing,0.9982186
177537-7-0-25.wav,cars are driving by on a busy highway,0.0010588287
177537-7-0-26.wav,a machine is running while people are talking in the background,0.0012967582
177537-7-0-27.wav,a machine is running while people are talking in the background,0.0012967582
177537-7-0-28.wav,a machine is running at a constant speed and crickets are chirping in the background,0.0010021988
177537-7-0-29.wav,a machine is running at a constant speed and a car drives by,0.00081229187
177537-7-0-3.wav,a truck is driving on a road with a high pitched squeal,0.04092714
177537-7-0-30.wav,a machine is running at a constant speed and then stops,0.00080265966
177537-7-0-31.wav,a machine is running at a constant speed and cars are passing by,0.00085506024
177537-7-0-4.wav,a large truck is driving on a busy street,0.0010267915
177537-7-0-5.wav,a car is driving by and a truck is passing by,0.0011827468
177537-7-0-6.wav,a machine is running at a constant speed and a car drives by,0.00081229187
177537-7-0-7.wav,a car is driving on a road with people talking in the background,0.09777465
177537-7-0-8.wav,a machine is running at a constant speed and people are talking in the background,0.0011410986
177537-7-0-9.wav,a machine is running at a constant speed and a car drives by,0.00081229187
177537-7-1-0.wav,a machine is running at a constant speed and then stops,0.00080265966
177537-7-1-1.wav,a machine is running at a constant speed and a motor is operating,0.0008240701
177537-7-1-10.wav,a machine is running at a constant speed and volume,0.00081656186
177537-7-1-2.wav,a machine is running at a constant speed and then it stops,0.00080635445
177537-7-1-3.wav,a machine is running at a constant speed and a motor is whirring,0.00080551504
177537-7-1-4.wav,a machine is running at a constant speed and a motor is whirring,0.00080551463
177537-7-1-5.wav,a machine is running at a constant speed and volume,0.0008165623
177537-7-1-6.wav,a machine is running at a constant speed and volume,0.0008165623
177537-7-1-7.wav,a machine is running at a constant speed and a helicopter is flying overhead,0.00093111506
177537-7-1-8.wav,a machine is running at a constant speed and a helicopter is flying overhead,0.00093111506
177537-7-1-9.wav,a machine is running at a constant speed and volume,0.0008165623
177537-7-2-0.wav,a car is driving on a busy road with traffic in the background,0.0010814191
177537-7-2-1.wav,a machine is running at a constant speed and people are talking in the background,0.0011410976
177592-5-0-0.wav,a man is giving a speech over a tannoy system,0.0069903475
177592-5-0-1.wav,a man is speaking over a loudspeaker while a woman is talking,0.09727355
177592-5-0-10.wav,a group of people are talking and laughing,0.0012851323
177592-5-0-2.wav,a woman is speaking over a loudspeaker while a man is giving a speech,0.15365905
177592-5-0-3.wav,a woman is speaking over a tannoy speaker over a loudspeaker over a public announcement,0.023102054
177592-5-0-4.wav,an announcement is being made over an intercom in the background,0.007845348
177592-5-0-5.wav,a man is speaking while a bell is ringing in the background,0.0055227187
177592-5-0-6.wav,a bell is ringing while a person is walking in the background,0.01152137
177592-5-0-7.wav,people are talking in the background while a machine is running,0.0019756856
177592-5-0-8.wav,people are talking in the background as a train is passing by,0.0019758446
177592-5-0-9.wav,people are talking in the background as a train is passing by,0.0019758446
177620-3-0-20.wav,crickets chirp in the background as a cricket chirps and a car drives by,0.0012431158
177620-3-0-21.wav,crickets are chirping and insects are making noise in the background,0.0010596244
177620-3-0-25.wav,crickets are chirping and cars are passing by in the distance,0.0010649718
177620-3-0-8.wav,crickets chirp in the background as a cricket chirps and a car drives by,0.0012431158
177621-0-0-0.wav,crickets chirp in the background as a cricket chirps and a car drives by,0.0012431158
177621-0-0-100.wav,crickets are chirping and insects are buzzing in the background,0.0009801125
177621-0-0-104.wav,crickets are chirping and insects are making noise in the background,0.0010596244
177621-0-0-105.wav,crickets are chirping and insects are making noises in the background,0.0012090724
177621-0-0-109.wav,crickets chirping and insects buzzing in the background,0.0011058678
177621-0-0-117.wav,crickets are chirping and insects are buzzing in the background,0.0009801125
177621-0-0-120.wav,crickets chirp in the background as a cricket chirps and a car drives by,0.0012431158
177621-0-0-126.wav,crickets are chirping and insects are buzzing in the background,0.0009801125
177621-0-0-127.wav,crickets are chirping and insects are buzzing in the background,0.0009801125
177621-0-0-128.wav,crickets are chirping and insects are buzzing in the background,0.0009801125
177621-0-0-145.wav,crickets are chirping and insects are buzzing in the night,0.00094097614
177621-0-0-147.wav,crickets are chirping and insects are buzzing in the background,0.0009801125
177621-0-0-2.wav,crickets are chirping and insects are buzzing in the background,0.0009801125
177621-0-0-27.wav,crickets are chirping and insects are buzzing in the background,0.0009801125
177621-0-0-31.wav,crickets are chirping and insects are buzzing in the background,0.0009801125
177621-0-0-35.wav,crickets are chirping and insects are buzzing in the background,0.0009801125
177621-0-0-46.wav,crickets are chirping and insects are buzzing in the background,0.0009801125
177621-0-0-47.wav,crickets chirp in the background as a car drives by,0.00154764
177621-0-0-48.wav,crickets are chirping and insects are buzzing in the background,0.0009801125
177621-0-0-54.wav,crickets are chirping and insects are buzzing in the background,0.0009801125
177621-0-0-57.wav,crickets are chirping and insects are making noise in the background,0.0010596244
177621-0-0-80.wav,crickets chirp in the background as insects buzz and a bird chirps,0.0010684453
177621-0-0-88.wav,crickets are chirping and insects are making noise in the background,0.0010596244
177621-0-0-91.wav,crickets are chirping and insects are buzzing in the background,0.0009801125
177621-0-0-93.wav,crickets are chirping and insects are making noises in the background,0.0012090724
177726-0-0-1.wav,a low hum is followed by a few people talking in the background,0.9979208
177726-0-0-10.wav,a fan is running at a constant rate,0.0009863906
177726-0-0-11.wav,a fan is running at a constant rate,0.0009863906
177726-0-0-12.wav,a fan is running at a constant rate,0.0009863906
177726-0-0-13.wav,a fan is running at a steady pace,0.0011122837
177726-0-0-14.wav,a fan is running at a steady pace,0.0011122837
177726-0-0-15.wav,a fan is running at a constant rate in the background,0.0018122161
177726-0-0-17.wav,a fan is running at a constant rate in the background,0.0018122161
177726-0-0-18.wav,a fan is running at a steady pace,0.0011122837
177726-0-0-19.wav,a fan is running at a steady pace,0.0011122837
177726-0-0-2.wav,a low hum is in the background while people are talking in the distance,0.01118099
177726-0-0-21.wav,a fan is running at a constant rate in the background,0.0018122161
177726-0-0-22.wav,a fan is running at a steady pace,0.0011122837
177726-0-0-23.wav,a fan is running at a steady pace,0.0011122837
177726-0-0-25.wav,a fan is running at a constant rate in the background,0.0018122161
177726-0-0-26.wav,a fan is running at a constant rate in the background,0.0018122161
177726-0-0-27.wav,a fan is running at a steady pace,0.0011122825
177726-0-0-28.wav,a fan is running at a steady pace,0.0011122825
177726-0-0-29.wav,a fan is running at a steady pace,0.0011122825
177726-0-0-3.wav,a fan is running at a constant rate,0.0009863906
177726-0-0-30.wav,a fan is running at a constant rate in the background,0.0018122153
177726-0-0-31.wav,a fan is running at a steady pace,0.0011122825
177726-0-0-32.wav,a fan is running at a steady pace,0.0011122825
177726-0-0-33.wav,a fan is running at a constant rate in the background,0.0018122153
177726-0-0-34.wav,a fan is running at a constant rate,0.0009863906
177726-0-0-36.wav,a fan is running at a constant rate,0.0009863906
177726-0-0-37.wav,a fan is running at a steady pace,0.0011122825
177726-0-0-5.wav,a fan is running at a steady pace,0.0011122825
177726-0-0-6.wav,a fan is running at a constant rate in the background,0.0018122153
177726-0-0-7.wav,a fan is running at a constant rate in the background,0.0018122153
177726-0-0-8.wav,a fan is running at a constant rate in the background,0.0018122153
177726-0-0-9.wav,a fan is running at a steady pace,0.0011122825
177729-0-0-1.wav,a car is driving by and a motorcycle is passing by,0.0019527616
177729-0-0-106.wav,a motor is running and a motorcycle is passing by,0.0008346441
177729-0-0-108.wav,a lawn mower is running and a motorcycle is passing by,0.0010860922
177729-0-0-111.wav,a lawn mower is running while a person is mowing the ground,0.0010580175
177729-0-0-120.wav,crickets chirp in the background as a cricket chirps and a car drives by,0.0012431146
177729-0-0-128.wav,a motorcycle is driving by and a car is passing by,0.0014875911
177729-0-0-20.wav,a car is driving on a road with traffic in the background,0.0011914718
177729-0-0-22.wav,a car is driving down the road with crickets chirping in the background,0.001151755
177729-0-0-27.wav,crickets chirp in the background as a car drives by,0.0015476393
177729-0-0-28.wav,crickets chirp in the background as a car drives by,0.0015476393
177729-0-0-3.wav,a car is driving by on a road with a motorcycle,0.0011576518
177729-0-0-38.wav,crickets are chirping and a dog is barking in the background,0.0017834124
177729-0-0-40.wav,a rooster crowing and birds chirping in the background,0.0012350031
177729-0-0-42.wav,crickets are chirping and insects are buzzing in the background,0.0009801114
177729-0-0-50.wav,a cricket is chirping and cars are passing by in the background,0.0011050865
177729-0-0-51.wav,a car drives by and a motorcycle passes by,0.0033585413
177729-0-0-53.wav,a rooster crowing and a bird chirping in the background,0.0012551944
177729-0-0-58.wav,crickets chirp in the background as a cricket chirps and a car drives by,0.0012431146
177729-0-0-63.wav,a car drives by and a cricket is chirping,0.0011555222
177729-0-0-67.wav,a machine is running at a constant speed and a motor is in the background,0.000888184
177729-0-0-68.wav,a lawnmower is in the distance and a bird is chirping in the background,0.0010861481
177729-0-0-69.wav,crickets chirp in the background as a car drives by,0.0015476393
177729-0-0-73.wav,crickets chirp in the background as a car drives by,0.0015476393
177729-0-0-74.wav,crickets chirp in the background as a car drives by,0.0015476393
177729-0-0-80.wav,a rooster crows and crickets chirp in the background,0.0013869625
177729-0-0-82.wav,a rooster crowing and birds chirping in the background,0.0012350031
177729-0-0-83.wav,crickets are chirping and insects are buzzing in the background,0.0009801114
177729-0-0-89.wav,crickets chirp in the background and a rooster crows,0.0013295163
177729-0-0-91.wav,crickets are chirping and insects are buzzing in the background,0.0009801114
177729-0-0-97.wav,a car drives by and a motorcycle passes by,0.0033585413
177729-0-0-98.wav,crickets chirp in the background as a car drives by,0.0015476393
177742-0-0-10.wav,a car is driving down the road and the wind is blowing,0.00086557184
177742-0-0-102.wav,a car is driving down the road and the rain is hitting the ground,0.000979105
177742-0-0-111.wav,rain is pouring down on the street and cars are passing by,0.0009927284
177742-0-0-149.wav,rain is pouring down on the roof of a house,0.0008243427
177742-0-0-161.wav,a car is driving down the road with the windows down,0.0010381304
177742-0-0-164.wav,rain is pouring down on the roof of a house,0.0008243427
177742-0-0-165.wav,rain is pouring down on a roof and the water is running,0.00087821024
177742-0-0-17.wav,a car drives by and a motorcycle passes by,0.0033585413
177742-0-0-178.wav,a car is driving down the road with the windows rolled down,0.0009717011
177742-0-0-196.wav,rain is pouring down on a roof and the water is dripping down,0.00089491747
177742-0-0-202.wav,rain is pouring down on the roof of a house,0.0008243427
177742-0-0-203.wav,a car is driving down the road with the windows down,0.0010381304
177742-0-0-204.wav,rain is pouring down on the side of a house,0.000807172
177742-0-0-205.wav,a car is driving down the street with traffic in the background,0.0015950355
177742-0-0-211.wav,a car is driving on a busy road with traffic in the background,0.0010814186
177742-0-0-214.wav,a car is driving down the street with a lot of cars,0.0026838684
177742-0-0-3.wav,rain is pouring down on the roof of a house,0.0008243427
177742-0-0-36.wav,a car is driving down the road with the window open,0.0009148991
177742-0-0-49.wav,rain is pouring down on the roof of a house,0.0008243423
177742-0-0-58.wav,a car is driving on the road with the windows rolled down,0.0009357272
177742-0-0-67.wav,rain is pouring down on a roof and a car passes by,0.0009103895
177742-0-0-73.wav,rain is pouring down on a roof and a person is talking in the background,0.0018152792
177742-0-0-84.wav,a car is driving by and a motorcycle is revving,0.0026514765
177742-0-0-99.wav,a car is driving down the road with the windows rolled down,0.0009717007
177756-2-0-10.wav,a child is speaking while a baby is crying in the background,0.9981719
177756-2-0-12.wav,children are playing and talking in a gym,0.0015000177
177756-2-0-16.wav,children are playing and talking in the distance,0.0015719428
177756-2-0-17.wav,children are playing in a playground and talking to each other,0.0018081693
177756-2-0-19.wav,a woman is speaking in a large room with a loud echo in the background,0.9977003
177756-2-0-4.wav,a door is being opened and closed while people are talking in the background,0.002404185
177756-2-0-5.wav,people are talking in a large room with banging sounds in the background,0.99808276
177756-2-0-7.wav,a child is speaking while a door is being opened and closed,0.00130545
178099-9-0-0.wav,a man is singing a song while music plays in the background,0.96087205
178099-9-0-1.wav,a man is singing a song while a woman sings in the background,0.9826119
178099-9-0-10.wav,a man is singing while music is playing in the background,0.9760879
178099-9-0-12.wav,a man is singing a song while a woman is speaking in the background,0.99020886
178099-9-0-6.wav,a man is singing a song while music plays in the background,0.96087205
178099-9-0-7.wav,a man is singing while music plays in the background,0.9494586
17810-3-0-0.wav,a dog barking and dogs bark at a distance,0.997612
17810-3-1-0.wav,a dog barking and dogs bark at a medium pitch,0.9967457
178115-1-0-0.wav,a car horn is honking and traffic horns are blaring,0.99814177
178118-3-0-0.wav,thunder is barking and dogs are howling in the distance,0.018929584
178118-3-1-0.wav,a dog barking and dogs bark in the distance,0.9968119
178118-3-2-0.wav,a dog barking and dogs bark in the distance,0.9968119
178260-7-0-0.wav,a jackhammer is running at a constant speed and then stops,0.99116474
178260-7-1-0.wav,a jackhammer pounds against a metal object and another bell rings,0.99713093
178260-7-1-1.wav,a jackhammer pounds against another hard surface at a high speed,0.99744725
178260-7-1-10.wav,a jackhammer is running loudly and then stops,0.9979949
178260-7-1-2.wav,a jackhammer pounds against another hard surface at a high speed,0.99744725
178260-7-1-3.wav,a jackhammer pounds against another hard object at a high speed,0.99785703
178260-7-1-4.wav,a jackhammer is running loudly and consistently hitting the ground,0.9980038
178260-7-1-5.wav,a jackhammer is running loudly and consistently hitting the ground,0.9980038
178260-7-1-6.wav,a jackhammer is running loudly and stops at a steady pace,0.998086
178260-7-1-7.wav,a jackhammer pounds against another hard object at a high speed,0.99785703
178260-7-1-8.wav,a jackhammer pounds against another hard object at a high speed,0.99785703
178260-7-1-9.wav,a jackhammer is running loudly and stops at a high speed,0.99808645
178260-7-2-0.wav,a jackhammer is being used to cut a construction site,0.99556834
178260-7-2-1.wav,a jackhammer pounds against another hard object at a high speed,0.99785703
178260-7-2-2.wav,a jackhammer is being used to cut a construction site,0.99556834
178260-7-3-0.wav,a jackhammer is running loudly and stops at a high speed,0.99808645
178260-7-3-1.wav,a jackhammer is running loudly and stops at a steady pace,0.998086
178260-7-3-10.wav,a jackhammer is running at a constant speed and then stops,0.99116474
178260-7-3-11.wav,a jackhammer is running loudly and then stops,0.9979949
178260-7-3-12.wav,a jackhammer is running loudly and stops at a steady pace,0.998086
178260-7-3-2.wav,a jackhammer is being used to cut a piece of wood,0.9977695
178260-7-3-3.wav,a jackhammer is running loudly and consistently hitting the ground,0.9980038
178260-7-3-4.wav,a jackhammer is running loudly and stops at a steady pace,0.998086
178260-7-3-5.wav,a jackhammer is running at a constant speed and then stops,0.99116474
178260-7-3-6.wav,a jackhammer is running at a constant speed and then stops,0.99116474
178260-7-3-7.wav,a jackhammer is running loudly and stops at a steady pace,0.998086
178260-7-3-8.wav,a jackhammer pounds against another hard object at a constant speed,0.9975787
178260-7-3-9.wav,a jackhammer is running loudly and consistently hitting the ground,0.9980038
178260-7-4-0.wav,a jackhammer is being used to cut a piece of metal,0.9977069
178260-7-4-1.wav,a jackhammer is running loudly and then stops,0.9979949
178260-7-5-0.wav,a jackhammer is being used to cut a lawn,0.9972619
178260-7-6-0.wav,a jackhammer is being used to cut a construction site,0.99556834
178260-7-7-0.wav,a jackhammer is being used to cut up and down,0.99779886
178261-7-0-0.wav,a jackhammer is being used to cut up and down,0.99779886
178261-7-1-0.wav,a jackhammer is running loudly and then stops,0.9979949
178261-7-2-0.wav,a jackhammer is being used to cut a piece of metal,0.9977069
178261-7-3-0.wav,a jackhammer is running loudly and then stops,0.9979949
178261-7-3-1.wav,a jackhammer is running loudly and consistently hitting the ground,0.9980038
178261-7-3-2.wav,a jackhammer pounds against another piece of metal,0.99772924
178261-7-3-3.wav,a jackhammer is running at a constant speed and then stops,0.99116474
178261-7-3-4.wav,a jackhammer is running at a constant speed and then stops,0.99116474
178261-7-3-5.wav,a jackhammer is running loudly and then stops,0.9979949
178261-7-3-6.wav,a jackhammer is running loudly and stops and then starts again,0.998102
178497-3-0-1.wav,a dog is barking loudly at a steady pace,0.99814415
178497-3-0-3.wav,a dog is barking and growling at a consistent rate,0.99795
178497-3-0-4.wav,a dog is barking and growling at a steady pace,0.99778074
178497-3-0-6.wav,a dog is barking loudly at a consistent rate,0.9981014
178520-2-0-11.wav,children and adults are playing in a playground,0.0013577667
178520-2-0-23.wav,children are playing and adults are talking in the background,0.0064692153
178520-2-0-27.wav,children are screaming and playing in a playground,0.7071885
178520-2-0-28.wav,a group of kids are playing and shouting,0.008039578
178520-2-0-29.wav,a group of children are playing in a playground,0.001147165
178520-2-0-38.wav,a group of people are talking and yelling,0.0016451917
178520-2-0-39.wav,children are playing and adults are talking in the background,0.0064692153
178520-2-0-42.wav,a group of kids are playing and shouting,0.008039578
178521-2-0-18.wav,children are playing and adults are talking in the background,0.0064692153
178521-2-0-2.wav,children are playing and adults are talking in the background,0.0064692153
178521-2-0-22.wav,children are playing and adults are talking in the background,0.0064692153
178521-2-0-69.wav,a crowd of people are shouting and yelling,0.9889586
178521-2-0-7.wav,a group of children are shouting and yelling while a dog barks,0.9981318
178521-2-0-70.wav,a crowd of people are shouting and yelling,0.9889586
178521-2-0-86.wav,children are playing and adults are talking in the background,0.0064692153
178521-2-0-93.wav,children are playing and adults are talking in the background,0.0064692153
17853-5-0-0.wav,a machine is running at a constant speed and then a car drives by,0.00086063903
17853-5-0-1.wav,a truck is driving on the road with the engine of a vehicle backing up,0.00080146553
17853-5-0-10.wav,a machine is running at a constant speed and a fan is blowing in the,0.00082776824
17853-5-0-11.wav,a machine is running at a constant speed and then it is raining,0.0007931522
17853-5-0-12.wav,a machine is running at a constant speed and then a steam engine is hissing,0.00084291695
17853-5-0-13.wav,a train horn blows as a car honks its whistle,0.9981787
17853-5-0-14.wav,a train horn blows as a car honks its whistle,0.9981787
17853-5-0-15.wav,a train horn blows as a car drives by,0.9982855
17853-5-0-2.wav,a machine is running at a constant speed and a fan is blowing in the,0.00082776824
17853-5-0-3.wav,a machine is running at a constant speed and a fan is blowing in the,0.00082776824
17853-5-0-4.wav,a machine is running at a constant speed and then it is raining,0.0007931522
17853-5-0-5.wav,a machine is running at a constant speed and a fan is blowing in the,0.00082776824
17853-5-0-6.wav,a machine is running at a constant speed and a fan is blowing in the,0.00082776824
17853-5-0-7.wav,a machine is running at a constant speed and then it stops,0.00080635404
17853-5-0-8.wav,a machine is running at a constant speed and then it is raining,0.0007931522
17853-5-0-9.wav,a machine is running at a constant speed and then it is raining,0.0007931522
178686-0-0-1.wav,the wind is blowing and the rain is hitting the ground,0.00090877543
178686-0-0-11.wav,the wind is blowing and a car passes by,0.0010543308
178686-0-0-12.wav,the wind is blowing in the background while a car passes by,0.95263714
178686-0-0-14.wav,the wind blows in the background as a car drives by,0.9957574
178686-0-0-15.wav,the wind is blowing and the rain is pouring down,0.000871548
178686-0-0-16.wav,wind blows in the background as thunder rumbles in the distance,0.99795026
178686-0-0-17.wav,wind blows in the background as thunder rumbles in the distance,0.99795026
178686-0-0-18.wav,wind blows in the background as a car passes by,0.9919912
178686-0-0-19.wav,the wind is blowing and a car passes by,0.0010543308
178686-0-0-2.wav,someone is opening and closing a door with traffic in the background,0.012200408
178686-0-0-21.wav,the wind is blowing and the rain is pouring down,0.000871548
178686-0-0-23.wav,the wind is blowing and a car drives by,0.001148093
178686-0-0-3.wav,a gun is fired in the distance and then a car drives by,0.99805224
178686-0-0-31.wav,the wind is blowing and a car passes by,0.0010543308
178686-0-0-33.wav,the wind is blowing and a car passes by,0.0010543308
178686-0-0-34.wav,the wind is blowing and cars are passing by in the distance,0.0009588796
178686-0-0-38.wav,the wind is blowing and a car passes by,0.0010543308
178686-0-0-39.wav,the wind is blowing and a car passes by,0.0010543308
178686-0-0-42.wav,the wind is blowing and the rain is pouring down,0.000871548
178686-0-0-43.wav,the wind is blowing and the rain is hitting the ground,0.00090877543
178686-0-0-44.wav,the wind is blowing and the rain is hitting the ground,0.00090877543
178686-0-0-45.wav,the wind is blowing and the rain is pouring down,0.000871548
178686-0-0-46.wav,the wind is blowing and a car passes by,0.0010543308
178686-0-0-53.wav,cars are driving by on a highway and a car is passing by,0.0012646387
178686-0-0-55.wav,the wind is blowing and the rain is pouring down,0.000871548
178686-0-0-57.wav,the wind is blowing and the rain is hitting the ground,0.00090877543
178686-0-0-6.wav,the wind is blowing and a train is passing by,0.0009299156
178686-0-0-60.wav,the wind is blowing in the background while a person is walking,0.6562717
178686-0-0-63.wav,the wind blows in the background as a car drives by,0.9957574
178686-0-0-64.wav,the wind is blowing and a car passes by,0.0010543308
178686-0-0-65.wav,the wind blows in the background as a car passes by,0.9789482
178686-0-0-66.wav,the wind is blowing and the rain is hitting the ground,0.00090877543
178686-0-0-67.wav,the wind is blowing and the rain is pouring down,0.000871548
178686-0-0-68.wav,wind blows in the background as a car drives by,0.9964169
178686-0-0-7.wav,the wind is blowing and a train is passing by,0.0009299156
178686-0-0-72.wav,a person is walking on a hard surface and keys are jingling in the background,0.013107053
178686-0-0-8.wav,wind blows in the background as a train passes by,0.4479139
178686-0-0-9.wav,the wind is blowing and a car passes by,0.0010543308
178825-2-0-4.wav,children are playing and adults are talking in the background,0.0064692153
178825-2-0-53.wav,children are playing and adults are talking in the background,0.0064692153
178825-2-0-62.wav,a large group of people are talking in a gym,0.0014381065
178825-2-0-70.wav,children are playing in a playground and talking to each other,0.0018081693
178825-2-0-74.wav,a large group of people are shouting and yelling,0.9966725
178825-2-0-9.wav,a group of children are playing in a gym,0.0012156768
178825-2-0-95.wav,a group of children are shouting and yelling,0.99681866
178826-2-0-10.wav,children are playing and adults are talking in the background,0.0064692153
178826-2-0-12.wav,a group of people are talking and yelling,0.0016451917
178826-2-0-14.wav,children are playing and adults are talking in a gym,0.0014549535
178826-2-0-16.wav,children are playing in a playground and shouting,0.0015371128
178826-2-0-17.wav,a group of people are talking and yelling,0.0016451917
178826-2-0-20.wav,children are playing in a gym with people talking in the background,0.0049928143
178826-2-0-28.wav,children are playing and adults are talking in the background,0.0064692153
178826-2-0-39.wav,children are playing in a playground in a gym,0.001261625
179039-9-0-22.wav,music is playing and people are talking in the background,0.31362024
179039-9-0-23.wav,music is playing and people are talking in the background,0.3136211
179039-9-0-30.wav,music is playing and people are talking in the background,0.3136211
179039-9-0-38.wav,people are talking while music is playing in the background,0.94793785
179039-9-0-4.wav,music is playing and people are talking in the background,0.3136211
179039-9-0-40.wav,people are talking while music is playing in the background,0.94793785
179096-3-0-1.wav,dogs are barking and a dog barks in the background,0.99737406
179096-3-0-10.wav,a dog is barking and birds are chirping in the background,0.9807844
179096-3-0-5.wav,a dog is barking and a person is walking by,0.997776
179096-3-0-9.wav,a dog is barking and a sheep is bleating in the background,0.0059408154
17913-4-0-0.wav,someone is scraping a piece of metal with a broom,0.0014127378
17913-4-0-1.wav,someone is scraping a piece of metal with a broom,0.0014127378
17913-4-0-2.wav,a piece of metal is scraping against a hard surface,0.00091516285
17913-4-1-0.wav,a train is moving on the tracks and a horn is sounding,0.9980946
17913-4-2-0.wav,someone is opening and closing a garage door,0.001017742
179212-4-0-0.wav,the engine of a vehicle is revving up and down,0.0012841013
179386-3-0-0.wav,a dog barking and dogs bark in the background,0.99812275
179386-3-0-1.wav,a dog barking and dogs bark at the distance,0.9964946
179386-3-0-2.wav,a dog barks and dogs bark in the distance,0.0013343786
179386-3-0-3.wav,a dog barking and dogs bark in the distance,0.9968119
179725-4-0-0.wav,someone is using a manual typewriter to cut a power tool,0.0009978267
17973-2-0-17.wav,a group of children are shouting and yelling,0.99681866
17973-2-0-21.wav,a group of children are shouting and yelling,0.99681866
17973-2-0-22.wav,children and adults are talking and laughing in a playground,0.0020944404
17973-2-0-29.wav,children and adults are talking and playing in a playground,0.001566196
17973-2-0-31.wav,a group of children are shouting and yelling,0.99681866
17973-2-0-32.wav,a group of children are shouting and yelling,0.99681866
17973-2-0-8.wav,children and adults are shouting and screaming in the playground,0.9962921
17973-2-0-9.wav,children are shouting and playing in a playground,0.010107123
179858-1-0-0.wav,a horn is honking and a flute is playing,0.9982279
179861-1-0-0.wav,a car horn honking in the background,0.9981194
179862-1-0-0.wav,a horn honks and a car horns honking,0.9980869
179864-1-0-0.wav,a car horn honks and horns honking and a vehicle whistle,0.9981419
179867-1-0-0.wav,a horn is blowing and a whistle is honking,0.99811625
180029-4-1-0.wav,a very loud creaking sound is being made by a buzzing,0.003157611
180029-4-10-0.wav,a loud buzzing is being made with a high pitched sound,0.002740637
180029-4-11-0.wav,a saw is being used to cut a wood,0.997889
180029-4-12-0.wav,a person is rocking back and forth in a garage,0.00094780466
180029-4-13-0.wav,a person is using a squeaky rocking chair,0.0013293851
180029-4-14-0.wav,a saw is being used with a high power tool,0.9849915
180029-4-15-0.wav,a person is using a very squeaky rocking chair,0.0014264793
180029-4-16-0.wav,a very loud creaking sound is being made by a high pitched buzzing,0.011382596
180029-4-19-0.wav,an electric saw is being used to cut wood,0.9926231
180029-4-2-0.wav,a very loud buzzing sound is being made by a cow,0.0012970151
180029-4-20-0.wav,a very loud creaking sound is being made by a high pitched squeak,0.8971907
180029-4-4-0.wav,a loud buzzing occurs and gets louder and more frequent as time goes on,0.9963877
180029-4-5-0.wav,a loud buzzing occurs and gets louder and more intense as time goes on,0.997239
180029-4-6-0.wav,an electric saw is being used to cut a piece of wood,0.9980287
180029-4-7-0.wav,a squeaky rocking chair is creaking back and forth,0.0011551491
180029-4-8-0.wav,a very squeaky door is creaking back and forth,0.00097107684
180029-4-9-0.wav,someone is using a power tool to cut something,0.013863225
180052-3-0-0.wav,a dog is barking loudly and sporadically,0.9981115
180052-3-0-1.wav,a dog is barking and birds are chirping in the background,0.9807843
180052-3-0-3.wav,a dog is barking loudly and sporadically,0.9981115
180052-3-0-4.wav,a dog is barking loudly and another bird is chirping in the background,0.99810886
180057-9-0-11.wav,a person is walking on a hard surface and people are talking in the background,0.29121503
180057-9-0-20.wav,a motorcycle is driving by and a car is passing by,0.0014875918
180057-9-0-34.wav,a group of people are talking while music is playing in the background,0.0785399
180057-9-0-36.wav,people are talking while a bicycle is passing by and a bell is ringing,0.0022108995
180057-9-0-5.wav,a car drives by and a motorcycle passes by,0.003358546
180057-9-0-7.wav,children are playing and talking while birds are chirping in the background,0.006085812
180125-4-0-16.wav,a person is using a heavy tool to cut something,0.0023812072
180125-4-0-17.wav,a machine is running at a constant speed and then stops,0.00080265966
180125-4-1-3.wav,a machine is running at a constant speed and then it is turned off,0.00079954905
180125-4-1-5.wav,a machine is running at a constant speed,0.0008257412
180125-4-1-7.wav,a machine is running at a constant speed,0.0008257412
180125-4-1-8.wav,a motor is running at a constant speed and then it starts to run,0.0008551408
180125-4-2-1.wav,a machine is running at a constant speed and then it is turned off,0.00079954905
180125-4-2-13.wav,a machine is running at a constant speed and then it stops,0.00080635404
180125-4-2-14.wav,a machine is running and then stops and then starts again,0.00083619636
180125-4-2-15.wav,a person is using a power tool to clean it,0.0009105114
180125-4-2-17.wav,someone is opening and closing a creaky door,0.0013159437
180125-4-3-0.wav,someone is using a power tool to cut a piece of wood,0.23859917
180125-4-3-1.wav,a person is using a saw to cut wood,0.99786633
180125-4-3-10.wav,a machine is running at a constant speed and then it starts up,0.0007943859
180125-4-3-2.wav,a machine is running at a constant speed,0.0008257412
180125-4-3-22.wav,a machine is running at a constant speed,0.0008257412
180125-4-3-24.wav,a machine is running at a constant speed and a motor is in the background,0.000888184
180125-4-3-4.wav,a machine is running at a constant speed and then it is turned off,0.00079954905
180126-4-0-0.wav,a machine is running and then it stops and then starts again,0.00083438517
180126-4-1-0.wav,a person is using a hose to clean something,0.0009659943
180126-4-1-1.wav,someone is using a tool to clean something,0.001791124
180126-4-1-2.wav,a metal object is being rubbed against another hard surface,0.0009909628
180126-4-2-0.wav,a heavy metal object is being dragged across a hard surface,0.0010655127
180126-4-3-0.wav,a machine is running at a constant speed and then stops,0.00080265966
180126-4-4-0.wav,someone is using a hose to clean something,0.0011999466
180126-4-4-1.wav,a machine is running at a constant speed and then it stops,0.00080635404
180126-4-4-2.wav,a saw is cutting through a piece of wood,0.9979995
180127-4-0-0.wav,an electric motor is running at a steady pace,0.00093098293
180127-4-0-1.wav,a very loud buzzing sound is being made by a very high pitched noise,0.0061817598
180127-4-0-10.wav,a machine is running at a constant speed and then it is turned off,0.00079954905
180127-4-0-11.wav,a machine is running at a constant speed and then it is turned off,0.00079954905
180127-4-0-12.wav,a machine is running at a constant speed and then it is turned off,0.00079954905
180127-4-0-13.wav,a machine is running at a constant speed and then it is turned off,0.00079954905
180127-4-0-14.wav,a machine is running at a constant speed and then it is turned off,0.00079954905
180127-4-0-15.wav,a loud buzzing sound is being made by a machine,0.0009966732
180127-4-0-16.wav,a loud buzzing sound is being made by a machine,0.0009966732
180127-4-0-17.wav,a machine is running at a constant speed and then it is turned off,0.00079954905
180127-4-0-18.wav,a machine is running at a constant speed and then it is turned off,0.00079954905
180127-4-0-19.wav,a machine is running at a constant speed and then it is turned off,0.00079954905
180127-4-0-2.wav,a loud buzzing occurs and is followed by a high pitched whine,0.9976197
180127-4-0-20.wav,a machine is running at a constant speed and then it is turned off,0.00079954905
180127-4-0-21.wav,a machine is running at a constant speed and steady,0.0008312715
180127-4-0-3.wav,a machine is running at a constant speed and volume,0.00081656186
180127-4-0-4.wav,a machine is running at a constant speed and then it stops,0.00080635404
180127-4-0-5.wav,a machine is running at a constant speed and then it is turned off,0.00079954905
180127-4-0-6.wav,a machine is running at a constant speed and then it is turned off,0.00079954905
180127-4-0-7.wav,a machine is running at a constant speed and steady,0.0008312715
180127-4-0-8.wav,a machine is running at a constant speed and steady,0.0008312715
180127-4-0-9.wav,a machine is running at a constant speed and then it is turned off,0.00079954905
180128-4-0-0.wav,a creaky door is being opened and closed repeatedly,0.0008364544
180128-4-11-0.wav,a very loud buzzing sound is being made by an electric power tool,0.0011225011
180128-4-11-1.wav,a very loud buzzing sound is being made by a very high pitched screech,0.9979075
180128-4-12-0.wav,an electric saw is being used to cut wood,0.9926231
180128-4-13-0.wav,a very loud screeching noise is being played,0.9981937
180128-4-14-0.wav,a very loud buzzing sound is being made by an electric device,0.0014477216
180128-4-16-1.wav,a machine is running at a constant speed and then it stops,0.00080635404
180128-4-17-0.wav,a very loud buzzing sound is being made by a machine,0.0010096807
180128-4-4-0.wav,a loud buzzing sound is being played very loudly,0.010059972
180128-4-5-0.wav,a very loud buzzing sound is being made by a machine,0.0010096807
180128-4-6-0.wav,a very loud buzzing sound is being made by a machine,0.0010096807
180128-4-6-1.wav,a machine is making a very loud noise,0.0009952594
180128-4-6-2.wav,a machine is running and creaking loudly and then it stops,0.0014096792
180128-4-7-0.wav,a loud buzzing sound is being made by a very high pitched noise,0.012417036
180128-4-7-2.wav,a loud creaking occurs and is followed by a high pitched screech,0.9979455
180128-4-7-3.wav,someone is using a power tool with a high pitched saw,0.9976381
180128-4-7-4.wav,a loud buzzing sound is being made by a very high pitched noise,0.012417036
180128-4-7-5.wav,a person is using a power tool to clean it,0.0009105114
180128-4-9-0.wav,a very loud buzzing sound is being made by a very high pitched screech,0.9979075
180132-4-0-0.wav,someone is using a power tool to clean something,0.0016033647
180132-4-1-0.wav,a metal object is being dragged across a hard surface,0.0010019161
180132-4-2-0.wav,a power tool is being used to cut a piece of wood,0.003019623
180132-4-3-0.wav,a saw is cutting wood with a blade,0.99757427
180134-4-1-3.wav,a machine is running at a constant speed and then it stops,0.00080635404
180134-4-1-7.wav,a machine is running at a constant speed and is being turned on,0.00080804934
180134-4-1-8.wav,a machine is running at a constant speed and then it is turned off,0.00079954905
180134-4-1-9.wav,a machine is running at a constant speed and then it is turned off,0.00079954905
180134-4-2-0.wav,a power tool is being used to cut a piece of wood,0.003019623
180134-4-2-1.wav,a machine is running at a constant speed,0.0008257412
180134-4-2-11.wav,a machine is running at a constant speed,0.0008257412
180134-4-2-13.wav,a power tool is being used to cut wood,0.0011255988
180134-4-2-15.wav,a machine is running at a constant speed and then stops,0.00080265966
180134-4-2-16.wav,a machine is running at a constant speed and then stops,0.00080265966
180134-4-2-17.wav,a machine is running at a constant speed and power tool is being used,0.00076756004
180134-4-2-19.wav,a drill is being used to cut a piece of wood,0.012554919
180134-4-2-3.wav,a machine is running at a constant speed and then it is turned off,0.00079954905
180134-4-2-4.wav,a machine is running at a constant speed and then it is turned off,0.00079954905
180134-4-2-5.wav,a drill is being used to cut a piece of wood,0.012554919
180134-4-2-6.wav,a drill is being used to cut a piece of wood,0.012554919
180134-4-2-9.wav,a machine is running at a constant speed and power tool is being used,0.00076756004
180257-3-0-1.wav,a dog is barking repeatedly while another bird is chirping in the background,0.99812967
180257-3-0-3.wav,a dog is barking at a constant rate,0.9979024
180257-3-0-4.wav,a dog is barking at a constant rate,0.9979024
180257-3-0-5.wav,a dog is barking at a constant rate,0.9979024
180937-4-0-11.wav,a machine is running at a constant speed and then stops,0.00080265966
180937-4-0-13.wav,a machine is running at a constant speed and then stops,0.00080265966
180937-4-0-14.wav,a machine is running at a constant speed and then stops,0.00080265966
180937-4-0-19.wav,a machine is running at a constant speed,0.0008257412
180937-4-0-20.wav,an electric saw is being used to cut wood,0.9926231
180937-4-1-12.wav,an engine is running and then stops and then starts again,0.00081857224
180937-4-1-20.wav,an engine is idling and then it starts to idle,0.00080438255
180937-4-1-27.wav,a machine is running and then it starts to idle,0.00080189604
180937-4-1-30.wav,a motor is running and a motorcycle engine is idling,0.0008256358
180937-4-1-46.wav,an engine is idling and then it starts to idle,0.00080438174
180937-4-1-47.wav,a machine is running at a constant speed,0.0008257412
180937-4-1-54.wav,a machine is running at a constant speed,0.0008257412
180937-4-2-1.wav,a machine is running at a constant speed and then stops,0.00080265966
180937-4-2-2.wav,someone is knocking on a machine with a constant speed,0.0008488415
180937-4-3-12.wav,a machine is running at a constant speed,0.0008257412
180937-4-3-9.wav,a machine is running at a constant speed,0.0008257412
180937-7-0-0.wav,an engine is running and then starts to idle,0.0008206497
180937-7-0-1.wav,a motor is running and then it starts up and begins to idle,0.00082740234
180937-7-0-2.wav,a machine is running at a constant speed,0.0008257412
180937-7-0-4.wav,a machine is running at a constant speed and then it stops,0.00080635404
180937-7-0-5.wav,a motor is running at a constant speed and then it starts to idle,0.00081164937
180937-7-0-6.wav,a machine is running at a constant speed,0.0008257412
180937-7-1-0.wav,a machine is running at a constant speed and then stops,0.00080265966
180937-7-1-1.wav,a machine is running at a constant speed and then stops,0.00080265966
180937-7-1-10.wav,a machine gun is being fired repeatedly and then stops,0.99780947
180937-7-1-11.wav,a machine is running at a rapid pace,0.00090518384
180937-7-1-12.wav,a machine is running at a fast pace and then it stops,0.0008197681
180937-7-1-13.wav,a machine is running at a rapid pace,0.00090518384
180937-7-1-14.wav,a machine is running at a constant speed and then stops,0.00080265966
180937-7-1-15.wav,a machine is running at a constant speed and then stops,0.00080265966
180937-7-1-2.wav,a machine is running at a constant speed and then it stops,0.00080635404
180937-7-1-3.wav,a machine is running at a constant speed and then it stops,0.00080635404
180937-7-1-4.wav,a machine is running at a constant speed and then stops,0.00080265966
180937-7-1-5.wav,a jackhammer is being used to cut a piece of wood,0.9977695
180937-7-1-6.wav,a jackhammer is being started and then stops and starts again,0.9981072
180937-7-1-7.wav,a jackhammer is running and then stops and then starts again,0.9978756
180937-7-1-8.wav,a machine is running at a constant speed and then it stops,0.00080635404
180937-7-1-9.wav,a machine is running at a constant speed and then stops,0.00080265966
180937-7-2-0.wav,a machine is running at a constant speed and then stops,0.00080265966
180937-7-2-1.wav,a machine is running at a constant speed and then stops,0.00080265966
180937-7-2-10.wav,a machine is running at a constant speed and then stops,0.00080265966
180937-7-2-2.wav,a machine is running at a constant speed and then stops,0.00080265966
180937-7-2-3.wav,a machine is running at a constant speed and then stops,0.00080265966
180937-7-2-4.wav,a machine is running at a constant speed and then it stops,0.00080635404
180937-7-2-5.wav,a machine is running at a constant speed and then it stops,0.00080635404
180937-7-2-6.wav,a machine is running at a constant speed and then stops,0.00080265966
180937-7-2-7.wav,a machine is running at a constant speed and then stops,0.00080265966
180937-7-2-8.wav,a machine is running at a constant speed and then stops,0.00080265966
180937-7-2-9.wav,a machine is running at a constant speed and then stops,0.00080265966
180937-7-3-0.wav,an engine is idling and then it starts to idle,0.00080438255
180937-7-3-1.wav,an engine is idling and then it starts to idle,0.00080438255
180937-7-3-10.wav,someone is knocking on a piece of wood with a hammer,0.08231475
180937-7-3-11.wav,someone is knocking on a door and then it starts to start the engine and,0.0015308574
180937-7-3-12.wav,an engine is idling and then it starts to idle,0.00080438255
180937-7-3-13.wav,a motor is running and then it starts to idle,0.00080505805
180937-7-3-14.wav,a motor is running and then stops and starts again,0.000848503
180937-7-3-15.wav,an engine is idling and then it starts to idle,0.00080438255
180937-7-3-17.wav,an engine is idling and then it starts to idle,0.00080438255
180937-7-3-18.wav,an engine is idling and then it starts to idle,0.00080438255
180937-7-3-19.wav,an engine is idling and then it starts to idle,0.00080438255
180937-7-3-2.wav,an engine is idling and then it starts to idle,0.00080438255
180937-7-3-20.wav,an engine is idling and then it starts to idle,0.00080438255
180937-7-3-21.wav,an engine is idling and then it starts up,0.0007920846
180937-7-3-22.wav,an engine is idling and then it starts up,0.0007920846
180937-7-3-23.wav,an engine is running and then it starts to idle,0.0008092063
180937-7-3-24.wav,a machine is running at a constant speed,0.0008257412
180937-7-3-26.wav,a motor is running and then stops and starts again,0.000848503
180937-7-3-27.wav,a motor is running and then stops and starts again,0.000848503
180937-7-3-28.wav,a motor is running and then stops and starts again,0.000848503
180937-7-3-29.wav,a motor is running and then it starts to idle,0.00080505805
180937-7-3-3.wav,an engine is idling and then it starts to idle,0.00080438255
180937-7-3-30.wav,a motor is running and a motorcycle engine is revving,0.0007975036
180937-7-3-31.wav,a machine is running and then it starts up and begins to run,0.00084389426
180937-7-3-32.wav,a machine is running at a constant speed,0.0008257412
180937-7-3-33.wav,a machine is running at a constant speed,0.0008257412
180937-7-3-4.wav,a motor is running and then stops and starts again,0.000848503
180937-7-3-5.wav,a motor is running and then stops and starts again,0.000848503
180937-7-3-6.wav,a motor is running and then it starts up,0.0008275838
180937-7-3-7.wav,a motor is running and then it starts up,0.0008275838
180937-7-3-8.wav,an engine is started and then starts knocking again,0.00090036256
180937-7-3-9.wav,an engine starts up and then begins to start up,0.00087616744
180937-7-4-0.wav,an engine is running and then it starts up and begins to start up,0.00083664345
180937-7-4-10.wav,a machine is running and then it stops and starts again,0.00083469925
180937-7-4-11.wav,a machine is running at a constant speed and then it starts to idle,0.0007974667
180937-7-4-12.wav,an engine is idling and then it starts to idle,0.00080438174
180937-7-4-13.wav,a machine is running at a constant speed and then stops,0.00080265966
180937-7-4-14.wav,a machine is running at a constant speed and then stops,0.00080265966
180937-7-4-2.wav,a machine is running at a constant speed and then it stops,0.00080635404
180937-7-4-3.wav,a machine is running at a constant speed and then stops,0.00080265966
180937-7-4-4.wav,a machine is running at a constant speed and then it stops,0.00080635404
180937-7-4-5.wav,a machine is running at a constant speed and then stops,0.00080265966
180937-7-4-6.wav,a machine is running and then stops and then starts again,0.00083619636
180937-7-4-7.wav,a sewing machine is running and then it stops,0.0008586437
180937-7-4-8.wav,a sewing machine is running at a constant speed,0.0009575658
180937-7-4-9.wav,an engine is idling and then it starts to idle,0.00080438174
180960-6-0-0.wav,a gun is fired in the distance and echoes,0.9980014
181102-9-0-111.wav,music is playing in the background while people are talking in the distance,0.051258817
181102-9-0-117.wav,people are talking in the background while a train is passing by,0.004840949
181102-9-0-23.wav,music is playing in the background while a person is singing,0.96513146
181102-9-0-26.wav,music is playing in the background and a musical instrument is being played,0.021428216
181102-9-0-50.wav,a musical instrument is playing a song with some music,0.0034977316
181102-9-0-97.wav,music is playing in the background while a person is walking,0.96832484
181624-4-0-0.wav,a drill is being used to cut up and down,0.0011571347
181624-4-1-0.wav,a drill is being used to cut up and down,0.0011571336
181624-4-10-0.wav,a drill is being used to cut up a piece of wood,0.011540072
181624-4-2-0.wav,a drill is being turned on and off,0.0012784572
181624-4-3-0.wav,a drill is being used in a power tool,0.0012049427
181624-4-4-0.wav,a drill is being used to cut up and down,0.0011571336
181624-4-5-0.wav,a sticky tape is being ripped and torn apart,0.045044586
181624-4-6-0.wav,a person is using a spray fart the air,0.0008935069
181624-4-7-0.wav,a power saw is being cut with a weed trimmer,0.99624807
181624-4-8-0.wav,a person is using a power tool in a circular saw,0.98680174
181624-4-9-0.wav,a power tool is being used to cut wood,0.0011255988
181725-3-0-16.wav,a woman is speaking over a dog barking in the background,0.9982101
181725-3-0-22.wav,a dog is barking loudly while people are talking in the background,0.9982158
181725-3-0-37.wav,a man is speaking while dogs are barking in the background,0.9978509
182103-9-0-0.wav,a musical instrument is playing a song with people talking in the background,0.96606886
182103-9-0-22.wav,a musical instrument is playing a song in the background,0.9791946
182103-9-0-26.wav,a musical instrument is playing a song with drums and cymbals,0.02280542
182103-9-0-47.wav,a piece of music is being played in a large room,0.2807468
182103-9-0-53.wav,a person is playing a guitar with a stick,0.0036960437
182103-9-0-8.wav,someone is playing a drum with a stick and a metal object on a hard,0.04538656
182474-1-0-0.wav,a car horn is honking repeatedly in the background,0.9981698
182739-2-0-13.wav,a crowd of people are talking and yelling in the background,0.996451
182739-2-0-17.wav,a group of children are playing in a gym,0.0012156768
182739-2-0-24.wav,a crowd of people are talking in a large hall,0.015743293
182739-2-0-35.wav,a large group of people are talking in a gym,0.0014381065
182739-2-0-56.wav,a large group of people are talking and yelling in the background,0.99735355
182739-2-0-62.wav,a large group of people are talking in a gym,0.0014381065
182739-2-0-78.wav,a group of people are talking in a gym,0.0010496046
182739-2-0-85.wav,a group of children are playing in a gym,0.0012156768
182800-2-0-0.wav,children are playing and adults are talking in the background,0.0064692153
182800-2-1-0.wav,a group of people are talking and laughing with each other,0.0014812222
182800-2-2-0.wav,children are playing and adults are talking in the background,0.0064692153
182800-2-2-1.wav,a group of people are talking and children are playing,0.0010613331
182800-2-2-2.wav,a group of people are talking and laughing while a man is speaking,0.0018459854
182800-2-2-3.wav,a group of people are talking and laughing with each other,0.0014812237
182800-2-3-0.wav,children and adults are talking and laughing in the background,0.011423846
182800-2-3-1.wav,a group of people are talking and laughing with each other,0.0014812237
183894-1-5-0.wav,a car horn honks while traffic passes by in the background,0.9981439
183894-1-6-0.wav,a car horn honks while traffic horns honk in the background,0.9982127
183894-1-7-0.wav,a car horn is blaring and cars are honking,0.99803394
183894-1-8-0.wav,a car horn is honking in a busy street,0.99812466
183894-1-9-0.wav,a car horn is honking in the background,0.9981812
183989-3-1-18.wav,dogs are barking and birds are chirping in the background,0.0023972553
183989-3-1-21.wav,dogs are barking and birds are chirping in the background,0.0023972553
183989-3-1-23.wav,wind blows in the background as a dog barks,0.9970675
183989-3-1-25.wav,dogs are barking and birds are chirping in the background,0.0023972553
184355-1-0-0.wav,a car horn honks and horns honking in the background,0.99814856
184449-2-0-12.wav,children are playing and adults are talking and shouting,0.34527504
184449-2-0-13.wav,children and adults are talking and playing in a playground,0.001566196
184449-2-0-15.wav,children are playing and shouting in a playground,0.009051841
184449-2-0-16.wav,children are shouting and playing in a playground,0.010107123
184449-2-0-19.wav,children are playing and kids are shouting and screaming,0.99790585
184449-2-0-24.wav,children are screaming and shouting while a child is crying,0.9980532
184449-2-0-28.wav,children are shouting and playing in a playground,0.010107123
184449-2-0-33.wav,a group of children are shouting and yelling,0.99681866
18453-3-0-0.wav,people are talking in the background as a dog barks,0.020336004
184623-8-0-0.wav,a police siren is blaring and a vehicle is passing by,0.99814403
184623-8-0-1.wav,a police car with a siren is going on and on,0.99816304
184623-8-0-2.wav,a police car siren is blaring and a vehicle is passing by,0.9981527
184623-8-0-3.wav,a police siren is blaring and a vehicle is passing by,0.99814403
184623-8-1-0.wav,a police car with a siren is going on and on,0.99816304
184725-3-0-1.wav,a dog is barking loudly at a steady pace,0.99814415
184725-3-0-2.wav,a dog is barking and a man is speaking,0.9979406
184725-3-0-4.wav,a dog is barking and a man is speaking in the background,0.9980908
184725-3-0-5.wav,a dog barking and dogs bark in the background,0.99812275
184805-0-0-101.wav,birds are chirping in the background while a car drives by,0.007473348
184805-0-0-103.wav,a person is walking on a hard surface and a car passes by,0.0011668175
184805-0-0-104.wav,a person is walking on a busy street with traffic noise in the background,0.96837664
184805-0-0-112.wav,birds are chirping and footsteps are moving in the background,0.0012961247
184805-0-0-121.wav,birds are chirping in the background and a bird is singing,0.9979176
184805-0-0-13.wav,birds are chirping and singing in the background,0.99793786
184805-0-0-16.wav,birds are chirping and singing in the background,0.99793786
184805-0-0-2.wav,birds are chirping in the background while a car drives by,0.007473348
184805-0-0-27.wav,birds are chirping and singing in the background,0.99793786
184805-0-0-32.wav,birds are chirping and singing in the background,0.99793786
184805-0-0-34.wav,birds are chirping in the background while a plane is flying overhead,0.0012911791
184805-0-0-4.wav,birds are chirping in the background while a plane is flying overhead,0.0012911791
184805-0-0-40.wav,birds are chirping in the background while a plane is flying overhead,0.0012911791
184805-0-0-45.wav,birds are chirping in the background as a car passes by,0.0015825822
184805-0-0-47.wav,birds are chirping and singing in the distance,0.0017149851
184805-0-0-48.wav,birds are chirping in the background as a car passes by,0.0015825822
184805-0-0-49.wav,birds are chirping in the background as a car passes by,0.0015825822
184805-0-0-5.wav,the wind is blowing and birds are chirping in the background,0.0012799919
184805-0-0-51.wav,birds are chirping in the background while a machine is running in the distance,0.0009902418
184805-0-0-54.wav,the wind is blowing and a car passes by,0.0010543308
184805-0-0-57.wav,birds are chirping in the background while a plane is flying overhead,0.0012911791
184805-0-0-58.wav,birds are chirping in the background as a car passes by,0.0015825822
184805-0-0-61.wav,birds are chirping in the background while a bird is singing,0.9979048
184805-0-0-63.wav,birds are chirping in the background while a car drives by,0.007473348
184805-0-0-64.wav,birds are chirping in the background while a car drives by,0.007473348
184805-0-0-74.wav,the wind is blowing and a car drives by,0.001148093
184805-0-0-75.wav,a machine is running at a constant rate and then a car passes by,0.00087424024
184805-0-0-77.wav,birds are chirping while cars are passing by in the background,0.002841946
184805-0-0-81.wav,birds are chirping in the background while a bird is singing in the distance,0.9530051
184805-0-0-82.wav,birds are chirping while a plane is flying overhead,0.0009476926
184805-0-0-88.wav,birds are chirping and a vehicle is passing by,0.00102149
184805-0-0-90.wav,birds are chirping and an airplane is flying overhead,0.000958859
184805-0-0-99.wav,birds are chirping in the background while a plane is flying overhead,0.0012911791
185373-9-0-21.wav,music is playing and people are talking in the background,0.31362024
185373-9-0-6.wav,music is playing and a man is singing,0.0015813705
185373-9-1-17.wav,people are talking and a crowd is clapping and music is playing in the background,0.098213576
185373-9-1-46.wav,a person is singing a song while a man sings in the background,0.9710807
185373-9-1-7.wav,a person is walking on a sidewalk and people are talking in the background,0.010458994
185373-9-1-70.wav,music is playing and people are talking in the background,0.31362024
185374-9-0-16.wav,a person is playing a musical instrument while a band plays music in the background,0.0052057467
185374-9-0-18.wav,a person is playing a song with drums and other instruments in the background,0.9775113
185374-9-0-23.wav,a musical instrument is playing with drums and people talking in the background,0.45304835
185374-9-0-30.wav,a person is playing a musical instrument with drums and other instruments,0.001634843
185374-9-0-33.wav,a person is playing a musical instrument with drums and other instruments,0.001634843
185374-9-0-35.wav,a person is playing a musical instrument while a band plays music in the background,0.0052057467
185374-9-0-60.wav,a musical instrument is playing a song with drums and other instruments,0.015167821
185375-9-0-23.wav,music is playing in the background while people are talking in the distance,0.051258583
185375-9-0-26.wav,people are talking while music is playing in the background,0.9479379
185375-9-0-33.wav,children are playing and adults are talking in the background,0.0064692153
185375-9-0-60.wav,people are talking while music is playing in the background,0.9479379
185375-9-0-61.wav,a person is walking on a sidewalk and people are talking in the background,0.010458994
185375-9-0-84.wav,people are talking while music is playing in the background,0.9479379
185436-1-0-0.wav,a horn is honking and a car honks,0.99808073
185436-1-1-0.wav,the wind is blowing and a bell is ringing in the background,0.0017144171
185436-1-2-0.wav,a car horn is honking while a train is blowing its whistle,0.99817944
185436-1-3-0.wav,a car is driving and a truck is honking,0.9980282
185436-1-4-0.wav,an engine is running and a car horn is blaring,0.99819946
185436-1-5-0.wav,a truck is driving on a busy street with a siren blaring,0.9981205
185436-1-6-0.wav,a car horn honks and a vehicle drives by,0.9981193
185436-1-7-0.wav,a car is driving by with traffic in the background,0.011607643
185709-0-0-0.wav,the wind blows in the background as a car drives by,0.9957574
185709-0-0-1.wav,a fan is running at a constant rate in the background,0.0018122161
185709-0-0-2.wav,a fan is running in the background and a faint hum of air conditioner,0.016863815
185709-0-0-3.wav,a fan is running at a constant rate in the background,0.0018122161
185709-0-0-4.wav,a fan is running at a constant rate in the background,0.0018122161
185709-0-0-5.wav,a fan is running at a constant rate in the background,0.0018122161
185709-0-0-6.wav,a fan is running at a constant rate in the background,0.0018122161
185709-0-0-7.wav,a fan is running at a constant rate in the background,0.0018122161
185709-0-0-8.wav,a fan is blowing in the background and a car is driving by,0.996834
185800-4-0-0.wav,a drill is being used to cut up a piece of wood,0.011540078
185800-4-0-1.wav,a saw is cutting through a piece of wood,0.9979995
185800-4-1-0.wav,a machine is running and grinding against a metal surface,0.00090028497
185800-4-2-0.wav,a machine is running at a constant speed and then stops,0.00080265966
185800-4-2-1.wav,a vacuum cleaner is running and a machine is making a hissing noise,0.0008288201
185800-4-2-2.wav,a saw is cutting through a piece of wood,0.9979995
185801-4-0-0.wav,someone is using a saw to clean a piece of wood,0.9979652
185801-4-0-1.wav,a machine is running at a constant speed and then stops,0.00080265966
185801-4-0-2.wav,someone is using a saw to cut something,0.99792165
18581-3-0-0.wav,a bird is chirping in the background while a dog barks,0.002530577
18581-3-0-5.wav,dogs are barking and birds are chirping in the background,0.0023972553
18581-3-1-1.wav,a dog is barking and a bird is chirping in the background,0.99575317
18581-3-1-3.wav,a dog is barking and a bird is chirping in the background,0.99575317
185909-2-0-102.wav,children are talking in the background and a child is speaking,0.0057703042
185909-2-0-116.wav,people are talking in the background while a baby is crying,0.998104
185909-2-0-13.wav,children and adults are talking in the background,0.0044799554
185909-2-0-17.wav,children are talking in the background and a child is speaking,0.0057703042
185909-2-0-22.wav,people are talking in the background and a dog is barking,0.9970945
185909-2-0-34.wav,children are playing in the playground and talking,0.001422951
185909-2-0-86.wav,children are laughing and talking in the background,0.005572797
185909-2-0-87.wav,a baby is crying and children are talking in the background,0.99813336
18592-5-0-0.wav,a motor is running and a vehicle engine is idling,0.00082939956
18592-5-0-1.wav,a motor is running and a vehicle engine is idling,0.00082939956
18592-5-0-2.wav,a motor is running and a vehicle engine is idling in the background,0.0009104047
18592-5-0-3.wav,a motor is running and a low hum is emitted from a machine,0.00084413635
18592-5-0-4.wav,a motor is running and a low hum is in the background,0.0015326461
18594-1-0-0.wav,a horn is being played on a musical instrument,0.5766684
18594-1-1-0.wav,a car horn honks horns honking and cars honk and a vehicle traffic whistle,0.9980995
18594-1-3-0.wav,a car horn honks and horns honking at a busy street,0.9981012
18594-1-5-0.wav,a car horn honking horns in the background,0.99811697
18594-1-6-0.wav,a horn is being honked with a loud echo in the background,0.99821585
186334-2-0-1.wav,people are talking and children are playing in the background,0.0026602861
186334-2-0-11.wav,children are playing and adults are talking in the background,0.0064691966
186334-2-0-20.wav,children are playing and adults are talking in the background,0.0064691966
186334-2-0-33.wav,children are playing and adults are talking in the background,0.0064691966
186334-2-0-35.wav,children and adults are laughing and talking in the background,0.010619153
186334-2-0-36.wav,children are playing and adults are talking in the background,0.0064691966
186334-2-0-37.wav,a group of people are talking and banging on a hard surface,0.0010516715
186334-2-0-44.wav,children are playing and adults are talking in the background,0.0064691966
186336-9-0-0.wav,people are talking in the background while cars are driving by,0.605681
186336-9-0-1.wav,people are talking in the background while a horn is blowing,0.99826604
186336-9-0-2.wav,people are talking in the background while a machine is running,0.0019756856
186336-9-0-3.wav,people are talking in the background as a man is speaking,0.0018366012
186336-9-0-4.wav,people are talking in the background while a person is walking,0.027537575
186339-9-0-1.wav,birds are chirping and singing in the distance,0.001714986
186339-9-0-12.wav,birds are chirping and singing in the background,0.99793786
186339-9-0-17.wav,birds are chirping in the background while a bird is singing,0.9979048
186339-9-0-18.wav,birds are chirping and singing in the distance,0.001714986
186339-9-0-3.wav,birds are chirping and singing in the distance,0.001714986
186339-9-0-7.wav,birds are chirping in the background while a man is speaking,0.0011938278
186935-5-0-0.wav,an engine is idling and then it starts to idle,0.00080438174
186935-5-0-1.wav,an engine is idling and then it starts to idle,0.00080438174
186936-5-0-0.wav,an engine is idling and then it starts to idle,0.00080438174
186936-5-0-1.wav,an engine is idling and then it starts to idle,0.00080438174
186938-5-0-0.wav,a motorcycle engine is idling and then revved again,0.0011594275
186940-5-0-0.wav,an engine is idling and a truck is moving,0.0007915961
187075-5-0-0.wav,a car alarm beeps as it backs up and drives off,0.99814487
187075-5-0-1.wav,a beeping alarm going off in the distance,0.9980469
187075-5-0-2.wav,a beeping sound is followed by a beep,0.9981652
187075-5-0-3.wav,a car engine is started and then drives off,0.00091176416
187075-5-0-4.wav,a car is driving on the road and the wind is blowing,0.00086618826
187075-5-0-5.wav,a car engine is started and then turned off,0.0008989439
187075-5-0-6.wav,a fan is being turned on and off,0.0012607578
187075-5-0-7.wav,someone is using a machine and turning it off,0.0009009346
187075-5-0-8.wav,someone is unlocking and closing a car door,0.0013053752
187110-2-0-1.wav,children are playing and adults are talking in the background,0.0064692153
187110-2-0-10.wav,a group of people are shouting and yelling,0.92796624
187110-2-0-12.wav,a group of people are talking in a crowded place,0.0021678158
187110-2-0-27.wav,a group of people are talking and a dog is barking,0.00167391
187110-2-0-30.wav,a group of people are talking and clapping,0.000982885
187110-2-0-34.wav,children are talking in the background and a child is speaking,0.005770288
187110-2-0-6.wav,a group of people are talking and laughing with each other,0.0014812222
187110-2-0-8.wav,a group of people are clapping and cheering,0.0011348454
187356-1-0-0.wav,a car horn honks while a siren is honking,0.9981096
187356-1-1-0.wav,a car horn honks while traffic passes by in the background,0.9981439
187356-1-2-0.wav,a car horn honks while traffic horns honk in the background,0.9982127
187356-1-3-0.wav,a car horn honks while traffic passes by in the background,0.9981439
187356-1-4-0.wav,a car horn is blaring and traffic noise is in the background,0.99821055
187356-1-5-0.wav,a horn is blaring in the background while a car honks,0.99810386
187356-1-6-0.wav,a car horn honks while traffic passes by,0.9980988
187377-4-0-0.wav,a car engine is running at a steady pace,0.00090267975
187377-4-0-1.wav,an airplane is flying in the sky and getting ready to take off,0.0009265428
187378-3-0-12.wav,a dog is barking loudly at a consistent rate,0.9981014
187378-3-0-19.wav,a dog is barking and growling at a distance,0.99798787
187378-3-0-30.wav,a dog is barking loudly at a consistent rate,0.9981014
187378-3-0-7.wav,a dog is barking and growling at another person,0.99806803
187863-4-0-0.wav,a saw is being used to cut through a piece of wood,0.9979913
187863-4-0-1.wav,a door is being opened and closed with a high pitched squeak,0.0010214108
187863-4-0-2.wav,a creaky door is being opened and closed with a high pitched squeak,0.0009517038
187863-4-0-3.wav,a creaky door is being opened and closed repeatedly,0.0008364544
187863-4-0-4.wav,a squeaky door is being opened and closed,0.0008339158
187863-4-0-5.wav,a squeaky door is being opened and closed,0.00083391496
187920-7-0-0.wav,a jackhammer is being used to cut a lawn,0.9972619
187920-7-1-0.wav,a jackhammer is running at a constant speed and then stops,0.99116474
187920-7-1-1.wav,a motor is running at a constant speed,0.0008283491
187920-7-1-2.wav,a motor is running at a constant speed,0.0008283491
187920-7-2-0.wav,a machine is running at a constant speed and then it stops,0.00080635445
188004-8-0-0.wav,a police siren is blaring with sirens and emergency vehicle sounds,0.9981502
188004-8-0-1.wav,a police siren is blaring with sirens and emergency vehicles,0.9980958
188004-8-0-2.wav,a police car siren is blaring and birds are chirping in the background,0.99811196
188497-2-0-0.wav,children are playing in a playground and adults are talking,0.001440855
188497-2-0-1.wav,children are playing and adults are talking in the background,0.0064691966
188497-2-0-11.wav,children are playing in the playground and a baby is crying,0.19056173
188497-2-0-17.wav,children are playing and adults are talking in the background,0.0064691966
188497-2-0-19.wav,children are playing and adults are talking in the background,0.0064691966
188497-2-0-2.wav,children are playing in a playground and adults are talking,0.001440855
188497-2-0-23.wav,children are playing in a park and adults are talking,0.0025380382
188497-2-0-8.wav,a large group of people are talking in the distance,0.0015873663
188813-7-0-0.wav,a jackhammer is being used to cut a metal drill,0.9850145
188813-7-1-0.wav,a jackhammer is being used to cut a piece of wood,0.9977695
188813-7-10-0.wav,a drill is being used to cut up and down,0.0011571336
188813-7-10-1.wav,a jackhammer is running loudly and stops for a while before it starts up,0.9981142
188813-7-10-2.wav,a jackhammer is running loudly in the background,0.99806005
188813-7-10-3.wav,a jackhammer pounds against a hard surface at a steady pace,0.8040201
188813-7-11-0.wav,a jackhammer is running loudly and stops and then starts again,0.998102
188813-7-11-1.wav,a jackhammer is running loudly and stops and then starts again,0.998102
188813-7-12-0.wav,a chain is being used in a circular motion,0.0064323773
188813-7-13-0.wav,a jackhammer is being used to cut up and down,0.99779886
188813-7-2-0.wav,a chain is being used to a jackhammer,0.9958884
188813-7-3-0.wav,a chain is being dragged across a hard surface,0.0011831896
188813-7-4-0.wav,a person is using a tool to chain and then a jackhammer runs in the,0.99483806
188813-7-5-0.wav,a jackhammer is being used to cut up and down,0.99779886
188813-7-6-0.wav,a jackhammer is being used to cut up a piece of wood,0.99780875
188813-7-7-0.wav,a jackhammer is being used to cut up a piece of wood,0.99780875
188813-7-8-0.wav,a jackhammer is being used to cut up and down,0.99779886
188813-7-9-0.wav,a jackhammer is being used to cut up and down,0.99779886
188823-7-0-0.wav,a jackhammer is being used to cut up and down,0.99779886
188823-7-0-1.wav,a jackhammer is being used to cut up and down,0.99779886
188823-7-0-2.wav,a jackhammer is running loudly and stops and then starts again,0.998102
188823-7-0-3.wav,a jackhammer is running loudly and stops for a while,0.9980565
188823-7-0-4.wav,a jackhammer is running loudly and stops and then starts again,0.998102
188823-7-1-0.wav,a jackhammer is running loudly at a constant speed,0.9979809
188823-7-1-1.wav,a jackhammer is running loudly at a constant speed,0.9979809
188823-7-1-2.wav,a jackhammer is running loudly and consistently hitting the ground,0.9980038
188823-7-1-3.wav,a jackhammer is running loudly and consistently hitting against another piece of metal,0.9981477
188823-7-2-0.wav,a jackhammer is running loudly and stops and then starts again,0.998102
188823-7-2-1.wav,a jackhammer is running loudly and stops and then starts again,0.998102
188823-7-2-2.wav,a jackhammer is running loudly and consistently hitting the ground,0.9980038
188823-7-2-3.wav,a jackhammer is running loudly and stops and then starts again,0.998102
188823-7-3-0.wav,a jackhammer is running loudly and stops and then starts again,0.998102
188823-7-4-0.wav,a jackhammer is running loudly and stops and then starts again,0.998102
188823-7-5-0.wav,a jackhammer is running loudly and stops and then starts again,0.998102
188823-7-6-0.wav,a jackhammer pounds against another hard object at a high speed,0.99785703
188824-7-0-0.wav,a jackhammer is running loudly and stops and then starts again,0.998102
188824-7-1-0.wav,someone is using a chain saw to cut a piece of wood,0.99793434
188824-7-10-0.wav,a chain saw is being used to cut wood,0.99794286
188824-7-11-0.wav,a metal chain is being moved around a glass jar,0.010499548
188824-7-12-0.wav,a person is shaking a chain around in a small room,0.30686995
188824-7-2-0.wav,someone is using a tool to cut up a piece of metal,0.15872504
188824-7-3-0.wav,a dog is barking and a chain is jingling,0.99543923
188824-7-4-0.wav,a chain is being shaken and rubbed against another hard object,0.0288939
188824-7-5-0.wav,a chain is being dragged along a hard surface,0.0010684329
188824-7-6-0.wav,a dog is barking and a chain is being shaken,0.9981944
188824-7-7-0.wav,a machine is running at a constant speed and then stops,0.00080265966
188824-7-8-0.wav,someone is using a chain saw in a garage,0.9978288
188824-7-9-0.wav,a machine is running at a constant speed and then stops,0.00080265966
189023-0-0-0.wav,the wind is blowing and the rain is hitting the ground,0.00090877543
189023-0-0-1.wav,the wind is blowing and the rain is hitting the ground,0.00090877543
189023-0-0-10.wav,the wind is blowing and the rain is pouring down,0.000871548
189023-0-0-11.wav,the wind is blowing and the rain is pouring down,0.000871548
189023-0-0-12.wav,the wind is blowing and the rain is hitting the ground,0.00090877543
189023-0-0-13.wav,the wind is blowing and the rain is pouring down,0.000871548
189023-0-0-2.wav,the wind is blowing and the rain is hitting the ground,0.00090877543
189023-0-0-3.wav,the wind is blowing and the rain is hitting the ground,0.00090877543
189023-0-0-4.wav,the wind is blowing and the rain is pouring down,0.000871548
189023-0-0-5.wav,the wind is blowing and the rain is pouring down,0.000871548
189023-0-0-6.wav,the wind is blowing and the rain is pouring down,0.000871548
189023-0-0-7.wav,the wind is blowing and the rain is pouring down,0.000871548
189023-0-0-8.wav,the wind is blowing and the rain is pouring down,0.000871548
189023-0-0-9.wav,the wind is blowing and the rain is hitting the ground,0.00090877543
18933-1-0-0.wav,a dog barking and dogs bark at a medium pitch,0.9967457
189825-9-0-0.wav,a drum is being played with drums and cymbals,0.0056065503
189825-9-0-1.wav,someone is playing a drum while a person is marching drums,0.010113195
189825-9-0-2.wav,a drum is being played with drums and cymbals,0.0056065503
189825-9-0-3.wav,a drum beat is being played with drums and cymbals,0.018630356
189825-9-0-5.wav,a drum beat is being played with drums and cymbals,0.018630356
189825-9-0-7.wav,a marching band is playing a drum while a person is drumming in the background,0.19098392
189846-3-0-0.wav,dogs are barking and a dog barks in the background,0.99737406
189846-3-1-0.wav,dogs are barking at the distance and a dog is howling,0.98767775
189846-3-3-0.wav,dogs are barking at the distance and a dog barks,0.010677913
189846-3-4-0.wav,dogs are barking and a dog barks in the background,0.99737406
189895-3-0-0.wav,a dog is barking and growling at a steady pace,0.99778074
189981-0-0-0.wav,a car driving by on the road and then it stops,0.0025080494
189981-0-0-1.wav,the wind is blowing and cars are passing by in the background,0.017940206
189981-0-0-10.wav,the wind is blowing and the rain is pouring down,0.000871548
189981-0-0-11.wav,the wind is blowing and the rain is pouring down,0.000871548
189981-0-0-12.wav,the wind is blowing and the rain is pouring down,0.000871548
189981-0-0-13.wav,a car is driving on the road with the windows rolled down,0.0009357272
189981-0-0-14.wav,a car is driving on the road with the window open,0.0009213247
189981-0-0-15.wav,the wind is blowing and the rain is pouring down,0.0008715485
189981-0-0-16.wav,a fan is running and then it is turned off,0.0010838307
189981-0-0-17.wav,a gun is fired at a consistent rate,0.01411735
189981-0-0-2.wav,a car is driving on the road with a steady wind,0.00086731213
189981-0-0-3.wav,a car is driving on the road with a steady wind,0.00086731213
189981-0-0-4.wav,a car is driving down the road with the window open,0.0009148991
189981-0-0-5.wav,a car is driving down the road with the window open,0.0009148991
189981-0-0-6.wav,the wind is blowing and the rain is pouring down,0.0008715485
189981-0-0-7.wav,the wind is blowing and the rain is pouring down,0.0008715485
189981-0-0-8.wav,the wind is blowing and the rain is pouring down,0.0008715485
189981-0-0-9.wav,a car is driving on the road with the windows rolled down,0.0009357272
189982-0-0-11.wav,a machine is running at a constant speed and steady,0.0008312715
189982-0-0-13.wav,a machine is running at a constant speed and volume,0.0008165623
189982-0-0-16.wav,a machine is running at a constant speed and steady,0.0008312715
189982-0-0-17.wav,a machine is running at a constant speed and steady,0.0008312715
189982-0-0-18.wav,a machine is running at a constant speed,0.0008257412
189982-0-0-19.wav,a machine is running at a constant speed,0.0008257412
189982-0-0-2.wav,a machine is running at a constant speed and volume,0.0008165623
189982-0-0-20.wav,a machine is running at a constant speed,0.0008257412
189982-0-0-23.wav,a machine is running and then it is turned off,0.00080377416
189982-0-0-27.wav,a car is driving down the road with the window open,0.0009148991
189982-0-0-28.wav,the wind is blowing and the rain is pouring down,0.0008715485
189982-0-0-3.wav,a machine is running at a constant speed and volume,0.0008165623
189982-0-0-30.wav,a car is driving on the road with the windows rolled down,0.0009357272
189982-0-0-33.wav,a car is driving on the road with the windows rolled down,0.0009357272
189982-0-0-35.wav,a machine is running at a constant speed and volume,0.0008165623
189982-0-0-36.wav,the wind is blowing and the rain is pouring down,0.0008715485
189982-0-0-38.wav,the wind is blowing and the rain is pouring down,0.0008715485
189982-0-0-39.wav,a car is driving on the road with the windows rolled down,0.0009357272
189982-0-0-4.wav,a machine is running at a constant speed and steady,0.0008312715
189982-0-0-42.wav,a car is driving on the road with the windows rolled down,0.0009357272
189982-0-0-43.wav,the wind is blowing and the rain is pouring down,0.0008715485
189982-0-0-44.wav,the wind is blowing and the rain is pouring down,0.0008715485
189982-0-0-45.wav,the wind is blowing and the rain is pouring down,0.0008715485
189982-0-0-6.wav,a machine is running at a constant speed and volume,0.0008165623
189982-0-0-7.wav,a machine is running at a constant speed and volume,0.0008165623
189985-0-0-0.wav,a machine is running and then it is turned off,0.00080377335
189985-0-0-1.wav,a machine is running at a constant speed and volume,0.0008165623
189985-0-0-2.wav,a machine is running at a constant speed and volume,0.0008165623
189985-0-0-3.wav,a machine is running at a constant speed and volume,0.0008165623
189985-0-0-4.wav,a machine is running at a constant speed and steady,0.0008312715
189985-0-0-5.wav,a machine is running at a constant speed and steady,0.0008312715
189985-0-0-6.wav,a machine is running at a constant speed and steady,0.0008312715
189986-0-0-0.wav,a car driving by on the road with a high speed,0.0010554298
189987-0-0-0.wav,a machine is running at a constant speed and steady,0.0008312715
189987-0-0-1.wav,a machine is running at a constant speed and steady,0.0008312715
189987-0-0-2.wav,a machine is running at a constant speed and steady,0.0008312715
189987-0-0-3.wav,a machine is running at a constant speed and steady,0.0008312715
189987-0-0-4.wav,a machine is running at a constant speed and steady,0.0008312715
189988-0-0-0.wav,a car is driving down the road with the window open,0.0009148987
189988-0-0-1.wav,a car is driving down the road with the window open,0.0009148987
189988-0-0-2.wav,a car is driving on the road with the windows rolled down,0.0009357272
189988-0-0-3.wav,a machine is running at a constant rate and steady,0.0008238237
189988-0-0-4.wav,a car is driving down the road with the window open,0.0009148987
189988-0-0-5.wav,a car is driving on the road with the windows rolled down,0.0009357272
189989-0-0-0.wav,a car is driving down the road with the window open,0.0009148987
189989-0-0-1.wav,a car is driving down the road with the window open,0.0009148987
189989-0-0-2.wav,a machine is running at a constant speed and volume,0.0008165623
189991-0-0-0.wav,a machine is running at a constant rate and then it is raining,0.0007865259
189991-0-0-1.wav,a machine is running at a constant speed and volume,0.0008165623
189991-0-0-2.wav,a machine is running at a constant speed and volume,0.0008165623
189991-0-0-3.wav,a machine is running at a constant speed and volume,0.0008165623
189991-0-0-4.wav,a machine is running at a constant speed and steady,0.0008312715
189991-0-0-5.wav,a machine is running at a constant speed and steady,0.0008312715
189991-0-0-6.wav,a machine is running at a constant speed and steady,0.0008312715
189991-0-0-7.wav,a machine is running at a constant speed and volume,0.00081656186
19007-4-0-0.wav,people are talking and cars are driving by on the road,0.0012321632
190680-3-1-0.wav,birds are chirping and dogs are barking in the distance,0.000997255
190680-3-4-0.wav,a rooster crowing and birds chirping in the background,0.0012350043
190680-3-6-0.wav,birds are chirping and singing in the background,0.99793786
190893-2-0-10.wav,a group of birds are chirping and children are playing,0.0010328601
190893-2-0-11.wav,children are playing and adults are talking and laughing,0.0016042375
190893-2-0-12.wav,children and adults are talking and playing in a playground,0.0015661945
190893-2-0-21.wav,children are playing and adults are talking in the background,0.0064692153
190893-2-0-23.wav,a group of children are laughing and playing in a playground,0.001420629
190893-2-0-27.wav,children and kids are playing in a playground,0.0013125815
190893-2-0-28.wav,children and kids are screaming and playing in a playground,0.88575846
190893-2-0-7.wav,children and adults are talking and laughing in a playground,0.0020944404
190894-2-0-0.wav,children are playing in a playground and kids are screaming and shouting,0.99586856
190894-2-0-2.wav,children are playing and adults are talking and laughing,0.0016042375
190894-2-0-3.wav,children are playing in a playground and talking in the background,0.0020170873
190894-2-0-4.wav,a group of children are laughing and playing in a playground,0.001420629
190894-2-0-5.wav,children are laughing and playing in a playground,0.0015862151
190894-2-0-6.wav,children are playing and adults are talking and laughing,0.0016042375
190894-2-0-7.wav,children and adults are laughing and talking in the background,0.010619144
190894-2-0-8.wav,children and adults are laughing and talking in the background,0.010619144
190996-3-0-0.wav,a siren is blaring and a dog is barking,0.9981165
190996-3-0-1.wav,a horn is blowing and a dog is barking,0.9980889
190996-3-0-8.wav,birds are chirping and a train is passing by and a whistle is blowing,0.002381162
191382-3-0-0.wav,a dog is barking at a constant rate,0.9979024
191382-3-0-5.wav,a dog is barking and growling in the background,0.9981376
191382-3-1-0.wav,a dog is barking and a man is speaking in the background,0.9980908
191382-3-1-1.wav,a dog is barking and a person is walking in the background,0.99808013
191431-9-0-26.wav,a crowd of people are cheering while music is playing in the background,0.1734593
191431-9-0-30.wav,a crowd of people are shouting and cheering while music plays in the background,0.93350786
191431-9-0-61.wav,people are talking while music is playing in the background,0.94793785
191431-9-0-66.wav,a crowd of people are talking while music plays in the background,0.17178
191431-9-0-73.wav,a crowd of people are talking and yelling while music plays in the background,0.9966786
191431-9-0-8.wav,a crowd of people are cheering while music is playing in the background,0.17345884
191449-6-0-0.wav,birds are chirping and a gun is fired in the distance,0.99762625
192123-2-0-0.wav,children are screaming and shouting as kids are playing,0.9979292
192123-2-0-10.wav,children are playing and adults are talking in the background,0.0064692087
192123-2-0-11.wav,children are playing and adults are talking in the playground,0.0014379827
192123-2-0-17.wav,children and adults are talking and playing in a playground,0.001566196
192123-2-0-18.wav,children and adults are playing in a playground,0.001357766
192123-2-0-22.wav,children and kids are playing in a playground,0.0013125819
192123-2-0-23.wav,children are playing and adults are talking in a playground,0.0013542699
192123-2-0-4.wav,children are playing and adults are talking in the background,0.0064692087
192124-2-0-0.wav,children are playing and kids are screaming and shouting,0.9979305
192124-2-0-11.wav,children are playing and adults are talking in the background,0.0064692087
192124-2-0-12.wav,children are playing and adults are talking in the playground,0.0014379827
192124-2-0-15.wav,children are playing and adults are talking and laughing,0.0016042375
192124-2-0-3.wav,children are playing and adults are talking in the playground,0.0014379827
192124-2-0-4.wav,children are playing and adults are talking in the playground,0.0014379827
192124-2-0-5.wav,children are playing and adults are talking in the background,0.0064692087
192124-2-0-7.wav,children are shouting and playing in a playground,0.010107123
19218-3-0-0.wav,a dog is barking and birds are chirping in the background,0.9807844
192269-2-0-1.wav,people are talking while birds are chirping in the background,0.0014239026
192269-2-0-11.wav,children and adults are talking in the background,0.0044799554
192269-2-0-18.wav,children are playing and adults are talking in the background,0.0064692087
192269-2-0-24.wav,children are playing and adults are talking in the background,0.0064692087
192269-2-0-35.wav,children are playing and adults are talking in the background,0.0064692087
192269-2-0-37.wav,people are talking in the background and a bird is chirping,0.0012302381
192269-2-0-54.wav,children are playing and adults are talking in the background,0.0064692087
192269-2-0-56.wav,children are playing and adults are talking in the background,0.0064692087
192382-2-0-105.wav,children and adults are talking and laughing in the background,0.011423846
192382-2-0-12.wav,children are playing and adults are talking in the background,0.0064692087
192382-2-0-18.wav,children and adults are playing in a playground,0.001357766
192382-2-0-36.wav,children and adults are talking and laughing in the background,0.011423846
192382-2-0-66.wav,children and adults are talking in the background,0.0044799554
192382-2-0-67.wav,children and adults are laughing and talking in the background,0.010619144
192382-2-0-8.wav,children are playing and adults are talking in the background,0.0064692087
192382-2-0-9.wav,children and adults are talking in the background,0.0044799554
19338-5-0-0.wav,a motor is running and then it starts up and begins to idle,0.00082740234
19338-5-1-0.wav,a car engine is idling and then revving up,0.0014917743
19338-5-2-0.wav,a car engine is idling and then revving up,0.0014917743
19338-5-3-0.wav,a car engine is idling and revving up and down,0.0010051717
193394-3-0-10.wav,a dog is barking while a person is walking in the background,0.9981352
193394-3-0-11.wav,a dog is barking and people are talking in the background,0.9980737
193394-3-0-4.wav,a dog is barking loudly and sporadically,0.9981115
193394-3-0-7.wav,a dog is barking loudly at a consistent rate,0.9981014
193697-2-0-103.wav,children are playing and talking while birds are chirping in the background,0.0060858177
193697-2-0-107.wav,people are talking while birds are chirping in the background,0.0014239026
193697-2-0-110.wav,children are playing and adults are talking in the background,0.0064692087
193697-2-0-135.wav,children are playing and talking in the background,0.009487586
193697-2-0-5.wav,birds are chirping and people are talking in the background,0.001106799
193697-2-0-90.wav,children are playing and talking while birds are chirping in the background,0.0060858177
193697-2-0-99.wav,children are playing and adults are talking in the background,0.0064692087
193698-2-0-112.wav,children and adults are talking in the background,0.0044799554
193698-2-0-113.wav,children are talking and playing on a playground,0.0012879119
193698-2-0-114.wav,people are talking and children are playing in the background,0.0026602861
193698-2-0-140.wav,children and adults are talking in the background and a baby cries,0.9980221
193698-2-0-42.wav,people are talking and children are playing in the playground,0.0012694647
193698-2-0-58.wav,children are playing and adults are talking in the background,0.0064692087
193698-2-0-64.wav,children and adults are talking in the background,0.0044799554
193698-2-0-89.wav,children are playing and adults are talking in the background,0.0064692087
193699-2-0-109.wav,people are talking and children are playing in the background,0.0026602861
193699-2-0-3.wav,birds are chirping children are playing and adults are talking,0.0011138412
193699-2-0-32.wav,birds are chirping in the background and a bird is singing,0.9979176
193699-2-0-33.wav,birds are chirping and people are talking in the background,0.001106799
193699-2-0-46.wav,birds are chirping and children are talking in the background,0.0011933028
193699-2-0-54.wav,children are playing and talking while birds are chirping in the background,0.00608582
193699-2-0-62.wav,children are playing and adults are talking in the background,0.0064691966
193699-2-0-69.wav,children are playing and adults are talking in the background,0.0064691966
194310-9-0-15.wav,a group of people are talking while a bell is ringing in the background,0.0022341628
194310-9-0-3.wav,music is playing in the background while a church organ is being played,0.33280632
194310-9-0-35.wav,a marching band is playing with drums and cymbals,0.0024849346
194310-9-0-7.wav,a group of people are talking in the background,0.0014614321
194310-9-0-73.wav,a siren is blaring and a police sirens is sounding,0.9981882
194310-9-0-8.wav,a group of people are talking to each other while music is playing in the,0.0040309005
194321-9-0-100.wav,a person is playing a stringed instrument while a guitar is being played,0.0021762797
194321-9-0-126.wav,a person is playing a musical instrument with a wrench,0.0012164355
194321-9-0-150.wav,a person is playing a guitar while a song plays in the background,0.9337953
194321-9-0-241.wav,a person is playing a guitar while a song is being played,0.021506255
194321-9-0-6.wav,a person is playing a stringed instrument while a guitar is being played,0.0021762797
194321-9-0-61.wav,a person is playing a stringed instrument in the background,0.419376
194458-9-0-2.wav,music is playing and people are talking in the background,0.31362042
194458-9-0-34.wav,a crowd of people are talking while music plays in the background,0.1717799
194458-9-1-122.wav,music is playing and people are talking in the background,0.31362042
194458-9-1-75.wav,people are talking in the background while a crowd is walking,0.20542921
194458-9-1-91.wav,a crowd of people are talking while music plays in the background,0.1717799
194732-9-0-126.wav,a train horn blows and a car honks its whistle,0.99812084
194732-9-0-163.wav,a flute is playing a song in the background,0.9876874
194732-9-0-171.wav,a musical instrument is playing a song in the background,0.97919446
194732-9-0-175.wav,someone is playing a flute with a musical instrument in the background,0.59965897
194732-9-0-191.wav,a musical instrument is playing a note while a siren is blaring in the background,0.9982247
194732-9-0-41.wav,someone is playing a flute with a high pitch,0.005788067
194732-9-0-95.wav,a flute is playing a song with a musical instrument,0.00337719
194733-9-0-1.wav,someone is playing a flute with a musical instrument in the background,0.59965897
194733-9-0-10.wav,someone is playing a flute with a high pitched whistle,0.10426513
194733-9-0-11.wav,someone is playing a flute with a musical instrument in the background,0.59965897
194733-9-0-12.wav,a flute is playing a song with a musical instrument,0.00337719
194733-9-0-14.wav,a flute is playing a song with a high pitched whistle,0.03685269
194733-9-0-16.wav,a person is playing a flute with a musical instrument,0.0013504878
194733-9-0-7.wav,a musical instrument is playing a flute,0.001067198
194753-3-0-0.wav,dogs barking dog bark at the distance and a small animal barks,0.007891148
194753-3-1-0.wav,dogs bark at the distance as a dog barks in the background,0.004405181
194753-3-2-0.wav,a dog is barking at a distance while a car is passing by,0.9978733
194753-3-3-0.wav,a dog is barking and dogs are howling in the background,0.9981268
194841-9-0-130.wav,a musical instrument is playing a song with varying pitches,0.010971338
194841-9-0-144.wav,someone is playing a musical instrument with a violin,0.0014590458
194841-9-0-164.wav,a musical instrument is playing a note and a horn is blaring in the background,0.99816006
194841-9-0-178.wav,a musical instrument is playing a song with a trumpet,0.008719937
194841-9-0-222.wav,a person is playing a musical instrument with a trumpet,0.0018094004
194841-9-0-48.wav,a siren is blaring and a police whistle is blowing,0.9981401
194910-9-0-108.wav,a musical instrument is playing a song in the background,0.97919446
194910-9-0-26.wav,a musical instrument is playing a song with varying pitches,0.010971338
194910-9-0-5.wav,someone is playing a musical instrument with a violin,0.0014590458
194910-9-0-63.wav,a musical instrument is playing a song with varying pitches,0.010971338
194910-9-0-65.wav,someone is playing a musical instrument with a trumpet,0.0028527554
19496-3-0-0.wav,a ball bounces on the ground while a person is hammering in the background,0.019810747
19496-3-1-0.wav,birds are chirping in the background while a person is hammering in the distance,0.0011123366
19496-3-1-1.wav,a person is hitting a metal object with a hammer in the background,0.9948001
194962-5-0-0.wav,an engine is idling and then it starts to idle,0.00080438174
194962-5-0-1.wav,an engine is idling and then it starts to idle,0.00080438174
194962-5-0-2.wav,an engine is idling and then it starts to idle,0.00080438174
19503-3-0-0.wav,dogs are barking and birds are chirping in the background,0.0023972646
19503-3-1-0.wav,dogs are barking and birds are chirping in the background,0.0023972646
19503-3-2-0.wav,a dog barking and dogs bark in the distance,0.9968119
195063-4-0-0.wav,a drill is being used to cut up a piece of wood,0.011540109
195063-4-1-0.wav,a chainsaw is cutting through a piece of wood,0.99795234
195451-5-0-0.wav,a motor is running and vibrating consistently and steadily,0.00098595
195451-5-0-1.wav,a motor is running at a constant speed,0.0008283491
195451-5-0-10.wav,an engine is idling and then it starts to idle,0.00080438174
195451-5-0-11.wav,an engine is idling and then it starts to idle,0.00080438174
195451-5-0-12.wav,an engine is idling and then it starts to idle,0.00080438174
195451-5-0-13.wav,an engine is idling and then it starts to idle,0.00080438174
195451-5-0-14.wav,an engine is idling and then it starts to idle,0.00080438174
195451-5-0-15.wav,an engine is idling and then it starts to idle,0.00080438174
195451-5-0-16.wav,an engine is idling and then it starts to idle,0.00080438174
195451-5-0-17.wav,an engine is idling and then it starts to idle,0.00080438174
195451-5-0-18.wav,an engine is idling and then it starts to idle,0.00080438174
195451-5-0-19.wav,an engine is idling and then it starts to idle,0.00080438174
195451-5-0-2.wav,a motor is running at a constant speed,0.0008283491
195451-5-0-20.wav,an engine is idling and then it starts to idle,0.00080438174
195451-5-0-21.wav,an engine is idling and then it starts to idle,0.00080438174
195451-5-0-3.wav,an engine is idling and then it starts to idle,0.00080438174
195451-5-0-4.wav,an engine is idling and then it starts to idle,0.00080438174
195451-5-0-5.wav,an engine is idling and then it starts to idle,0.00080438174
195451-5-0-6.wav,an engine is idling and then it starts to idle,0.00080438174
195451-5-0-7.wav,an engine is idling and then it starts to idle,0.00080438174
195451-5-0-8.wav,an engine is idling and then it starts to idle,0.00080438174
195451-5-0-9.wav,an engine is idling and then it starts to idle,0.00080438174
195969-0-0-1.wav,crickets are chirping and insects are buzzing in the background,0.0009801114
195969-0-0-10.wav,crickets are chirping and insects are buzzing in the background,0.0009801114
195969-0-0-12.wav,crickets are chirping in the background while a cricket is singing,0.0011719235
195969-0-0-13.wav,crickets are chirping and insects are buzzing in the background,0.0009801114
195969-0-0-14.wav,crickets are chirping and insects are buzzing in the background,0.0009801114
195969-0-0-15.wav,crickets are chirping and insects are buzzing in the background,0.0009801114
195969-0-0-17.wav,crickets are chirping and insects are buzzing in the background,0.0009801114
195969-0-0-18.wav,crickets are chirping and insects are buzzing in the background,0.0009801114
195969-0-0-19.wav,crickets are chirping and insects are buzzing in the background,0.0009801114
195969-0-0-2.wav,crickets chirp in the background as a cricket chirps and a car drives by,0.0012431146
195969-0-0-20.wav,crickets are chirping and insects are buzzing in the background,0.0009801114
195969-0-0-21.wav,crickets are chirping and insects are buzzing in the background,0.0009801125
195969-0-0-22.wav,crickets are chirping and insects are buzzing in the background,0.0009801125
195969-0-0-24.wav,crickets are chirping and insects are buzzing in the background,0.0009801125
195969-0-0-25.wav,crickets are chirping in the background and insects are buzzing,0.0010078033
195969-0-0-26.wav,crickets are chirping and insects are buzzing in the background,0.0009801125
195969-0-0-28.wav,crickets are chirping and insects are buzzing in the background,0.0009801125
195969-0-0-4.wav,crickets are chirping and insects are buzzing in the background,0.0009801125
195969-0-0-5.wav,crickets are chirping in the background and insects are buzzing in the night,0.0010367873
195969-0-0-6.wav,crickets are chirping in the background and a machine is running,0.0009757822
195969-0-0-7.wav,crickets are chirping in the background and insects are buzzing in the night,0.0010367873
195969-0-0-8.wav,crickets are chirping and insects are buzzing in the background,0.0009801125
195969-0-0-9.wav,crickets are chirping and insects are buzzing in the background,0.0009801125
196057-2-0-0.wav,a baby is laughing and a child is giggling,0.0037233005
196058-2-0-0.wav,a baby is laughing and making a loud noise,0.99802196
196059-2-0-0.wav,a baby is laughing and a child is crying,0.9978264
196059-2-0-1.wav,a baby is crying and a child is laughing,0.9980471
196060-2-0-0.wav,a baby is laughing and coughing and giggling,0.9973781
196061-2-0-0.wav,a baby is laughing and crying for a moment and then a woman laughs,0.99719405
196062-2-0-0.wav,a baby is laughing and crying for a moment and then a woman laughs,0.99719405
196063-2-0-0.wav,a baby is laughing and a person is giggling,0.002618321
196063-2-0-1.wav,a baby is laughing and a person is giggling,0.002618321
196063-2-0-2.wav,a person is laughing with a baby laughter in the background,0.52492934
196064-2-0-0.wav,a baby is laughing and giggling and laughs,0.00228542
196065-2-0-0.wav,a baby is laughing and crying for a moment and then a woman laughs,0.99719405
196066-2-0-0.wav,a baby is laughing and a child is crying,0.9978264
196066-2-0-1.wav,a baby is crying and laughing and a child is screaming,0.997971
196067-2-0-0.wav,a woman is laughing and talking while a baby laughs,0.0028461232
196068-2-0-0.wav,a baby is laughing and making noises in the background,0.9982369
196068-2-0-1.wav,a baby is laughing and cooing while another person is coughing in the background,0.99819356
196069-2-0-0.wav,a baby is crying and laughing with a child,0.99781966
196070-2-0-0.wav,a baby is laughing and a child is giggling,0.0037233005
196070-2-0-1.wav,a baby is laughing and a child is giggling,0.0037233005
196070-2-0-2.wav,a baby is laughing and a child is giggling,0.0037233005
196070-2-0-3.wav,a baby is laughing and a child is speaking,0.024467725
196070-2-0-4.wav,a baby is laughing and a child is giggling,0.0037233005
196070-2-0-5.wav,a baby is laughing and a child is giggling,0.0037233005
196071-2-0-0.wav,a baby is laughing and crying and giggling,0.99258643
196072-2-0-0.wav,a baby is laughing and a child is crying,0.9978264
196073-2-0-0.wav,a baby is laughing and a child is crying,0.9978264
196074-2-0-0.wav,a baby is laughing with a woman and a child speaking in the background,0.5697973
196075-2-0-0.wav,a baby is laughing and cooing while a person is coughing,0.99817264
196076-2-0-0.wav,a baby is laughing with a person in the background,0.9744038
196077-2-0-0.wav,a baby is laughing and a child is crying,0.9978264
196077-2-0-1.wav,a baby is crying and a child is laughing and a woman is speaking,0.99809676
196078-2-0-0.wav,a baby is laughing and a woman is speaking,0.008017316
196079-2-0-0.wav,a baby is laughing with a person in the background,0.9744038
196080-2-0-0.wav,a baby is laughing and a woman is talking and giggling,0.0024238348
196081-2-0-0.wav,a baby is laughing and a person is coughing,0.9980757
196082-2-0-0.wav,a baby is laughing and making noises with their mouth,0.9949822
196083-2-0-0.wav,a baby is laughing and making noises in the background,0.9982369
196084-2-0-0.wav,a baby is laughing and a child is crying,0.9978264
196084-2-0-1.wav,a baby is laughing and cooing while another person is coughing in the background,0.99819356
196084-2-0-2.wav,a baby is crying and cooing while another person is coughing in the background,0.9980932
196085-2-0-0.wav,a baby is laughing and a child is giggling,0.0037233005
196085-2-0-1.wav,a baby is laughing and a child is crying,0.9978264
196085-2-0-2.wav,a baby is laughing and a person is giggling,0.002618321
196085-2-0-3.wav,a baby is laughing and crying and giggling,0.99258643
196085-2-0-4.wav,a baby is laughing and a person is coughing,0.9980757
196086-2-0-0.wav,a baby laughs and a child laugh and a woman laughing and a girl and,0.0020199306
196087-2-0-0.wav,a baby is laughing and crying as they laugh,0.9969734
196088-2-0-0.wav,a woman is speaking and a child is saying something,0.2379587
196127-3-0-0.wav,a dog is barking loudly at a steady pace,0.99814415
196127-3-0-1.wav,a dog is barking at a medium pitch,0.9967624
196127-3-0-3.wav,a dog is barking loudly at a medium pitch,0.99816763
196127-3-0-4.wav,a dog is barking at a steady pace,0.99744654
196384-9-0-11.wav,music is playing while people are talking and a musical instrument is being played,0.0025705404
196384-9-0-15.wav,music is playing in the background while a person is singing,0.96513146
196384-9-0-16.wav,a musical instrument is playing a song with bells in the background,0.83429337
196384-9-0-18.wav,a person is playing a musical instrument with a bell ringing in the background,0.009723016
196384-9-0-2.wav,a bell is ringing while a person is playing a musical instrument,0.0010500026
196384-9-0-27.wav,a person is playing a musical instrument with drums,0.0013456988
196400-6-0-0.wav,a gun is fired repeatedly in the distance,0.9979361
196561-3-0-16.wav,a dog barking and dogs bark in the background,0.99812275
196561-3-0-29.wav,a dog is barking loudly and sporadically in the background,0.9981457
196561-3-0-44.wav,a dog barking and dogs bark in the background,0.99812275
196561-3-0-9.wav,a dog barks loudly and dogs bark in the background,0.9981651
197073-3-0-0.wav,a dog barking dogs bark and a cat growling,0.9979115
197073-3-3-0.wav,a dog barking and dogs bark in the background,0.99812275
197073-3-4-3.wav,a dog is barking and growling at the same time,0.9981458
197073-3-7-0.wav,a dog is barking and growling at the same time,0.9981458
197074-3-0-4.wav,a dog is barking loudly at a steady pace,0.99814415
197074-3-0-5.wav,a dog is barking and growling at a large group of dogs,0.9978878
197074-3-0-6.wav,a dog is barking loudly at a steady pace,0.99814415
197075-3-1-1.wav,birds are chirping and a dog is barking in the background,0.9394243
197075-3-4-1.wav,the wind is blowing and dogs are barking in the background,0.97034925
197075-3-6-0.wav,birds are chirping while traffic passes by in the background,0.0015530364
197075-3-7-5.wav,the wind is blowing and a car is driving by,0.0009879763
197080-3-0-1.wav,a dog is barking loudly and sporadically in the background,0.9981457
197080-3-0-6.wav,a dog is barking and a car passes by,0.9977397
197080-3-0-7.wav,a dog is barking and a car passes by,0.9977397
197080-3-1-0.wav,a dog is barking loudly at a consistent rate,0.9981014
197243-3-0-0.wav,a dog barking and dogs bark at a medium pitch,0.9967457
197243-3-1-0.wav,a dog barking and growling at a medium pitch,0.99795914
197318-6-0-0.wav,a gun is being fired at a consistent pace,0.0064726947
197318-6-1-0.wav,a gun is being fired at a consistent pace,0.0064726947
197318-6-10-0.wav,a gun is being fired at a consistent pace,0.0064726947
197318-6-11-0.wav,a gun is being fired at a consistent pace,0.0064726914
197318-6-12-0.wav,a gun is being fired at a steady pace,0.008768841
197318-6-2-0.wav,a gun is being fired at a consistent pace,0.0064726914
197318-6-3-0.wav,a gun is being fired at a consistent pace,0.0064726914
197318-6-4-0.wav,a gun is being fired at a consistent pace,0.0064726914
197318-6-6-0.wav,a gun is being fired at a consistent pace,0.0064726914
197318-6-7-0.wav,a gun is being fired at a consistent pace,0.0064726914
197318-6-8-0.wav,a gun is being fired at a consistent pace,0.0064726914
197318-6-9-0.wav,a gun is being fired at a consistent pace,0.0064726914
197320-6-0-0.wav,a gun is fired in the distance with a slight echo,0.9980995
197320-6-1-0.wav,a gun is fired in the distance with a slight echo,0.9980995
197320-6-10-0.wav,a gun is being fired at a consistent pace,0.0064726914
197320-6-11-0.wav,a gun is fired at a consistent pace,0.005918819
197320-6-12-0.wav,a gun is being fired at a consistent pace,0.0064726914
197320-6-3-0.wav,a gun is fired at a consistent intervals,0.42139715
197320-6-4-0.wav,a gun is being fired at a consistent pace,0.0064726914
197320-6-5-0.wav,a gun is fired at a consistent pace,0.005918819
197320-6-6-0.wav,a gun is being fired at a distance,0.9977785
197320-6-7-0.wav,a gun is being fired at a consistent pace,0.0064726914
197320-6-8-0.wav,a gun is being fired at a consistent pace,0.0064726914
197320-6-9-0.wav,a gun is fired repeatedly in the distance,0.9979361
197554-2-0-23.wav,a person is walking on the ground while birds are chirping in the background,0.0011817974
197554-2-0-26.wav,birds chirp in the background as a person walks by,0.002558088
197554-2-0-28.wav,birds are chirping and people are talking in the background,0.001106799
197554-2-0-3.wav,children are playing and talking in the distance,0.0015719428
197554-2-0-60.wav,people are talking and birds are chirping in the background,0.0010901983
197554-2-0-69.wav,children and adults are talking and playing in the playground,0.0017961431
197554-2-0-74.wav,children are playing and talking while birds are chirping in the background,0.006085812
197554-2-0-82.wav,a woman is speaking while birds are chirping in the background,0.0015943161
199769-1-0-0.wav,a car horn honks at a constant rate in the foreground,0.99812275
199769-1-0-1.wav,a car horn honks at a constant rate in the foreground,0.99812275
199769-1-0-10.wav,a car horn honks at a constant rate in the foreground,0.99812275
199769-1-0-11.wav,a car horn honks at a constant rate in the foreground,0.99812275
199769-1-0-12.wav,a car horn honks at a constant speed and then a vehicle horns honking,0.99815065
199769-1-0-13.wav,a car horn honks at a constant speed and then a loud whistle blows,0.99817455
199769-1-0-14.wav,a car horn honks at a constant rate in the foreground,0.99812275
199769-1-0-15.wav,a car horn is honking at a constant rate,0.99805605
199769-1-0-16.wav,a car horn honks and then the horns honk at the same time,0.99813676
199769-1-0-17.wav,a horn is honking and a car honks at a constant rate,0.99804735
199769-1-0-18.wav,a car horn is honking at a constant rate,0.99805605
199769-1-0-2.wav,a car horn honks and then a vehicle passes by,0.99817216
199769-1-0-3.wav,a horn is blowing and a car honks,0.9981306
199769-1-0-4.wav,a horn is blowing at a constant rate in the foreground,0.99782854
199769-1-0-5.wav,a car horn is honking and a siren is blaring,0.9980933
199769-1-0-6.wav,a car horn honks and horns honk at the same time,0.99815625
199769-1-0-7.wav,a horn honks and a car horns honking in the background,0.9981598
199769-1-0-8.wav,a horn is honking at a constant rate,0.9981194
199769-1-0-9.wav,a car horn honks at a constant rate in the foreground,0.99812275
199929-4-0-0.wav,a drill is being used to cut up and down,0.0011571336
199929-4-1-0.wav,a drill is being turned on and off,0.0012784572
199929-4-2-0.wav,a drill is being started up and then turned off,0.001223207
20015-3-0-12.wav,a dog is barking and a bird is chirping in the background,0.99575317
20015-3-0-14.wav,a dog is barking and rain is falling in the background,0.9972248
20015-3-0-19.wav,a dog is barking and a bird is chirping in the background,0.99575317
20015-3-0-4.wav,rain falls and thunder rumbles in the distance as a dog barks,0.9976426
200161-3-6-0.wav,a dog barking and dogs bark in the background,0.99812275
200161-3-6-3.wav,a dog barking and dogs bark in the background,0.99812275
200161-3-6-4.wav,a dog is barking loudly and consistently in the background,0.99821126
200161-3-7-0.wav,a dog barking and dogs bark at a medium distance,0.9853608
200460-6-0-0.wav,a gun is being fired at a consistent pace,0.0064726914
200460-6-1-0.wav,a gun is fired repeatedly and then a shot is followed by a second and,0.99796
200460-6-2-0.wav,a gun is fired and gunshots is firing shots,0.99807644
200460-6-3-0.wav,a gun is fired in the distance and a person is firing a shot a,0.99815303
200460-6-4-0.wav,a gun is fired and gunshots is being shot and a gunshot is firing,0.9981329
200460-6-5-0.wav,a gun is being fired in the distance,0.9980617
200786-5-0-0.wav,a motor is running at a constant speed and consistent,0.0008792995
200786-5-1-0.wav,a motor is running and a motorcycle engine is idling,0.0008256358
200786-5-1-1.wav,a machine is running and making a rattling sound,0.0011280559
200786-5-1-2.wav,the engine of a vehicle is idling and getting louder,0.9979734
200786-5-1-3.wav,a machine is running and making a continuous noise,0.00086450524
200786-5-1-4.wav,a motorcycle engine is idling and then it gets louder,0.99818546
200786-5-1-5.wav,a motor is running and a motorcycle engine is idling,0.0008256358
201207-3-0-0.wav,a dog barking and dogs bark in the distance,0.9968119
201207-3-13-0.wav,a dog is barking loudly at a distance,0.99823654
201207-3-21-0.wav,a dog is barking loudly at a consistent rate,0.9981014
201207-3-29-0.wav,a dog is barking loudly at a steady pace,0.99814415
201652-5-0-0.wav,a large truck is driving on the road with a heavy engine,0.0008468892
201652-5-0-1.wav,a machine is running at a constant rate and then it is raining,0.0007865259
201652-5-0-2.wav,a machine is running at a constant rate and then it is raining,0.0007865259
201652-5-0-3.wav,a car is driving down the road with the window open,0.0009148987
201652-5-1-0.wav,a machine is running at a constant speed and then stops,0.00080265966
201652-5-2-0.wav,a large truck is driving down the road with the window open,0.00087105733
201652-5-2-1.wav,a machine is running at a constant speed and then it stops,0.00080635404
201652-5-2-2.wav,a machine is running at a constant speed,0.0008257412
201652-5-2-3.wav,a machine is running at a constant speed and then it stops,0.00080635404
201652-5-2-4.wav,a machine is running at a constant speed and then it stops,0.00080635404
201652-5-2-5.wav,a machine is running at a constant speed and then it stops,0.00080635404
201652-5-3-0.wav,a machine is running at a constant speed and then slowing down,0.000801414
201652-5-3-1.wav,a machine is running at a constant speed and then it stops,0.00080635404
201652-5-3-2.wav,a machine is running at a constant speed and then it stops,0.00080635404
201652-5-3-3.wav,a machine is running at a constant speed and then it stops,0.00080635404
201652-5-3-4.wav,a machine is running at a constant speed and then slowing down,0.000801414
201652-5-4-0.wav,a machine is running at a constant rate and then it is raining,0.0007865259
201652-5-4-1.wav,a fan is running at a constant rate and then it is raining,0.00090070243
201652-5-4-2.wav,a machine is running at a constant rate and then stops,0.0008050642
201652-5-4-3.wav,a machine is running at a constant rate and then it is raining,0.0007865259
201652-5-4-4.wav,a machine is running at a constant rate and then it is raining,0.0007865259
201652-5-4-5.wav,a train is passing by on the tracks and the wind is blowing,0.001028615
201652-5-4-6.wav,the wind is blowing and the rain is hitting the ground,0.00090877543
201652-5-4-7.wav,the wind is blowing and the rain is hitting the ground,0.00090877543
201652-5-4-8.wav,the wind is blowing and the rain is hitting the ground,0.00090877543
201652-5-4-9.wav,the wind is blowing and the rain is hitting the ground,0.00090877543
201652-5-5-0.wav,a bus is moving and squeaking while it is raining,0.00096294534
201652-5-5-1.wav,people are talking in the background as a bus is moving,0.001639429
201652-5-5-2.wav,a bus is moving and people are talking in the background,0.001505438
201652-5-5-3.wav,a large truck backs up and drives away,0.0033005392
201652-5-5-4.wav,the wind is blowing and the rain is hitting the ground,0.00090877543
201652-5-5-5.wav,the wind is blowing and the rain is hitting the ground,0.00090877543
201988-5-0-0.wav,a person is typing on a keyboard that is not in a car,0.0011577499
201988-5-0-1.wav,a machine is running and making a continuous noise,0.00086450524
201988-5-0-10.wav,a motor is running at a constant speed and then slowing down,0.00086807285
201988-5-0-11.wav,a motor is running at a constant speed,0.0008283491
201988-5-0-12.wav,a motor is running and a motorcycle is revving up,0.00079671515
201988-5-0-13.wav,a motor is running at a constant rate,0.0008698894
201988-5-0-14.wav,a motor is running at a constant speed and speeds up,0.0008109486
201988-5-0-15.wav,a motor is running at a constant speed,0.0008283491
201988-5-0-16.wav,a motor is running at a constant speed,0.0008283491
201988-5-0-17.wav,a motor is running at a constant speed and then slowing down,0.00086807285
201988-5-0-18.wav,a motor is running and a motorcycle engine is idling,0.0008256358
201988-5-0-19.wav,a motor is running at a constant speed and speeds up,0.0008109486
201988-5-0-2.wav,a motor is running at a constant speed and speeds up,0.0008109486
201988-5-0-20.wav,a motorcycle engine is idling and revving its motor,0.000813534
201988-5-0-21.wav,a motor is running and a motorcycle engine is revving,0.0007975036
201988-5-0-22.wav,a motor is running at a constant speed and then slowing down,0.00086807285
201988-5-0-3.wav,a motor is running and a motorcycle is revving up,0.00079671515
201988-5-0-4.wav,a motor is running and the engine is idling,0.0008641256
201988-5-0-5.wav,a motor is running at a constant speed,0.0008283491
201988-5-0-6.wav,a motorcycle engine is revved up and idled in the foreground,0.0010346352
201988-5-0-7.wav,a car engine is revved up and then driven away,0.00091929914
201988-5-0-8.wav,a motor is running and a machine is in the background,0.0008640103
201988-5-0-9.wav,a motor is running at a constant speed,0.0008283491
201988-5-1-0.wav,a motorcycle engine revs and accelerates and speeds up,0.0011830748
202334-9-0-105.wav,a person is playing a song on a musical instrument,0.0029816183
202334-9-0-106.wav,a person is playing a song on a musical instrument,0.0029816183
202334-9-0-137.wav,music is playing and a song is being played in the background,0.9907408
202334-9-0-202.wav,a musical instrument is playing a song in the background,0.97919446
202334-9-0-63.wav,a person is playing a song while a musical instrument is being played,0.0071287653
202334-9-0-88.wav,a person is playing a drum while another machine is running,0.0014784792
202516-0-0-0.wav,a machine is running at a constant speed and volume,0.0008165623
202516-0-0-1.wav,a machine is running at a constant speed and volume,0.0008165623
202516-0-0-10.wav,a machine is running at a constant speed and volume,0.0008165623
202516-0-0-11.wav,a machine is running at a constant speed and volume,0.0008165623
202516-0-0-2.wav,a machine is running at a constant speed and volume,0.0008165623
202516-0-0-3.wav,a machine is running at a constant speed and volume,0.0008165623
202516-0-0-4.wav,a machine is running at a constant speed and volume,0.0008165623
202516-0-0-5.wav,the wind is blowing and the rain is pouring down,0.0008715485
202516-0-0-6.wav,a machine is running at a constant speed and volume,0.0008165623
202516-0-0-7.wav,a machine is running at a constant speed and volume,0.0008165623
202516-0-0-8.wav,a machine is running at a constant speed and volume,0.0008165623
202516-0-0-9.wav,a machine is running at a constant speed and volume,0.0008165623
202517-0-0-0.wav,the wind is blowing very hard and rain is falling on the roof,0.0010413686
20285-3-0-0.wav,a dog is barking and dogs bark in the background,0.99797267
20285-3-1-0.wav,a dog is barking and growling at a high pitch,0.99821883
20285-3-1-1.wav,a dog is barking loudly at a steady pace,0.99814415
20285-3-2-0.wav,a dog barking and growling at a medium pitch,0.99795914
203355-3-0-0.wav,a dog is barking while a machine is running in the background,0.9968328
203355-3-1-0.wav,an airplane is flying overhead while a helicopter is in the background,0.0012131082
203356-3-0-0.wav,a dog is barking while a cat is meowing in the background,0.9967654
203356-3-0-1.wav,a dog is barking and a helicopter is flying overhead,0.0034273881
203356-3-0-2.wav,a helicopter is flying overhead while people are talking in the background,0.0026569082
203356-3-0-3.wav,a helicopter is flying overhead while a dog is barking in the background,0.995833
203424-9-0-15.wav,music is playing in the background as a person plays a song in the foreground,0.99167925
203424-9-0-18.wav,a musical melody is playing in a song,0.019091005
203424-9-0-26.wav,a bell is chiming a song with a melody in the background,0.99698275
203424-9-0-34.wav,a bell is ringing and a musical melody is playing in the background,0.4751425
203424-9-0-4.wav,music is playing in the background while people are talking in the distance,0.051258773
203424-9-0-46.wav,a musical instrument is playing a song in a beautiful melody,0.0047998047
203440-3-0-0.wav,a dog is barking and a person is walking on a hard surface,0.98969114
203440-3-0-1.wav,a dog is barking and a person is walking on a hard surface,0.98969114
203440-3-0-5.wav,a person is walking on a hard surface while birds are chirping in the background,0.0011730124
203440-3-0-6.wav,a person is walking on a hard surface while people are talking in the background,0.59440327
203516-3-0-0.wav,a dog barks and a dogs bark in the distance,0.0014788032
203654-9-0-15.wav,people are talking in the background as music plays in the distance,0.0029487931
203654-9-0-28.wav,people are talking while music is playing in the background,0.94793785
203654-9-0-39.wav,a band is playing a song with drums and people are singing in the background,0.9800143
203654-9-0-42.wav,a band is playing a song with drums in the background,0.97363764
203654-9-0-60.wav,music is being played with drums and instruments,0.0022465375
203654-9-0-8.wav,a group of people are talking and music is playing,0.0010732275
203913-8-0-0.wav,a siren is blaring and a police car is passing by,0.9981207
203913-8-0-1.wav,a police siren is blaring with sirens and emergency vehicles,0.9980958
203913-8-0-10.wav,a siren is blaring while people are talking,0.9982508
203913-8-0-11.wav,people are talking while a police siren is blaring,0.9981629
203913-8-0-12.wav,a siren is blaring while people are talking in the background,0.9982078
203913-8-0-2.wav,a police siren is blaring with sirens and emergency vehicle horns,0.9981723
203913-8-0-3.wav,a siren is blaring and a vehicle is passing by,0.9981602
203913-8-0-4.wav,a police siren is blaring and a vehicle is passing by,0.99814403
203913-8-0-5.wav,a police siren is blaring with sirens and emergency vehicles passing by,0.9981183
203913-8-0-6.wav,a police siren is blaring and a vehicle is passing by,0.99814403
203913-8-0-7.wav,a police siren is blaring with sirens and emergency vehicles passing by,0.9981183
203913-8-0-8.wav,a siren is blaring while a police sirens are sounding in the background,0.99820685
203913-8-0-9.wav,a siren is blaring while people are talking in the background,0.9982078
203913-8-1-0.wav,a police car with a siren is going off,0.9980122
203913-8-1-1.wav,a police siren is blaring with sirens and traffic noise in the background,0.9981974
203913-8-1-2.wav,a police siren is blaring with sirens and emergency vehicles,0.9980958
203913-8-1-3.wav,a police car with a siren is blaring and people are talking,0.99814963
203913-8-1-4.wav,a police siren is blaring with sirens and a vehicle passing by,0.99818605
203913-8-1-5.wav,an emergency vehicle is moving and a siren is blaring,0.99799865
203929-7-1-0.wav,a machine is running at a constant speed and then it slows down,0.00080455345
203929-7-1-1.wav,a machine is running at a constant speed and then it slows down,0.00080455345
203929-7-1-2.wav,someone is banging a metal object on a hard surface,0.0011708603
203929-7-1-3.wav,a large metal object is being hit against another hard surface,0.0028137444
203929-7-1-6.wav,a machine is running at a constant speed and then it slows down,0.00080455345
203929-7-1-7.wav,a train is passing by on a railroad track,0.0008554506
203929-7-1-8.wav,a train is passing by on a railroad track,0.0008554506
203929-7-10-0.wav,a train is passing by on a railroad track,0.0008554506
203929-7-10-1.wav,a train is passing by on a railroad tracks,0.000902521
203929-7-10-2.wav,a train is passing by on the tracks and then it slows down,0.001188981
203929-7-2-0.wav,a subway train is passing by on a railroad track,0.0009167766
203929-7-2-11.wav,a large industrial machine is running at a constant speed,0.0009450354
203929-7-2-2.wav,a train is passing by on a railroad track,0.0008554506
203929-7-2-3.wav,a train is passing by on a railroad track,0.0008554506
203929-7-2-5.wav,a large truck is driving down the street with a heavy engine,0.0008711495
203929-7-2-6.wav,a train is passing by on a railroad track,0.0008554506
203929-7-2-8.wav,a train is passing by on a railroad track,0.0008554506
203929-7-2-9.wav,a subway train is passing by on a railroad track,0.0009167766
203929-7-3-1.wav,a train is passing by on a railroad tracks,0.000902521
203929-7-3-10.wav,a machine is running at a constant speed,0.0008257412
203929-7-3-2.wav,a train is passing by on a railroad track,0.0008554506
203929-7-3-3.wav,a train is passing by on the tracks with a high pitched screech,0.99652356
203929-7-3-5.wav,a train is passing by on the tracks with a high pitched screech,0.99652356
203929-7-3-9.wav,a machine is running at a constant speed,0.0008257412
203929-7-4-0.wav,a large industrial machine is running at a constant speed,0.0009450354
203929-7-4-1.wav,a machine is running at a constant speed and then it slows down,0.00080455345
203929-7-4-10.wav,a machine is running at a constant speed and volume,0.00081656186
203929-7-4-11.wav,a train is passing by on the tracks with a high pitched screech,0.99652356
203929-7-4-12.wav,a large machine is running at a constant speed,0.0008464012
203929-7-4-2.wav,a machine is running at a constant speed and then it slows down,0.00080455345
203929-7-4-4.wav,a train is passing by on a railroad tracks,0.000902521
203929-7-4-6.wav,a large industrial machine is running at a constant speed,0.0009450354
203929-7-4-7.wav,a machine is running at a constant speed and then it stops,0.00080635404
203929-7-4-8.wav,a machine is running at a constant speed,0.0008257412
203929-7-5-0.wav,a train is passing by on a railroad track,0.0008554506
203929-7-5-1.wav,a train is passing by on a railroad track,0.0008554506
203929-7-5-10.wav,a machine is running at a constant speed,0.0008257412
203929-7-5-11.wav,a machine is running at a constant speed and then it slows down,0.00080455345
203929-7-5-6.wav,a train is passing by on a railroad track,0.0008554506
203929-7-5-7.wav,a train is passing by on the tracks with a high pitched screech,0.99652356
203929-7-6-1.wav,a train is passing by on a railroad tracks,0.000902521
203929-7-6-10.wav,a train is passing by on a railroad tracks,0.000902521
203929-7-6-11.wav,a large industrial machine is running at a constant speed,0.0009450354
203929-7-6-2.wav,a train is passing by on the tracks and the wind is blowing,0.0010286146
203929-7-6-3.wav,a train is passing by on the tracks with a loud engine,0.004258698
203929-7-6-8.wav,a train is passing by on a railroad tracks,0.000902521
203929-7-6-9.wav,a train is passing by on a railroad track,0.0008554506
203929-7-7-0.wav,a train is passing by on a railroad track,0.0008554506
203929-7-7-10.wav,a train is passing by on a railroad tracks,0.000902521
203929-7-7-12.wav,a train is passing by on a railroad tracks,0.000902521
203929-7-7-13.wav,a train is passing by on the tracks and the wind is blowing,0.0010286146
203929-7-7-14.wav,a large industrial machine is running at a constant speed,0.0009450354
203929-7-7-15.wav,a train is passing by on the tracks and the wind is blowing,0.0010286146
203929-7-7-16.wav,a large industrial machine is running at a constant speed,0.0009450354
203929-7-7-2.wav,a train is passing by on a railroad tracks,0.000902521
203929-7-7-3.wav,a machine is running at a constant speed and volume,0.00081656186
203929-7-7-4.wav,a machine is running at a constant speed and volume,0.00081656186
203929-7-7-9.wav,a train is passing by on a railroad tracks,0.000902521
203929-7-8-0.wav,a train is passing by on a railroad tracks,0.000902521
203929-7-9-0.wav,a subway train is passing by on a railroad track,0.0009167766
203929-7-9-11.wav,the wind is blowing and a car is passing by,0.001070566
203929-7-9-12.wav,the wind is blowing and the rain is hitting the ground,0.00090877543
203929-7-9-15.wav,a train is passing by on the tracks and the wind is blowing,0.0010286146
203929-7-9-17.wav,a machine is running at a constant speed and volume,0.00081656186
203929-7-9-18.wav,a machine is running at a constant speed,0.0008257412
203929-7-9-19.wav,a machine is running at a constant speed and volume,0.00081656186
203929-7-9-20.wav,a machine is running at a constant speed,0.0008257412
203929-7-9-24.wav,a train is passing by on the tracks with a high pitched screech,0.99652356
203929-7-9-4.wav,a machine is running at a constant speed and volume,0.00081656186
203929-7-9-6.wav,a train is passing by on the tracks with a high pitched squeal,0.99538785
203929-7-9-8.wav,a large machine is running at a constant speed,0.0008464012
203929-7-9-9.wav,a machine is running at a constant speed and volume,0.00081656186
203956-1-0-0.wav,a horn is honking and a car honks,0.99808073
203962-5-0-0.wav,a motor is running and a machine is operating,0.0008386844
203962-5-0-1.wav,a motor is running and a machine is operating,0.0008386844
204067-2-0-1.wav,a child is speaking to each other while other children are playing in the background,0.07552218
204067-2-0-20.wav,a child is speaking and a baby is laughing and a woman is talking,0.03618249
204067-2-0-29.wav,children are talking and playing with each other,0.0039954497
204067-2-0-3.wav,a baby is crying and laughing with a child speaking in the background,0.99818975
204067-2-0-30.wav,a child is speaking and children are talking in the background,0.00510256
204067-2-0-32.wav,children are talking and playing with each other,0.0039954497
204067-2-0-35.wav,children are talking and playing with each other,0.0039954497
204067-2-0-39.wav,a child is speaking and a cat is meowing,0.00086950336
204240-0-0-0.wav,an electric guitar is being played with a high pitch,0.0014959429
204240-0-0-1.wav,an electric guitar is being played with a high pitch,0.0014959429
204240-0-0-10.wav,an electric guitar is being played with a high pitch,0.0014959429
204240-0-0-11.wav,an electric guitar is being played with a high pitch,0.0014959429
204240-0-0-12.wav,a very low frequency engine is running at a steady pace,0.00091501983
204240-0-0-13.wav,an electric guitar is being played with a high pitch,0.0014959429
204240-0-0-14.wav,a very low frequency engine is running at a steady pace,0.00091501983
204240-0-0-15.wav,a very low frequency engine is running at a steady pace,0.00091501983
204240-0-0-16.wav,a very low frequency engine is running at a steady pace,0.00091501983
204240-0-0-17.wav,a very low frequency engine is running at a steady pace,0.00091501983
204240-0-0-18.wav,a very low frequency engine is running at a steady pace,0.00091501983
204240-0-0-19.wav,a very low frequency engine is running at a steady pace,0.00091501983
204240-0-0-2.wav,an electric guitar is being played with a high pitch,0.0014959438
204240-0-0-20.wav,a very low frequency engine is running at a steady pace,0.00091501983
204240-0-0-21.wav,a very low frequency engine is running at a steady pace,0.00091501983
204240-0-0-22.wav,a very low frequency engine is running at a steady pace,0.00091501983
204240-0-0-23.wav,an electric guitar is being played with a high pitch,0.0014959438
204240-0-0-25.wav,an electric guitar is being played with a high pitch,0.0014959438
204240-0-0-26.wav,an electric guitar is being played with a high pitch,0.0014959438
204240-0-0-27.wav,an electric guitar is being played with a high pitch,0.0014959438
204240-0-0-28.wav,an electric guitar is being played with a high pitch,0.0014959438
204240-0-0-29.wav,an electric guitar is being played with a high pitch,0.0014959438
204240-0-0-3.wav,an electric guitar is being played with a high pitch,0.0014959438
204240-0-0-30.wav,an electric guitar is being played with a high pitch,0.0014959438
204240-0-0-31.wav,an electric guitar is being played with a high pitch,0.0014959438
204240-0-0-32.wav,an electric guitar is being played with a high pitch,0.0014959438
204240-0-0-33.wav,an electric guitar is being played with a high pitch,0.0014959438
204240-0-0-34.wav,an electric guitar is being played with a high pitch,0.0014959438
204240-0-0-35.wav,an electric guitar is being played with a high pitch,0.0014959438
204240-0-0-5.wav,a very loud and consistent buzzing sound is being played,0.0042334846
204240-0-0-6.wav,an electric guitar is being played with a high pitch,0.0014959438
204240-0-0-7.wav,an electric guitar is being played with a high pitch,0.0014959438
204240-0-0-8.wav,an electric guitar is being played with a high pitch,0.0014959438
204240-0-0-9.wav,an electric guitar is being played with a high pitch,0.0014959438
204408-2-0-19.wav,children are playing and adults are talking in the background,0.0064692087
204408-2-0-2.wav,birds are chirping in the background as a car passes by,0.0015825822
204408-2-0-21.wav,children are playing and adults are talking in the background,0.0064692087
204408-2-0-36.wav,children are playing and adults are talking in the background,0.0064692087
204408-2-0-54.wav,children are playing and adults are talking in the background,0.0064692087
204408-2-0-8.wav,children are playing and adults are talking in the background,0.0064692087
204408-2-0-83.wav,children are playing and adults are talking in the background,0.0064692153
204408-2-0-9.wav,children are playing and adults are talking in the background,0.0064692153
204526-2-0-121.wav,a child is speaking while a baby is crying in the background,0.9981719
204526-2-0-134.wav,a child is speaking and a baby is crying in the background,0.9981996
204526-2-0-153.wav,a child is speaking and children are playing in a playground,0.0013404428
204526-2-0-160.wav,a child is speaking and a baby is crying in the background,0.9981996
204526-2-0-166.wav,children are playing on a playground in a gym,0.0011927749
204526-2-0-193.wav,children are playing and talking in a playground,0.0014127803
204526-2-0-71.wav,birds are chirping and children are talking in the background,0.0011933028
204765-1-0-0.wav,a horn is blaring in the background while a train is passing by,0.9982317
204773-3-7-1.wav,a dog is barking and growling at another man is speaking,0.99793255
204773-3-8-0.wav,a dog is barking loudly and sporadically,0.9981115
204773-3-9-0.wav,a dog is barking loudly at a consistent rate,0.9981014
204773-3-9-1.wav,a dog is barking loudly at a consistent rate,0.9981014
204919-3-0-0.wav,dogs are barking and people are talking in the background,0.9963475
204919-3-1-0.wav,a dog is barking and a car is driving by,0.998075
204919-3-3-0.wav,dogs are barking and birds are chirping in the background,0.0023972597
204919-3-4-0.wav,dogs are barking and birds are chirping in the background,0.0023972597
205013-6-0-0.wav,a gun is fired and then a gunshot is followed by more gunshots,0.9980196
205610-4-0-0.wav,a vacuum cleaner is being used in the background,0.98484045
205610-4-0-1.wav,a train is passing by on the tracks with a high pitched whistle,0.24716674
205610-4-0-2.wav,a siren is blaring and a train is passing by,0.99817395
205610-4-0-3.wav,a siren is blaring and a vehicle is passing by,0.9981602
205610-4-0-4.wav,a horn is blowing very loud and steady,0.72071093
205610-4-0-5.wav,a siren is blaring and a car is driving by,0.9981585
20571-3-0-0.wav,crickets chirp and insects buzz in the night,0.0011621116
20571-3-1-0.wav,crickets are chirping and frogs are croaking in the night,0.0010112408
205874-4-0-0.wav,a power tool is being used to cut a piece of wood,0.003019623
205874-4-1-0.wav,a person is using a power tool to cut a piece of wood,0.005087144
205874-4-10-0.wav,a saw is being used in a workshop,0.9949025
205874-4-11-0.wav,someone is using a tool with a high power drill,0.0011513305
205874-4-2-0.wav,a power tool is being used to cut a piece of wood,0.003019623
205874-4-3-0.wav,a very loud creaking is being made by a high pitched squeak,0.07159569
205874-4-4-0.wav,a high pitched saw is being used to cut a piece of wood,0.99812084
205874-4-5-0.wav,a person is snoring very loudly in a very squeaky chair,0.9977673
205874-4-6-0.wav,a saw is being used to cut a piece of wood,0.9980191
205874-4-7-0.wav,a person is using a saw to cut a piece of wood,0.99787414
205874-4-8-0.wav,a person is using a saw in a circular motion,0.9975897
205874-4-9-0.wav,a metal tool is being used in a workshop,0.0010069339
205878-4-0-0.wav,someone is using a power tool to cut a hair trimmer,0.001825585
206037-2-0-11.wav,children are playing and adults are talking in the background,0.0064692087
206037-2-0-21.wav,children and adults are talking in the background,0.0044799554
206037-2-0-22.wav,a group of people are talking and yelling,0.0016451902
206037-2-0-25.wav,a group of people are talking and playing basketball,0.0013955149
206037-2-0-3.wav,children are playing and adults are talking in the background,0.0064692087
206037-2-0-38.wav,children are playing and adults are talking in the background,0.0064692087
206037-2-0-4.wav,children are playing and adults are talking in the background,0.0064692087
206037-2-0-40.wav,a group of kids are playing and talking in the background,0.0059739775
20688-2-0-0.wav,a child is speaking and a door is being opened and closed,0.0009791184
20688-2-0-1.wav,a baby is laughing and making a loud noise,0.99802184
20688-2-0-2.wav,a baby is laughing and a child is crying and giggling,0.99694353
20688-2-0-3.wav,a baby is laughing and making a lot of noises,0.9979842
20688-2-0-4.wav,a person is laughing and making a lot of noises,0.9980692
207211-2-0-100.wav,a group of people are talking and children are playing in the background,0.0012604683
207211-2-0-11.wav,a group of children are shouting and yelling,0.99681866
207211-2-0-141.wav,a group of people are talking to each other,0.001214003
207211-2-0-58.wav,children are playing and adults are talking in the background,0.0064692087
207211-2-0-72.wav,children and adults are talking and playing in a playground,0.001566196
207211-2-0-82.wav,children are playing and adults are talking in the background,0.0064692087
207211-2-0-88.wav,a group of people are talking and children are playing in the background,0.0012604683
207211-2-0-89.wav,children are playing and adults are talking in the background,0.0064692087
207213-2-0-109.wav,a group of people are talking and children are playing in the background,0.0012604683
207213-2-0-130.wav,children are playing and adults are talking in the background,0.0064692087
207213-2-0-134.wav,a baby cries loudly and a woman speaks in the background,0.9981901
207213-2-0-41.wav,children are playing and adults are talking in the background,0.0064692087
207213-2-0-52.wav,a baby cries and a child screams in the background,0.9981608
207213-2-0-73.wav,children are playing and adults are talking in the background,0.0064692087
207213-2-0-81.wav,a group of people are talking and children are playing in the background,0.0012604683
207213-2-0-85.wav,children are talking and birds are chirping in the background,0.0012317032
207214-2-0-126.wav,a group of children are playing and shouting,0.00205553
207214-2-0-26.wav,children are playing and adults are talking in the background,0.0064692087
207214-2-0-3.wav,children are playing and adults are talking in the background,0.0064692087
207214-2-0-31.wav,a group of people are talking and children are playing in the background,0.0012604683
207214-2-0-54.wav,children are playing and shouting while adults are talking,0.9973195
207214-2-0-62.wav,a group of people are talking and children are playing in the playground,0.0011386464
207214-2-0-63.wav,a group of people are talking and children are playing in the background,0.0012604683
207214-2-0-68.wav,children are playing and adults are talking to each other,0.0020038185
207216-2-0-112.wav,a group of people are talking while a woman is speaking in the background,0.0026312936
207216-2-0-119.wav,children are playing and adults are talking and a child is shouting,0.9702172
207216-2-0-128.wav,children are playing and adults are talking in the background,0.0064692087
207216-2-0-130.wav,children are playing and talking while birds are chirping in the background,0.0060858177
207216-2-0-137.wav,a baby cries while people talk in the background,0.99808806
207216-2-0-22.wav,a group of people are talking and a dog is barking in the background,0.9846709
207216-2-0-43.wav,a group of people are talking while a bell is ringing,0.0012095412
207216-2-0-66.wav,children and adults are talking and laughing while music plays in the background,0.8568992
207369-3-0-0.wav,a dog barks and dogs bark in the background,0.9610787
207962-3-0-0.wav,a dog barking and growling at a steady pace,0.99708813
207962-3-1-0.wav,a dog barking and growling at a medium pitch,0.99795914
207962-3-2-0.wav,a dog barking dogs bark at the distance,0.99717605
20841-3-2-0.wav,dogs bark at the distance as a dog barks,0.0014617452
20841-3-3-0.wav,dogs are barking and a dog barks in the distance,0.004345443
20841-3-4-0.wav,a dog is barking loudly and sporadically in the distance,0.99816763
20841-3-6-0.wav,a dog barking and dogs bark in the distance,0.9968119
208652-8-0-0.wav,a siren is blaring and a police car is driving by,0.99813926
208652-8-2-0.wav,a tea kettle is whistling as it blows its whistle,0.0011559393
208652-8-4-0.wav,a police siren is blaring and a child is speaking,0.99812466
208652-8-6-0.wav,a siren is blaring and a police car alarm is going off,0.9980495
209672-3-0-0.wav,a dog is barking loudly and sporadically,0.9981115
209672-3-3-0.wav,a dog barking and dogs bark at a medium pitch,0.9967457
209672-3-6-0.wav,a dog barking and dogs bark at a medium barks,0.5046001
209672-3-8-0.wav,a dog barking and dogs bark at the distance,0.9964946
209864-5-0-0.wav,a motor is running at a constant speed and then speeds up,0.00082250824
209864-5-0-1.wav,a motorcycle engine is idling and then it gets louder,0.99818546
209864-5-0-2.wav,a motor is running at a constant speed,0.0008283491
209864-5-0-3.wav,a motor is running at a constant speed and then a motorcycle engine is idling,0.00080486905
209992-5-0-0.wav,an engine is idling and a vehicle is driving by,0.00085347047
209992-5-1-4.wav,a beeping alarm is going off while a car is reversing beeps,0.9980679
209992-5-1-7.wav,a beeping alarm is going off while a car is reversing beeps,0.9980679
209992-5-2-100.wav,a truck is idling and then it gets closer and then idles,0.00090740743
209992-5-2-114.wav,a large diesel engine is idling and then it gets louder,0.9933476
209992-5-2-115.wav,a motor is running and a vehicle is idling,0.0008622273
209992-5-2-116.wav,a large diesel engine is idling and then idles,0.0008397959
209992-5-2-131.wav,a truck is idling and then it gets louder as it drives away,0.9982705
209992-5-2-137.wav,a motor is running and a vehicle is idling,0.0008622273
209992-5-2-138.wav,a large diesel engine is idling and then it starts to idle,0.00085438916
209992-5-2-26.wav,a large diesel engine is idling while a vehicle is driving,0.0008636127
209992-5-2-42.wav,a large diesel engine is idling and then it starts to idle,0.00085438916
209992-5-2-43.wav,a large diesel engine is idling and then it gets louder,0.9933476
209992-5-2-77.wav,a truck is idling and then it gets closer and then idles,0.00090740743
209992-5-2-79.wav,a large diesel engine is idling and then it idles,0.00083669595
209992-5-2-8.wav,a motor is running and a vehicle engine is idling,0.00082939997
209992-5-2-81.wav,a large diesel engine is idling and then it gets louder,0.9933476
209992-5-2-82.wav,a motor is running and a vehicle engine is idling,0.00082939997
209992-5-2-87.wav,a large diesel engine is idling and vibrating,0.0009012063
209992-5-2-91.wav,a motor is running and a vehicle engine is idling,0.00082939997
209992-5-3-22.wav,a truck is idling and then it is raining,0.00089830527
209992-5-3-5.wav,an engine is idling and then it gets louder,0.9980769
209992-5-3-6.wav,an engine is idling and then it gets louder,0.9980769
209992-5-4-1.wav,a quiet whooshing occurs followed by a low hum,0.9978382
209992-5-4-15.wav,a machine is running and a person coughs,0.050040357
209992-5-4-17.wav,a machine is running and a vehicle is passing by,0.00084150495
209992-5-4-3.wav,a car drives by and a truck honks,0.9980142
21187-5-0-0.wav,a large industrial machine is running at a constant speed,0.0009450354
21683-9-0-15.wav,a man is speaking while a crowd of people are talking in the background,0.009669837
21683-9-0-18.wav,a man is speaking while a crowd of people are talking in the background,0.009669837
21683-9-0-3.wav,a man is singing while music plays in the background,0.9494586
21683-9-0-30.wav,a man is speaking while people are talking in the background,0.00471383
21683-9-0-34.wav,people are talking and laughing in the background while a man is speaking,0.011283058
21683-9-0-39.wav,a man is speaking while a crowd of people are talking in the background,0.009669837
21683-9-0-45.wav,people are talking in the background while a man is speaking,0.0045346636
21684-9-0-12.wav,a person is playing a song on a harmonica,0.06935642
21684-9-0-25.wav,a person is playing a song on the accordion,0.0029213768
21684-9-0-30.wav,a person is playing a musical instrument while music plays in the background,0.010326437
21684-9-0-39.wav,a person is playing a song on a musical instrument,0.0029816166
21684-9-0-5.wav,a person is playing a song on a harmonica,0.06935642
21684-9-0-50.wav,a person is playing a song on a harmonica,0.06935642
21684-9-0-7.wav,a person is playing a song on a harmonica,0.06935642
22347-3-0-0.wav,a dog barking and dogs bark at a puppy,0.9963709
22347-3-1-1.wav,a dog barks and whines at a high pitch,0.997442
22347-3-1-2.wav,a dog barking and dogs bark in the background,0.99812275
22347-3-3-0.wav,a dog barking and dogs bark in the background,0.99812275
22601-8-0-0.wav,a police siren is blaring and a vehicle is passing by,0.99814403
22601-8-0-1.wav,a police siren is blaring with sirens and traffic noise in the background,0.9981974
22601-8-0-10.wav,a police siren is blaring with traffic noise in the background,0.99816626
22601-8-0-11.wav,a police siren is blaring with sirens and emergency vehicles driving by,0.9980976
22601-8-0-12.wav,a police car with a siren on is going off,0.9980615
22601-8-0-13.wav,a siren is blaring and a vehicle is passing by,0.9981602
22601-8-0-14.wav,a siren is blaring and a vehicle is passing by,0.9981602
22601-8-0-15.wav,a siren is blaring and a vehicle is passing by,0.9981602
22601-8-0-16.wav,a police siren is blaring with traffic noise in the background,0.99816626
22601-8-0-17.wav,a police car with a siren is blaring and traffic is passing by,0.9981799
22601-8-0-18.wav,a police car with a siren on is going off,0.9980615
22601-8-0-19.wav,a police siren is blaring with traffic noise in the background,0.99816626
22601-8-0-2.wav,a police siren is blaring with sirens and emergency vehicles,0.9980958
22601-8-0-20.wav,a police car with a siren on is going off,0.9980615
22601-8-0-21.wav,a police car with a siren on is blaring,0.9981504
22601-8-0-22.wav,a police siren is blaring with traffic noise in the background,0.99816626
22601-8-0-23.wav,a police car with a siren is blaring in the background,0.9981218
22601-8-0-24.wav,a police siren is blaring with sirens and emergency vehicles passing by,0.9981183
22601-8-0-25.wav,a siren is blaring and a vehicle is passing by,0.9981602
22601-8-0-26.wav,a siren is blaring and a vehicle is driving by,0.99815947
22601-8-0-27.wav,a police car with a siren is going on and on,0.99816304
22601-8-0-28.wav,a police car with a siren on is going off,0.9980615
22601-8-0-29.wav,a police car with a siren is blaring,0.99808794
22601-8-0-3.wav,a police siren is blaring with sirens and emergency vehicles driving by,0.9980976
22601-8-0-30.wav,a police car with a siren is going off,0.9980122
22601-8-0-31.wav,a police car with a siren is going off,0.9980122
22601-8-0-32.wav,a police siren is blaring and a vehicle is passing by,0.99814403
22601-8-0-33.wav,a police siren is blaring with sirens in the background,0.9981877
22601-8-0-34.wav,a siren is blaring and a police car is passing by,0.9981207
22601-8-0-35.wav,a police siren is blaring and a vehicle is passing by,0.99814403
22601-8-0-36.wav,a police car with a siren on is going off,0.9980615
22601-8-0-37.wav,a police car with a siren on is going off,0.9980615
22601-8-0-38.wav,a police siren is blaring and a vehicle is passing by,0.99814403
22601-8-0-39.wav,a siren is blaring and a police car is passing by,0.9981207
22601-8-0-4.wav,a police siren is blaring and a vehicle is driving by,0.99814916
22601-8-0-40.wav,a police siren is blaring and a vehicle is passing by,0.99814403
22601-8-0-41.wav,a police siren is blaring and a vehicle is passing by,0.99814403
22601-8-0-42.wav,a police siren is blaring and a vehicle is passing by,0.99814403
22601-8-0-43.wav,a siren is blaring and a police car is passing by,0.9981207
22601-8-0-44.wav,a police siren is blaring with sirens and emergency vehicles passing by,0.9981183
22601-8-0-45.wav,a police car with a siren on is going off,0.9980615
22601-8-0-46.wav,a police car with a siren is blaring in the background,0.9981218
22601-8-0-47.wav,a police car with a siren on is going off,0.9980615
22601-8-0-48.wav,a police siren is blaring with sirens and emergency vehicles passing by,0.9981183
22601-8-0-49.wav,a police car with a siren on is going off,0.9980615
22601-8-0-5.wav,a police car with a siren on is going off,0.9980615
22601-8-0-50.wav,a police car with a siren on is going down the road,0.99653095
22601-8-0-51.wav,a police car with a siren on is going off,0.9980615
22601-8-0-52.wav,a siren blares while traffic passes by in the background,0.99814594
22601-8-0-53.wav,a police car with a siren going off in the distance,0.998019
22601-8-0-54.wav,a siren is blaring and a dog is barking in the background,0.99806374
22601-8-0-6.wav,a police car with a siren on is going off,0.9980615
22601-8-0-7.wav,a police car with a siren on is going off,0.9980615
22601-8-0-8.wav,a police car with a siren on is going off,0.9980615
22601-8-0-9.wav,a police siren is blaring with traffic noise in the background,0.99816626
22882-5-0-0.wav,an engine is idling then it starts to idle,0.00079771335
22882-5-0-1.wav,an engine is idling and then it starts to idle,0.00080438255
22883-7-1-0.wav,a metal object is being hit against a hard surface,0.0018596612
22883-7-10-0.wav,a large machine is running at a constant speed and then it slows down,0.00081280415
22883-7-100-0.wav,a jackhammer is running and then it stops and then starts again,0.9979455
22883-7-11-0.wav,a large metal object is being hit against another hard surface,0.0028137444
22883-7-110-1.wav,a jackhammer is running and a machine is making a loud noise,0.23811822
22883-7-17-2.wav,a jackhammer is running and a machine is making a loud noise,0.23811822
22883-7-17-4.wav,a jackhammer is running and a machine is drilling,0.0010697643
22883-7-17-5.wav,a machine is running and a metal object is striking another hard surface,0.0008451061
22883-7-18-0.wav,a machine is running and then it stops,0.000818024
22883-7-19-0.wav,a large diesel engine is idling then it starts to idle,0.00084673555
22883-7-21-0.wav,a machine is running at a constant speed and then it stops,0.00080635404
22883-7-23-0.wav,a machine is running and then it stops and then starts again,0.00083438517
22883-7-24-0.wav,a machine is running at a constant speed and then it stops,0.00080635404
22883-7-27-0.wav,a train is passing by on the tracks and the wheels are squealing,0.0009951304
22883-7-28-0.wav,a large metal object is being dragged across a hard surface,0.0010233363
22883-7-29-2.wav,a jackhammer pounds against a construction site in the background,0.9968131
22883-7-3-0.wav,a machine is running at a constant speed,0.0008257412
22883-7-33-0.wav,a metal object is banging on a hard surface and then a machine is running,0.00086522463
22883-7-34-0.wav,a machine is running at a constant speed and then it stops,0.00080635404
22883-7-35-2.wav,a jackhammer is running and a machine is in the background,0.20003532
22883-7-35-3.wav,a jackhammer pounds against a metal object and another machine is running,0.85343343
22883-7-36-0.wav,a jackhammer pounds against a construction site as it operates,0.96474475
22883-7-36-1.wav,a machine is running at a constant speed and then it stops,0.00080635404
22883-7-36-2.wav,a machine is running at a constant speed and then it stops,0.00080635404
22883-7-37-0.wav,a machine is running at a constant speed and then it stops,0.00080635404
22883-7-39-0.wav,a jackhammer is running and a machine is operating,0.0011014863
22883-7-39-1.wav,a jackhammer pounds against a metal object and then it stops,0.9979983
22883-7-40-0.wav,a heavy metal object is being hit against a hard surface,0.0038328182
22883-7-43-2.wav,a jackhammer is running and a helicopter is flying overhead,0.001114098
22883-7-44-0.wav,a machine is running at a high speed and then it stops,0.0008063215
22883-7-47-2.wav,a machine is running at a constant speed and then it stops,0.00080635404
22883-7-48-0.wav,a machine is running and a metal object is striking another hard surface,0.0008451061
22883-7-49-1.wav,a helicopter is flying overhead while a machine is running,0.00088975485
22883-7-49-3.wav,a machine is running at a constant speed and then it stops,0.00080635404
22883-7-51-0.wav,a garage door is being opened and closed,0.00095058867
22883-7-53-0.wav,a machine is running and then it stops,0.000818024
22883-7-54-0.wav,a machine is running and then it stops,0.000818024
22883-7-58-0.wav,an engine is idling and then it starts to idle,0.00080438255
22883-7-61-0.wav,a machine is running at a constant speed and then it stops,0.00080635404
22883-7-61-1.wav,a machine is running at a constant speed and a motor is operating,0.0008240701
22883-7-62-0.wav,a helicopter is flying overhead while birds are chirping in the background,0.0010350839
22883-7-63-0.wav,a machine is running at a constant speed and then it stops,0.00080635404
22883-7-64-0.wav,metal objects are being moved around in a garage,0.0015380512
22883-7-67-0.wav,a large metal object is being dragged across a hard surface,0.0010233363
22883-7-69-0.wav,a machine is running and then it stops,0.000818024
22883-7-7-0.wav,a machine is running and a metal object is striking another hard surface,0.0008451061
22883-7-71-0.wav,a machine is running and a metal object is being dragged across a hard surface,0.0008402434
22883-7-72-0.wav,a machine is running at a constant speed and then it stops,0.00080635404
22883-7-74-0.wav,a machine is running at a constant speed and then it stops,0.00080635404
22883-7-77-0.wav,a jackhammer is running and a metal object is being dragged across a hard surface,0.95149195
22883-7-78-2.wav,a jackhammer is running and a helicopter is in the background,0.59155685
22883-7-81-0.wav,a machine is running and then it stops and starts again,0.00083469885
22883-7-83-0.wav,a jackhammer is running and a metal object is hitting another hard surface,0.9955568
22883-7-86-0.wav,a jackhammer is running and then it stops and starts again,0.99796236
22883-7-87-0.wav,a jackhammer is running and then stops and then starts again,0.9978756
22883-7-9-0.wav,a heavy metal object is being dragged across a hard surface,0.0010655127
22883-7-91-0.wav,a jackhammer is being used in a garage,0.9962846
22883-7-92-0.wav,a jackhammer is running and then stops and then starts again,0.9978756
22883-7-93-0.wav,someone is using a jackhammer and then it stops and starts again,0.99816054
22883-7-98-1.wav,a jackhammer is running loudly and consistently hitting the ground,0.9980038
22883-7-99-2.wav,a machine is running at a constant speed,0.0008257412
22883-7-99-3.wav,an engine is idling and then it starts to idle,0.00080438255
22885-5-0-0.wav,a truck is idling and the engine is revving,0.0007957342
22962-4-0-0.wav,a motorcycle is driving by on the road with the windows rolled down,0.0009838631
22962-4-0-1.wav,a vehicle is driving by and a motorcycle is passing by,0.0013005766
22962-4-0-2.wav,a machine is running at a pretty consistent rate,0.0008741386
22973-3-0-0.wav,a dog is barking and dogs are howling in the background,0.9981268
22973-3-0-1.wav,a cat is meowing and crying at a high pitch,0.0010434765
22973-3-0-2.wav,a cat is meowing and a dog is barking loudly,0.44445235
23131-3-0-0.wav,dogs barking and birds chirping in the background,0.99740535
23131-3-2-0.wav,dogs barking and birds chirping in the background,0.99740535
23131-3-4-0.wav,dogs barking dog barks and birds are chirping,0.9947461
23131-3-5-0.wav,dogs barking dog bark and a small animal barks,0.06762058
23161-6-0-0.wav,a person is walking on a hard surface,0.0011229118
23161-6-1-0.wav,a person is walking on a hard surface,0.0011229118
23218-5-0-0.wav,an engine is idling and then it starts up,0.0007920846
23219-5-0-0.wav,a motor is running and then it starts up and begins to idle,0.00082740234
23219-5-0-1.wav,a motor is running at a constant speed and then it starts to idle,0.00081164937
23219-5-0-10.wav,a machine is running at a constant speed and steady,0.0008312715
23219-5-0-11.wav,a machine is running at a constant speed and steady,0.0008312715
23219-5-0-12.wav,a machine is running at a constant speed and then it is turned off,0.00079954905
23219-5-0-13.wav,a motor is running at a constant rate and then it is turned off,0.0010069737
23219-5-0-2.wav,a motor is running at a constant speed and then it starts to idle,0.0008116501
23219-5-0-3.wav,a motor is running at a constant speed and then it starts to idle,0.0008116501
23219-5-0-4.wav,a motor is running and a machine is in the background,0.0008640103
23219-5-0-5.wav,a machine is running at a constant speed and then it is turned off,0.00079954905
23219-5-0-6.wav,a machine is running at a constant speed and then it is turned off,0.00079954905
23219-5-0-7.wav,a machine is running at a constant speed and steady,0.0008312711
23219-5-0-8.wav,a machine is running at a constant speed,0.0008257412
23219-5-0-9.wav,a machine is running at a constant speed and steady,0.0008312711
23219-5-1-0.wav,a machine is running at a constant speed,0.0008257412
23219-5-1-1.wav,a machine is running at a constant speed,0.0008257412
23219-5-1-2.wav,a motor is running and a machine is in the background,0.0008640103
24347-8-0-0.wav,a siren is blaring while a police car is passing by,0.9981572
24347-8-0-1.wav,a siren is blaring while people are talking in the background,0.9982078
24347-8-0-10.wav,a siren is blaring while people are talking in the background,0.9982078
24347-8-0-11.wav,a siren is blaring while a police car is driving by,0.9981857
24347-8-0-12.wav,a police siren is blaring with sirens in the background,0.9981877
24347-8-0-13.wav,a police siren is blaring with sirens in the background,0.9981877
24347-8-0-14.wav,a police siren is blaring with sirens in the background,0.9981877
24347-8-0-15.wav,a police siren is blaring with sirens and emergency vehicles,0.9980958
24347-8-0-16.wav,a police siren is blaring with sirens in the background,0.9981877
24347-8-0-17.wav,a siren is blaring while people are talking in the background,0.9982078
24347-8-0-18.wav,a siren is blaring while people are talking and a police car is passing by,0.9982095
24347-8-0-19.wav,a police car with a siren is blaring and a vehicle is driving by,0.99815196
24347-8-0-2.wav,people are talking while a siren is blaring in the background,0.99818426
24347-8-0-20.wav,a police car with a siren is going off,0.9980122
24347-8-0-21.wav,a police siren is blaring with sirens and emergency vehicles,0.9980958
24347-8-0-22.wav,a police siren is blaring with sirens and emergency vehicles,0.9980958
24347-8-0-23.wav,a police siren is blaring with sirens and emergency vehicles,0.9980958
24347-8-0-24.wav,a police car with a siren on is blaring,0.9981504
24347-8-0-25.wav,a police car with a siren on is blaring,0.9981504
24347-8-0-26.wav,a siren is blaring while a police car is driving by,0.9981857
24347-8-0-27.wav,a siren is blaring while a police car is passing by,0.9981572
24347-8-0-28.wav,a police siren is blaring with sirens and emergency vehicles,0.9980958
24347-8-0-29.wav,a police car with a siren is blaring and a vehicle is driving by,0.99815196
24347-8-0-3.wav,people are talking while a siren is blaring in the background,0.99818426
24347-8-0-30.wav,a police siren is blaring while a vehicle is driving by,0.99817824
24347-8-0-31.wav,a police car with a siren is blaring and a vehicle is driving by,0.99815196
24347-8-0-32.wav,a siren is blaring while a police car is driving by,0.9981857
24347-8-0-33.wav,a police siren is blaring with sirens and emergency vehicles,0.9980958
24347-8-0-34.wav,a police siren is blaring with sirens and emergency vehicles,0.9980958
24347-8-0-35.wav,a police siren is blaring with sirens and emergency vehicles,0.9980958
24347-8-0-36.wav,a police siren is blaring with sirens and emergency vehicles,0.9980958
24347-8-0-37.wav,a police siren is blaring with sirens and emergency vehicles,0.9980958
24347-8-0-38.wav,a police siren is blaring with sirens and emergency vehicles,0.9980958
24347-8-0-39.wav,a police siren is blaring with sirens in the background,0.9981877
24347-8-0-4.wav,people are talking while a siren is blaring in the background,0.99818426
24347-8-0-40.wav,a police car with a siren is blaring and a vehicle is passing by,0.998156
24347-8-0-41.wav,a police siren is blaring with sirens and traffic noise in the background,0.9981974
24347-8-0-42.wav,a police siren is blaring with sirens and emergency vehicles,0.9980958
24347-8-0-43.wav,a police siren is blaring with sirens and traffic noise in the background,0.9981974
24347-8-0-44.wav,a police siren is blaring with sirens and emergency vehicles,0.9980958
24347-8-0-45.wav,a police siren is blaring with sirens and emergency vehicles,0.9980958
24347-8-0-46.wav,a police siren is blaring with sirens and emergency vehicles,0.9980958
24347-8-0-47.wav,a police siren is blaring with sirens and emergency vehicles,0.9980958
24347-8-0-48.wav,a police siren is blaring with sirens and emergency vehicles,0.9980958
24347-8-0-49.wav,a police siren is blaring with sirens and emergency vehicles,0.9980958
24347-8-0-5.wav,a police siren is blaring while people are talking,0.9982205
24347-8-0-50.wav,a police siren is sounding as a vehicle is driving by,0.9980915
24347-8-0-51.wav,a police siren is sounding as a vehicle is driving by,0.9980915
24347-8-0-52.wav,a police siren is blaring with sirens and emergency vehicles,0.9980958
24347-8-0-53.wav,a police siren is blaring with sirens and emergency vehicles,0.9980958
24347-8-0-54.wav,a police siren is blaring with sirens and emergency vehicles,0.9980958
24347-8-0-55.wav,a police siren is blaring with sirens and emergency vehicles,0.9980958
24347-8-0-56.wav,a police siren is blaring with sirens and emergency vehicles,0.9980958
24347-8-0-57.wav,a police siren is blaring with sirens and emergency vehicles,0.9980958
24347-8-0-58.wav,a police car with a siren is blaring and a vehicle is driving by,0.99815196
24347-8-0-59.wav,a police siren is blaring with sirens and emergency vehicles,0.9980958
24347-8-0-6.wav,a police siren is blaring while people are talking and a vehicle is passing by,0.9982224
24347-8-0-60.wav,a police siren is blaring with sirens and emergency vehicles,0.9980958
24347-8-0-61.wav,a police siren is blaring with sirens and emergency vehicles,0.9980958
24347-8-0-62.wav,a police siren is blaring with sirens and emergency vehicles,0.9980958
24347-8-0-63.wav,a police siren is blaring with sirens and emergency vehicles,0.9980958
24347-8-0-64.wav,a police siren is blaring with sirens and emergency vehicles,0.9980958
24347-8-0-65.wav,a police siren is blaring with sirens and emergency vehicles,0.9980958
24347-8-0-66.wav,a police siren is blaring with sirens and emergency vehicle horns,0.9981723
24347-8-0-67.wav,a siren is blaring and a police car is driving by,0.99813926
24347-8-0-68.wav,a police siren is blaring with sirens in the background,0.9981877
24347-8-0-69.wav,a police car siren is blaring with sirens in the background,0.9981786
24347-8-0-7.wav,a siren is blaring while people are talking and a police car is driving by,0.99823064
24347-8-0-70.wav,a siren is blaring and a police car is passing by,0.9981207
24347-8-0-71.wav,a police siren is blaring with sirens in the background,0.9981877
24347-8-0-72.wav,a police siren is blaring with sirens and emergency vehicles,0.9980958
24347-8-0-73.wav,a police siren is blaring with sirens in the background,0.9981877
24347-8-0-74.wav,a police siren is blaring with sirens and emergency vehicles,0.9980958
24347-8-0-75.wav,a police siren is blaring with sirens in the background,0.9981877
24347-8-0-76.wav,a police siren is blaring with sirens and emergency vehicles,0.9980958
24347-8-0-77.wav,a police siren is blaring with sirens and emergency vehicles,0.9980958
24347-8-0-78.wav,a police siren is blaring with sirens and emergency vehicles,0.9980958
24347-8-0-79.wav,a police siren is blaring with sirens and other vehicles,0.99815506
24347-8-0-8.wav,a siren is blaring while a police car is driving by,0.9981857
24347-8-0-80.wav,a police siren is blaring with sirens and emergency vehicles,0.9980958
24347-8-0-81.wav,a police siren is blaring with sirens and emergency vehicles,0.9980958
24347-8-0-82.wav,a police siren is blaring with sirens and emergency vehicles,0.9980958
24347-8-0-83.wav,a police siren is blaring with sirens in the background,0.9981877
24347-8-0-84.wav,a police siren is blaring with sirens and emergency vehicle horns,0.9981723
24347-8-0-85.wav,a police siren is blaring with sirens and emergency vehicles,0.9980958
24347-8-0-86.wav,a police siren is blaring with sirens and emergency vehicles,0.9980958
24347-8-0-87.wav,a police siren is blaring with sirens and emergency vehicles,0.9980958
24347-8-0-88.wav,a police siren is blaring and a child is speaking,0.99812466
24347-8-0-89.wav,a police siren is blaring with sirens and emergency vehicles,0.9980958
24347-8-0-9.wav,a siren is blaring while people are talking in the background,0.9982078
24347-8-0-90.wav,a police siren is blaring with sirens in the background,0.9981877
24347-8-0-91.wav,a police siren is blaring and a car is driving by,0.99813604
24347-8-0-92.wav,a police siren is blaring with sirens in the background,0.9981877
24347-8-0-93.wav,a police siren is blaring with sirens in the background,0.9981877
24347-8-0-94.wav,a siren is blaring while a police car is driving by,0.9981857
24347-8-0-95.wav,a siren is blaring while people are talking in the background,0.9982078
24347-8-0-96.wav,people are talking while a siren is blaring in the background,0.99818426
24347-8-0-97.wav,a siren is blaring while people are laughing and talking in the background,0.9982132
24347-8-0-98.wav,people are talking while a siren is blaring,0.99819857
24347-8-0-99.wav,people are talking while a siren is blaring in the background,0.99818426
24364-4-0-0.wav,someone is using a chainsaw and cutting hair with a power tool,0.9974905
24364-4-0-1.wav,a hair dryer is running at a constant speed,0.0008081533
24364-4-0-10.wav,someone is using a hair dryer in a circular saw,0.9685019
24364-4-0-11.wav,someone is using a hair dryer in a workshop,0.0013137446
24364-4-0-12.wav,a drill is being used to cut wood,0.0013818587
24364-4-0-2.wav,a hair dryer is being used to cut a piece of wood,0.0017005887
24364-4-0-3.wav,a hair dryer is being used to cut a piece of wood,0.0017005887
24364-4-0-4.wav,a hair dryer is running at a constant speed,0.0008081533
24364-4-0-5.wav,a hair dryer is running at a constant speed,0.0008081533
24364-4-0-6.wav,a hair dryer is running at a constant speed,0.0008081533
24364-4-0-7.wav,someone is using a hair dryer in a workshop,0.0013137446
24364-4-0-8.wav,a chainsaw is cutting through a piece of wood,0.99795234
24364-4-0-9.wav,a chainsaw is cutting through a material that is cut up and down,0.9979405
24632-6-0-0.wav,fireworks are being set off in the distance,0.0011099126
24632-6-1-0.wav,a person is walking on a hard surface,0.0011229118
24652-6-0-0.wav,birds are chirping in the background while a bird is singing,0.9979048
24728-7-0-0.wav,a jackhammer pounds against another hard object in the background,0.99805164
24728-7-1-0.wav,a jackhammer is being used to cut a construction site,0.99556834
24728-7-2-0.wav,a jackhammer is running at a constant speed and then it stops,0.99462223
24728-7-3-0.wav,a motorcycle is revving and revved up and then the engine revs,0.002351534
24728-7-4-0.wav,a jackhammer pounds against a metal object in the background,0.9979722
24728-7-5-0.wav,a jackhammer is being used to cut a lawn,0.9972619
24965-3-0-0.wav,a dog barking dogs bark at a medium barks,0.021696243
24965-3-1-0.wav,a dog barking and dogs bark at a medium pitch,0.9967457
24965-3-2-0.wav,a dog barking and dogs bark at a growling,0.9980166
24965-3-3-0.wav,a dog barking dogs bark at a medium barks and growling,0.99482924
25037-6-0-0.wav,birds are chirping in the background while a person is walking,0.0014991061
25037-6-1-0.wav,a person is bouncing a ball against the ground,0.0013498539
25038-6-0-0.wav,a gun is fired in the distance while a man is speaking,0.9979814
25038-6-1-0.wav,a gun is fired in the distance while a man is speaking,0.9979814
25039-6-0-0.wav,a gun is fired in the distance while a man is speaking,0.9979814
26173-8-0-0.wav,a police siren is blaring with sirens and emergency vehicles,0.9980958
26184-5-0-0.wav,a car engine is started and is revved up and then stopped,0.0010543686
26184-5-1-0.wav,a car engine is started and then turns off,0.000934658
26184-5-2-0.wav,a car engine is idling and then it accelerates,0.00095603877
26184-5-3-0.wav,a car engine is started and drives away,0.00082627096
26184-5-4-0.wav,a motor is running at a constant speed and then it is turned off,0.00086727657
26184-5-4-1.wav,a motor is running and then it is turned off,0.0008730299
26184-5-4-2.wav,a fan is running and then it is turned off,0.0010838298
26184-5-4-3.wav,a fan is running and then it is turned off,0.0010838298
26185-1-0-0.wav,a horn is being played with a trumpet,0.45565623
26185-1-1-0.wav,a horn is playing a trumpet is being played,0.063021995
26186-1-0-0.wav,a trumpet is playing a horn is being played,0.08782489
26255-3-0-0.wav,a bird is chirping and birds are tweeting,0.0009712509
26255-3-13-1.wav,birds are chirping and singing in the background,0.99793786
26255-3-6-0.wav,birds are chirping and tweeting in the background,0.0014447357
26255-3-8-0.wav,birds are chirping and a bird is singing in the background,0.9980987
26256-3-4-0.wav,birds are chirping and a bird is singing in the background,0.9980987
26256-3-5-22.wav,birds are chirping and singing in the background,0.99793786
26256-3-6-6.wav,birds are chirping in the background while a bird is singing,0.9979048
26256-3-7-36.wav,birds are chirping and singing in the background,0.99793786
26270-9-0-19.wav,a marching band is playing a song with drums and cymbals,0.010658292
26270-9-0-23.wav,a marching band is playing a song with drums and cymbals,0.010658292
26270-9-0-3.wav,a marching band is playing a song with drums and cymbals,0.010658292
26270-9-0-30.wav,a drum is being played with drums and cymbals,0.005606553
26270-9-0-32.wav,a drum beat is being played with drums and cymbals,0.018630343
26270-9-0-35.wav,a drum is being played with drums in the background,0.97917193
26344-4-0-0.wav,a drill is being used to cut up and down,0.0011571347
26344-4-1-0.wav,a drill is being used to cut up and down,0.0011571347
27070-2-0-0.wav,people are talking in the distance and a door is opening and closing,0.0012047524
27070-2-0-2.wav,a large group of people are talking and yelling,0.28877157
27070-2-0-3.wav,a large group of people are talking in a gym,0.0014381052
27070-2-0-4.wav,a large group of people are talking and yelling,0.28877157
27070-2-0-5.wav,a large group of people are talking and yelling,0.28877157
27070-2-0-7.wav,a large group of people are talking in a gym,0.0014381052
27070-2-0-8.wav,a large group of people are talking in the distance,0.0015873687
27216-3-0-18.wav,a dog is barking loudly at a consistent rate,0.9981014
27216-3-0-21.wav,a dog is barking loudly at a consistent rate,0.9981014
27216-3-0-24.wav,a dog is barking and growling in the background,0.9981376
27216-3-0-9.wav,a dog is barking loudly at a consistent rate,0.9981014
27217-3-0-13.wav,a dog is barking loudly and sporadically,0.9981115
27217-3-0-22.wav,dogs are barking and a dog barks in the background,0.99737406
27217-3-0-6.wav,a dog is barking and growling at the same time,0.9981458
27349-3-0-2.wav,dogs are barking and birds are chirping in the background,0.0023972553
27349-3-0-6.wav,dogs are barking and birds are chirping in the background,0.0023972553
27349-3-1-2.wav,birds are chirping and a dog is barking in the background,0.9394243
27349-3-2-1.wav,a dog is barking and birds are chirping in the background,0.9807844
28284-3-0-0.wav,a dog is barking and birds are chirping in the background,0.9807844
28284-3-0-1.wav,a dog is barking and birds are chirping in the background,0.9807844
28284-3-1-0.wav,a dog barks and dogs bark in the distance,0.0013343786
28385-9-0-32.wav,music is playing in the background while a musical instrument is being played,0.23893757
28385-9-0-33.wav,music is playing and people are talking in the background,0.3136211
28385-9-0-44.wav,music is playing in the background while a musical melody is being played,0.9659335
28385-9-0-46.wav,music is being played in the background while a musical instrument is playing,0.16395998
28385-9-0-57.wav,music is being played in the background while a musical instrument is playing,0.16395998
28385-9-0-65.wav,music is playing in the background while a musical instrument is being played,0.23893757
28385-9-0-9.wav,a musical instrument is playing a song in the background,0.97919446
28426-8-0-0.wav,a siren is blaring and a vehicle is passing by,0.9981602
28426-8-1-0.wav,a police car with a siren is going off,0.9980122
28426-8-2-0.wav,a siren is blaring and a vehicle is passing by,0.9981602
2937-1-0-0.wav,a car horn honks and horns honking a whistle,0.9981505
29721-4-0-0.wav,a machine is running at a high speed and volume,0.00083154085
29721-4-0-1.wav,a machine is running at a high speed and volume,0.00083154085
29721-4-0-10.wav,a machine is running at a high speed and volume,0.00083154085
29721-4-0-11.wav,a machine is running at a constant speed and volume,0.0008165623
29721-4-0-12.wav,a machine is running at a constant speed and a high pitched whine,0.0009979388
29721-4-0-13.wav,a machine is running at a constant speed and a high pitched whine,0.0009979388
29721-4-0-14.wav,a machine is running at a high speed and volume,0.00083154085
29721-4-0-2.wav,a machine is running at a high speed and volume,0.00083154085
29721-4-0-3.wav,a machine is running at a high speed and volume,0.00083154085
29721-4-0-4.wav,a machine is running at a high speed and volume,0.00083154085
29721-4-0-5.wav,a machine is running at a high speed and volume,0.00083154085
29721-4-0-6.wav,a machine is running at a high speed and volume,0.00083154085
29721-4-0-7.wav,a machine is running at a high speed and volume,0.00083154085
29721-4-0-8.wav,a machine is running at a high speed and volume,0.00083154085
29721-4-0-9.wav,a machine is running at a high speed and volume,0.00083154085
29722-4-0-0.wav,a machine is running at a constant speed and then it is turned off,0.00079954905
29722-4-0-1.wav,a machine is running at a constant speed and then it is turned off,0.00079954905
29722-4-0-2.wav,a machine is running at a constant speed and then it is turned off,0.00079954905
29722-4-0-3.wav,a machine is running at a high speed and then it is turned off,0.000801411
29722-4-0-4.wav,a machine is running at a high speed and then it is turned off,0.000801411
29722-4-0-5.wav,a machine is running at a high speed and then it is turned off,0.000801411
29722-4-0-6.wav,a machine is running at a high speed and volume,0.00083154085
29932-1-0-0.wav,people are talking in the background with traffic noise in the distance,0.9770394
29932-1-1-0.wav,a siren is blaring with traffic noise in the background,0.9981488
29936-3-0-0.wav,a dog is barking and a person is walking in the background,0.99808013
29936-3-1-0.wav,a dog is barking and a person is walking in the snow,0.9966905
29936-3-2-0.wav,a person is walking through a pile of leaves,0.0011779952
29936-3-3-0.wav,a dog is barking and a person is walking on a hard surface,0.98969114
29937-3-0-14.wav,a dog is barking and a person is walking on a hard surface,0.98969114
29937-3-0-4.wav,a dog is barking and a person is walking in the distance,0.85328054
29937-3-0-6.wav,a person is walking on a hard surface while a dog barks in the background,0.3578282
29937-3-0-8.wav,a person is walking on a gravel path at a steady pace,0.0009888036
30204-0-0-0.wav,a machine is making a loud buzzing sound,0.00082041195
30204-0-0-1.wav,a machine is making a loud buzzing sound,0.00082041195
30204-0-0-10.wav,a cricket is chirping while cars are passing by in the background,0.0011452192
30204-0-0-11.wav,a motor is running and a door is creaking,0.0008015469
30204-0-0-12.wav,a machine is running and a door opens and closes,0.0008666315
30204-0-0-13.wav,a machine is running at a constant speed and a motor is humming,0.0008469425
30204-0-0-2.wav,a bird is chirping while cars are driving by in the background,0.012787552
30204-0-0-3.wav,a machine is making a buzzing sound while it is raining,0.0007753526
30204-0-0-4.wav,a machine is making a buzzing sound as it moves,0.0009331458
30204-0-0-5.wav,a cricket is chirping while a machine is buzzing in the background,0.0009118919
30204-0-0-6.wav,a cricket is chirping while a car is driving by,0.0010255749
30204-0-0-7.wav,a bird is chirping while a machine is running,0.00079002604
30204-0-0-8.wav,a machine is making a constant buzzing sound,0.00078685506
30204-0-0-9.wav,a cricket is chirping and a car is driving by,0.0009942922
30206-7-0-0.wav,a machine is running at a constant speed and then it stops,0.00080635404
30206-7-0-1.wav,a machine is running while a person is speaking in the background,0.0028193253
30206-7-0-10.wav,a motorcycle engine is idling and then it starts to idle,0.0007815274
30206-7-0-11.wav,an engine is idling and then it starts to idle,0.00080438255
30206-7-0-12.wav,a machine is running and then it stops and starts again,0.00083469885
30206-7-0-13.wav,a machine is running at a constant speed and then speeds up,0.0008022897
30206-7-0-14.wav,a motorcycle engine is running and a man is speaking in the background,0.001667114
30206-7-0-15.wav,a machine is running at a constant speed and then stops,0.00080265966
30206-7-0-16.wav,a machine is running at a constant speed and then it slows down,0.00080455345
30206-7-0-17.wav,a machine is running at a constant speed and then it gets louder,0.0881496
30206-7-0-18.wav,a machine gun is being fired then it is firing up and down,0.25981307
30206-7-0-19.wav,a machine is running and then stops and then starts to start up again,0.0008262816
30206-7-0-2.wav,a motorcycle engine is running and a child is speaking,0.00089238386
30206-7-0-20.wav,a machine is running at a constant speed and then it starts to idle,0.00079746713
30206-7-0-21.wav,a machine is running at a constant speed and then stops,0.00080265966
30206-7-0-22.wav,a machine is running at a constant speed,0.0008257412
30206-7-0-23.wav,a machine is running at a constant speed,0.0008257412
30206-7-0-24.wav,a machine is running at a constant speed and then it stops,0.00080635404
30206-7-0-25.wav,a machine is running at a rapid pace,0.000905183
30206-7-0-26.wav,a machine is running at a constant speed and then it stops,0.00080635404
30206-7-0-27.wav,a machine is running and a vehicle is driving by,0.0008338418
30206-7-0-28.wav,a machine is running while a metal object is being dropped on a hard surface,0.00091721694
30206-7-0-29.wav,a machine is running at a constant speed and then stops,0.00080265966
30206-7-0-3.wav,a machine is running at a constant speed,0.0008257412
30206-7-0-30.wav,a motorcycle engine is running and then it stops,0.00081186206
30206-7-0-31.wav,a motorcycle engine is idling and revving up,0.0007981585
30206-7-0-32.wav,a motorcycle engine is idling and revving its motor,0.0008135344
30206-7-0-33.wav,a motorcycle engine is idling and then it gets louder as it speeds up,0.99817014
30206-7-0-34.wav,a motorcycle engine is running and a man is speaking,0.00082899176
30206-7-0-35.wav,a motorcycle engine is idling and revving up,0.0007981585
30206-7-0-36.wav,a machine is running at a constant speed,0.0008257412
30206-7-0-37.wav,a machine is running at a constant speed,0.0008257412
30206-7-0-38.wav,a machine is running at a constant speed,0.0008257412
30206-7-0-39.wav,a machine is running at a constant speed,0.0008257412
30206-7-0-4.wav,a machine is running at a constant speed,0.0008257412
30206-7-0-5.wav,a machine is running at a constant speed,0.0008257412
30206-7-0-6.wav,a machine is running at a constant speed and then it stops,0.00080635404
30206-7-0-7.wav,a machine is running at a constant speed and then it stops,0.00080635404
30206-7-0-8.wav,a machine is running at a constant speed and then it stops,0.00080635404
30206-7-0-9.wav,a machine is running at a constant speed,0.0008257412
30823-8-0-0.wav,a siren is blaring and a vehicle is passing by,0.9981602
30832-3-1-0.wav,dogs are barking and birds are chirping in the background,0.0023972597
30832-3-12-0.wav,a dog is barking and birds are chirping in the background,0.9807843
30832-3-5-1.wav,dogs are barking and birds are chirping in the background,0.0023972597
30832-3-7-0.wav,a dog is barking and birds are chirping in the background,0.9807843
31150-2-0-1.wav,a crowd of people are talking in a public place,0.0016757597
31150-2-0-14.wav,a crowd of people are shouting and yelling,0.9889586
31150-2-0-17.wav,a crowd of people are shouting and yelling,0.9889586
31150-2-0-2.wav,a crowd of people are talking in a public place,0.0016757597
31150-2-0-24.wav,a crowd of people are cheering and clapping and shouting,0.010366664
31150-2-0-34.wav,a group of children are shouting and yelling,0.99681866
31150-2-0-6.wav,a group of children are shouting and screaming,0.99783
31323-3-0-1.wav,a dog is barking and growling in the background,0.9981376
31323-3-0-2.wav,a dog is barking and growling while a car is driving by,0.9980812
31323-3-0-20.wav,a dog is barking loudly at a consistent rate,0.9981014
31323-3-0-22.wav,a dog is barking loudly at a consistent rate,0.9981014
31325-3-1-0.wav,a dog is barking and growling at a constant rate,0.99806136
31325-3-1-1.wav,a dog is barking and growling in the background,0.9981376
31325-3-3-6.wav,a dog barking and dogs bark in the background,0.99812275
31325-3-4-0.wav,a dog barking and dogs bark in the background,0.99812275
31840-3-0-0.wav,a dog barking and dogs bark at a distance,0.997612
31840-3-1-0.wav,a dog barking and dogs bark at a medium pitch,0.9967457
31884-7-0-0.wav,a jackhammer is running at a constant speed while a motor is in the background,0.997626
31884-7-0-1.wav,a machine is running at a constant speed and then it stops,0.00080635404
31884-7-0-2.wav,a machine is running at a constant speed and then stops,0.00080265966
31884-7-0-3.wav,a machine is running at a constant speed and then stops,0.00080265966
31884-7-1-0.wav,a machine is running at a constant speed and then stops,0.00080265966
31884-7-1-1.wav,a machine is running at a constant speed and then stops,0.00080265966
31884-7-1-2.wav,a jackhammer is running at a constant speed and people are talking in the background,0.9975852
31884-7-1-3.wav,a machine is running and people are talking in the background,0.0010134589
31884-7-1-4.wav,a jackhammer is running while people are talking in the background,0.99798536
31973-9-0-43.wav,cars are driving by on a busy street with vehicles passing by,0.0016903485
31973-9-0-51.wav,children are talking while cars drive by in the background,0.9682884
31973-9-0-56.wav,traffic is passing by and people are talking in the background,0.0021224108
31973-9-0-57.wav,cars are driving by on a busy street,0.0014026527
31973-9-0-64.wav,people are talking in the background as music plays in the distance,0.0029487931
31973-9-0-71.wav,people are talking in the background while cars are driving by,0.60568154
32417-1-0-0.wav,a car alarm beeping beeps and a horn honks,0.99798346
33340-7-0-0.wav,a machine is running and then stops and then starts again,0.00083619636
33340-7-1-0.wav,a motorcycle engine is running at a pretty fast speed,0.0008997948
33340-7-10-0.wav,a machine is running and then a jackhammer is being used,0.23691325
33340-7-11-0.wav,a jackhammer is running and then stops and starts again,0.9978782
33340-7-12-0.wav,a machine is running at a constant speed and then stops,0.00080265966
33340-7-13-0.wav,a jackhammer is being used to cut a lawn,0.9972619
33340-7-14-0.wav,a machine is running at a constant speed,0.0008257412
33340-7-15-0.wav,a motorcycle engine revs and fades into the distance,0.018986579
33340-7-16-0.wav,a machine is running and a man is speaking in the background,0.001353376
33340-7-2-0.wav,an engine is revved up and then fades away,0.0009864253
33340-7-3-0.wav,a lawnmower is being used to cut the grass,0.0011525583
33340-7-4-0.wav,a machine is running and making a loud noise,0.00093244633
33340-7-5-0.wav,a jackhammer is being used by a loud machine,0.99804556
33340-7-6-0.wav,a jackhammer pounds against a hard surface at a constant speed,0.9913544
33340-7-7-0.wav,a jackhammer pounds against a hard surface continuously,0.9828063
33340-7-8-0.wav,a jackhammer pounds against a hard surface and another machine starts to run,0.011189874
33340-7-9-0.wav,a jackhammer is being used in the distance,0.98852766
33641-3-1-0.wav,a dog is barking loudly at a steady pace,0.99814415
33641-3-7-0.wav,a dog is barking and growling at a medium pitch,0.99817574
33641-3-8-0.wav,a dog is barking and a man is speaking in the background,0.9980908
33641-3-9-0.wav,a dog barking dogs bark at a puppy growling,0.9977247
33696-3-0-0.wav,birds are chirping and a dog is howling in the background,0.96440655
33696-3-4-0.wav,birds are chirping and singing in the background,0.99793786
33696-3-4-1.wav,birds are chirping and tweeting in the background,0.0014447344
33696-3-6-1.wav,birds are chirping and a bird is singing in the background,0.9980987
33849-3-0-0.wav,a dog barking and dogs bark at a distance,0.997612
33849-3-2-0.wav,a dog barking and dogs bark at a growling,0.9980166
33849-3-3-0.wav,a dog is barking loudly at a steady pace,0.99814415
33849-3-4-0.wav,a dog barking and dogs bark at a medium pitch,0.9967457
34050-7-0-0.wav,a machine is running at a fairly fast pace,0.00088296935
34050-7-1-0.wav,a metal object is being dragged across a hard surface,0.0010019161
34050-7-2-0.wav,a machine is running and then a person is hammering a piece of metal,0.0009086642
34050-7-3-0.wav,a machine is running at a constant speed and then stops,0.00080265966
34050-7-4-0.wav,a machine is running at a constant speed and then stops,0.00080265966
34050-7-5-0.wav,a sewing machine is running and then it stops,0.00085864327
34050-7-6-0.wav,a motorcycle engine is idling and revving up,0.0007981585
34056-2-0-2.wav,children are playing and adults are talking in the background,0.0064692153
34056-2-0-22.wav,a group of people are talking and laughing in a public place,0.001162636
34056-2-0-40.wav,people are talking and yelling in the background as a door is opened and closed,0.99041957
34056-2-0-42.wav,children are playing and adults are talking in the background,0.0064692153
34056-2-0-48.wav,a group of people are talking and laughing,0.0012851317
34056-2-0-61.wav,a group of people are talking and laughing in the background,0.0014735977
34056-2-0-80.wav,people are talking and children are playing in the background,0.0026602861
34241-1-0-0.wav,a car horn is honking while people are talking in the background,0.9982337
34241-1-1-0.wav,a car horn is honking while traffic horns are blaring in the background,0.9981693
34241-1-2-0.wav,a car horn is honking in the background,0.9981812
344-3-0-0.wav,a dog barking and dogs bark at a medium growling,0.997827
344-3-1-0.wav,a dog is barking and growling in the background,0.9981376
344-3-4-0.wav,a dog barking and dogs bark in the background,0.99812275
344-3-5-0.wav,a dog barking and dogs bark in the background,0.99812275
34621-4-0-0.wav,a very squeaky balloon is being zipped and unzipped,0.0010062485
34621-4-1-0.wav,a very loud creaking sound is being made,0.0048993016
34621-4-11-0.wav,a person is using a heavy object with a brush,0.0010691889
34621-4-12-0.wav,a balloon is being rubbed back and forth across a hard surface,0.0008236639
34621-4-13-0.wav,a person is making a loud noise with a window,0.9968759
34621-4-14-0.wav,a large object is being dragged across a hard surface,0.0012109028
34621-4-15-0.wav,a person is using a shovel to cut up and down,0.0010408385
34621-4-16-0.wav,a piece of metal is being rubbed against a hard surface,0.00090178347
34621-4-17-0.wav,a very loud and very high pitched sound is being played,0.9168951
34621-4-18-0.wav,a heavy object is being dragged across a hard surface,0.0010522155
34621-4-2-0.wav,a very high pitched sound is being played very slowly,0.48773617
34621-4-20-0.wav,a heavy object is being dragged across a hard surface,0.0010522155
34621-4-21-0.wav,a heavy object is being rubbed against a hard surface,0.00088540534
34621-4-22-0.wav,a piece of metal is being rubbed with a hard surface,0.0009088759
34621-4-24-0.wav,a large object is being dragged across a hard surface,0.0012109028
34621-4-25-0.wav,a long zipper is being zipped up and down,0.0011326559
34621-4-26-0.wav,a heavy object is being rubbed with a loud sound,0.9768835
34621-4-27-0.wav,a heavy object is being dragged across a hard surface,0.0010522155
34621-4-4-0.wav,a very loud screeching noise is being played very slowly,0.9982139
34621-4-5-0.wav,someone is drawing with a marker on a piece of paper,0.001079375
34621-4-7-0.wav,air is being sprayed with a broom and then the sound of a balloon is,0.006305551
34621-4-8-0.wav,a balloon is being sprayed with a loud brush,0.0013334424
34643-4-0-0.wav,a person is breathing heavily in the background as the wind blows,0.99759895
34643-4-1-0.wav,a car engine is started and then it is revved up,0.0010593757
34643-4-1-1.wav,a large crowd of people are cheering and yelling loudly,0.99614716
34643-4-2-0.wav,a machine is running at a constant speed and then it stops,0.00080635404
34643-4-2-1.wav,a machine is running at a constant speed and then it stops,0.00080635404
34643-4-2-2.wav,a machine is running at a constant speed,0.0008257412
34708-6-0-0.wav,a gun is fired repeatedly in the distance,0.9979361
34708-6-1-0.wav,a gun is fired in the distance,0.99790716
34708-6-2-0.wav,a gun is fired repeatedly in the distance,0.9979361
34708-6-3-0.wav,a gun is being fired repeatedly in the background,0.9981913
34708-6-4-0.wav,a gun is fired in a dozen times,0.99780494
34708-6-5-0.wav,a gun is fired repeatedly in the distance,0.9979361
34771-3-0-10.wav,a dog barking and dogs bark in the background,0.99812275
34771-3-0-14.wav,a dog barking and dogs bark in the background,0.99812275
34771-3-0-4.wav,a dog barking and dogs bark in the background,0.99812275
34771-3-0-5.wav,a dog barking and dogs bark in the background,0.99812275
34866-9-0-10.wav,a person is playing a drum while people are talking in the background,0.97192645
34866-9-0-11.wav,a group of people are playing a song while a man is singing,0.07039156
34866-9-0-13.wav,a drum is being played with drums and people are talking in the background,0.96370625
34866-9-0-3.wav,a drum is being played with drums and people are playing in the background,0.049445156
34866-9-0-5.wav,a person is playing a song with drums and cymbals,0.28239176
34866-9-0-9.wav,a drum is being played with drums and people are playing in the background,0.049445156
34871-3-11-0.wav,a dog is barking and birds are chirping in the background,0.9807843
34871-3-6-0.wav,a dog barking and dogs bark in the background,0.99812275
34871-3-8-0.wav,dogs are barking and a dog barks in the background,0.99737406
34871-3-9-0.wav,birds are chirping and dogs are barking in the distance,0.000997255
34872-3-0-0.wav,a dog is barking loudly at a steady pace,0.99814415
34872-3-0-1.wav,a dog is barking and growling at a steady pace,0.99778074
34872-3-0-2.wav,a dog is barking and growling at a consistent rate,0.99795
34931-3-0-0.wav,a dog is barking loudly and sporadically,0.9981115
34952-8-0-0.wav,a person is playing a musical instrument in a large room,0.03988063
34952-8-0-1.wav,a siren blaring and a vehicle passing by in the distance,0.9981635
34952-8-0-2.wav,a siren is blaring in the distance and a vehicle is passing by,0.99820065
34952-8-0-3.wav,a siren sounds in the distance and then a vehicle drives away,0.998038
34952-8-0-4.wav,a siren blares while a vehicle drives by in the distance,0.9982667
34952-8-0-5.wav,an emergency vehicle is going down the road with a siren blaring,0.99809426
34952-8-0-6.wav,a siren is blaring and a vehicle is passing by,0.9981602
34952-8-0-7.wav,a siren sounds in the distance and then a horn blaring,0.99815875
35296-3-0-0.wav,dogs are barking and birds are chirping in the background,0.0023972597
35296-3-1-0.wav,dogs are barking and birds are chirping in the background,0.0023972597
35296-3-2-0.wav,dogs bark at a distance while a dog barks,0.007703815
35382-0-0-0.wav,a machine is running at a constant speed and then it is turned off,0.00079954905
35382-0-0-1.wav,a machine is running at a constant speed and then it is turned off,0.00079954905
35548-9-0-10.wav,a crowd of people are talking and music is playing,0.0018511718
35548-9-0-21.wav,a group of people are talking and laughing while music is playing in the background,0.62540066
35548-9-0-23.wav,a group of people are talking in a crowded restaurant,0.0017368749
35548-9-1-14.wav,a crowd of people are talking in the background,0.0042909
35548-9-2-7.wav,a musical instrument is being played with a high pitch,0.0010270331
35548-9-2-9.wav,a person is playing a guitar while another man is singing,0.025895359
35549-9-0-14.wav,a group of people are talking and laughing while birds are chirping in the background,0.0014616555
35549-9-0-2.wav,a group of people are talking and birds are chirping in the background,0.0011040337
35549-9-0-28.wav,people are talking while birds are chirping in the background,0.0014239053
35549-9-0-47.wav,people are talking while birds are chirping in the background,0.0014239053
35549-9-0-51.wav,people are talking while birds are chirping in the background,0.0014239053
35549-9-0-58.wav,birds are chirping and people are talking in the background,0.001106799
35628-3-0-0.wav,dogs are barking and a dog barks in the distance,0.004345426
35629-3-0-0.wav,dogs are barking and a dog barks in the background,0.99737406
35629-3-1-0.wav,dogs are barking at the distance and a dog barks,0.010677964
35629-3-2-0.wav,dogs are barking and a dog barks in the distance,0.004345426
35629-3-3-0.wav,dogs are barking and a dog barks in the distance,0.004345426
35799-6-0-0.wav,a gun is being shot several times with a loud echo,0.99832493
35800-6-0-0.wav,a gun is being fired repeatedly in a dozen times,0.997983
36263-9-0-12.wav,a person is playing a drum while a drums and people are talking in the,0.035418928
36263-9-0-13.wav,a drum is being played while people are talking,0.0065115485
36263-9-0-17.wav,a marching band is playing a drums and people are talking in the background,0.010341897
36263-9-0-2.wav,people are talking while a machine is running in the background,0.0013202298
36263-9-0-3.wav,the wind is blowing and a motorcycle is passing by,0.00090452
36263-9-0-5.wav,a person is playing a musical instrument while people are talking in the background,0.41127717
36264-9-0-0.wav,a drum is being played with drums and people are cheering,0.002854169
36264-9-0-1.wav,a marching band is playing a drum while a person is singing,0.0027337447
36264-9-0-10.wav,a crowd of people are talking and a drum is being played,0.0041086553
36264-9-0-2.wav,a marching band is playing a song with drums and people are talking in the,0.0086659035
36264-9-0-5.wav,a marching band is playing a drum while a person is singing,0.0027337447
36264-9-0-7.wav,a drum beat is being played with drums and people are talking in the background,0.9902969
36403-6-0-0.wav,fireworks are exploding in the distance and a gun is fired,0.9980051
36429-2-0-13.wav,people are talking while a dog is barking in the background,0.9981133
36429-2-0-14.wav,people are talking while cars are driving by in the background,0.12765913
36429-2-0-15.wav,children are playing on a playground and talking while a car is driving by,0.0024256122
36429-2-0-18.wav,people are talking and laughing while rain is falling,0.0030887185
36429-2-0-23.wav,children are talking and playing in a playground,0.0013858619
36429-2-0-6.wav,people are talking while children are playing in the background,0.015580986
36429-2-0-7.wav,people are talking while traffic is moving in the background,0.01426712
36902-3-0-0.wav,a dog barking dogs bark at a distance,0.99798644
36902-3-1-0.wav,a dog barking dogs bark at a distance,0.99798644
36902-3-2-0.wav,a dog barking and dogs bark in the background,0.99812275
37236-6-0-0.wav,a gun is fired repeatedly in the distance,0.9979361
37560-4-0-0.wav,a drill is being used to cut something,0.002330925
37560-4-0-1.wav,someone is using a hair dryer in a workshop,0.0013137446
37560-4-0-2.wav,a machine is running at a constant speed and consistent,0.0008391488
37560-4-0-3.wav,a machine is running at a constant speed and steady,0.0008312715
37560-4-0-4.wav,a machine is running at a constant speed and steady,0.0008312715
37560-4-0-5.wav,a drill is being used to cut hair using a power tool,0.0014160285
37869-3-0-0.wav,a dog is barking and growling at the end,0.9981317
37869-3-1-0.wav,a dog is barking and growling at a steady pace,0.99778074
37869-3-3-0.wav,a dog is barking loudly at a steady pace,0.99814415
37869-3-5-0.wav,a dog is barking and growling at a dogs bark,0.9980217
38121-3-0-0.wav,a dog is barking and growling at the same time,0.9981458
38231-3-0-0.wav,a person is coughing and grunting and moaning,0.9977053
38231-3-2-0.wav,a dog is barking and growling at a constant rate,0.99806136
38231-3-3-0.wav,a dog is barking loudly and sporadically,0.9981115
38231-3-4-0.wav,a dog is barking and growling at a consistent rate,0.99795
38236-3-2-2.wav,a dog is barking and growling at the same time,0.9981458
38236-3-2-3.wav,a dog is barking and growling at a high pitch,0.99821883
38236-3-3-0.wav,a dog is barking loudly and sporadically,0.9981115
39532-4-0-0.wav,a person is struggling to start a loud drill,0.99700063
39532-4-1-0.wav,a person is using a drill to cut something,0.010492408
39532-4-2-0.wav,someone is using a toy with a grinder,0.0027031705
39532-4-3-0.wav,a person is struggling to start up a toy,0.0059085195
39533-4-0-0.wav,a drill is being used to cut up a power tool,0.0011877707
39533-4-1-0.wav,a drill is being used to cut up a power tool,0.0011877707
39847-5-0-0.wav,a motorcycle engine is idling and revving up,0.0007981585
39847-5-0-1.wav,a motorcycle engine is idling in the background,0.0013270861
39847-5-0-10.wav,a motorcycle engine is idling and revving up,0.0007981585
39847-5-0-11.wav,a motorcycle engine is idling in the background,0.0013270861
39847-5-0-12.wav,a motorcycle engine is idling and revving up,0.0007981585
39847-5-0-2.wav,a motorcycle engine is idling in the background,0.0013270861
39847-5-0-3.wav,a motorcycle engine is idling in the background,0.0013270861
39847-5-0-4.wav,a motorcycle engine is idling in the background,0.0013270861
39847-5-0-5.wav,a motorcycle engine is idling and revving up,0.0007981585
39847-5-0-6.wav,a motorcycle engine is idling and revving up,0.0007981585
39847-5-0-7.wav,a motorcycle engine is idling and revving up,0.0007981585
39847-5-0-8.wav,a motorcycle engine is idling and revving up,0.0007981585
39847-5-0-9.wav,a motorcycle engine is idling and revving up,0.0007981585
39847-5-1-0.wav,a motorcycle engine is idling and revving its motor,0.000813534
39852-5-0-0.wav,a motorcycle engine is idling and then it gets revved up,0.0008945931
39852-5-0-1.wav,a motorcycle engine is idling and revving up,0.0007981585
39854-5-0-0.wav,an engine is idling and then it gets revved up and then slows down,0.0010371726
39854-5-1-0.wav,a motorcycle engine is running at a constant speed,0.00082571263
39854-5-1-1.wav,a motorcycle engine is running at a steady pace,0.00088875287
39854-5-1-2.wav,a motorcycle engine is idling and revving at a steady pace,0.00088904094
39854-5-1-3.wav,a motorcycle engine is idling and revving up,0.0007981585
39854-5-1-4.wav,a motorcycle engine is idling and then it gets revved up,0.0008945931
39856-5-0-0.wav,a motorcycle engine is idling and then it gets revved up,0.0008945931
39856-5-0-1.wav,a motorcycle engine is idling and revving up,0.0007981585
39856-5-0-10.wav,a motorcycle engine is idling and then it gets revved up,0.0008945931
39856-5-0-11.wav,a motorcycle engine is idling and then it gets louder,0.99818546
39856-5-0-12.wav,a motorcycle engine is idling and then it gets revved up,0.0008945931
39856-5-0-13.wav,a motorcycle engine is idling and then it gets revved up,0.0008945931
39856-5-0-14.wav,a motorcycle engine is idling and then it gets revved up,0.0008945931
39856-5-0-15.wav,a motorcycle engine is idling and then it gets revved up,0.0008945931
39856-5-0-16.wav,a motorcycle engine is idling and then it gets revved up,0.0008945931
39856-5-0-17.wav,a motorcycle engine is idling and then it gets revved up,0.0008945931
39856-5-0-18.wav,a motorcycle engine is idling and then it gets revved up,0.0008945931
39856-5-0-19.wav,a motorcycle engine is idling and then it gets revved up,0.0008945931
39856-5-0-2.wav,a motorcycle engine is idling in the background,0.0013270861
39856-5-0-20.wav,a motorcycle engine is idling and revving up,0.0007981585
39856-5-0-21.wav,a motorcycle engine is idling and revving up,0.0007981585
39856-5-0-22.wav,a motorcycle engine is idling in the background,0.0013270861
39856-5-0-23.wav,a motorcycle engine is idling in the background,0.0013270861
39856-5-0-24.wav,a motorcycle engine is idling and revving up,0.0007981585
39856-5-0-25.wav,a motorcycle engine is idling in the background,0.0013270861
39856-5-0-26.wav,a motorcycle engine is idling and then it gets revved up,0.0008945931
39856-5-0-27.wav,a motorcycle engine is idling and then it gets revved up,0.0008945931
39856-5-0-28.wav,a motorcycle engine is idling in the background,0.0013270861
39856-5-0-3.wav,a motorcycle engine is idling and then it gets revved up,0.0008945931
39856-5-0-4.wav,a motorcycle engine is idling and then it gets revved up,0.0008945931
39856-5-0-5.wav,a motorcycle engine is idling and then it gets revved up,0.0008945931
39856-5-0-6.wav,a motorcycle engine is idling and then it gets revved up,0.0008945931
39856-5-0-7.wav,a motorcycle engine is idling and then it gets revved up,0.0008945931
39856-5-0-8.wav,a motorcycle engine is idling and revving up,0.0007981585
39856-5-0-9.wav,a motorcycle engine is idling and revving up,0.0007981585
39857-5-0-0.wav,a motorcycle engine is idling and then it gets revved up,0.0008945931
39857-5-0-1.wav,a motorcycle engine is idling and then it gets revved up,0.0008945931
39857-5-0-2.wav,an engine is idling and then it gets revved up and then slows down,0.0010371726
39857-5-1-0.wav,a machine is running at a constant speed,0.0008257412
39857-5-1-1.wav,an engine is running and a motorcycle is revving,0.0008120463
39857-5-1-2.wav,a motorcycle engine is idling and revving up,0.0007981585
39857-5-1-3.wav,a motorcycle engine is idling and then revved up,0.00087031897
39857-5-2-0.wav,a motorcycle engine is idling and then it gets revved up,0.0008945931
39857-5-3-0.wav,a motorcycle engine is idling and then it gets revved up,0.0008945931
39857-5-4-0.wav,a motorcycle engine is idling and revving up,0.0007981585
39857-5-5-0.wav,a motorcycle engine is idling and then it gets revved up,0.0008945931
39857-5-5-1.wav,a motorcycle engine is idling and revving up,0.0007981585
39884-5-0-0.wav,a motor is running and a car engine is idling,0.00081807474
39884-5-0-1.wav,a motor is running at a constant rate and then it starts to idle,0.0008606418
39884-5-0-2.wav,a car engine is idling and then it starts to idle,0.0008104391
39884-5-0-3.wav,a motor is running and a motorcycle engine is revving,0.00079750404
39884-5-0-4.wav,a motor is running and a car is driving by,0.0008739704
39884-5-0-5.wav,a motor is running and a car engine is idling,0.00081807474
39884-5-0-6.wav,a car engine is started and drives away,0.00082627096
39884-5-0-7.wav,a motor is running and a car is driving,0.0008239987
39967-9-0-0.wav,people are talking in the background while a woman is speaking,0.004878998
39967-9-0-100.wav,a drum is being played with drums and people talking in the background,0.98916256
39967-9-0-44.wav,a drum is being played with drums and people talking in the background,0.98916256
39967-9-0-56.wav,a drum beat is being played with drums and people in the background,0.9430483
39967-9-0-78.wav,a drum is being played in a rhythmic rhythm,0.0019029767
39967-9-0-99.wav,a drum beat is being played with drums,0.0036266134
39968-9-0-144.wav,a drum beat is being played with drums and cymbals,0.018630404
39968-9-0-173.wav,a marching band is playing a drum while drums are being played,0.001883954
39968-9-0-181.wav,a drum beat is being played with drums and cymbals,0.018630404
39968-9-0-227.wav,a drum beat is being played with drums and people talking in the background,0.99265254
39968-9-0-69.wav,someone is writing on a piece of paper with a marker,0.0010379852
39968-9-0-81.wav,a person is walking on a hard surface at a steady pace,0.0011708156
39970-9-0-108.wav,a drum is being played with drums and people talking in the background,0.98916256
39970-9-0-142.wav,a drum is being played while people are talking,0.0065115485
39970-9-0-41.wav,a marching band is playing a drum while people are talking in the background,0.12764908
39970-9-0-46.wav,a marching band is playing with drums and people are talking,0.0016864914
39970-9-0-54.wav,a marching band is playing with drums and people are cheering,0.0020028357
39970-9-0-98.wav,a marching band is playing a song with drums and cymbals,0.010658281
40717-8-0-0.wav,birds are chirping in the background and a siren is blaring,0.99809676
40717-8-0-1.wav,birds are chirping in the background while a car passes by,0.0021036833
40717-8-0-2.wav,birds chirp in the background as a car passes by,0.0026447475
40717-8-0-3.wav,birds are chirping in the background while an owl is hooting,0.0012836515
40717-8-0-4.wav,birds are chirping in the background while a bird is singing,0.9979048
40717-8-0-5.wav,a bird is chirping in the background while an owl is hooting in the distance,0.0012668588
40717-8-0-6.wav,birds are chirping in the background as a car passes by,0.0015825822
40722-8-0-0.wav,a police siren is blaring as a man is speaking,0.9981958
40722-8-0-1.wav,a police siren is blaring while people are talking,0.9982205
40722-8-0-2.wav,a police siren is blaring with a man speaking,0.99811953
40722-8-0-3.wav,a police siren is on with a man speaking,0.99800795
40722-8-0-4.wav,a police siren is on with a man speaking,0.99800795
40722-8-0-5.wav,a police siren is blaring while a man is speaking,0.99820924
40722-8-0-6.wav,a police siren is on a vehicle with a man speaking,0.9977342
40722-8-0-7.wav,a police siren is on with a man speaking,0.99800795
40722-8-0-8.wav,people are talking while a siren is blaring,0.99819857
41306-3-0-10.wav,a dog barking and dogs bark in the distance,0.9968119
41306-3-0-13.wav,a dog is barking and a person is walking on a hard surface,0.98969114
41306-3-0-4.wav,a dog barks and a dogs bark in the distance,0.0014788032
41364-9-0-11.wav,music is playing in the background while a person is singing,0.96513134
41364-9-0-18.wav,music is playing in the background while a person is singing,0.96513134
41364-9-0-22.wav,music is playing in the background while a person is singing,0.96513134
41364-9-0-23.wav,a person is playing music in the background while a musical instrument is being played,0.081044585
41364-9-0-24.wav,people are clapping and cheering while music plays in the background,0.014970631
41364-9-0-27.wav,a crowd of people are clapping and cheering,0.0015424724
41372-3-0-25.wav,a dog is barking and birds are chirping in the background,0.9807843
41372-3-0-36.wav,dogs are barking and birds are chirping in the background,0.0023972597
41372-3-0-39.wav,dogs are barking and birds are chirping in the background,0.0023972597
41372-3-0-51.wav,a dog is barking and birds are chirping in the background,0.9807843
41918-3-0-0.wav,a dog is barking repeatedly at a constant rate,0.9980136
41918-3-0-1.wav,a dog is barking repeatedly and sporadically,0.9979583
4201-3-0-0.wav,a large amount of birds are chirping and singing,0.015833132
4201-3-1-0.wav,birds are chirping and a bird is singing,0.98798954
4201-3-2-0.wav,birds are chirping and a bird is tweeting,0.0010414697
4201-3-3-0.wav,a dog is barking and birds are chirping in the background,0.9807843
42097-7-0-0.wav,a jackhammer pounds against another hard object in the background,0.99805164
42097-7-0-1.wav,a jackhammer pounds against a hard surface at a constant speed,0.9913545
42097-7-0-2.wav,a jackhammer pounds against a hard surface at a steady pace,0.804022
42117-8-0-0.wav,a siren is blaring and cars are passing by,0.9981481
42117-8-0-1.wav,a siren is blaring while a police car is driving by,0.9981857
42117-8-0-10.wav,a police siren is blaring and a vehicle is passing by,0.99814403
42117-8-0-11.wav,a police siren is blaring with sirens and emergency vehicles,0.9980958
42117-8-0-12.wav,a police siren is blaring with sirens and emergency vehicles,0.9980958
42117-8-0-13.wav,a siren is blaring and a police car is passing by,0.9981207
42117-8-0-14.wav,a police car with a siren is going on and on,0.99816304
42117-8-0-2.wav,a police siren is blaring with sirens and traffic noise in the background,0.9981974
42117-8-0-3.wav,a police car with a siren is going on and on,0.99816304
42117-8-0-4.wav,a police car with a siren is going on and on,0.99816304
42117-8-0-5.wav,a police car with a siren is blaring and traffic is passing by,0.9981799
42117-8-0-6.wav,a police siren is blaring with traffic noise in the background,0.99816626
42117-8-0-7.wav,a police siren is blaring with traffic noise in the background,0.99816626
42117-8-0-8.wav,a police siren is blaring and a vehicle is passing by,0.99814403
42117-8-0-9.wav,a police siren is blaring and a vehicle is passing by,0.99814403
42117-8-1-0.wav,a vehicle is driving on a busy road with a siren on,0.81405336
42324-4-0-0.wav,a drill is being used to turn on and off,0.0011010173
42324-4-1-0.wav,a person is using a shovel to clean out of a piece of paper,0.0010144197
42324-4-2-0.wav,a person is using a hose to clean something,0.0009659943
42324-4-2-1.wav,a person is using a tool to clean something,0.0011316
42324-4-2-2.wav,a person is using a saw to cut wood,0.99786633
42324-4-2-3.wav,a person is using a chainsaw to cut wood,0.9976526
42324-4-2-4.wav,a fishing reel is being used to cut a piece of wood,0.001616053
42371-3-0-0.wav,a dog is barking and dogs are howling in the background,0.9981268
42937-4-0-0.wav,a power tool is being used to cut wood,0.0011255988
42937-4-0-1.wav,a chainsaw is cutting through a piece of wood,0.99795234
42937-4-0-2.wav,a drill is being used to cut wood,0.0013818587
42953-9-0-16.wav,a violin is playing a song in the background,0.99153394
42953-9-0-21.wav,a violin is playing a pleasant song on the accordion,0.0036503526
42953-9-0-28.wav,a violin is playing a song in the background,0.99153394
42953-9-0-37.wav,a violin is playing a note on a musical instrument,0.003041581
42953-9-0-49.wav,a violin is playing a song on the accordion,0.009620177
42953-9-0-50.wav,a violin is playing a song on the accordion,0.009620177
42954-9-0-12.wav,a violin is playing a song in the background,0.99153394
42954-9-0-18.wav,a violin is playing a stringed instrument in the background,0.10115914
42954-9-0-2.wav,a violin is playing a stringed instrument in the background,0.10115944
42954-9-0-20.wav,a violin is playing a stringed instrument in the background,0.10115944
42954-9-0-22.wav,a violin is playing a pleasant song on the accordion,0.0036503582
42954-9-0-5.wav,a violin is playing a stringed instrument in the background,0.10115944
42955-9-0-12.wav,a violin is playing a stringed instrument in the background,0.10115944
42955-9-0-14.wav,a violin is playing a stringed instrument in the background,0.10115944
42955-9-0-18.wav,a violin is playing a stringed instrument in the background,0.10115944
42955-9-0-19.wav,a violin is playing a song in the background,0.99153394
42955-9-0-22.wav,a violin is playing a stringed instrument in the background,0.10115944
43784-3-1-0.wav,a dog is barking and growling at a steady pace,0.99778074
43786-3-0-0.wav,a dog barks at a barking dogs bark at the distance,0.7224304
43786-3-1-0.wav,a dog is barking at a steady pace,0.99744654
43787-3-0-0.wav,a dog is barking loudly and growling at a large howl,0.9979113
43787-3-1-0.wav,a dog growling and barking dogs bark and howl loudly,0.99807334
43787-3-2-0.wav,a dog is barking loudly at a consistent rate,0.9981014
43787-3-3-0.wav,a dog barking dogs bark at a medium barks,0.02169657
43802-1-2-0.wav,a musical instrument is being played with a high pitch,0.0010270331
43805-8-0-0.wav,a police siren is blaring and a vehicle is driving by,0.99814916
43805-8-1-0.wav,a siren is blaring and a police car horn is sounding,0.99812776
43805-8-2-0.wav,a siren is blaring and a police sirens are sounding,0.99818426
43805-8-3-0.wav,a siren is blaring and a police car alarm is sounding,0.9980679
43805-8-4-0.wav,a siren is blaring with a police sirens emergency alarm,0.99817085
44110-3-0-0.wav,dogs are barking and a dog barks in the background,0.99737406
44110-3-1-0.wav,a dog barking dogs bark at the distance,0.99717605
44110-3-3-0.wav,dogs are barking and birds are chirping in the background,0.0023972553
44110-3-4-0.wav,dogs are barking and a dog is howling in the distance,0.9107823
44278-1-0-0.wav,a musical instrument is playing a flute,0.0010671974
44278-1-1-0.wav,a musical instrument is playing a note in the background,0.906889
44325-9-0-18.wav,a person is playing a musical instrument in the background,0.08164828
44325-9-0-21.wav,music is playing in the background while a musical instrument is being played,0.23893757
44325-9-0-35.wav,a musical instrument is playing a song in a large open space,0.026742816
44325-9-0-67.wav,a violin is playing a song in the background,0.99153394
44325-9-0-72.wav,music is playing in the background while a musical instrument is being played,0.23893757
44325-9-0-78.wav,music is playing in the background while a musical instrument is being played,0.23893757
44735-5-0-0.wav,a fan is blowing and a vehicle is driving in the distance,0.0010960398
44735-5-0-1.wav,a fan is running and a vehicle is driving in the background,0.0026669279
44736-5-0-0.wav,a machine is running at a constant speed and volume,0.0008165623
44736-5-0-1.wav,a machine is running at a constant speed and volume,0.0008165623
44737-5-0-0.wav,a machine is running at a constant speed and a motor is operating,0.0008240701
44737-5-0-1.wav,a machine is running at a constant speed,0.0008257412
44737-5-0-2.wav,a machine is running at a constant speed,0.0008257412
44737-5-0-3.wav,a machine is running at a constant speed,0.0008257412
44831-3-0-0.wav,dogs are barking and birds are chirping in the background,0.0023972553
44831-3-1-0.wav,a dog barking and dogs bark in the background,0.99812275
44831-3-2-0.wav,a dog barking and birds chirping in the background,0.997821
45256-1-0-0.wav,a car horn honks and horns honking at a high frequency,0.9980946
46299-2-0-0.wav,birds are chirping and children are playing in the distance,0.0010794753
46299-2-0-16.wav,a crowd of people are talking and yelling,0.90516263
46299-2-0-21.wav,a crowd of people are talking and children are playing in the background,0.0043585836
46299-2-0-22.wav,children are playing and adults are talking in the background,0.0064692087
46299-2-0-36.wav,a crowd of people are talking and yelling,0.90516263
46299-2-0-48.wav,a crowd of people are talking and walking in a busy area,0.0019415488
46299-2-0-8.wav,a crowd of people are talking and a whistle is blowing,0.087655485
46299-2-0-9.wav,a crowd of people are talking while a whistle is blowing,0.5276193
46391-1-0-0.wav,a car horn honks and horns honk in the background,0.99818367
46391-1-1-0.wav,a car horn honks while traffic horns honk in the background,0.9982127
46654-6-0-0.wav,a gun is fired in a dozen gunshots firing shots,0.99796164
46655-6-0-0.wav,a gun is being fired in a dozen seconds,0.99718934
46656-6-1-0.wav,a gun is being fired in the distance,0.9980617
46656-6-2-0.wav,a gun is being fired in the distance,0.9980617
46656-6-3-0.wav,a gun is being fired in the distance,0.9980617
46656-6-4-0.wav,a gun is fired in the distance and a person is firing shots,0.9980921
46656-6-5-0.wav,a gun is fired in the distance and a person is firing a match,0.99808323
46668-4-0-0.wav,a drill is being used to cut up and down,0.0011571347
46668-4-0-1.wav,a jet engine is turned on and is running,0.0008150394
46668-4-0-2.wav,a jet engine is turned on and then the vacuum is switched on,0.00092392415
46669-4-0-0.wav,a drill is being used to cut up and down,0.0011571336
46669-4-0-10.wav,a machine is making a high pitched noise,0.0010502858
46669-4-0-2.wav,air is escaping from a high pressure washer while a machine is running in the,0.000806733
46669-4-0-24.wav,a jet engine is running and ready to take off,0.0009804599
46669-4-0-26.wav,a machine is running at a high speed and volume,0.00083154085
46669-4-0-3.wav,a machine is making a high pitched noise,0.0010502858
46669-4-0-30.wav,a jet engine is running and whistling loudly,0.7290451
46669-4-0-31.wav,a tea kettle is whistling shrilly as the wind blows,0.0012654194
46669-4-0-32.wav,a tea kettle is whistling shrilly as the wind blows,0.0012654194
46669-4-0-33.wav,a tea kettle is whistling shrilly as the wind blows,0.0012654194
46669-4-0-35.wav,a machine is making a high pitched noise,0.0010502858
46669-4-0-36.wav,a tea kettle is whistling shrilly as it is ready to make a high pitched,0.019626798
46669-4-0-37.wav,a tea kettle is whistling shrilly as the wind blows,0.0012654194
46669-4-0-39.wav,a tea kettle is whistling shrilly as it is ready to whistle,0.0021970763
46669-4-0-4.wav,a machine is making a high pitched noise,0.0010502858
46669-4-0-45.wav,a tea kettle is whistling shrilly as it is boiling,0.0013229694
46669-4-0-48.wav,a tea kettle is whistling shrilly as it is ready to make a high pitched,0.019626798
46669-4-0-49.wav,a tea kettle is whistling shrilly as it is ready to whistle,0.0021970763
46669-4-0-54.wav,a tea kettle is whistling shrilly as it is boiling,0.0013229694
46669-4-0-61.wav,a tea kettle is whistling loudly and then it is turned off,0.9554234
46669-4-0-63.wav,a drill is being turned on and off,0.0012784572
46669-4-0-8.wav,a machine is running at a high speed and volume,0.00083154085
46669-4-0-9.wav,a machine is running at a high speed and volume,0.00083154085
46918-5-0-0.wav,a car alarm beeps then the beep is followed by a beeping sound,0.9980762
46918-5-0-1.wav,a beeping alarm beeps and then the beep repeats in the background,0.99813855
46918-5-0-2.wav,a beeping sound is followed by a beep and beeps,0.9981609
47019-2-0-42.wav,a group of kids are playing and shouting,0.008039578
47019-2-0-44.wav,children and adults are talking and playing in a playground,0.0015661945
47019-2-0-55.wav,children and adults are laughing and talking in a playground,0.002045033
47019-2-0-65.wav,a group of children are shouting and yelling,0.99681866
47019-2-0-66.wav,a group of children are shouting and yelling,0.99681866
47019-2-0-69.wav,children are shouting and screaming in a playground,0.9959025
47019-2-0-73.wav,a group of children are shouting and yelling,0.99681866
47160-0-0-0.wav,a machine is running and then it stops and then starts again,0.00083438517
47160-0-0-1.wav,a car is driving on the road and the wind is blowing,0.00086618826
47160-0-0-2.wav,a machine is running at a constant speed and volume,0.00081656186
47160-0-0-3.wav,a machine is running at a constant speed and volume,0.00081656186
47160-0-0-4.wav,a machine is running at a constant speed and volume,0.00081656186
47926-3-0-0.wav,a dog is barking loudly and at a steady pace,0.99811625
47926-3-1-0.wav,a person is grunting and screaming and moaning,0.9974717
47926-3-2-0.wav,a dog is growling and grunting and roaring,0.96275294
47926-3-3-0.wav,a dog is barking and growling at a large animal,0.9979905
4910-3-0-0.wav,a dog barking dogs bark at a medium barks,0.021696243
4912-3-0-0.wav,a dog barking and dogs bark at the distance,0.9964946
4912-3-1-0.wav,a dog barking and dogs bark at a growling,0.9980166
4912-3-2-0.wav,a dog barking and dogs bark at a growling,0.9980166
4912-3-3-0.wav,a dog barking and dogs bark at the distance,0.9964946
4918-3-0-0.wav,a dog barking and dogs bark at the same time,0.9981579
4918-3-1-0.wav,a dog barking and dogs bark at a medium pitch,0.9967457
4918-3-3-0.wav,a dog barking dogs bark at a growling barks and yipping,0.9979698
4918-3-4-0.wav,a dog barking and dogs bark in the background,0.99812275
49312-2-0-1.wav,children are playing in a playground and talking in a large hall,0.003090152
49312-2-0-10.wav,children are playing and adults are talking in the background,0.0064692153
49312-2-0-16.wav,children are playing and adults are talking in a gym,0.0014549535
49312-2-0-17.wav,children are playing and adults are talking in the background,0.0064692153
49312-2-0-2.wav,children are playing in a park and adults are talking in the background,0.005584624
49312-2-0-5.wav,children are playing and adults are talking in the background,0.0064692153
49312-2-0-7.wav,children are playing and adults are talking in the background,0.0064692153
49313-2-0-1.wav,people are talking in the background and a child is walking and children are playing,0.0033899492
49313-2-0-10.wav,children are playing in a park and adults are talking in the background,0.005584624
49313-2-0-13.wav,a large group of people are talking in the background,0.0024962006
49313-2-0-20.wav,children are playing in a park and a child is shouting,0.0106818285
49313-2-0-30.wav,children are playing and talking in the background,0.009487586
49313-2-0-4.wav,children are playing in a park and adults are talking in the background,0.005584624
49313-2-0-9.wav,children are playing in a park and adults are talking,0.0025380356
49485-9-0-138.wav,church bells are ringing in the background while a musical instrument is playing,0.0037501655
49485-9-0-142.wav,a person is playing a musical instrument while birds are chirping in the background,0.23816743
49485-9-0-154.wav,church bells are ringing in the background while a wind is blowing,0.0026034578
49485-9-0-24.wav,church bells are ringing in the background as a bell is chiming,0.0012208488
49485-9-0-28.wav,church bells are ringing in the background while a clock chimes are chiming,0.0012361977
49485-9-0-91.wav,church bells are ringing in the background as a train passes by,0.00166996
49769-5-0-0.wav,an engine is running and a truck is reversing in the background,0.0011031284
49769-5-1-0.wav,a machine is running at a constant speed,0.0008257412
49808-3-0-6.wav,a dog is barking and birds are chirping in the background,0.9807843
49808-3-1-22.wav,a dog is barking and birds are chirping in the background,0.9807843
49808-3-1-8.wav,a dog is barking and birds are chirping in the background,0.9807843
49809-3-0-0.wav,a dog barking dogs bark in the distance and a small animal barks,0.059378058
49809-3-3-0.wav,a dog barking and dogs bark in the background,0.99812275
49809-3-4-0.wav,a dog barking and dogs bark in the background,0.99812275
49974-1-0-0.wav,a car horn is honking and a whistle is blowing,0.9982146
50223-3-0-1.wav,a dog is barking and a man is yelling in the background,0.99818194
50223-3-0-10.wav,a dog is barking and a car passes by,0.9977397
50223-3-0-3.wav,a dog is barking and a woman is talking in the background,0.99819916
50223-3-0-6.wav,a dog is barking and a woman is talking in the background,0.99819916
50413-4-0-0.wav,someone is using a saw to cut up a piece of wood,0.9979317
50413-4-0-1.wav,a machine is running at a constant speed and high pressure,0.0008195829
50413-4-0-2.wav,a drill is being used to cut up a piece of wood,0.011540072
50413-4-0-3.wav,a drill is being used to cut up and down,0.0011571336
50414-4-0-0.wav,a drill is being turned on and off,0.0012784572
50414-4-0-1.wav,a machine is running at a constant speed and then it is turned off,0.00079954905
50415-4-0-0.wav,a machine is running and grinding against another piece of metal,0.0009153879
50415-4-0-1.wav,a machine is running and then it is turned off,0.00080377335
50416-4-0-0.wav,a drill is being used to cut up a piece of wood,0.011540072
50416-4-0-1.wav,someone is using a tool to cut up a piece of wood,0.63126254
50416-4-0-2.wav,a power tool is being used to cut up and down,0.0009181985
50454-5-0-0.wav,a machine is running at a constant speed,0.0008257412
50455-5-0-0.wav,an engine is idling and a vehicle is driving,0.0008350656
50612-3-0-0.wav,a dog barking and growling at a medium pitch,0.99795914
50613-3-0-0.wav,a dog barking dogs bark at a medium pitch,0.9974833
50614-3-0-0.wav,a dog is barking and growling at the same time,0.9981458
50618-6-0-0.wav,a gun is fired in the distance with a slight echo in the background,0.99804235
50629-4-0-0.wav,a machine is running at a constant speed and volume,0.00081656186
50629-4-0-1.wav,a machine is running at a constant speed and then stops,0.00080265966
50629-4-1-0.wav,a machine is running and making a loud noise,0.00093244726
50629-4-1-1.wav,a machine is running and making a loud noise,0.00093244726
50629-4-1-11.wav,a machine is running and making a loud noise,0.00093244726
50629-4-1-13.wav,a machine is running and making a loud noise,0.00093244726
50629-4-1-2.wav,a machine is running and making a loud noise,0.00093244726
50629-4-1-3.wav,a machine is running and making a loud noise,0.00093244726
50629-4-1-4.wav,a machine is making a loud noise as it is being used,0.0012637965
50629-4-1-8.wav,a machine is running at a constant speed,0.0008257412
50629-4-1-9.wav,a machine is running and making a loud noise,0.00093244726
50629-4-2-0.wav,a metal object is being dragged across a hard surface,0.0010019161
50629-4-3-0.wav,a metal object is being dragged across a hard surface,0.0010019161
50629-4-4-0.wav,a motor is running and vibrating at a constant speed,0.0008466044
50629-4-4-3.wav,a machine is running at a constant speed and volume,0.00081656186
50629-4-4-8.wav,a machine is running at a constant speed,0.0008257412
50629-4-4-9.wav,a machine is running at a constant speed,0.0008257412
50661-5-0-0.wav,an engine is idling and then it idles and then starts to idle,0.000827958
50661-5-0-1.wav,an engine is idling and a vehicle is moving,0.0008404564
50661-5-0-2.wav,an engine is idling and a vehicle is running,0.0008041573
50661-5-0-3.wav,an engine is idling and a vehicle is moving,0.0008404564
50661-5-0-4.wav,an engine is idling and a vehicle is moving,0.0008404564
50661-5-0-5.wav,an engine is idling and a truck is moving,0.0007915961
50668-5-0-0.wav,a machine is running and then it stops and starts up,0.0008092677
50668-5-0-1.wav,a machine is running at a constant speed and then it is turned off,0.00079954905
50668-5-0-2.wav,a machine is running at a constant speed and then it stops,0.00080635404
50668-5-1-0.wav,a chainsaw is cutting through a piece of wood,0.99795234
50668-5-2-0.wav,a machine is running and then it stops and starts to run,0.0008405685
50668-5-3-0.wav,a machine is running at a constant speed and then stops,0.00080265966
50668-5-4-0.wav,a machine is running at a constant speed and then it stops,0.00080635404
50668-5-5-0.wav,a machine is running at a constant speed and then it stops,0.00080635404
50668-5-5-1.wav,a machine is running at a constant speed and then stops,0.00080265966
50668-5-5-2.wav,a machine is running and then stops and then starts again,0.00083619595
50668-5-6-0.wav,a machine is running and then it stops,0.000818024
50668-5-7-0.wav,a machine is running and then it stops,0.000818024
50885-3-0-2.wav,a dog is barking and dogs are growling,0.99720263
50885-3-0-3.wav,a dog is barking and dogs are growling,0.99720263
50885-3-0-4.wav,a dog barks and dogs bark in the distance,0.0013343799
50885-3-0-5.wav,a dog is barking and dogs are howling in the background,0.9981268
50898-5-0-0.wav,a machine is running at a constant rate and then it is raining,0.0007865259
50901-0-0-0.wav,cars are driving by on a highway and a car is passing by,0.0012646387
50901-0-1-0.wav,a fan is turned on and is switched on and off,0.0012427369
50901-0-1-1.wav,a fan is turned on and off in the distance,0.0010583834
51022-3-13-0.wav,crickets are chirping and insects are making noise in the background,0.0010596244
51022-3-29-0.wav,a dog barking dogs bark and a cat is howling,0.998024
51022-3-30-4.wav,crickets chirping and insects making noise in the background,0.001617198
51022-3-7-0.wav,a bird is chirping and crickets are singing,0.0009995117
51024-3-0-16.wav,a sheep bleats as a cow bells chime wind chimes and a goat bleating,0.0011893151
51024-3-0-2.wav,a dog is barking and birds are chirping in the background,0.9807843
51024-3-0-23.wav,a dog is barking and birds are chirping in the background,0.9807843
51024-3-0-3.wav,a man is speaking while a dog is barking in the background,0.99813664
51027-3-0-7.wav,birds are chirping and dogs are barking in the background,0.002823688
51027-3-0-9.wav,birds are chirping and a dog is barking in the background,0.9394241
51027-3-1-1.wav,birds are chirping and dogs are barking in the background,0.002823688
51027-3-1-4.wav,birds are chirping and dogs are barking in the distance,0.000997255
518-4-0-0.wav,someone is using a saw to cut a piece of wood,0.9979559
518-4-0-1.wav,a machine is running at a constant speed and then it is turned off,0.00079954905
518-4-0-2.wav,a machine is running at a constant speed,0.0008257412
518-4-0-3.wav,a machine is running at a constant speed and then stops,0.00080265966
52077-3-0-13.wav,a dog is barking loudly at a consistent rate,0.9981014
52077-3-0-17.wav,a dog is barking loudly and sporadically in the background,0.9981457
52077-3-0-3.wav,a dog is barking loudly at a steady pace,0.99814415
52077-3-0-8.wav,a dog is barking loudly at a consistent rate,0.9981014
52102-1-0-0.wav,a police siren emergency sirens ambulance with a car horn blaring,0.99815685
52171-3-2-0.wav,crickets are chirping in the night and the wind is blowing,0.0010464945
52171-3-3-0.wav,the wind is blowing and crickets are chirping in the background,0.001118523
52171-3-6-0.wav,crickets chirp in the background as a car drives by,0.00154764
52171-3-6-1.wav,crickets are chirping and a dog is barking,0.0010534764
52284-6-0-0.wav,a gun shot gunshots in a dozen shots fireworks shooting guns,0.99807656
52411-9-0-4.wav,a crowd of people are talking while music is playing,0.0065152273
52411-9-0-52.wav,people are talking in the background while a person is walking,0.027537612
52411-9-0-6.wav,a crowd of people are talking while music is playing in the background,0.81249815
52411-9-0-64.wav,people are talking in the background as music plays in the distance,0.0029487931
52411-9-0-66.wav,people are talking in the background as music plays in the distance,0.0029487931
52411-9-0-79.wav,people are talking in the background as music plays in the distance,0.0029487931
52441-3-0-0.wav,a dog is barking and a person is laughing in the background,0.99825877
52441-3-0-13.wav,a dog is barking and a woman is talking in the background,0.99819916
52441-3-0-8.wav,a dog is barking and a person is laughing in the background,0.99825877
52441-3-1-2.wav,dogs are barking and birds are chirping in the background,0.0023972597
52633-3-0-1.wav,a dog is barking and growling at a steady pace,0.99778074
52633-3-0-2.wav,a dog is barking loudly at a steady pace,0.99814415
52633-3-0-8.wav,a dog is barking loudly and sporadically,0.9981115
52633-3-0-9.wav,a dog is barking and growling at another animal,0.9980229
52740-3-0-0.wav,birds are chirping in the background while a bird is singing,0.9979048
52740-3-0-1.wav,birds are chirping and an owl is hooting in the background,0.0011458539
52740-3-0-2.wav,a bird is chirping and an owl is hooting in the background,0.001124796
52740-3-0-3.wav,birds are chirping and a dog is barking in the background,0.93942416
52882-2-0-0.wav,birds are chirping and children are playing in the playground,0.0011505475
52882-2-0-11.wav,birds are chirping and children are talking in the distance,0.0010867893
52882-2-0-3.wav,birds are chirping and children are playing in the playground,0.0011505475
52882-2-0-4.wav,birds are chirping and children are playing in the distance,0.0010794757
52882-2-0-6.wav,children are playing in a park and adults are talking in the background,0.0055846213
52882-2-0-7.wav,birds are chirping and children are playing in the playground,0.0011505475
52882-2-0-8.wav,birds are chirping and singing in the distance,0.001714986
54067-2-0-23.wav,children are playing basketball in a gym,0.0017587668
54067-2-0-33.wav,people are clapping and talking in the background,0.002460452
54067-2-0-48.wav,a door is opened and closed while a person is walking in the background,0.0017812364
54067-2-0-60.wav,children are playing and talking in a gym,0.0015000177
54067-2-0-70.wav,a child is speaking and a baby is crying in the background,0.9981996
54067-2-0-71.wav,a child is crying and children are talking in the background,0.9980261
54067-2-0-80.wav,children are clapping and talking in the background,0.004139677
54081-9-0-24.wav,a chorus sings in the background as a person is singing a chant,0.9957279
54081-9-0-47.wav,a woman sings softly while a soft wind blows in the background,0.9941935
54081-9-0-56.wav,a chorus sings in the background as a choir performs a song,0.91659606
54081-9-0-87.wav,a chorus sings in the distance as a soft wind blows in the background,0.99568874
54081-9-0-93.wav,a chorus sings in the distance as a soft wind blows in the background,0.99568874
54173-2-0-18.wav,children are playing and adults are talking in the background,0.0064691966
54173-2-0-2.wav,children and adults are talking in the background,0.0044799554
54173-2-0-21.wav,birds are chirping and flapping their wings while a machine is running in the background,0.000946938
54173-2-0-26.wav,children and adults are talking and playing video games,0.0025738592
54173-2-0-28.wav,children are playing and screaming while adults are talking and laughing,0.9978301
54173-2-0-4.wav,birds are chirping and people are talking in the background,0.001106799
54173-2-0-5.wav,birds are chirping and people are talking in the background,0.001106799
54173-2-0-9.wav,children are screaming and playing in a playground,0.70718473
54187-1-0-0.wav,a car horn is honking at a constant rate,0.99805605
54187-1-0-1.wav,a car horn is honking at a constant rate,0.99805605
54187-1-0-2.wav,a car horn is honking at a constant rate,0.99805605
54187-1-0-3.wav,a car horn is honking at a constant rate,0.99805605
54187-1-0-4.wav,a car horn is honking at a constant rate,0.99805605
54383-0-0-0.wav,the wind is blowing and the rain is hitting the ground,0.0009087763
54383-0-0-1.wav,a machine is running at a constant speed and steady,0.0008312711
54383-0-0-10.wav,a machine is running at a constant speed and steady,0.0008312715
54383-0-0-11.wav,a machine is running at a constant speed,0.0008257412
54383-0-0-2.wav,a machine is running at a constant speed and steady,0.0008312715
54383-0-0-3.wav,a machine is running at a constant speed and volume,0.00081656186
54383-0-0-4.wav,a machine is running at a constant speed and volume,0.00081656186
54383-0-0-5.wav,a machine is running at a constant speed and air is moving in the background,0.0009546744
54383-0-0-6.wav,a machine is running at a constant speed and air is moving in the background,0.0009546744
54383-0-0-7.wav,a machine is running at a constant rate in the background,0.0010056816
54383-0-0-8.wav,a machine is running at a constant speed and volume,0.00081656186
54383-0-0-9.wav,a machine is running at a constant speed and volume,0.00081656186
54545-3-0-0.wav,a dog is barking and birds are chirping in the background,0.9807843
54545-3-0-1.wav,a dog is barking and birds are chirping in the background,0.9807843
54545-3-0-2.wav,a dog is barking and birds are chirping in the background,0.9807843
54697-7-0-0.wav,a jackhammer is running at a constant speed while a motor is in the background,0.997626
54697-7-0-1.wav,a machine is running at a constant speed and then it stops,0.00080635404
54697-7-0-2.wav,a machine is running at a constant speed and then stops,0.00080265966
54697-7-0-3.wav,a machine is running at a constant speed and then stops,0.00080265966
54697-7-0-4.wav,a jackhammer is running and then stops and then starts again,0.9978756
54823-3-0-0.wav,a dog is barking loudly and sporadically in the distance,0.99816763
54823-3-1-0.wav,a dog is barking loudly and sporadically in the distance,0.99816763
54823-3-2-1.wav,a dog is barking in a large room,0.9981667
54858-3-0-0.wav,a dog is barking and keys are jingling and a key chain is being set,0.9965695
54858-3-1-2.wav,a dog is barking and a door is being opened and closed,0.48970276
54858-3-2-0.wav,a dog is barking and growling at a consistent pace,0.99614006
54898-8-0-0.wav,a car is driving by on a road with traffic in the background,0.001705781
54898-8-0-1.wav,a car is driving by on a busy street,0.0013309333
54898-8-0-10.wav,a siren is blaring and a vehicle is passing by,0.9981602
54898-8-0-2.wav,a truck is driving on a busy road with traffic in the background,0.0009887513
54898-8-0-3.wav,a truck is driving on a busy road with traffic,0.00083737564
54898-8-0-4.wav,a police car with a siren is going off,0.9980122
54898-8-0-5.wav,a vehicle is driving by and a siren is blaring,0.9981353
54898-8-0-6.wav,a truck is driving on a busy road with a siren,0.0033187224
54898-8-0-7.wav,a police siren is blaring and a vehicle is passing by,0.99814403
54898-8-0-8.wav,a police siren is blaring and a vehicle is passing by,0.99814403
54898-8-0-9.wav,a police siren is blaring and a vehicle is passing by,0.99814403
54914-2-0-23.wav,birds are chirping in the background as a car drives by,0.0018178506
54914-2-0-26.wav,a plane is flying overhead while birds are chirping,0.0009070773
54914-2-0-27.wav,a machine is running while a fan is blowing in the background,0.0031180233
54914-2-0-3.wav,birds are chirping and whistling in the distance,0.0010938654
54914-2-0-34.wav,birds are chirping and singing in the distance,0.0017149851
54914-2-0-35.wav,birds are chirping in the background while a car is driving by,0.0036955855
54914-2-0-48.wav,the wind is howling and the birds are chirping,0.0010137024
54976-4-0-0.wav,a machine is running at a constant speed and then stops,0.00080265966
54976-4-0-1.wav,a machine is running at a constant speed and then it gets quieter,0.000853708
54976-4-0-2.wav,an electric saw is cutting through a piece of wood,0.9980895
54976-4-0-3.wav,an electric saw is being used to cut wood,0.9926231
54976-4-0-4.wav,a machine is running at a constant speed and then it stops,0.00080635404
54976-4-0-5.wav,a machine is running at a constant speed,0.0008257412
54976-4-0-6.wav,a machine is running at a constant speed and a motor is in the background,0.000888184
54976-4-0-7.wav,a machine is running at a constant speed and a motor is in the background,0.000888184
54976-4-0-8.wav,a machine is making a loud noise in the background,0.995634
54976-4-0-9.wav,a car is driving down the road with the windows rolled down,0.0009717007
54976-4-1-0.wav,a machine is running at a constant speed and then it stops,0.00080635404
54976-4-1-1.wav,a saw is cutting through a piece of wood,0.9979995
54976-4-1-2.wav,an electric saw is cutting through a piece of wood,0.9980895
54976-4-1-3.wav,an electric saw is being used to cut wood,0.9926231
55013-3-0-1.wav,a dog is barking and a man is speaking in the background,0.9980908
55013-3-0-3.wav,a dog is barking and a person is walking in the background,0.99808013
55013-3-0-4.wav,a dog is barking loudly and sporadically in the distance,0.99816763
55013-3-0-7.wav,a dog barking and dogs bark in the distance,0.9968119
55018-0-0-102.wav,birds are chirping and singing in the background,0.99793786
55018-0-0-106.wav,birds are chirping in the background while a machine is running,0.0009156871
55018-0-0-110.wav,birds are chirping and singing in the background,0.99793786
55018-0-0-116.wav,birds are chirping in the background while a machine is running in the distance,0.0009902418
55018-0-0-121.wav,birds are chirping and singing in the background while a machine is running,0.99742585
55018-0-0-145.wav,birds are chirping in the background while a machine is running,0.00091568753
55018-0-0-146.wav,birds chirp in the background while a machine runs,0.0010660122
55018-0-0-148.wav,birds are chirping in the background while cars are driving by,0.004248281
55018-0-0-162.wav,birds chirp in the background while a machine runs,0.0010660122
55018-0-0-194.wav,birds are chirping and cars are driving by in the distance,0.0010424629
55018-0-0-2.wav,a bird is chirping and an owl is hooting in the background,0.001124795
55018-0-0-209.wav,birds are chirping in the background as a car drives by,0.0018178506
55018-0-0-246.wav,birds are chirping in the background while a machine is running,0.00091568753
55018-0-0-248.wav,birds are chirping in the background while a machine is running,0.00091568753
55018-0-0-26.wav,birds are chirping in the background while a machine is running in the distance,0.0009902418
55018-0-0-37.wav,birds are chirping in the background while a machine is running,0.00091568753
55018-0-0-44.wav,birds are chirping in the background as a car drives by,0.0018178506
55018-0-0-49.wav,birds are chirping in the background while a motor is running,0.0009923398
55018-0-0-8.wav,birds are chirping in the background while a machine is running,0.00091568753
55018-0-0-84.wav,a machine is running in the background while a bird is chirping in the distance,0.0009606389
55018-0-0-87.wav,birds are chirping in the background while a machine is running,0.00091568753
55018-0-0-92.wav,a machine is running while birds are chirping in the background,0.0008972441
55018-0-0-93.wav,a machine is running while birds are chirping in the background,0.0008972441
55020-4-0-0.wav,a tea kettle is whistling as it is turned on,0.0010420792
55020-4-0-1.wav,a tea kettle is whistling loudly as it is ready to whistle,0.08131282
55020-4-0-10.wav,a tea kettle is whistling loudly and then it is turned off,0.9554234
55020-4-0-11.wav,a tea kettle is whistling loudly and then it is turned off,0.9554234
55020-4-0-12.wav,a tea kettle is whistling loudly and then it is turned off,0.9554234
55020-4-0-13.wav,a tea kettle is whistling and then it is turned off,0.0010934873
55020-4-0-14.wav,a tea kettle is whistling as it is turned on,0.0010420792
55020-4-0-2.wav,a tea kettle is whistling loudly and then it is turned off,0.9554234
55020-4-0-3.wav,a tea kettle is whistling loudly and then stops for a while before being turned,0.9522976
55020-4-0-4.wav,a tea kettle is whistling loudly and then stops for a while before being turned,0.9522976
55020-4-0-5.wav,a tea kettle is whistling loudly and then stops for a while before being turned,0.9522976
55020-4-0-6.wav,a whistle is blowing and a high pitched whistling sound is being played,0.16491622
55020-4-0-7.wav,a high pitched whistle is being blown through different tones,0.996624
55020-4-0-8.wav,a high pitched whistle is being blown through a pipe,0.04917855
55020-4-0-9.wav,a tea kettle is whistling loudly and then it is turned off,0.9554234
55728-9-0-14.wav,a drum is being played with drums and other instruments,0.0016419424
55728-9-0-28.wav,a group of people are clapping and cheering while a crowd cheers,0.004319256
55728-9-0-30.wav,a person is clapping a drum while people are talking in the background,0.94817924
55728-9-0-34.wav,a drum beat is being played with drums,0.0036266134
55728-9-0-67.wav,a drum is being played while people are talking in the background,0.98756367
55728-9-0-8.wav,a person is playing a drum while a beat is being played,0.008370727
56385-0-0-0.wav,a crowd of people are clapping and cheering while music is playing,0.003276799
56385-0-0-1.wav,a crowd of people are clapping and cheering while music is playing,0.003276799
56385-0-0-2.wav,a crowd of people are clapping and cheering while music is playing,0.003276799
57105-3-0-1.wav,crickets chirp in the background while a dog barks,0.0012762322
57105-3-1-0.wav,crickets are chirping and dogs are barking in the distance,0.0009906192
57105-3-4-2.wav,crickets chirp in the background as a cricket chirps and a car drives by,0.0012431146
57105-3-4-4.wav,crickets chirp in the background as a car drives by,0.0015476393
57320-0-0-0.wav,birds are chirping and singing in the background,0.99793786
57320-0-0-10.wav,a bird is chirping and crickets are singing in the background,0.0023245995
57320-0-0-11.wav,a bird is chirping and crickets are singing in the background,0.0023245995
57320-0-0-13.wav,birds are chirping and singing in the background,0.99793786
57320-0-0-15.wav,birds are chirping and crickets are singing in the background,0.0018198201
57320-0-0-21.wav,crickets are chirping and a bird is singing in the background,0.001464389
57320-0-0-22.wav,a bird is chirping and crickets are singing in the background,0.0023245995
57320-0-0-24.wav,crickets are chirping and frogs are croaking in the night,0.0010112402
57320-0-0-27.wav,crickets are chirping in the background while a bird is singing,0.0012087771
57320-0-0-31.wav,birds are chirping and singing in the background,0.99793786
57320-0-0-32.wav,birds are chirping and singing in the background,0.99793786
57320-0-0-33.wav,birds are chirping and singing in the background,0.99793786
57320-0-0-34.wav,birds are chirping in the background while a bird is singing,0.9979048
57320-0-0-36.wav,birds are chirping in the background while a bird is singing,0.9979048
57320-0-0-37.wav,birds are chirping in the background while a bird is singing,0.9979048
57320-0-0-38.wav,birds are chirping in the background while a bird is singing,0.9979048
57320-0-0-39.wav,a bird is chirping in the background while a cricket is singing,0.0018340505
57320-0-0-4.wav,crickets are chirping in the background and a bird is singing,0.0010993687
57320-0-0-42.wav,a bird is chirping in the background and crickets are singing,0.0012387555
57320-0-0-45.wav,a bird is chirping in the background and a duck is quacking,0.0009575157
57320-0-0-5.wav,crickets are chirping in the background and a bird is singing,0.0010993687
57320-0-0-6.wav,crickets are chirping in the background and a bird is singing,0.0010993687
57320-0-0-7.wav,a cricket is chirping and a bird is singing in the background,0.0024909487
57320-0-0-9.wav,crickets are chirping and a bird is singing in the background,0.0014643882
57323-8-0-0.wav,birds are chirping while a siren is blaring in the background,0.99807644
57323-8-0-1.wav,birds are chirping while a siren is blaring in the background,0.99807644
57323-8-0-10.wav,birds are chirping while a siren is blaring in the background,0.99807644
57323-8-0-11.wav,birds are chirping while a siren is blaring in the background,0.99807644
57323-8-0-2.wav,birds are chirping while a siren is blaring in the background,0.99807644
57323-8-0-3.wav,birds are chirping while a siren is blaring in the background,0.99807644
57323-8-0-4.wav,birds are chirping and a siren is blaring in the background,0.998131
57323-8-0-5.wav,birds are chirping while a siren is blaring in the background,0.99807644
57323-8-0-6.wav,birds are chirping while a siren is blaring in the background,0.99807644
57323-8-0-7.wav,birds are chirping while a siren is blaring in the background,0.99807644
57323-8-0-8.wav,birds are chirping and whistling as a siren blares in the background,0.9982235
57323-8-0-9.wav,birds are chirping and singing while cars are driving by,0.99756694
57323-8-2-0.wav,birds are chirping and a siren is blaring in the background,0.998131
57553-3-0-0.wav,dogs are barking and a dog barks in the distance,0.0043454384
57553-3-1-0.wav,dogs are barking and a dog is howling in the distance,0.91078216
57553-3-2-0.wav,a dog is barking and dogs are howling in the distance,0.9748253
57584-4-0-0.wav,a machine is running at a constant speed and people are talking in the background,0.0011410986
57584-4-0-1.wav,a machine is running at a constant speed and people are talking in the background,0.0011410986
57584-4-0-2.wav,a machine is running at a constant speed and then it is raining,0.0007931522
57584-4-0-3.wav,a machine is running at a constant speed and volume,0.00081656186
57584-4-0-4.wav,a machine is running at a constant speed and people are talking in the background,0.0011410986
57584-4-0-5.wav,a machine is running at a constant speed and people are talking in the background,0.0011410986
57584-4-0-6.wav,a machine is running at a constant speed and volume,0.00081656186
57584-4-0-7.wav,a machine is running at a constant speed and other machinery is in the background,0.0008595854
57584-4-0-8.wav,a machine is running while people are talking in the background,0.0012967595
57596-3-0-0.wav,a dog is barking and a cat is crying,0.9979388
57596-3-1-0.wav,a dog is barking loudly and sporadically in the background,0.9981457
57607-1-0-0.wav,a motorcycle engine is revving and then it gets louder,0.998206
57696-4-0-0.wav,a machine is running at a constant speed and then it stops,0.00080635404
57696-4-0-1.wav,a motor is running and a machine is in the background,0.0008640103
57696-4-0-2.wav,a motor is running at a constant speed and speeds up and down,0.00081930263
57696-4-0-3.wav,an electric saw is being used to cut wood,0.9926231
57696-4-0-4.wav,an engine is revved up and idled in the foreground,0.000989805
57696-4-0-5.wav,an engine is revved up and then it is turned off,0.0009743042
58005-4-0-13.wav,a machine is running at a constant speed and then it is cutting a piece,0.0009792342
58005-4-0-17.wav,an electric saw is being used to cut a piece of wood,0.9980287
58005-4-0-23.wav,a machine is running at a high speed and volume,0.00083154085
58005-4-0-24.wav,an airplane is flying in the sky and getting ready to take off,0.0009265428
58005-4-0-26.wav,a machine is running at a high speed and then stops,0.000812633
58005-4-0-30.wav,a machine is running at a constant speed and then stops,0.00080265966
58005-4-0-32.wav,a machine is running at a high speed and power tool is being used,0.0007713998
58005-4-0-34.wav,a power tool is being used to cut wood,0.0011255988
58005-4-0-40.wav,someone is using an electric saw to cut wood,0.9980718
58005-4-0-41.wav,an electric saw is cutting through a piece of wood,0.9980895
58005-4-0-44.wav,a machine is running at a high speed and power tool is being used,0.0007713998
58005-4-0-45.wav,someone is using a tool to cut a piece of wood,0.24575116
58005-4-0-51.wav,an airplane is flying in the sky at a high altitude,0.00095697027
58005-4-0-55.wav,someone is using a saw to cut a piece of wood,0.9979559
58005-4-0-63.wav,a power tool is being used to cut a piece of wood,0.003019623
58005-4-0-68.wav,a machine is running at a constant speed and a high pressure washer operates,0.000832771
58005-4-0-70.wav,someone is using a saw to cut a piece of wood,0.9979559
58005-4-0-76.wav,a machine is running at a constant speed and a high pressure washer operates,0.000832771
58202-1-0-0.wav,a horn is being blown over and over and over again,0.9982394
58382-3-0-0.wav,a dog is barking repeatedly while a person is breathing in the background,0.9981699
58806-0-0-0.wav,a machine is running at a constant speed,0.0008257412
58857-2-0-10.wav,a group of people are talking and yelling,0.0016451917
58857-2-0-12.wav,a group of people are talking and laughing in a public place,0.001162636
58857-2-0-13.wav,a group of people are talking in a crowded place,0.0021678158
58857-2-0-14.wav,a crowd of people are shouting and yelling,0.9889586
58857-2-0-16.wav,a group of people are shouting and yelling,0.92796624
58857-2-0-25.wav,a group of people are shouting and yelling,0.92796624
58857-2-0-7.wav,a group of people are talking and children are playing,0.0010613331
58857-2-0-8.wav,a group of people are talking and children are playing in the background,0.0012604683
58937-4-0-0.wav,a jackhammer is being used in the background and a machine is running,0.9949732
58937-4-0-12.wav,a jackhammer is running and a machine is in the background,0.20003532
58937-4-0-13.wav,a jackhammer is running and then stops and then starts again,0.9978756
58937-4-0-2.wav,a jackhammer is running and then stops and then starts again,0.9978756
58937-4-0-4.wav,a jackhammer is running and then it stops and starts up again,0.99802965
58937-4-0-7.wav,a machine is running and then stops and then starts again,0.00083619636
58937-4-1-0.wav,a machine is running and then stops and then starts again,0.00083619636
58937-4-1-1.wav,a machine is running and then stops and then starts again,0.00083619636
58937-4-2-10.wav,a jackhammer is being used to cut a lawn,0.9972619
58937-4-2-2.wav,a lawnmower is being used to cut the lawn,0.0011349174
58937-4-2-9.wav,a machine is running at a constant speed and then stops,0.00080265966
58937-4-3-6.wav,an electric saw is cutting through a piece of wood,0.9980895
58937-4-3-9.wav,a chainsaw is started up and begins to cut the lawn,0.9977884
58937-4-4-1.wav,a machine is running and then a person is walking on a hard surface,0.00080902246
58937-4-5-2.wav,a jackhammer is being used to cut something,0.9976872
58937-4-5-4.wav,a jackhammer is being used to cut a lawn,0.9972619
59037-2-0-6.wav,children are laughing and playing in a playground,0.0015862151
59037-2-1-2.wav,people are talking in the background while birds are chirping in the distance,0.0015495075
59037-2-1-3.wav,people are talking in the background while a person is walking on a hard surface,0.028557602
59037-2-2-0.wav,a person is playing with a gun in the distance,0.6196191
59037-2-3-0.wav,people are talking in the background while a bird is chirping,0.0017043776
59037-2-4-3.wav,a person is walking on a hard surface and people are talking in the background,0.29121503
59037-2-4-5.wav,children are playing and talking to each other,0.0026482076
59037-2-4-8.wav,birds are chirping and children are talking in the distance,0.0010867893
59277-0-0-0.wav,a machine is running at a constant speed,0.0008257412
59277-0-0-1.wav,a machine is running at a constant speed and volume,0.00081656186
59277-0-0-2.wav,a machine is running at a constant speed and volume,0.00081656186
59277-0-0-3.wav,a machine is running at a constant speed and volume,0.00081656186
59277-0-0-4.wav,a machine is running at a constant speed and volume,0.00081656186
59277-0-0-5.wav,an airplane is flying in the sky and getting ready to take off,0.0009265428
59277-0-0-6.wav,an airplane is flying in the sky and making a loud noise,0.0024788834
59277-0-0-7.wav,a machine is running at a constant speed and volume,0.00081656186
59594-4-0-0.wav,people are talking in the background while a saw is being used,0.99820745
59594-4-0-1.wav,a machine is running and people are talking in the background,0.0010134589
59594-4-0-2.wav,a machine is running and people are talking in the background,0.0010134589
59594-4-0-3.wav,someone is using a saw in a workshop,0.9975841
59594-4-0-4.wav,a saw is being used in a workshop,0.9949025
59595-4-0-0.wav,a machine is running at a constant speed and a saw is in the background,0.83977234
59595-4-0-1.wav,a machine is running and a saw is being used in the background,0.9974946
59800-3-0-0.wav,a dog is barking loudly and sporadically,0.9981115
59800-3-1-0.wav,a dog is barking and a person is talking in the background,0.9982079
59800-3-2-0.wav,a dog is barking loudly and consistently while birds are chirping in the background,0.9981217
59800-3-3-1.wav,a dog is barking and a person is walking on a hard surface,0.98969114
60591-2-0-11.wav,children are playing and adults are talking in the background,0.0064692153
60591-2-0-12.wav,a group of people are talking and children are playing,0.0010613331
60591-2-0-15.wav,children are playing and adults are talking in the background,0.0064692153
60591-2-0-16.wav,children are playing and adults are talking in the background,0.0064692153
60591-2-0-2.wav,a group of people are talking and children are playing in the background,0.0012604683
60591-2-0-4.wav,a crowd of people are talking and children are playing in the background,0.0043585934
60591-2-0-7.wav,children are playing and adults are talking in the background,0.0064692153
60591-2-0-8.wav,people are talking and children are playing in the playground,0.0012694647
60605-9-0-34.wav,a person is playing a song with a musical instrument,0.0031166093
60605-9-0-52.wav,a person is playing a song in the background,0.9875907
60605-9-0-64.wav,a person is playing a song with a musical instrument,0.0031166093
60605-9-0-73.wav,a person is playing a song with a musical instrument,0.0031166093
60605-9-0-90.wav,a person is playing a song on a flute,0.01746233
60605-9-0-95.wav,a person is playing a song with a musical instrument in the background,0.7592824
60608-9-0-0.wav,a person is playing a song while a car is driving by,0.8511623
60608-9-0-1.wav,a person is playing with a motorcycle while a car is driving by,0.03573222
60608-9-0-2.wav,a person is playing with an alarm in the background,0.99825376
60608-9-0-3.wav,an alarm is going off while a car is driving by,0.9979601
60608-9-0-4.wav,an ice cream truck is being used in the background,0.94725776
60608-9-0-5.wav,a car is driving on the road with a siren in the background,0.99796104
60846-0-0-0.wav,a fan is running at a constant rate and then it is turned off,0.0011430983
60846-0-0-1.wav,a machine is running at a constant speed and a motor is in the background,0.000888184
60846-0-0-2.wav,a machine is running at a constant speed and a car drives by,0.00081229187
60846-0-0-3.wav,a machine is running at a constant speed and a slight hum,0.0008418269
60935-2-0-0.wav,a baby is crying and screaming while a person is shouting in the background,0.9981383
60935-2-0-11.wav,children are playing and talking while they are walking in the background,0.20060726
60935-2-0-12.wav,a child is speaking and a door is opened and closed,0.00097436545
60935-2-0-13.wav,a child is screaming while a door is being opened and closed,0.997999
60935-2-0-14.wav,a child is screaming while a door is being opened and closed,0.997999
60935-2-0-15.wav,a child is speaking and a baby cries in the background,0.998145
60935-2-0-4.wav,a child is screaming and crying as a baby cries,0.99805045
60935-2-0-9.wav,a baby cries and a child screams in the background,0.9981608
61077-3-0-0.wav,a dog barking and dogs bark in the background,0.99812275
61077-3-1-0.wav,a dog is barking at a medium distance,0.9166681
61077-3-2-0.wav,dogs are barking and birds are chirping in the background,0.0023972597
61077-3-3-0.wav,a dog is barking and people are talking in the background,0.9980737
61250-3-0-31.wav,a dog is barking at a steady pace,0.99744654
61250-3-0-36.wav,a dog barks twice and then whines again,0.9978288
61250-3-0-47.wav,a dog is barking and growling in the background,0.9981376
61250-3-0-62.wav,a dog is barking loudly in the distance,0.99814963
61503-2-0-0.wav,children are screaming and playing in a playground,0.7071885
61503-2-0-2.wav,children are shouting and playing in a playground,0.010107161
61503-2-0-3.wav,children are playing and adults are talking in the background,0.0064692153
61503-2-0-5.wav,children are playing basketball in a gym,0.0017587668
61503-2-0-6.wav,children are playing in a playground and kids are talking,0.0014785081
61503-2-0-7.wav,children and kids are playing in a playground,0.0013125815
61503-2-0-8.wav,children are playing and adults are talking in a playground,0.001354272
61503-2-0-9.wav,children are shouting and playing in a playground,0.010107161
61626-9-0-10.wav,the wind is blowing and a bird is singing,0.0026813096
61626-9-0-12.wav,people are talking in the background while a boat is moving in the distance,0.0022697086
61626-9-0-2.wav,a car drives by and a man speaks while cars drive by,0.8332703
61626-9-0-3.wav,water is flowing in a stream and a person is walking on a hard surface,0.00087439275
61626-9-0-6.wav,children are playing and talking while music plays in the background,0.21178266
61626-9-0-7.wav,a person is playing music while a car is driving by,0.1850482
61789-9-0-10.wav,people are clapping and cheering while music plays in the background,0.014970631
61789-9-0-12.wav,people are clapping and talking while music plays in the background,0.021647872
61789-9-0-14.wav,music is playing and people are talking in the background,0.31362024
61789-9-0-16.wav,music is playing and a person is walking on a keyboard,0.0027749303
61789-9-0-26.wav,a person is walking on a hard surface and people are talking in the background,0.29121503
61789-9-0-65.wav,people are talking while music plays in the background,0.20157468
61789-9-0-69.wav,music is playing and people are talking in the background,0.31362024
61790-9-0-10.wav,a person is playing a song with a musical instrument,0.0031166093
61790-9-0-15.wav,a person is playing a song with a musical instrument,0.0031166093
61790-9-0-16.wav,a person is playing a musical instrument while a man is speaking,0.002307256
61790-9-0-20.wav,a person is playing a song with a musical instrument,0.0031166093
61790-9-1-1.wav,a person is playing a song with a musical instrument,0.0031166093
61790-9-1-20.wav,a person is playing a song with a musical instrument,0.0031166093
61791-9-1-1.wav,a person is playing a song with a flute and people are talking in the,0.094398834
61791-9-1-40.wav,a person is playing a song with a flute,0.013374975
61791-9-1-41.wav,a person is playing a flute while a woman is speaking in the background,0.82557863
61791-9-1-42.wav,music is playing in the background while people are talking in the distance,0.051258583
61791-9-1-44.wav,a person is playing a song with a musical melody,0.0038675133
61791-9-1-46.wav,a person is playing a song with a musical instrument,0.0031166093
62048-3-0-2.wav,a dog is barking loudly and sporadically,0.9981115
62048-3-0-3.wav,a dog is barking loudly at a steady pace,0.99814415
62048-3-0-4.wav,a dog is barking loudly at a steady pace,0.99814415
62048-3-0-5.wav,a dog is barking and dogs are howling in the background,0.9981268
62461-0-0-0.wav,a machine is running at a constant rate and then it is raining,0.00078652555
62461-0-0-1.wav,a fan is running in the background and a low hum of air conditioner,0.002887377
62461-0-0-2.wav,a fan is running in the background while a low hum is in the distance,0.0013622533
62461-0-0-3.wav,a fan is running in the background and a low hum of a motor is,0.0038524237
62564-5-0-0.wav,a motor is running and a motorcycle engine is idling,0.0008256366
62564-5-0-1.wav,a motor is running and a motorcycle engine is idling,0.0008256366
62564-5-0-10.wav,a motor is running and a motorcycle engine is idling,0.0008256366
62564-5-0-2.wav,a motor is running and a motorcycle engine is idling,0.0008256366
62564-5-0-3.wav,a motor is running and a motorcycle engine is idling,0.0008256366
62564-5-0-4.wav,a vehicle engine is idling and revving up,0.00083570805
62564-5-0-5.wav,a vehicle engine is idling and revving up,0.00083570805
62564-5-0-6.wav,a motor is running and a motorcycle engine is idling,0.0008256366
62564-5-0-7.wav,a motor is running and a vehicle engine is idling,0.00082939997
62564-5-0-8.wav,a motor is running and a vehicle engine is idling in the background,0.0009104047
62564-5-0-9.wav,a motor is running and a vehicle engine is idling in the background,0.0009104047
62566-5-0-0.wav,a motor is running and a motorcycle engine is idling,0.0008256366
62566-5-0-1.wav,a vehicle engine is idling and then it gets louder,0.99823475
62566-5-0-2.wav,a motor is running and a motorcycle engine is idling,0.0008256366
62566-5-0-3.wav,a motor is running and a motorcycle engine is idling,0.0008256366
62566-5-0-4.wav,a motor is running and a motorcycle engine is idling,0.0008256366
62566-5-0-5.wav,an engine is idling while people are talking in the background,0.0014724616
62566-5-0-6.wav,a motor is running while people are talking in the background,0.004213935
62566-5-0-7.wav,a motor is running and a motorcycle is driving by,0.0008362584
62566-5-1-0.wav,a car engine is idling and then it gets louder,0.99825853
62566-5-1-1.wav,a motor is running and a car engine is idling in the background,0.00091948366
62566-5-2-0.wav,a vehicle engine is idling and revving up and down,0.00089020643
62567-5-0-0.wav,a motor is running and a motorcycle engine is idling,0.0008256366
62567-5-0-1.wav,a motor is running and a motorcycle engine is idling,0.0008256366
62567-5-0-10.wav,a car engine revs and accelerates before revving again,0.09083156
62567-5-0-2.wav,a motor is running and a motorcycle engine is idling,0.0008256366
62567-5-0-3.wav,a motor is running and a motorcycle engine is idling,0.0008256366
62567-5-0-4.wav,a motor is running and a motorcycle engine is idling,0.0008256366
62567-5-0-5.wav,a motor is running and a motorcycle engine is idling,0.0008256366
62567-5-0-6.wav,a motor is running at a constant speed,0.0008283491
62567-5-0-7.wav,a motor is running and a motorcycle engine is idling,0.0008256366
62567-5-0-8.wav,a motor is running and a motorcycle engine is idling,0.0008256366
62567-5-0-9.wav,a car engine is revving and revved up and then idling again,0.008951345
62567-5-1-0.wav,an engine is idling while a man is speaking,0.0009780136
62567-5-1-1.wav,an engine is idling and a man is speaking,0.0008495193
62837-7-0-12.wav,an airplane is flying overhead with a high pitch,0.0010136815
62837-7-0-15.wav,a machine is running at a constant speed and then it stops,0.00080635404
62837-7-0-16.wav,a machine is running at a constant speed and then it stops,0.00080635404
62837-7-0-17.wav,a machine is running at a constant speed and then it stops,0.00080635404
62837-7-0-18.wav,a machine is running at a constant speed and then stops,0.00080265966
62837-7-0-2.wav,a machine is running at a constant speed and volume,0.00081656186
62837-7-0-20.wav,a machine is running at a constant speed and then stops,0.00080265966
62837-7-0-21.wav,a machine is running at a constant speed and then it stops,0.00080635404
62837-7-0-22.wav,a machine is running at a constant speed and then it stops,0.00080635404
62837-7-0-24.wav,a machine is running at a constant speed and then it stops,0.00080635404
62837-7-0-27.wav,a machine is running at a constant speed and volume,0.00081656186
62837-7-0-28.wav,a machine is running at a constant speed,0.0008257412
62837-7-0-3.wav,a machine is running at a constant speed and then it stops,0.00080635404
62837-7-0-30.wav,a machine is running at a constant speed and volume,0.00081656186
62837-7-0-31.wav,a machine is running at a constant speed and volume,0.00081656186
62837-7-0-34.wav,a machine is running at a constant speed and volume,0.00081656186
62837-7-0-37.wav,a machine is running at a constant speed and then stops,0.00080265966
62837-7-0-4.wav,a machine is running at a constant speed and then stops,0.00080265966
62837-7-0-7.wav,a machine is running at a constant speed and then it stops,0.00080635404
62837-7-0-8.wav,a machine is running at a constant speed and volume,0.00081656186
62837-7-0-9.wav,a machine is running at a constant speed and volume,0.00081656186
62837-7-1-1.wav,a machine is running at a constant speed,0.0008257412
62837-7-1-11.wav,a machine is running at a constant speed and then it stops,0.00080635404
62837-7-1-14.wav,a machine is running at a constant speed and then it stops,0.00080635404
62837-7-1-15.wav,a machine is running at a constant speed and then it stops,0.00080635404
62837-7-1-18.wav,a machine is running at a constant speed and then slowing down,0.000801414
62837-7-1-2.wav,a machine is running at a constant speed and then it stops,0.00080635404
62837-7-1-21.wav,a machine is running at a constant speed and then it stops,0.00080635404
62837-7-1-22.wav,a machine is running at a constant speed and volume,0.0008165623
62837-7-1-24.wav,a machine is running at a constant speed and volume,0.0008165623
62837-7-1-26.wav,a machine is running at a constant speed and volume,0.0008165623
62837-7-1-27.wav,a machine is running at a constant speed and then stops,0.00080265966
62837-7-1-28.wav,a machine is running at a constant speed and then stops,0.00080265966
62837-7-1-29.wav,a machine is running at a constant speed and then stops,0.00080265966
62837-7-1-3.wav,a machine is running at a constant speed and volume,0.0008165623
62837-7-1-31.wav,a machine is running at a constant speed and then it stops,0.00080635404
62837-7-1-32.wav,a machine is running at a constant speed and then it stops,0.00080635404
62837-7-1-33.wav,a machine is running at a constant speed,0.0008257412
62837-7-1-35.wav,a machine is running at a constant speed,0.0008257412
62837-7-1-39.wav,a machine is running at a constant speed and high pitched whine,0.00094546593
62837-7-1-4.wav,a machine is running at a constant speed,0.0008257412
62837-7-1-41.wav,a machine is running at a constant speed,0.0008257412
62837-7-1-44.wav,a machine is running at a constant speed and volume,0.0008165623
62837-7-1-45.wav,a machine is running at a constant speed and volume,0.0008165623
62837-7-1-46.wav,a machine is running at a constant speed and volume,0.0008165623
62837-7-1-49.wav,a machine is running at a constant speed and then it stops,0.00080635404
62837-7-1-5.wav,a machine is running at a constant speed,0.0008257412
62837-7-1-51.wav,a machine is running at a constant speed and then it stops,0.00080635404
62837-7-1-53.wav,a machine is running at a constant speed,0.0008257412
62837-7-1-54.wav,a machine is running at a constant speed,0.0008257412
62837-7-1-55.wav,a machine is running at a constant speed,0.0008257412
62837-7-1-56.wav,a machine is running at a constant speed,0.0008257412
62837-7-1-6.wav,a machine is running at a constant speed,0.0008257412
62837-7-1-61.wav,a machine is running at a constant speed and then it stops,0.00080635404
62837-7-1-62.wav,a machine is running at a constant speed and then it stops,0.00080635404
62837-7-1-63.wav,a machine is running at a constant speed and then it stops,0.00080635404
62837-7-1-64.wav,a machine is running at a constant speed and then it stops,0.00080635404
62837-7-1-65.wav,an electric saw is being used to cut wood,0.9926231
62837-7-1-69.wav,a machine is running at a constant speed and then it stops,0.00080635404
62837-7-1-72.wav,a machine is running at a constant speed,0.0008257412
62837-7-1-73.wav,a machine is running at a constant speed and volume,0.00081656186
62837-7-1-79.wav,a machine is running at a constant speed and then it stops,0.00080635404
62837-7-1-80.wav,a machine is running at a constant speed and then it stops,0.00080635404
62837-7-1-81.wav,a machine is running at a constant speed,0.0008257412
62837-7-1-84.wav,a machine is running and then stops and then starts again,0.00083619636
62837-7-1-9.wav,a machine is running and then it stops and then starts again,0.00083438517
63095-4-0-1.wav,a machine is running at a constant speed and volume,0.00081656186
63095-4-0-10.wav,a machine is running at a constant speed and steady,0.0008312715
63095-4-0-14.wav,a machine is running at a constant speed and steady,0.0008312715
63095-4-0-16.wav,a motor is running at a constant speed and a motorcycle engine is idling,0.0008067737
63095-4-0-20.wav,a motor is running at a constant speed and a motorcycle engine is idling,0.0008067737
63095-4-0-21.wav,a motor is running at a constant speed,0.0008283491
63095-4-0-26.wav,a machine is running at a constant speed,0.0008257412
63095-4-0-28.wav,a motor is running at a constant speed and steady,0.000823786
63095-4-0-29.wav,a motor is running at a constant speed and then it starts up,0.000841155
63095-4-0-4.wav,a machine is running at a constant speed,0.0008257412
63095-4-0-6.wav,a machine is running at a constant speed,0.0008257412
63095-4-0-8.wav,a machine is running at a constant speed and a motor is buzzing,0.00080505235
63095-4-1-10.wav,a machine is running at a constant speed,0.0008257412
63095-4-1-18.wav,a machine is running at a constant speed and consistent,0.000839148
63095-4-1-19.wav,a machine is running at a constant speed and consistent,0.000839148
63095-4-1-20.wav,a motor is running at a constant speed and consistent,0.0008792999
63095-4-1-23.wav,a machine is running at a constant speed,0.0008257412
63095-4-1-27.wav,a machine is running at a constant speed,0.0008257412
63095-4-1-33.wav,a machine is running at a constant speed,0.0008257412
63095-4-1-4.wav,a motor is running at a constant speed and a machine is humming,0.00084495713
63095-4-1-6.wav,a motor is running at a constant speed and a motorcycle engine is idling,0.0008067737
63095-4-1-7.wav,a motor is running at a constant speed and a motorcycle engine is idling,0.0008067737
63261-3-0-0.wav,a dog barking and dogs bark in the background,0.99812275
63261-3-0-1.wav,a dog barking and dogs bark in the background,0.99812275
63292-3-0-0.wav,a dog is barking loudly at a steady pace,0.99814415
63292-3-0-1.wav,a dog is barking loudly at a consistent rate,0.9981014
63724-0-0-0.wav,a machine is running at a constant rate and then it is raining,0.00078652555
63724-0-0-1.wav,a fan is blowing and a car is driving by,0.0047655804
63724-0-0-10.wav,a person is whispering while a fan is blowing,0.008746214
63724-0-0-11.wav,a person is whispering while a fan is blowing in the background,0.99535227
63724-0-0-12.wav,a man is whispering while another person is breathing in the background,0.9978103
63724-0-0-13.wav,a man is whispering while another person is breathing in the background,0.9978103
63724-0-0-14.wav,a man is speaking and then another person is breathing,0.9643123
63724-0-0-15.wav,a man is speaking and then another person is breathing,0.9643123
63724-0-0-16.wav,a man is speaking and then another person is breathing,0.9643123
63724-0-0-2.wav,a fan is blowing very loud and steady,0.001037566
63724-0-0-3.wav,a machine is running at a constant speed and then it is turned off,0.00079954905
63724-0-0-4.wav,a machine is running at a constant speed and then it is turned off,0.00079954905
63724-0-0-5.wav,the wind is blowing and a vehicle is passing by,0.0009263919
63724-0-0-6.wav,a machine is running at a constant speed and then it gets louder,0.0881496
63724-0-0-7.wav,a machine is running at a constant rate and then it is turned off,0.00081671786
63724-0-0-8.wav,a machine is running at a constant rate and then it is turned off,0.00081671786
63724-0-0-9.wav,a machine is running at a constant speed and then it is turned off,0.00079954905
63932-3-0-1.wav,a dog is barking and growling at another animal,0.9980229
63932-3-0-2.wav,a dog is barking repeatedly and sporadically,0.9979583
63932-3-1-0.wav,a dog is barking and growling at a consistent rate,0.99795
63932-3-1-1.wav,a dog is barking and growling at a steady pace,0.99778074
64346-6-0-0.wav,a gun is fired in the distance and then a shot is followed by a,0.9979273
6508-9-0-1.wav,a crowd of people are talking and clapping in the background,0.010409542
6508-9-0-2.wav,a crowd of people are talking while music plays in the background,0.17178108
6508-9-0-3.wav,a crowd of people are talking while music is playing in the background,0.81249815
6508-9-0-4.wav,a person is walking on a sidewalk and people are talking in the background,0.010458994
6508-9-0-6.wav,music is playing in the distance and a person is walking,0.0013165253
6508-9-1-0.wav,music is playing in the background while a person is walking,0.96832484
65381-3-0-3.wav,a dog is barking and growling at a constant rate,0.99806136
65381-3-0-6.wav,a dog is barking and growling at a constant rate,0.99806136
65381-3-0-7.wav,a dog is barking loudly at a steady pace,0.99814415
65472-1-0-0.wav,a car alarm is sounding in the background while cars are honking,0.9980975
65745-3-0-21.wav,birds are chirping and dogs are barking in the background,0.002823692
65745-3-0-49.wav,dogs are barking and birds are chirping in the background,0.0023972597
65745-3-0-61.wav,birds are chirping and dogs are barking in the background,0.002823692
65745-3-0-88.wav,birds are chirping dogs are barking and a rooster is crowing,0.00095907314
65749-3-1-12.wav,a dog is barking and a cat is meowing in the background,0.7444034
65749-3-1-14.wav,a dog is barking and birds are chirping in the background,0.9807843
65749-3-1-24.wav,a dog is barking and birds are chirping in the background,0.9807843
65749-3-1-9.wav,a dog is barking and a frog is croaking,0.007271735
65750-3-0-5.wav,birds are chirping and dogs are barking in the distance,0.000997255
65750-3-3-48.wav,birds are chirping in the background while a bird is singing,0.9979048
65750-3-3-68.wav,a rooster crowing and birds chirping in the background,0.0012350043
65750-3-3-74.wav,birds are chirping and dogs are barking in the background,0.002823692
66000-9-0-0.wav,a piece of music is being played in a large open space,0.009884969
66000-9-0-1.wav,music is playing and a car is driving by,0.06187477
66000-9-0-2.wav,music is playing and a man is speaking,0.0016341372
66000-9-0-3.wav,people are talking in the background as music plays in the distance,0.0029487931
66000-9-0-6.wav,a crowd of people are talking while music is playing in the background,0.81249815
66000-9-0-8.wav,people are talking while cars drive by in the background,0.91304994
66115-1-0-0.wav,a machine is running at a constant rate and people are talking in the background,0.0010360547
66115-1-0-1.wav,people are talking in the background while a fan is running in the distance,0.0016989333
66324-9-0-19.wav,a person is walking on a sidewalk and people are talking in the background,0.010458994
66324-9-0-30.wav,people are talking in the background as music plays in the distance,0.0029487931
66324-9-0-4.wav,people are talking in the background as someone is walking on a hard surface,0.027117798
66324-9-0-42.wav,music is playing in the background while people are talking,0.7045901
66324-9-0-53.wav,a bell is ringing while people are talking in the background,0.005544748
66324-9-0-54.wav,music is playing and people are talking in the background,0.31362024
66587-3-0-0.wav,a dog barking and dogs bark at a sporadically,0.9980142
66587-3-1-0.wav,a dog barking dogs bark at a growling barks at a medium pitch,0.9979108
66587-3-2-0.wav,a dog barking dogs bark at a medium pitch,0.9974833
66587-3-3-0.wav,a dog barking dogs bark at a growling sporadically,0.99792945
66599-9-0-11.wav,people are talking in the background while music is playing,0.79757583
66599-9-0-17.wav,a crowd of people are talking while music plays in the background,0.17178
66599-9-1-11.wav,children are playing and adults are talking in the background,0.0064692087
66599-9-1-21.wav,people are talking while music is playing in the background,0.94793785
66599-9-1-23.wav,people are talking while music plays in the background,0.201574
66599-9-1-4.wav,people are talking while music is playing in the background,0.94793785
66601-8-0-0.wav,a police car with a siren going off,0.9978878
66601-8-0-1.wav,a person is walking on a sidewalk and a car is passing by,0.0014503913
66601-8-0-2.wav,a siren is going off while a vehicle is passing by,0.9979911
66601-8-0-3.wav,a siren is going off while a police car is driving by,0.99805295
66601-8-0-4.wav,a siren is going off in the distance while a vehicle is passing by,0.9980574
66601-8-0-5.wav,a vehicle is driving on a road with traffic in the background,0.0011933119
66619-2-0-0.wav,birds are chirping and children are talking in the background,0.0011933022
66619-2-0-1.wav,birds are chirping and people are talking in the background,0.001106799
66619-2-0-11.wav,birds are chirping and people are talking in the background,0.001106799
66619-2-0-18.wav,birds are chirping and people are talking in the background,0.001106799
66619-2-0-22.wav,people are talking while traffic is moving in the background,0.014267147
66619-2-0-5.wav,birds are chirping and children are playing in the background,0.0014244716
66619-2-0-6.wav,birds are chirping and singing while traffic is moving in the background,0.9978801
66619-2-0-7.wav,birds are chirping and children are playing in the background,0.0014244716
66622-4-0-0.wav,an electric saw is being used to cut a piece of wood,0.9980287
66622-4-0-1.wav,a saw is cutting through a piece of wood,0.9979995
66622-4-0-2.wav,an electric saw is cutting through a piece of wood,0.9980895
66622-4-0-3.wav,an electric saw is cutting through a piece of wood,0.9980895
66622-4-0-4.wav,an electric saw is cutting through a piece of wood,0.9980895
66622-4-0-5.wav,a saw is cutting through a piece of wood,0.9979995
66622-4-0-6.wav,an electric saw is being used to cut a piece of wood,0.9980287
66622-4-0-7.wav,a person is using a saw to cut a piece of metal,0.99786144
66622-4-0-8.wav,a high pitched screech is being played with a musical instrument,0.99811816
66623-4-0-0.wav,an electric saw is being used to cut a piece of wood,0.9980287
66623-4-0-1.wav,an electric saw is being used to cut a piece of wood,0.9980287
66623-4-0-2.wav,a machine is running at a high speed and a blade is being used,0.0008063794
66623-4-0-3.wav,a saw is cutting through a piece of wood,0.9979995
66623-4-0-4.wav,a saw is cutting through a piece of wood,0.9979995
66623-4-0-5.wav,a saw is cutting through a piece of wood,0.9979995
66623-4-0-6.wav,a saw is being used to cut wood,0.99774987
66996-8-1-0.wav,a police siren is blaring with traffic noise in the background,0.99816626
66996-8-3-0.wav,a siren is blaring and a police car passes by,0.9981006
67049-3-0-0.wav,a dog is barking loudly at a steady pace,0.99814415
67049-3-0-1.wav,a dog is barking at a constant rate,0.9979024
67049-3-0-2.wav,a dog is barking and growling at a regular pace,0.99796224
68080-7-0-0.wav,a jackhammer is running at a constant speed and then stops,0.99116474
68080-7-0-1.wav,a machine is running at a constant speed and then stops,0.00080265966
68080-7-0-2.wav,a machine is running at a constant speed and then stops,0.00080265966
68080-7-0-3.wav,a machine is running at a constant speed and then it stops,0.00080635404
68080-7-0-4.wav,a machine is running at a constant speed and then stops,0.00080265966
68080-7-0-5.wav,a machine is running at a constant speed,0.0008257412
68080-7-0-6.wav,a machine is running at a constant speed,0.0008257412
68080-7-0-7.wav,a jackhammer is running loudly and stops for a while before it starts to start,0.99806243
68080-7-0-8.wav,a jackhammer pounds against a hard surface at a constant speed,0.9913545
68080-7-0-9.wav,a machine is running at a constant speed,0.0008257412
68389-3-0-0.wav,a dog is barking and a person is making a lot of dogs in the,0.9975011
68389-3-1-0.wav,a dog barking and growling at a dogs bark in the background,0.99812955
68389-3-2-0.wav,a dog is barking and dogs bark in the background,0.99797267
68657-1-0-0.wav,a car horn honks while traffic horns honk in the background,0.9982127
6902-2-0-12.wav,people are talking and children are playing in a playground,0.0011983266
6902-2-0-18.wav,people are talking while a phone rings in the background,0.0373412
6902-2-0-26.wav,a group of people are shouting and yelling while a child speaks in the background,0.9978586
6902-2-0-4.wav,children are shouting and playing in a playground,0.010107161
6902-2-0-5.wav,children are shouting and playing in a playground,0.010107161
6902-2-0-7.wav,children are playing and screaming in a playground,0.32095668
6902-2-0-9.wav,a group of children and adults are talking and yelling,0.003559521
69304-9-0-0.wav,a group of people are talking to each other while music is playing,0.0041305893
69304-9-0-12.wav,a person is singing while a band is playing a song,0.054318257
69304-9-0-14.wav,a person is playing a song with drums and people are talking in the background,0.98844796
69304-9-0-15.wav,a person is playing music while people are talking in the background,0.85070604
69304-9-0-6.wav,people are talking while music is playing in the background,0.94793785
69304-9-0-7.wav,children are playing and adults are talking to each other,0.0020038185
69598-4-0-0.wav,someone is playing a guitar with a high pitch,0.01218931
69598-4-1-0.wav,someone is playing a guitar with a high pitch,0.01218931
69598-4-2-0.wav,a machine is running at a constant speed and then speeds up,0.0008022897
69598-4-2-1.wav,a machine is running at a constant speed and then speeds up,0.0008022897
69598-4-3-0.wav,a machine is running at a constant speed and then it is turned off,0.00079954905
69598-4-4-0.wav,someone is using a power tool to cut a piece of wood,0.23860013
69598-4-5-0.wav,a car is driving on a road and then the engine is turned off,0.0010347132
69598-4-6-0.wav,a race car is being revved up and then driven away,0.026533624
69598-4-6-1.wav,a race car is racing down the track,0.0012022061
69598-4-7-0.wav,a car is revving its engine and accelerating loudly,0.997976
69598-4-8-0.wav,a high pitched screech is being played on a radio,0.9981876
69598-4-9-0.wav,a machine is running at a high speed and then stops,0.0008126322
69661-3-0-14.wav,a dog is barking and dogs bark in the background,0.99797267
69661-3-0-23.wav,a dog barking and dogs bark at a medium pitch,0.9967457
69661-3-0-29.wav,a dog is barking and dogs bark in the background,0.99797267
69777-3-0-0.wav,a dog is barking and water is dripping in the background,0.10613738
69777-3-0-1.wav,a dog is barking while water is dripping in the background,0.99573565
69777-3-0-2.wav,a dog is barking and a dogs are in the background,0.99739945
6984-1-0-0.wav,a siren is blaring and a horn is honking,0.9980422
6988-5-0-0.wav,an engine is idling and then it gets louder and closer,0.99784684
6988-5-0-1.wav,an engine is idling and then it gets louder,0.9980769
6988-5-0-2.wav,an engine is idling and then it gets louder,0.9980769
6988-5-0-3.wav,an engine is idling and then it starts to idle,0.00080438174
6988-5-0-4.wav,a motor is running and a motorcycle engine is idling,0.0008256358
6988-5-0-5.wav,an engine is idling and then it speeds up,0.0008183531
69883-3-0-20.wav,dogs are barking and a dog is howling in the distance,0.9107823
69883-3-0-5.wav,a dog is barking and dogs are howling in the distance,0.97482544
69883-3-0-9.wav,a dog barking and a dogs howling in the distance,0.997965
69962-2-0-11.wav,children are playing and kids are shouting and talking,0.92664075
69962-2-0-15.wav,children are playing and adults are talking in the background,0.0064692153
69962-2-0-16.wav,children are playing in a park and adults are talking,0.0025380356
69962-2-0-17.wav,children are playing and adults are talking in the background,0.0064692153
69962-2-0-2.wav,children are playing and adults are talking in the background,0.0064692153
69962-2-0-20.wav,a group of people are talking and children are playing,0.0010613331
69962-2-0-22.wav,children are playing and adults are talking in the background,0.0064692153
69962-2-0-25.wav,a crowd of people are talking and a man is speaking in the background,0.002889919
70098-3-0-0.wav,a dog is barking loudly at a medium pitch,0.99816763
70098-3-1-0.wav,a dog is barking and birds are chirping in the background,0.9807843
70098-3-2-0.wav,a dog barking and dogs bark in the background,0.99812275
70098-3-3-0.wav,a dog is barking and a woman is screaming in the background,0.99816775
70168-3-1-11.wav,birds are chirping and dogs are barking in the background,0.002823692
70168-3-1-13.wav,birds are chirping and dogs are barking in the background,0.002823692
70168-3-1-20.wav,birds are chirping and dogs are barking in the distance,0.000997255
70168-3-1-24.wav,birds are chirping and dogs are barking in the distance,0.000997255
7060-6-0-0.wav,a gun is being fired repeatedly in the distance,0.9981084
7060-6-1-0.wav,a gun is fired repeatedly in the distance,0.9979361
7060-6-2-0.wav,a gun is fired repeatedly in the distance,0.9979361
7061-6-0-0.wav,a gun is fired repeatedly and is firing a few times,0.9980134
7062-6-0-0.wav,a gun is being fired repeatedly in the distance,0.9981084
7063-6-0-0.wav,a gun is being fired at a steady pace,0.008768841
7064-6-0-0.wav,a gun is firing and a machine guns is fired in the distance,0.9884426
7064-6-1-0.wav,a gun is fired in the distance and a machine is firing,0.9972307
7064-6-2-0.wav,a gun is firing machine guns gunshots in a rapid gunfire,0.99807906
7064-6-3-0.wav,a gun is fired repeatedly in the distance,0.9979361
7064-6-4-0.wav,a gun is fired in the distance and then a machine guns are firing,0.9976585
7064-6-5-0.wav,a gun is fired in the distance and then a person is firing a shot,0.9981596
7065-6-0-0.wav,a gun is being fired repeatedly in the distance,0.9981084
7066-6-0-0.wav,a gun is fired in a gunshots firing shots,0.9980965
7066-6-1-0.wav,a gun is being fired repeatedly in the distance,0.9981084
7067-6-0-0.wav,a gun is being fired at a consistent pace,0.0064726914
7068-6-0-0.wav,a gun is fired repeatedly in the distance,0.9979361
70740-8-0-0.wav,a bird is chirping while a siren is blaring,0.99813193
71079-4-0-0.wav,a drill is being used using a power tool,0.0010075945
71079-4-1-0.wav,a person is using a high pitched sound,0.98881346
71080-4-0-0.wav,a drill is being used to cut up a power tool,0.0011877707
71080-4-1-0.wav,a drill is being used using a power tool,0.0010075945
71082-4-0-0.wav,a drill is being used to cut up a power tool,0.0011877707
71082-4-1-0.wav,a drill is being used to cut up and down,0.0011571347
71086-4-0-0.wav,a drill is being used to cut up and down,0.0011571347
71086-4-1-0.wav,a drill is being used to cut up and down,0.0011571347
71086-4-2-0.wav,a drill is being used to cut up and down,0.0011571347
71087-4-0-0.wav,a drill is being used to cut up and down,0.0011571347
71087-4-1-0.wav,a power drill is being used to cut hair using a chainsaw,0.997535
71088-4-0-0.wav,a drill is being used to cut up and down,0.0011571347
71088-4-1-0.wav,a drill is being used to cut up and down,0.0011571347
71088-4-2-0.wav,a drill is being used using a power saw,0.031031061
71171-4-0-0.wav,a vehicle is revving its engine and then it speeds up,0.0012216119
71171-4-0-1.wav,a machine is running at a pretty consistent speed,0.0008440008
71171-4-0-2.wav,a machine is running at a pretty consistent rate,0.0008741386
71171-4-0-3.wav,a machine is running at a high speed and then speeds up,0.0008062062
71171-4-0-4.wav,a machine is running at a constant speed and then it is turned off,0.00079954905
71171-4-1-0.wav,a machine is making a loud noise while a plane is flying overhead,0.0014707267
71171-4-1-1.wav,a machine is running at a constant speed and then it stops,0.00080635404
71171-4-1-2.wav,a machine is running at a constant speed and then it is turned off,0.00079954905
71171-4-1-3.wav,a vacuum cleaner is running at a constant speed,0.0008259672
71171-4-1-4.wav,a vacuum cleaner is running at a constant speed,0.0008259672
71171-4-1-5.wav,a machine is running at a constant speed and volume,0.0008165623
71171-4-2-0.wav,an electric saw is being used to cut something,0.99786013
71171-4-2-1.wav,a machine is making a high pitched noise,0.0010502858
71171-4-3-0.wav,a person is using a saw to cut a piece of wood,0.99787414
71171-4-3-1.wav,a machine is running at a high speed and then speeds up,0.0008062062
71171-4-3-2.wav,a vacuum cleaner is being operated with a high speed,0.0008714268
71171-4-4-0.wav,a bird is making a loud noise as it is moving,0.9971198
71171-4-5-0.wav,a person is using a tool to clean something,0.0011316012
71173-2-0-103.wav,a person is walking on a hard surface with pebbles,0.0010796613
71173-2-0-13.wav,people are talking in the background while a man is walking,0.029287174
71173-2-0-17.wav,a person is walking in the water while birds are chirping in the background,0.0010796953
71173-2-0-21.wav,people are talking and children are playing in the background,0.0026602861
71173-2-0-24.wav,people are talking in the background while a man is speaking,0.0045346636
71173-2-0-69.wav,children are playing on a playground and talking to each other,0.0015016812
71173-2-0-71.wav,a skateboard is rolling across the ground at a steady pace,0.0012843009
71173-2-0-88.wav,people are talking and walking in a park with children playing in the background,0.0031343354
71177-8-0-0.wav,a police car siren is blaring and a bird is chirping in the background,0.9981647
71177-8-0-1.wav,a siren is blaring and a police car is passing by,0.9981207
71177-8-1-0.wav,a police siren is blaring with sirens and emergency vehicles,0.9980958
71177-8-1-1.wav,a police siren is blaring with sirens and emergency vehicles,0.9980958
71177-8-1-2.wav,a police siren is blaring and a vehicle is driving by,0.99814916
71177-8-1-3.wav,a police siren is blaring with sirens and emergency vehicles,0.9980958
71177-8-1-4.wav,a police siren is blaring with sirens and emergency vehicles,0.9980958
71177-8-2-0.wav,a siren is blaring and a police car is passing by,0.9981207
71177-8-2-1.wav,a siren is blaring and a police car is passing by,0.9981207
71309-1-0-0.wav,people are talking while cars are honking and horns are blaring,0.9981158
71309-1-0-1.wav,a car horn is honking while people are shouting and cheering,0.9981192
71309-1-0-2.wav,a car horn is honking while people are cheering and a whistle is blowing,0.99819523
71309-1-0-3.wav,a car horn is honking and a whistle is blowing,0.9982146
71309-1-0-4.wav,a car horn is honking and a whistle is blowing,0.9982146
71309-1-0-5.wav,a horn is honking and a whistle is blowing,0.998187
71309-1-0-6.wav,a car horn is honking and a whistle is blowing,0.9982146
71309-1-0-7.wav,a car horn is honking and a whistle is blowing,0.9982146
71309-1-0-8.wav,a car horn is honking while a siren is blaring,0.9981316
71309-1-1-0.wav,a car horn honks and then a vehicle drives by,0.99812776
71309-1-2-0.wav,a piece of metal is being struck against another hard object,0.623754
71312-3-0-1.wav,a group of dogs are barking loudly at the same time,0.9981475
71312-3-0-2.wav,a group of dogs are barking loudly at each other,0.99802077
71312-3-0-4.wav,a group of dogs are barking loudly at each other,0.99802077
71312-3-0-5.wav,a group of dogs are barking loudly in the background,0.99809164
71439-1-0-0.wav,a car horn honks and horns honk at the end,0.9981142
71439-1-2-0.wav,a car horn honks while a vehicle drives by,0.99818915
71439-1-3-0.wav,a car horn honks and horns honking in the background,0.99814856
71529-4-0-0.wav,a drill is being used to cut up and down,0.0011571336
71529-4-0-1.wav,a machine is running at a constant speed and then it is turned off,0.00079954905
71529-4-0-2.wav,a vacuum cleaner is being used to cut up and down,0.0010532587
71529-4-1-0.wav,a machine is running and making a high pitched whine,0.0014027862
71529-4-1-1.wav,a machine is running at a constant speed and then it is turned off,0.00079954905
71529-4-1-2.wav,a machine is running at a constant speed and then it is turned off,0.00079954905
71529-4-1-3.wav,a machine is running at a constant speed and then it is turned off,0.00079954905
71529-4-1-4.wav,a machine is running at a constant speed and then it is turned off,0.00079954905
71529-4-1-5.wav,a vacuum cleaner is being used to cut something,0.0012143158
71529-4-1-6.wav,a vacuum cleaner is being used to cut up and down,0.0010532587
71700-3-3-2.wav,water is being splashed around in a stream and a person is splashing in the,0.00082329276
71700-3-4-0.wav,water is being splashed around in a lake,0.0008839529
71700-3-4-1.wav,a person is splashing in water with their hands and a dog barking in the,0.9225285
71700-3-4-3.wav,the wind is blowing and a dog is barking in the background,0.9979831
71866-9-0-14.wav,a person is playing a musical instrument in the background,0.08164856
71866-9-0-21.wav,a person is playing a musical instrument in the background,0.08164856
71866-9-0-23.wav,someone is playing a musical instrument with a violin,0.0014590465
71866-9-0-3.wav,a person is playing a song on a violin,0.026040334
71866-9-0-31.wav,a violin is playing a song in the background,0.99153394
71866-9-0-32.wav,a violin is playing a song in the background,0.99153394
72015-2-0-0.wav,fireworks are being set off in the distance,0.0011099126
72015-2-0-1.wav,fireworks are being set off in the distance,0.0011099126
72015-2-0-2.wav,a person is banging on a drum while people are talking in the background,0.99485695
72015-2-0-3.wav,people are talking and banging on a hard surface,0.0015176148
72015-2-0-4.wav,a group of people are talking and a drum is being played,0.0015591683
72015-2-0-5.wav,people are talking while a drum is being played,0.010898467
72220-3-0-0.wav,water is dripping in a sink and a person is in the shower,0.00078742544
72220-3-2-2.wav,a dog is barking while a person is in the background,0.99812776
72220-3-2-3.wav,a dog is barking and a cow is making sounds in the background,0.9982461
72220-3-2-4.wav,a dog is barking while a person is in the background,0.99812776
72221-3-1-0.wav,a dog is barking while a person is walking in the background,0.9981352
72221-3-4-1.wav,a dog is barking while a person is walking in the background,0.9981352
72221-3-4-5.wav,a dog is barking while a person is walking in the background,0.9981352
72221-3-4-7.wav,a dog is barking and a man is speaking in the background,0.9980908
72259-1-0-0.wav,a car horn honks and horns honk at the same time,0.99815625
72259-1-0-1.wav,a car horn honks while a vehicle drives by and a whistle blows,0.998207
72259-1-0-2.wav,a car horn is honking while a vehicle is driving by,0.998204
72259-1-0-3.wav,a car horn honks and a whistle blows,0.99811506
72259-1-0-4.wav,a horn is blown over a crowd cheers and a whistle is blowing,0.99578154
72259-1-0-5.wav,a large truck is driving by and a horn is blaring,0.9982546
72259-1-1-0.wav,a crowd of people are cheering and whistling loudly,0.7945173
72259-1-10-0.wav,a car horn honks while traffic horns honk in the background,0.9982127
72259-1-10-1.wav,a car horn honks and a vehicle drives by,0.9981193
72259-1-10-10.wav,a car horn is honking and horns are blaring,0.99813676
72259-1-10-11.wav,a car horn is honking and a whistle is blowing,0.9982146
72259-1-10-12.wav,a car horn is honking and horns are blaring,0.99813676
72259-1-10-13.wav,a car horn honks and horns honk in the background,0.99818367
72259-1-10-14.wav,a car horn is honking while cars are passing by in the background,0.9981735
72259-1-10-2.wav,a train horn blows as a car honks its whistle in the background,0.99823904
72259-1-10-3.wav,a car horn honks and a vehicle horns honk at the same time,0.99815696
72259-1-10-4.wav,a car horn is honking and horns are blaring in the background,0.9981772
72259-1-10-5.wav,a car horn is honking while cars are passing by and horns are blaring,0.9981211
72259-1-10-6.wav,a car horn is honking while traffic horns are blaring,0.99816126
72259-1-10-7.wav,a car horn is honking while traffic horns are blaring in the background,0.9981693
72259-1-10-8.wav,a car horn honks and horns honking in the background,0.99814856
72259-1-10-9.wav,a car horn honks and horns honking in the background,0.99814856
72259-1-2-0.wav,a car alarm is sounding in the background while a siren is blaring,0.99808913
72259-1-3-0.wav,a siren wails in the distance as a train passes by,0.99777573
72259-1-5-0.wav,a horn is blaring and people are talking in the background,0.99824023
72259-1-5-1.wav,a car drives by and a siren blares in the distance,0.9982395
72259-1-5-2.wav,a horn is blaring and a train is passing by,0.99819726
72259-1-5-3.wav,a horn is blaring and traffic is moving in the background,0.9982303
72259-1-5-4.wav,a siren is blaring and traffic is moving in the background,0.99813086
72259-1-6-0.wav,a car horn honks while cars drive by in the background,0.9981499
72259-1-6-1.wav,a car horn honks and a whistle blows,0.99811506
72259-1-7-0.wav,a horn honks and a car horns honk at the same time,0.99814975
72259-1-7-1.wav,a horn is honking and a car honks at the same time,0.99819607
72259-1-7-10.wav,a car horn honks and horns honking in the background,0.99814856
72259-1-7-11.wav,a car horn honks and horns honking in the background,0.99814856
72259-1-7-12.wav,a car horn honks and horns honking in the background,0.99814856
72259-1-7-13.wav,a car horn honks at a constant rate in the foreground,0.99812275
72259-1-7-14.wav,a car horn honks at a constant rate in the foreground,0.99812275
72259-1-7-15.wav,a car horn honks and horns honking in the background,0.99814856
72259-1-7-16.wav,a car horn honks at a constant speed and horns honking,0.99809307
72259-1-7-17.wav,a car horn honks and horns honk in the background,0.99818367
72259-1-7-18.wav,a car horn honks and horns honking in the background,0.99814856
72259-1-7-19.wav,a car horn is honking while traffic horns are blaring in the background,0.9981693
72259-1-7-2.wav,a car horn is honking and horns are blaring,0.99813676
72259-1-7-20.wav,a car horn honks and horns honking in the background,0.99814856
72259-1-7-21.wav,a car horn honks and horns honking in the background,0.99814856
72259-1-7-22.wav,a car horn honks and horns honk at a busy street,0.9981488
72259-1-7-3.wav,a car horn honks and a vehicle drives by,0.9981193
72259-1-7-4.wav,a car horn honks and a vehicle drives by,0.9981193
72259-1-7-5.wav,a car horn is honking and horns are blaring,0.99813676
72259-1-7-6.wav,a car horn honks and a vehicle drives by,0.9981193
72259-1-7-7.wav,a car horn honks at a constant rate in the foreground,0.99812275
72259-1-7-8.wav,a car horn honks at a constant rate in the foreground,0.99812275
72259-1-7-9.wav,a car horn honks at a constant rate in the foreground,0.99812275
72259-1-8-0.wav,a car horn honks while cars drive by in the background,0.9981499
72259-1-9-0.wav,a car horn honks while cars drive by and a whistle blows,0.998185
72259-1-9-1.wav,a group of people are talking while cars are honking in the background,0.9980876
72259-1-9-10.wav,a car horn honks while cars drive by in the background,0.9981499
72259-1-9-11.wav,a car horn is honking while cars are passing by in the background,0.9981735
72259-1-9-12.wav,a car horn honks and a whistle blows,0.99811506
72259-1-9-13.wav,a car horn honks while a whistle is blowing,0.9982267
72259-1-9-14.wav,a car alarm is going off while a siren is blaring,0.9981061
72259-1-9-15.wav,a car horn honks and a whistle blows,0.99811506
72259-1-9-16.wav,a car horn honks while a vehicle drives by,0.99818915
72259-1-9-17.wav,a car horn is sounding in the background while a vehicle is honking,0.9981249
72259-1-9-2.wav,a car horn is blaring and people are talking in the background,0.9982653
72259-1-9-3.wav,a large group of people are shouting and yelling,0.9966725
72259-1-9-4.wav,a car horn is honking and a whistle is blowing,0.9982146
72259-1-9-5.wav,a car horn is honking and horns are blaring,0.99813676
72259-1-9-6.wav,a car horn is honking and a vehicle is passing by,0.9981823
72259-1-9-7.wav,a marching band is playing a song with drums and cymbals,0.010658281
72259-1-9-8.wav,a marching band is playing with drums and bagpipes,0.002224919
72259-1-9-9.wav,a marching band is playing with drums and horns in the background,0.038657565
72261-3-0-17.wav,a dog is barking loudly at a consistent rate,0.9981014
72261-3-0-23.wav,a dog is barking loudly and sporadically in the distance,0.99816763
72261-3-0-27.wav,a dog is barking loudly and another bird is chirping in the background,0.99810886
72261-3-0-6.wav,a dog is barking loudly and sporadically in the distance,0.99816763
72265-3-15-0.wav,birds are chirping and singing in the background,0.99793786
72265-3-4-0.wav,a bird is chirping and a dog is barking in the background,0.99383545
72265-3-5-0.wav,birds are chirping and a dog is barking in the background,0.93942416
72265-3-7-0.wav,birds are chirping and a bird is singing in the background,0.9980987
72537-3-0-2.wav,a dog is barking and growling at a constant rate,0.99806136
72537-3-0-6.wav,a dog is barking and growling at a hard surface,0.99774784
72537-3-0-8.wav,a dog is barking and growling at a constant pace,0.9979721
72538-3-0-0.wav,a dog is barking loudly at a steady pace,0.99814415
72538-3-0-1.wav,a dog is barking and growling at a high pitch,0.99821883
72538-3-0-3.wav,a dog is barking loudly at a steady pace,0.99814415
72538-3-0-4.wav,a dog is barking loudly at a steady pace,0.99814415
72539-3-0-1.wav,a dog is barking loudly and sporadically,0.9981115
72539-3-0-5.wav,a dog is barking and growling at a consistent rate,0.99795
72539-3-0-6.wav,a dog is barking and growling at a distance,0.99798787
72539-3-0-8.wav,a dog is barking and a man is speaking,0.9979406
72567-1-0-0.wav,a car horn is honking and a siren is blaring in the background,0.99812096
72567-1-0-1.wav,a car horn is honking and a whistle is blowing,0.9982146
72567-1-1-0.wav,a car horn honks at a high speed while a train screeches,0.99810517
72567-1-2-0.wav,a car horn honks and a vehicle passes by,0.99815243
72567-1-2-1.wav,a car horn honks and a vehicle passes by,0.99815243
72567-1-2-2.wav,a car horn is blaring and a siren is going off,0.99813545
72567-1-2-3.wav,a car is driving down the road with a high speed,0.0008723921
72567-1-2-4.wav,a car horn is blaring and cars are honking in the background,0.998133
72567-1-2-5.wav,a car horn is honking in the background,0.9981812
72567-1-3-0.wav,a large amount of people are singing and cheering,0.01525474
72567-1-4-0.wav,a car horn honks and a vehicle horns honk at the same time,0.99815696
72567-1-4-1.wav,a car horn honks while traffic horns honk in the background,0.9982127
72567-1-4-2.wav,a car horn honks while a vehicle drives by,0.99818915
72567-1-4-3.wav,a car horn is sounding in the background while a vehicle is honking,0.9981249
72567-1-4-4.wav,a car horn is sounding in the background while a vehicle is honking,0.9981249
72567-1-4-5.wav,a car horn honks and then a vehicle drives by,0.99812776
72567-1-4-6.wav,a car horn is honking at a high speed,0.9982167
72567-1-4-7.wav,a car horn is honking at a high speed,0.9982167
72567-1-5-0.wav,a train horn is blowing and a whistle is blaring,0.9982229
72579-3-0-0.wav,a dog barking and dogs bark at a medium pitch,0.9967457
72579-3-0-2.wav,a dog is barking and a woman is speaking in the background,0.99812645
72579-3-0-3.wav,a dog is barking and a woman is speaking in the background,0.99812645
72579-3-0-4.wav,a dog is barking loudly and sporadically,0.9981115
72723-3-0-0.wav,a dog barking and growling at a medium pitch,0.99795914
72724-3-1-0.wav,a baby is crying and whining in the background,0.9981509
72724-3-2-7.wav,a dog is barking and growling at a consistent pace,0.99614006
72724-3-2-8.wav,a dog is barking and growling in the background,0.9981376
72724-3-2-9.wav,a dog is barking and a man is yelling in the background,0.99818194
72829-3-0-0.wav,a dog is barking and dogs are howling in the background,0.9981268
72829-3-0-1.wav,a dog barking and dogs bark at a medium pitch,0.9967457
72829-3-0-2.wav,a dog barking and dogs bark in the background,0.99812275
73168-1-0-0.wav,a car horn honking horns in the background,0.99811697
73168-1-1-0.wav,a car horn is honking and a siren is blaring,0.9980933
73168-1-2-0.wav,a car horn honks and horns honking in the background,0.99814856
73277-9-0-0.wav,people are talking while music is playing in the background,0.94793785
73277-9-0-16.wav,a band is playing a song while people are talking in the background,0.98261327
73277-9-0-17.wav,people are talking while music is playing in the background,0.94793785
73277-9-0-19.wav,people are talking while music is playing in the background,0.94793785
73277-9-0-24.wav,people are talking in the background as music plays in the distance,0.0029487931
73277-9-0-28.wav,a crowd of people are talking in the background,0.004290917
73373-3-0-0.wav,dogs are barking at the distance and a dog barks,0.01067784
73524-0-0-0.wav,a machine is running at a constant speed,0.0008257412
73524-0-0-101.wav,a machine is running at a constant speed,0.0008257412
73524-0-0-105.wav,a machine is running at a constant speed,0.0008257412
73524-0-0-113.wav,a machine is running at a constant speed,0.0008257412
73524-0-0-114.wav,a machine is running at a constant speed,0.0008257412
73524-0-0-126.wav,a machine is running at a constant speed,0.0008257412
73524-0-0-127.wav,a machine is running at a constant speed,0.0008257412
73524-0-0-128.wav,a machine is running at a constant speed,0.0008257412
73524-0-0-133.wav,a machine is running at a constant speed,0.0008257412
73524-0-0-137.wav,a machine is running at a constant speed,0.0008257412
73524-0-0-2.wav,a machine is running and then it is turned on and off,0.00081255863
73524-0-0-23.wav,a machine is running at a constant speed and volume,0.0008165623
73524-0-0-30.wav,a machine is running at a constant speed and volume,0.0008165623
73524-0-0-31.wav,a car is driving on a road with a constant speed,0.00093735085
73524-0-0-32.wav,a car is driving on a road with a constant speed,0.00093735085
73524-0-0-5.wav,a machine is running at a constant speed and then it slows down,0.0008045527
73524-0-0-52.wav,a machine is running at a constant speed and then stops,0.00080265966
73524-0-0-54.wav,a machine is running at a constant speed and then it is turned off,0.00079954905
73524-0-0-6.wav,a machine is running at a constant speed and volume,0.0008165623
73524-0-0-63.wav,a machine is running at a constant speed,0.0008257412
73524-0-0-73.wav,a machine is running at a constant speed,0.0008257412
73524-0-0-74.wav,a machine is running at a constant speed,0.0008257412
73524-0-0-8.wav,a machine is running at a constant speed and volume,0.00081656186
73524-0-0-92.wav,a machine is running at a constant speed,0.0008257412
73524-0-0-98.wav,a machine is running at a constant speed,0.0008257412
73524-0-0-99.wav,a machine is running at a constant speed,0.0008257412
73623-7-0-0.wav,a jackhammer is being used to cut wood,0.9976373
73623-7-1-0.wav,a jackhammer is running at a constant speed and steady pace,0.008224865
73623-7-1-1.wav,a jackhammer is running at a constant speed and then stops,0.99116474
73623-7-2-0.wav,a chainsaw is cutting through a piece of wood,0.99795234
73623-7-3-0.wav,a machine is running at a constant speed,0.0008257412
73623-7-4-0.wav,someone is using a jackhammer to cut a lawn,0.9974732
73623-7-5-0.wav,a jackhammer pounds against a hard surface at a constant speed,0.9913545
73623-7-6-0.wav,a jackhammer pounds against a construction site in the background,0.9968131
7383-3-0-0.wav,a dog is barking and a person is walking on a hard surface,0.98969114
7383-3-0-1.wav,a dog is barking and a person is walking on a hard surface,0.98969114
7383-3-1-0.wav,a dog is barking loudly at a constant rate,0.99816555
7389-1-0-0.wav,a machine is running and a bell is ringing in the background,0.0010475926
7389-1-0-1.wav,a jackhammer is running and a person is hammering a piece of metal,0.9909087
7389-1-0-2.wav,a jackhammer is running and a person is using a drill,0.987311
7389-1-0-3.wav,a jackhammer is running and a person is using a drill,0.987311
7389-1-0-4.wav,a machine is making a loud noise while it is being used,0.0011853894
7389-1-0-5.wav,a machine is running and a person is hammering a piece of metal,0.0008635107
7389-1-0-6.wav,a jackhammer is running and a machine is making a loud noise in the background,0.9979995
7389-1-0-7.wav,a machine is running at a constant speed and then stops,0.00080265966
7389-1-1-0.wav,a car horn honks while cars drive by in the background,0.9981499
7389-1-2-0.wav,a car horn honks and horns honk in the background,0.99818367
7389-1-2-1.wav,a car horn is honking while traffic horns are blaring in the background,0.9981693
7389-1-2-2.wav,a car horn honks and horns honking in the background,0.99814856
7389-1-2-3.wav,a car horn honks and horns honking in the background,0.99814856
7389-1-3-0.wav,a person is walking on a sidewalk and a car horn is honking,0.9980375
7389-1-3-1.wav,a car horn honks while a vehicle drives by,0.99818915
7389-1-3-2.wav,a car horn honks while traffic horns honk in the background,0.9982127
7389-1-3-3.wav,a car horn is honking while cars are passing by in the background,0.9981735
7389-1-3-4.wav,a car horn is honking at a constant speed,0.99815387
7389-1-3-5.wav,a car horn is honking while traffic is moving in the background,0.9981968
7389-1-4-0.wav,a machine is running at a constant speed and a car horn honks,0.99785835
7389-1-4-1.wav,a car is driving by and a horn is blaring,0.99822813
7389-1-4-10.wav,a car horn honks and horns honk at a busy street,0.9981488
7389-1-4-11.wav,a car horn is honking while a siren is blaring,0.9981316
7389-1-4-12.wav,a car horn honks while a siren blares in the background,0.9980869
7389-1-4-13.wav,a car horn honks while traffic horns honk in the background,0.9982127
7389-1-4-14.wav,a car horn honks while traffic horns honk in the background,0.9982127
7389-1-4-15.wav,a car horn honks while traffic horns honk in the background,0.9982127
7389-1-4-2.wav,a car drives by and a motorcycle passes by,0.003358546
7389-1-4-3.wav,a motorcycle is driving by and a car is passing by,0.0014875918
7389-1-4-4.wav,a motorcycle is revving its engine and driving away,0.00084807276
7389-1-4-5.wav,a motorcycle is revving its engine as it drives by,0.0010660726
7389-1-4-6.wav,a motorcycle is revving its engine and the car drives by,0.0011682532
7389-1-4-7.wav,a car horn honks while traffic passes by in the background,0.9981439
7389-1-4-8.wav,a car horn is honking while traffic is moving in the background,0.9981968
7389-1-4-9.wav,a car horn honks and horns honk at a busy street,0.9981488
7390-9-0-0.wav,a crowd of people are clapping and cheering while a man is speaking,0.003174125
7390-9-0-3.wav,a group of people are clapping chanting and cheering,0.0017220727
7390-9-0-6.wav,a crowd is cheering and a man is speaking,0.0016106074
7390-9-0-9.wav,a crowd of people are talking and cheering at the same time,0.002169119
7390-9-1-11.wav,a drum is being played with drums and people talking in the background,0.98916256
7390-9-1-12.wav,a marching band is playing with drums and people are cheering,0.0020028357
7390-9-1-5.wav,a marching band is playing a drum while drums are being played,0.0018839533
74226-9-0-0.wav,a group of people are singing and clapping their hands,0.0012934253
74226-9-0-10.wav,a person is singing a tambourine and a choir sings in the background,0.90355515
74226-9-0-13.wav,a group of people are singing a tambourine and a song is being played,0.16255695
74226-9-0-14.wav,a group of people are singing a song and a tambourine is clapping,0.00927012
74226-9-0-21.wav,a group of people are clapping and singing in a large room,0.03275587
74226-9-0-6.wav,a group of people are singing and clapping together,0.0011423908
74226-9-0-7.wav,a group of people are singing and chanting,0.0013444128
74364-8-1-0.wav,birds are chirping in the background while a soft wind blows,0.001636914
74364-8-1-1.wav,birds are chirping and singing in the distance,0.0017149851
74364-8-1-10.wav,birds are chirping and singing in the distance,0.0017149851
74364-8-1-11.wav,birds are chirping and singing in the distance,0.0017149851
74364-8-1-12.wav,birds are chirping and singing in the distance,0.0017149851
74364-8-1-13.wav,birds are chirping in the distance and a plane is flying overhead,0.0010607071
74364-8-1-14.wav,birds are chirping and singing in the background,0.99793786
74364-8-1-15.wav,birds are chirping and singing in the distance,0.0017149851
74364-8-1-16.wav,birds are chirping in the background while a siren is blaring,0.9980597
74364-8-1-17.wav,birds are chirping and singing in the distance,0.0017149851
74364-8-1-18.wav,birds are chirping and singing in the distance,0.0017149851
74364-8-1-19.wav,birds are chirping and singing in the distance,0.0017149851
74364-8-1-2.wav,birds are chirping and singing in the background,0.99793786
74364-8-1-20.wav,birds are chirping and singing in the distance,0.0017149851
74364-8-1-21.wav,birds are chirping and singing in the forest,0.7093011
74364-8-1-22.wav,birds are chirping and singing in the distance,0.0017149851
74364-8-1-23.wav,birds are chirping and singing in the distance,0.0017149851
74364-8-1-24.wav,birds are chirping and singing in the distance,0.0017149851
74364-8-1-25.wav,birds are chirping and singing in the distance,0.0017149851
74364-8-1-26.wav,birds are chirping and singing in the distance,0.0017149851
74364-8-1-27.wav,birds are chirping and singing in the distance,0.0017149851
74364-8-1-3.wav,birds are chirping and singing in the distance,0.0017149851
74364-8-1-4.wav,birds are chirping and singing in the distance,0.0017149851
74364-8-1-5.wav,birds are chirping and singing in the distance,0.0017149851
74364-8-1-6.wav,birds are chirping and singing in the distance,0.0017149851
74364-8-1-7.wav,birds are chirping in the distance and a bird is singing,0.0021083972
74364-8-1-8.wav,birds are chirping and singing in the distance,0.0017149851
74364-8-1-9.wav,birds are chirping and singing in the background,0.99793786
74458-9-0-5.wav,people are talking in the distance while a person is walking on a hard surface,0.0014496276
74458-9-0-7.wav,music is playing in the distance and a person is walking,0.0013165253
74458-9-1-12.wav,people are talking in the background while a woman is speaking,0.004878998
74458-9-1-13.wav,a crowd of people are talking while music plays in the background,0.17178
74458-9-1-5.wav,a crowd of people are talking and a man is speaking,0.0017302436
74458-9-2-18.wav,a vehicle is driving on a road with a rattling sound in the background,0.99825186
74495-3-0-0.wav,a dog is barking loudly and consistently but it gets louder,0.9982279
74495-3-0-1.wav,a dog is barking and birds are chirping in the background,0.9807844
74507-0-0-0.wav,a machine is running at a constant speed and steady,0.0008312715
74507-0-0-1.wav,a machine is running at a constant speed,0.0008257412
74507-0-0-10.wav,a machine is running at a constant speed and steady,0.0008312715
74507-0-0-11.wav,a machine is running at a constant speed,0.0008257412
74507-0-0-12.wav,a machine is running at a constant speed,0.0008257412
74507-0-0-13.wav,a machine is running at a constant speed and steady,0.0008312715
74507-0-0-14.wav,a machine is running at a constant speed,0.0008257412
74507-0-0-15.wav,a machine is running at a constant speed,0.0008257412
74507-0-0-16.wav,a machine is running at a constant speed,0.0008257412
74507-0-0-17.wav,a machine is running at a constant speed,0.0008257412
74507-0-0-18.wav,a machine is running at a constant speed,0.0008257412
74507-0-0-2.wav,a machine is running at a constant speed,0.0008257412
74507-0-0-20.wav,a machine is running at a constant speed,0.0008257412
74507-0-0-22.wav,a machine is running at a constant speed,0.0008257412
74507-0-0-23.wav,a machine is running at a constant speed,0.0008257412
74507-0-0-24.wav,a machine is running at a constant speed,0.0008257412
74507-0-0-25.wav,a machine is running at a constant speed,0.0008257412
74507-0-0-27.wav,a machine is running at a constant speed and steady,0.0008312715
74507-0-0-28.wav,a machine is running at a constant speed,0.0008257412
74507-0-0-3.wav,a machine is running at a constant speed,0.0008257412
74507-0-0-4.wav,a machine is running at a constant speed,0.0008257412
74507-0-0-5.wav,a machine is running at a constant speed,0.0008257412
74507-0-0-6.wav,a machine is running at a constant speed and steady,0.0008312715
74507-0-0-8.wav,a machine is running at a constant speed,0.0008257412
74507-0-0-9.wav,a machine is running at a constant speed,0.0008257412
74513-3-0-0.wav,a dog is barking and birds are chirping in the background,0.9807844
74513-3-0-3.wav,a dog is barking and birds are chirping in the background,0.9807844
74513-3-0-5.wav,a dog barking and dogs bark in the background,0.99812275
74513-3-0-6.wav,a dog barking and dogs bark in the background,0.99812275
74677-0-0-0.wav,people are talking in the background while a woman is speaking,0.004879003
74677-0-0-10.wav,people are talking in the background as a man is speaking,0.0018366012
74677-0-0-105.wav,people are talking in the background as dishes are being moved around,0.002115782
74677-0-0-116.wav,a group of people are talking in a crowded restaurant,0.0017368764
74677-0-0-13.wav,people are talking in the background while dishes are being stacked,0.0018008797
74677-0-0-130.wav,a crowd of people are talking in the background,0.004290917
74677-0-0-134.wav,a group of people are talking and chatting in the background,0.0012494262
74677-0-0-135.wav,people are talking in the background while a woman is speaking,0.004879003
74677-0-0-14.wav,people are talking in the background while a crowd is in the foreground,0.96240723
74677-0-0-19.wav,a crowd of people are talking in the background,0.004290917
74677-0-0-2.wav,people are talking in the background while a man is speaking,0.0045346757
74677-0-0-21.wav,a crowd of people are talking in the background,0.004290917
74677-0-0-28.wav,a group of people are talking in a crowded restaurant,0.0017368764
74677-0-0-3.wav,a group of people are talking and chatting in the background,0.0012494262
74677-0-0-35.wav,a crowd of people are talking in the background,0.004290917
74677-0-0-36.wav,a group of people are talking and chatting in the background,0.0012494262
74677-0-0-38.wav,a group of people are talking in a restaurant,0.0012460296
74677-0-0-47.wav,people are talking in the background as dishes are being stacked,0.0013554146
74677-0-0-56.wav,a group of people are talking and dishes are being stacked,0.0009826248
74677-0-0-57.wav,people are talking in the background as dishes are being stacked,0.0013554146
74677-0-0-58.wav,a crowd of people are talking in the background,0.004290917
74677-0-0-6.wav,a group of people are talking in the background,0.0014614314
74677-0-0-61.wav,people are talking in the background while a woman is speaking,0.004879003
74677-0-0-64.wav,a group of people are talking in the background,0.0014614314
74677-0-0-66.wav,people are talking in the background while dishes are being moved,0.0016888743
74677-0-0-67.wav,people are talking in the background and a crowd is murmuring,0.9060704
74677-0-0-69.wav,a group of people are talking in a crowded restaurant,0.0017368764
74677-0-0-75.wav,a group of people are talking and laughing in a public place,0.001162636
74677-0-0-92.wav,people are talking in the background while dishes are being stacked,0.0018008797
74677-0-0-94.wav,people are talking in the background while a machine is running,0.0019756856
74677-0-0-95.wav,people are talking in the background as a machine is running,0.0011532941
74723-3-0-0.wav,a dog is barking loudly at a consistent rate,0.9981014
74723-3-0-1.wav,a dog is barking loudly and sporadically,0.9981115
74723-3-0-2.wav,a dog is barking loudly and sporadically,0.9981115
74725-3-0-0.wav,a dog is barking and a bird is chirping in the background,0.99575317
74725-3-0-1.wav,a dog is barking and a bird is chirping in the background,0.99575317
74726-8-0-0.wav,a police car with a siren blaring and sirens going off,0.99803644
74726-8-0-1.wav,a police siren is blaring with sirens and emergency vehicles,0.9980958
74726-8-0-10.wav,a siren is blaring while a police car is passing by,0.9981572
74726-8-0-11.wav,a siren is blaring and a police car is driving by,0.99813926
74726-8-0-12.wav,a siren is blaring while a police car is driving by,0.9981857
74726-8-0-13.wav,a siren is blaring and birds are chirping in the background,0.99805105
74726-8-0-14.wav,a siren is blaring and a police car alarm is going off,0.9980495
74726-8-0-15.wav,a siren is blaring and a police car alarm is going off,0.9980495
74726-8-0-16.wav,a siren is blaring and a police car alarm is going off,0.9980495
74726-8-0-2.wav,a police siren is blaring with sirens and emergency vehicles,0.9980958
74726-8-0-3.wav,a siren is blaring while a police car is driving by,0.9981857
74726-8-0-4.wav,a siren is blaring and a dog is barking,0.9981165
74726-8-0-5.wav,a siren is blaring while a dog is barking and a police car is driving,0.9981964
74726-8-0-6.wav,a siren is blaring while people are talking in the background,0.9982078
74726-8-0-7.wav,a siren is blaring while people are talking in the background,0.9982078
74726-8-0-8.wav,a siren is blaring and a police sirens are sounding,0.99818426
74726-8-0-9.wav,a siren is blaring while people are talking in the background,0.9982078
74726-8-1-0.wav,a police siren is blaring and a vehicle is passing by,0.99814403
74726-8-1-1.wav,a police siren is blaring and a vehicle is passing by,0.99814403
74726-8-1-2.wav,a siren is blaring and a police car is passing by,0.9981207
74726-8-2-0.wav,a siren is blaring and a police car is passing by,0.9981207
74726-8-2-1.wav,a siren is blaring and a police car is passing by,0.9981207
74726-8-2-2.wav,a siren is blaring and a police car alarm is going off,0.9980495
74726-8-2-3.wav,a siren is blaring and a police car is driving by,0.99813926
74726-8-2-4.wav,a siren is blaring and a police car is passing by,0.9981207
74726-8-2-5.wav,a siren is blaring and a police car is driving by,0.99813926
74810-9-0-27.wav,a group of people are talking while music is playing in the background,0.0785399
74810-9-0-32.wav,a crowd of people are talking while a person is walking,0.0031313985
74810-9-0-5.wav,a crowd of people are talking while cars are passing by,0.009218106
74810-9-1-12.wav,music is playing and people are talking in the background,0.31362024
74810-9-1-5.wav,a man is speaking while music is playing in the background,0.93165517
74850-9-0-11.wav,a group of people are talking and laughing in a crowd,0.0021170448
74850-9-0-18.wav,a group of people are talking and singing together,0.0013132328
74850-9-0-22.wav,a group of people are talking and singing in a crowd,0.0035973182
74850-9-0-27.wav,a crowd of people are talking in the background,0.0042909
74850-9-0-5.wav,a group of people are talking and singing while music plays in the background,0.009736919
74850-9-0-6.wav,a group of people are singing and music is playing,0.0011504632
74922-4-0-0.wav,a power tool is being used to cut wood,0.0011255988
74922-4-0-1.wav,someone is using a tool to cut a piece of wood,0.24575116
74922-4-0-2.wav,a machine is running at a constant speed,0.0008257412
74922-4-0-3.wav,a machine is running at a constant speed,0.0008257412
74922-4-0-4.wav,a machine is running at a constant speed,0.0008257412
74922-4-0-5.wav,a power tool is being used to cut wood,0.0011255988
74922-4-0-6.wav,a person is using a weed eater power tool,0.0013747115
74922-4-0-7.wav,a power tool is being used to cut a piece of wood,0.003019623
74950-3-0-0.wav,a dog barking and dogs bark at the distance,0.9964946
74950-3-2-4.wav,a dog barking dogs bark at the distance,0.99717605
74950-3-2-5.wav,dogs are barking at the distance and a dog barks,0.010677913
74965-4-0-0.wav,a drill is being used to cut wood,0.0013818587
74965-4-0-1.wav,a machine is running at a constant speed and then it is cutting a piece,0.0009792342
74965-4-0-2.wav,a machine is running at a high speed,0.00086413627
74965-4-0-3.wav,a power tool is being used to cut wood,0.0011255988
74965-4-1-0.wav,a vacuum cleaner is being used to cut something,0.0012143158
74965-4-1-1.wav,a machine is running at a constant speed and then it is used to cut,0.0008747636
74965-4-1-2.wav,a power tool is being used to cut wood,0.0011255988
75490-8-0-0.wav,an emergency siren is sounding in the background,0.9978684
75490-8-0-1.wav,a police siren is blaring with a high pitch,0.9981154
75490-8-0-2.wav,a siren is blaring and a police car alarm is sounding,0.9980679
75490-8-1-0.wav,a siren is blaring while birds are chirping in the background,0.9980434
75490-8-1-1.wav,people are talking while a siren is blaring in the background,0.99818426
75743-0-0-0.wav,a fan is running and people are talking in the background,0.001730881
75743-0-0-1.wav,people are talking in the background while a fan is running,0.0036200683
75743-0-0-10.wav,a person is walking on a hard surface and people are talking in the background,0.29121503
75743-0-0-11.wav,a fan is running and a person is walking in the background,0.0025942344
75743-0-0-12.wav,a person is writing on a piece of paper with a pencil,0.00091295945
75743-0-0-13.wav,a person is working on a piece of wood,0.0012253621
75743-0-0-14.wav,a machine is running and people are talking in the background,0.0010134589
75743-0-0-15.wav,people are talking in the background while a fan is running,0.0036200683
75743-0-0-16.wav,a person is walking on a hard surface while a fan is running in the,0.0012051483
75743-0-0-17.wav,a machine is running at a constant rate and then it is raining,0.00078652555
75743-0-0-18.wav,a machine is running in the background while a person is walking,0.0010535937
75743-0-0-19.wav,a person is writing on a piece of wood with a pencil,0.0009598996
75743-0-0-2.wav,people are talking in the background while a machine is running,0.0019756875
75743-0-0-20.wav,a machine is running in the background while a person is walking,0.0010535937
75743-0-0-21.wav,a machine is running at a constant rate and then it is raining,0.00078652555
75743-0-0-22.wav,a machine is running while a person is walking in the background,0.0011094619
75743-0-0-23.wav,a machine is running and a person is whispering quietly in the background,0.5615667
75743-0-0-3.wav,a machine is running and people are talking in the background,0.0010134589
75743-0-0-4.wav,people are talking in the background while a machine is running,0.0019756875
75743-0-0-5.wav,a machine is running and people are talking in the background,0.0010134589
75743-0-0-6.wav,a machine is running and a person is walking in the background,0.00094127434
75743-0-0-7.wav,a machine is running at a constant rate and then it is raining,0.00078652555
75743-0-0-8.wav,a machine is running at a constant rate and then it is raining,0.00078652555
75743-0-0-9.wav,a person is walking on a hard surface while birds chirp in the background,0.001737237
76085-4-0-103.wav,someone is using a power tool to clean something,0.0016033647
76085-4-0-14.wav,a person is using a saw to clean a piece of wood,0.9977381
76085-4-0-24.wav,a chainsaw is cutting through a piece of wood,0.99795234
76085-4-0-27.wav,someone is using an electric saw to cut up a piece of wood,0.99810493
76085-4-0-35.wav,a saw is cutting through a piece of wood,0.9979995
76085-4-0-37.wav,a saw is cutting through a piece of wood,0.9979995
76085-4-0-38.wav,a saw is cutting through a piece of wood,0.9979995
76085-4-0-55.wav,a person is using a chainsaw to cut up a piece of wood,0.9976548
76085-4-0-6.wav,a saw is cutting through a piece of wood,0.9979995
76085-4-0-61.wav,a power tool is being used to cut a piece of wood,0.0030196186
76085-4-0-62.wav,a person is using a saw to clean a piece of wood,0.9977381
76085-4-0-66.wav,a saw is cutting through a piece of wood,0.9979995
76085-4-0-81.wav,a power tool is being used to cut wood,0.0011255998
76085-4-0-89.wav,a saw is cutting through a piece of wood,0.9979995
76085-4-0-93.wav,someone is using a hose to clean something,0.0011999479
76085-4-0-97.wav,someone is using a weed eater up and down,0.0036961248
76086-4-0-12.wav,a machine is running at a constant speed and then speeds up,0.0008022897
76086-4-0-14.wav,an electric saw is being used to cut a piece of wood,0.9980287
76086-4-0-17.wav,someone is using a saw to cut wood,0.9979792
76086-4-0-18.wav,someone is using a saw to cut a piece of wood,0.9979559
76086-4-0-19.wav,a chainsaw is cutting through a piece of wood,0.99795234
76086-4-0-2.wav,a chainsaw is cutting through a piece of wood,0.99795234
76086-4-0-22.wav,someone is using a chainsaw and cutting wood,0.99768305
76086-4-0-23.wav,a chainsaw is cutting through a piece of wood,0.99795234
76086-4-0-24.wav,someone is using a saw to cut a piece of wood,0.9979559
76086-4-0-27.wav,a person is using a tool to clean something,0.0011316012
76086-4-0-29.wav,a person is using a tool to clean something,0.0011316012
76086-4-0-3.wav,someone is using a chainsaw and cutting wood,0.99768305
76086-4-0-32.wav,a person is using a saw to cut wood,0.99786633
76086-4-0-36.wav,a machine is running at a constant speed and then it starts up,0.00079438556
76086-4-0-38.wav,someone is using a power tool to cut up a piece of wood,0.46653312
76086-4-0-43.wav,someone is using a chainsaw to cut up a piece of wood,0.99769586
76086-4-0-50.wav,a saw is cutting through a piece of wood,0.9979995
76086-4-0-53.wav,a power saw is being used to cut wood,0.9967362
76086-4-0-55.wav,someone is using a chainsaw and cutting a piece of wood,0.9977062
76086-4-0-56.wav,a saw is cutting through a piece of wood,0.9979995
76086-4-0-58.wav,a machine is running at a constant speed and consistent and buzzing,0.00079158775
76089-6-0-0.wav,a gun is being fired in a dozen times,0.9979596
76090-6-0-0.wav,a gun is being fired and a shot is gunshots,0.99820673
76090-6-1-0.wav,a gun is being fired with a shot is being broken,0.9981229
76091-6-0-0.wav,a gun is being fired in a rapid gunshots,0.99809545
76091-6-5-0.wav,a gun is being fired in a rapid succession,0.9974686
76093-6-0-0.wav,a gun is being fired in the distance,0.9980617
76093-6-1-0.wav,a gun is fired in a dozen gunshots firing shots,0.99796164
76094-6-0-0.wav,a gun is being fired at a consistent intervals,0.18146373
76094-6-1-0.wav,a gun is being fired at a consistent pace,0.0064726947
76221-2-0-0.wav,children are playing in a playground and talking to each other,0.0018081685
76221-2-0-1.wav,children are playing and adults are talking in the background,0.0064692087
76221-2-0-10.wav,children are talking and adults are chatting in the background,0.0020862727
76221-2-0-2.wav,children and adults are talking in a playground,0.0016442258
76221-2-0-3.wav,children and adults are playing in a playground,0.001357766
76221-2-0-4.wav,children are playing and adults are talking in the background,0.0064692087
76221-2-0-5.wav,a group of people are talking and children are playing in the background,0.0012604683
76221-2-0-6.wav,a group of people are talking and children are playing in the background,0.0012604683
76266-2-0-40.wav,a crowd of people are talking in the background,0.004290917
76266-2-0-46.wav,a crowd of people are talking in the background,0.004290917
76266-2-0-50.wav,a crowd of people are talking in the background,0.004290917
76266-2-0-55.wav,a crowd of people are talking in the background,0.004290917
76266-2-0-7.wav,people are talking in the background and a crowd is cheering,0.10829467
76266-2-0-76.wav,a crowd of people are talking in the background,0.004290917
76266-2-0-80.wav,a group of people are talking and laughing,0.0012851317
76266-2-0-91.wav,children are playing in the playground and talking to each other,0.001946116
76566-3-0-11.wav,birds are chirping and dogs are barking in the distance,0.0009972556
76566-3-0-3.wav,people are talking and dogs are barking in the distance,0.0018691685
76566-3-0-6.wav,birds are chirping and dogs are barking in the background,0.0028236934
76566-3-0-8.wav,a dog is barking and birds are chirping in the background,0.9807844
76568-9-0-10.wav,people are talking in the background while dishes are being stacked,0.0018008797
76568-9-0-11.wav,people are talking in the background as a car passes by,0.017939929
76568-9-0-12.wav,people are talking while cars are passing by in the background,0.04307541
76568-9-0-13.wav,cars are passing by on a busy highway,0.0010556414
76568-9-0-14.wav,the wind is blowing and people are talking in the background,0.01510541
76568-9-0-2.wav,people are talking while music is playing in the background,0.9479379
76585-9-0-10.wav,a drum is being played with a beat of people,0.0019644895
76585-9-0-38.wav,a drum is being played with drums and people are talking in the background,0.96370625
76585-9-0-5.wav,a drum beat is being played with drums and people in the background,0.9430481
76585-9-0-57.wav,a person is playing a song with a tambourine and a band singing,0.25527704
76585-9-0-60.wav,a person is singing a song while a woman sings in the background,0.9726955
76585-9-0-69.wav,a person is playing a song with a tambourine and a band is singing,0.19352408
76640-3-0-0.wav,a dog is barking and a car is driving by,0.998075
77233-3-0-105.wav,a crowd of people are clapping and cheering,0.0015424724
77233-3-0-67.wav,a dog barking and dogs bark in the distance,0.9968119
77233-3-0-7.wav,dogs barking and dog bark at the distance,0.98110837
77233-3-0-79.wav,dogs are barking and a dog is howling in the background,0.9981293
77246-6-0-0.wav,a gun is fired in the distance with a slight echo in the background,0.99804235
77247-6-0-0.wav,a gun is fired fireworks gunshots and firing shots shot in the distance,0.99809045
77509-1-0-0.wav,a horn is being blown at a high pitch,0.9979937
77674-3-0-0.wav,a dog is barking and growling at a distance,0.99798787
77751-4-0-0.wav,a jackhammer is running at a constant speed and then stops,0.99116474
77751-4-0-1.wav,a machine is running at a constant speed and speeds up,0.00081005535
77751-4-1-0.wav,a machine is running at a constant speed and speeds up,0.00081005535
77751-4-1-1.wav,a motorcycle engine revs up and gets louder as it speeds up,0.99816567
77751-4-2-0.wav,a large metal object is being dragged across another hard surface,0.0011508381
77751-4-3-0.wav,a large object is moving slowly across a hard surface,0.0011798999
77751-4-4-0.wav,a machine is running and creaking and squeaking,0.00078987615
77751-4-5-0.wav,a large metal object is being dragged across a hard surface,0.0010233363
77751-4-6-0.wav,a machine is making a loud creaking noise,0.0009668763
77751-4-7-0.wav,a large metal object is being dragged across a hard surface,0.0010233363
77751-4-8-0.wav,a machine is running at a constant speed and then stops,0.00080265966
77751-4-9-0.wav,a machine is running at a constant speed and then stops,0.00080265966
77751-4-9-1.wav,a machine is running at a constant speed and then stops,0.00080265966
77751-4-9-2.wav,a machine is running at a constant speed,0.0008257412
77751-4-9-3.wav,a machine is running at a constant speed,0.0008257412
77751-7-0-0.wav,a jackhammer is running at a constant speed and then stops,0.99116474
77751-7-0-1.wav,a machine is running at a constant speed and then it stops,0.00080635404
77751-7-1-0.wav,a machine is running at a constant speed and speeds up,0.00081005535
77751-7-1-1.wav,a motorcycle engine is revving up and down,0.00087455177
77751-7-2-0.wav,a large metal object is being dragged across another hard surface,0.0011508381
77751-7-3-0.wav,a large machine is making a very loud noise,0.0011151577
77751-7-4-0.wav,a machine is running and then it stops and starts up,0.0008092677
77751-7-5-0.wav,a large metal object is being dragged across a hard surface,0.0010233363
77751-7-6-0.wav,a machine is making a loud creaking noise,0.0009668763
77751-7-7-0.wav,a large metal object is being dragged across a hard surface,0.0010233363
77751-7-8-0.wav,a machine is running at a constant speed and then slowly comes to a stop,0.00084352965
77751-7-9-0.wav,a jackhammer is being used to cut a lawn,0.9972619
77751-7-9-1.wav,a jackhammer is being used to cut a lawn,0.9972619
77751-7-9-2.wav,a machine is running at a constant speed,0.0008257412
77751-7-9-3.wav,a machine is running at a constant speed,0.0008257412
77766-9-0-0.wav,a person is playing a piece of metal with a shovel,0.00110777
77766-9-0-3.wav,a person is playing a guitar with a high pitch,0.0040664454
77766-9-0-4.wav,people are clapping and talking while music plays in the background,0.021647872
77766-9-0-5.wav,a person is clapping their hands while music is playing in the background,0.4626554
77766-9-0-6.wav,a person is playing a guitar with a musical instrument,0.0014753022
77766-9-0-7.wav,someone is playing a guitar while another person is walking in the background,0.98777956
77769-9-0-0.wav,wind chimes are ringing in the background while a person is walking,0.9553058
77769-9-0-12.wav,a group of people are talking to each other while music plays in the background,0.038356557
77769-9-0-17.wav,a crowd of people are talking and yelling in the background,0.996451
77769-9-0-2.wav,the wind is blowing while a person is walking,0.0009379347
77769-9-0-4.wav,people are talking while music is playing in the background,0.9479379
77769-9-0-8.wav,music is playing and a woman is singing,0.0019686823
77770-9-0-1.wav,a musical instrument is playing a song while a person is singing,0.004458894
77770-9-0-15.wav,children are playing and laughing while music plays in the background,0.8958345
77770-9-0-17.wav,a person is playing a musical instrument while music plays in the background,0.010326437
77770-9-0-20.wav,children are playing and adults are talking in the background,0.0064692153
77770-9-0-6.wav,a person is playing a musical instrument while music plays in the background,0.010326437
77770-9-0-8.wav,someone is playing a musical instrument while a horn is blowing in the background,0.99783665
77770-9-0-9.wav,someone is playing a musical instrument while a television is on,0.025222529
77774-4-0-0.wav,a saw is cutting through a piece of wood,0.9979995
77774-4-0-1.wav,a saw is cutting through a piece of wood,0.9979995
77774-4-0-2.wav,a saw is cutting through a piece of wood,0.9979995
77774-4-0-3.wav,a chainsaw is cutting through a piece of wood,0.99795234
77774-4-1-0.wav,a saw is cutting through a piece of wood,0.9979995
77774-4-1-1.wav,a saw is cutting through a piece of wood,0.9979995
77901-9-0-0.wav,people are talking in the background while music is playing,0.79757583
77901-9-0-1.wav,people are talking in the background while music is playing,0.79757583
77901-9-0-2.wav,music is playing and people are talking in the background,0.31362024
77901-9-0-3.wav,music is being played in a large space,0.019299626
77901-9-0-4.wav,music is playing in a large open space,0.004636641
77901-9-0-6.wav,music is playing while people are talking in the background,0.9187379
77901-9-0-7.wav,music is playing in the distance as cars are passing by,0.0019666129
77927-3-0-0.wav,a dog is barking and a musical instrument is playing,0.9974806
77927-3-0-1.wav,a dog is barking and a musical instrument is playing,0.9974806
77927-3-0-2.wav,someone is playing a song on a flute while a dog is barking in the,0.9981335
77927-3-1-1.wav,a person is playing a musical instrument while people are talking in the background,0.41127652
78326-9-0-0.wav,a musical instrument is playing a song and a person is singing,0.0020610353
78326-9-0-1.wav,a person is playing a musical instrument while music plays in the background,0.010326437
78326-9-0-3.wav,a musical instrument is playing a song with a high pitch,0.0039999154
78326-9-0-5.wav,a person is playing a guitar while another machine is running in the background,0.03186661
78326-9-0-6.wav,a person is playing a guitar while a car drives by,0.071529865
78326-9-0-7.wav,a violin is playing a song with a high pitched squeak,0.93589973
78360-4-0-0.wav,a machine is running at a constant speed and then stops,0.00080265966
78360-4-0-1.wav,a saw is cutting through a piece of wood,0.9979995
78360-4-0-11.wav,a machine is running at a constant speed and high pressure,0.0008195829
78360-4-0-12.wav,a machine is running at a high speed and consistent,0.0008331592
78360-4-0-14.wav,a vacuum cleaner is running at a constant speed,0.0008259664
78360-4-0-15.wav,a vacuum cleaner is being used in a factory,0.001256618
78360-4-0-16.wav,a vacuum cleaner is running at a high speed,0.0008501448
78360-4-0-17.wav,a machine is running at a high speed and volume,0.00083154085
78360-4-0-18.wav,a large amount of air is being blown through a narrow passageway,0.0020526072
78360-4-0-19.wav,a large crowd of people are talking in the background,0.05749723
78360-4-0-2.wav,a saw is cutting through a piece of wood,0.9979995
78360-4-0-20.wav,a large group of people are talking in the background,0.0024962018
78360-4-0-21.wav,a machine is running at a constant rate,0.0008085462
78360-4-0-22.wav,the wind is blowing very hard and the rain is hitting the ground,0.0010074296
78360-4-0-23.wav,a machine is running at a constant rate and then stops,0.0008050642
78360-4-0-3.wav,a saw is cutting through a piece of wood,0.9979995
78360-4-0-4.wav,a saw is cutting through a piece of wood,0.9979995
78360-4-0-5.wav,a saw is cutting through a piece of wood,0.9979995
78360-4-0-6.wav,a saw is cutting through a piece of wood,0.9979995
78360-4-0-7.wav,a saw is cutting through a piece of wood,0.9979995
78360-4-0-8.wav,a machine is running at a high speed and consistent,0.0008331588
78360-4-0-9.wav,a saw is cutting through a piece of wood,0.9979995
78651-5-0-0.wav,a motor is running at a constant speed and then it gets faster,0.0009889554
78651-5-0-1.wav,a machine is running at a constant speed,0.0008257412
78651-5-0-10.wav,a motorcycle is revved up and then the engine is idling,0.0008959997
78651-5-0-11.wav,a motor is running at a constant speed and then it gets faster,0.0009889554
78651-5-0-12.wav,a motor is running at a constant speed and then it gets faster,0.0009889554
78651-5-0-13.wav,a motor is running at a constant speed and then it gets faster,0.0009889554
78651-5-0-14.wav,a motorcycle engine is running at a steady pace,0.00088875287
78651-5-0-15.wav,a motorcycle engine is running at a steady pace,0.00088875287
78651-5-0-16.wav,a motorcycle engine is running at a steady pace,0.00088875287
78651-5-0-17.wav,a motor is running at a constant speed and then it gets faster,0.0009889554
78651-5-0-2.wav,a motorcycle is being revved up and the engine is running,0.00078974606
78651-5-0-3.wav,a motorcycle is revved up and then the engine revs,0.001713717
78651-5-0-4.wav,a motor is running at a constant speed and then it gets faster,0.0009889554
78651-5-0-5.wav,a motor is running at a constant speed and then it gets faster,0.0009889554
78651-5-0-6.wav,a motor is running at a constant speed and then it gets faster,0.0009889554
78651-5-0-7.wav,a motor is running at a constant speed and then it gets faster,0.0009889554
78651-5-0-8.wav,a motor is running at a constant speed and then it gets faster,0.0009889554
78651-5-0-9.wav,a motorcycle is revved up and idled in a rhythmic pattern,0.941976
78776-6-0-0.wav,a gun is fired repeatedly in the distance,0.9979361
79089-0-0-106.wav,a person is playing a song with a musical instrument,0.0031166093
79089-0-0-115.wav,a person is playing a basketball in a large room,0.042146634
79089-0-0-12.wav,someone is playing a video game with a synthesizer,0.034896392
79089-0-0-122.wav,music is playing and a person is speaking,0.0015785603
79089-0-0-123.wav,a person is playing basketball in a large room,0.031989228
79089-0-0-134.wav,a person is playing a drum with a stick,0.0054639312
79089-0-0-135.wav,a synthesizer is playing a song with a high pitch,0.030688806
79089-0-0-136.wav,a synthesizer is playing a song with a musical instrument,0.011487069
79089-0-0-138.wav,people are talking in the background while music is playing,0.79757583
79089-0-0-19.wav,a person is playing a piece of metal music,0.0035708772
79089-0-0-25.wav,a person is playing basketball in a large room with people talking in the background,0.7720291
79089-0-0-28.wav,a person is playing a video game sound effects,0.012816519
79089-0-0-4.wav,a person is playing a musical instrument while people are talking in the background,0.41127652
79089-0-0-40.wav,a woman is speaking while a door opens and closes,0.0014656977
79089-0-0-41.wav,people are talking while music plays in the background,0.20157468
79089-0-0-43.wav,people are talking in the background as a person screams in the distance,0.9981579
79089-0-0-48.wav,a person is playing with a basketball in a large room,0.045371436
79089-0-0-51.wav,a group of people are talking while a ball is bounced on the floor,0.047567517
79089-0-0-52.wav,a group of people are talking to each other,0.0012140024
79089-0-0-56.wav,people are talking in the background as a door is opened and closed,0.001966302
79089-0-0-6.wav,people are talking while a horn is being blown in the background,0.9983584
79089-0-0-60.wav,people are talking while music is playing in the background,0.9479379
79089-0-0-63.wav,a person is speaking while a machine is running in the background,0.001697054
79089-0-0-70.wav,a synthesizer is playing a song with a high pitch,0.030688806
79089-0-0-73.wav,a person is playing basketball in a large room,0.031989228
79089-0-0-75.wav,a person is using a shovel to clean something,0.0009946271
79089-0-0-92.wav,a person is playing a musical instrument while people are talking in the background,0.41127652
7913-3-0-0.wav,a dog barking dogs bark at a medium distance,0.99593866
7913-3-1-0.wav,a dog barking dogs bark at a medium pitch,0.9974833
7913-3-2-0.wav,a dog barking dogs bark at a medium barks,0.021696243
7913-3-3-0.wav,a dog barking dogs bark at the distance,0.99717605
79377-9-0-10.wav,music is playing and people are talking in the background,0.31362042
79377-9-0-12.wav,a crowd of people are talking in the background,0.004290919
79377-9-0-13.wav,a crowd of people are talking in the background,0.004290919
79377-9-0-2.wav,music is playing in the background as people are talking in the distance,0.013221024
79377-9-0-4.wav,people are talking in the background while music is playing,0.79757535
79377-9-0-8.wav,people are talking in the background as music plays in the distance,0.0029487931
79584-3-0-4.wav,a dog is barking and a person is laughing in the background,0.99825877
79584-3-0-5.wav,a dog is barking loudly at the same time,0.9982412
79584-3-0-8.wav,a dog is barking and growling while a car drives by in the background,0.9981787
79584-3-1-2.wav,a dog is barking and a car is driving by,0.998075
7965-3-11-0.wav,dogs are barking at one another at a dog barks,0.99158597
7965-3-16-0.wav,a dog is barking and birds are chirping in the background,0.9807843
7965-3-22-0.wav,crickets chirp in the background while a cricket chirps and a car drives by,0.0012888709
7965-3-3-0.wav,crickets chirp in the background while a person speaks in the distance,0.0015330674
7975-3-0-0.wav,a dog is barking and a cow is howling in the background,0.9980812
80589-0-0-0.wav,a machine is running at a constant speed and volume,0.00081656186
80589-0-0-1.wav,a machine is running at a constant speed and volume,0.00081656186
80589-0-0-2.wav,a machine is running at a constant speed and volume,0.00081656186
80589-0-0-3.wav,a machine is running at a constant speed and volume,0.00081656186
80589-0-0-4.wav,a machine is running at a constant speed and volume,0.00081656186
80806-2-0-0.wav,water is splashing and people are talking and laughing in the background,0.0015140662
80806-2-0-1.wav,children are playing and adults are talking and laughing,0.0016042389
80806-2-0-10.wav,children are screaming and playing in the water,0.99721575
80806-2-0-2.wav,children are playing and adults are talking and laughing,0.0016042389
80806-2-0-3.wav,children are playing and adults are talking and laughing,0.0016042389
80806-2-0-4.wav,children are playing in a park and adults are talking and laughing,0.00222348
80806-2-0-5.wav,children are playing and shouting while water is splashing,0.15720499
80806-2-0-7.wav,children are playing and adults are talking and laughing,0.0016042389
81068-5-0-0.wav,a motorcycle engine is idling and revving its motor,0.000813534
81068-5-0-1.wav,a motorcycle engine is idling and revving its motor,0.000813534
81068-5-0-2.wav,a motorcycle engine is idling and revving its motor,0.000813534
81068-5-0-3.wav,a motorcycle engine is idling and then revved up again,0.0011602422
81068-5-0-4.wav,a motorcycle engine is idling and revving its motor,0.0008135344
81068-5-0-5.wav,a motorcycle engine is idling and then it gets louder,0.99818546
81068-5-1-0.wav,a motorcycle engine is idling while a man is speaking,0.001093709
81068-5-2-0.wav,a motorcycle engine is idling and a man is speaking,0.0008933562
81117-4-0-0.wav,a chainsaw is cutting through a piece of wood,0.99795234
81117-4-0-1.wav,a chainsaw is cutting through a piece of wood,0.99795234
81117-4-0-2.wav,a chainsaw is cutting through a piece of wood,0.99795234
81117-4-0-3.wav,a chainsaw is cutting through a piece of wood,0.99795234
81117-4-0-4.wav,a chainsaw is cutting through a piece of wood,0.99795234
81117-4-0-5.wav,a power tool is being used to cut hair using a drill,0.0013729543
81722-3-0-21.wav,a dog is barking and birds are chirping in the background,0.9807843
81722-3-0-22.wav,crickets chirp in the background and a dog barks,0.0012466249
81722-3-0-26.wav,crickets chirp in the background and a dog barks,0.0012466249
81722-3-0-28.wav,crickets chirp in the background and a cricket chirps,0.0012769677
81787-2-0-0.wav,the wind is blowing and birds are chirping in the background,0.0012799919
81787-2-0-14.wav,birds chirp in the background as a waterfall flows in the distance,0.0013408349
81787-2-0-23.wav,birds are chirping and children are talking in the background,0.0011933028
81787-2-0-35.wav,crickets chirp in the background as a person walks through the woods,0.0012382653
81787-2-0-39.wav,the wind is blowing and children are talking in the background,0.11558798
81787-2-0-4.wav,a baby is crying and children are talking in the background,0.99813336
81787-2-0-48.wav,children and adults are talking in the background,0.004479953
81787-2-0-49.wav,birds chirp in the background as a gentle wind blows,0.0047084955
81788-2-0-12.wav,children and adults are talking and birds are chirping in the background,0.0012892436
81788-2-0-14.wav,children and adults are talking in the background,0.004479953
81788-2-0-16.wav,children are playing and birds are chirping in the background,0.0013307171
81788-2-0-35.wav,children are playing and screaming while birds are chirping in the background,0.9981762
81788-2-0-44.wav,crickets chirp in the background as a person walks around,0.0011265987
81788-2-0-51.wav,crickets chirping and children talking in the background,0.0016184573
81788-2-0-69.wav,a group of children are talking and birds are chirping in the background,0.0011258046
81791-3-0-0.wav,a dog is barking and birds are chirping in the background,0.9807843
81791-3-0-1.wav,a dog is barking and a person is walking in the distance,0.85328054
81791-3-1-0.wav,a dog is barking and a car passes by,0.9977397
81799-3-0-0.wav,a bird is chirping in the background and a rooster crowing,0.0011658586
81799-3-0-1.wav,birds are chirping and insects are buzzing in the background,0.001050956
81799-3-1-0.wav,crickets chirp in the background while a dog barks,0.0012762322
81799-3-1-2.wav,crickets are chirping and a dog is barking in the background,0.0017834133
82024-3-0-4.wav,a dog is barking and a cow is howling in the background,0.9980812
82024-3-0-5.wav,a dog is barking and a cow is howling in the background,0.9980812
82024-3-0-6.wav,a dog is barking and a cat is meowing in the background,0.74440295
82024-3-0-8.wav,a dog is barking and a bell is ringing in the background,0.9968598
82317-1-0-0.wav,a machine is running in the background while a fan is blowing,0.0033809764
82368-2-0-0.wav,children and adults are talking and laughing in a playground,0.0020944404
82368-2-0-1.wav,a group of people are talking and laughing in a public place,0.001162636
82368-2-0-10.wav,children are laughing and talking in a playground,0.001655952
82368-2-0-17.wav,a group of people are talking while children are playing in the background,0.002169124
82368-2-0-23.wav,people are talking and children are playing in the background,0.0026602861
82368-2-0-25.wav,children and adults are talking and laughing in the background,0.011423846
82368-2-0-30.wav,people are talking while children are playing in the background,0.015580978
82368-2-0-7.wav,children are playing and adults are talking in the background,0.0064692087
82811-3-0-1.wav,a dog is barking loudly and sporadically in the distance,0.99816763
82811-3-0-2.wav,a dog is barking loudly and sporadically in the distance,0.99816763
82811-3-3-0.wav,a dog is barking loudly at a steady pace,0.99814415
82811-3-4-0.wav,a dog is barking loudly and sporadically,0.9981115
83191-9-0-0.wav,music is playing and people are laughing and talking,0.0025995555
83191-9-0-11.wav,music is playing and people are talking in the background,0.3136211
83191-9-0-13.wav,a crowd of people are talking while music plays in the background,0.17178
83191-9-0-17.wav,a crowd of people are talking and laughing with each other,0.0051204464
83191-9-0-4.wav,a crowd of people are talking and music is playing,0.0018511693
83191-9-0-6.wav,music is playing and people are talking in the background,0.3136211
83195-9-0-11.wav,a large group of people chant together in unison,0.48710644
83195-9-0-14.wav,music is playing and a crowd is cheering,0.0015842086
83195-9-0-2.wav,a group of people are talking to each other while music is playing,0.004130599
83195-9-0-3.wav,a group of people are talking while music plays in the background,0.0068450314
83195-9-0-6.wav,a man is speaking while music is playing in the background,0.93165475
83195-9-0-7.wav,a group of people are talking while music plays in the background,0.006845028
83196-9-0-10.wav,a large group of people are singing and music is playing,0.0016723195
83196-9-0-13.wav,a large crowd of people are cheering and chanting,0.0044457405
83196-9-0-14.wav,a large crowd of people are cheering and chanting,0.0044457405
83196-9-0-15.wav,a large crowd of people are cheering and a man is singing,0.0069186604
83196-9-0-3.wav,a large group of people are talking to each other,0.0020464014
83196-9-0-9.wav,a large crowd of people chant together in the distance,0.011262436
83199-9-0-0.wav,a crowd of people are talking in the background,0.004290919
83465-1-0-0.wav,a car horn honks and horns honking in the background,0.99814856
83488-1-0-0.wav,a car alarm beeps with a horn beeping,0.9979634
83488-1-1-0.wav,a beeping alarm beeps beep and a smoke alarms,0.9980603
83502-0-0-0.wav,water is dripping in the background while birds are chirping,0.001013957
83502-0-0-1.wav,people are talking and banging in the background while someone is walking,0.9949529
83502-0-0-10.wav,birds are chirping and singing in the background,0.99793786
83502-0-0-11.wav,birds are chirping and children are playing and talking in the background,0.0019574119
83502-0-0-12.wav,birds are chirping and people are talking in the background,0.001106799
83502-0-0-13.wav,birds are chirping and water is dripping in the background,0.0009215312
83502-0-0-2.wav,birds are chirping and people are talking in the background,0.001106799
83502-0-0-3.wav,birds are chirping in the background while a bird is singing,0.9979048
83502-0-0-4.wav,birds are chirping in the background while a bird is singing in the distance,0.9530055
83502-0-0-5.wav,birds are chirping and singing in the background,0.99793786
83502-0-0-6.wav,birds are chirping in the background while a tap is dripping,0.0009378891
83502-0-0-7.wav,birds are chirping in the background and a bird is singing,0.9979176
83502-0-0-8.wav,birds are chirping in the background while children are playing,0.0018004656
83502-0-0-9.wav,birds are chirping in the background while a person is walking on a hard surface,0.0011553549
83680-5-0-0.wav,a machine is running at a constant speed and steady,0.0008312711
83680-5-0-1.wav,a machine is running at a constant speed and a motor is in the background,0.000888184
83680-5-0-2.wav,a machine is running at a constant speed and a motor is in the background,0.000888184
83680-5-0-3.wav,a machine is running at a constant speed and steady,0.0008312711
84143-2-0-10.wav,a crowd of people are talking and cheering while a man is speaking,0.0034661104
84143-2-0-12.wav,a crowd of people are talking and yelling,0.90516317
84143-2-0-13.wav,a crowd of people are talking and cheering while a man is speaking,0.0034661172
84143-2-0-14.wav,a crowd of people are talking and yelling,0.9051629
84143-2-0-15.wav,a crowd of people are talking and yelling,0.9051629
84143-2-0-32.wav,a crowd of people are shouting and cheering while a man is speaking,0.012126554
84143-2-0-38.wav,a group of people are talking and laughing,0.0012851317
84143-2-0-7.wav,a crowd of people are cheering and shouting while a man is speaking,0.020633709
84249-9-0-10.wav,music is playing and a person is singing,0.00158718
84249-9-0-11.wav,music is playing and a person is coughing,0.31712013
84249-9-0-3.wav,a crowd of people are talking to each other while music plays in the background,0.70545775
84249-9-0-6.wav,a musical instrument is playing a song with drums and people talking in the background,0.9673431
84249-9-0-7.wav,a person is walking on a hard surface and people are talking in the background,0.29121503
84249-9-0-8.wav,someone is playing a musical instrument while people are walking and talking in the background,0.9676849
84317-3-0-0.wav,a dog is barking loudly at a consistent rate,0.9981014
84359-2-0-0.wav,children are playing and adults are talking in the background,0.0064692153
84359-2-0-1.wav,children are playing and adults are talking in the background,0.0064692153
84359-2-0-2.wav,children are playing and adults are talking in the background,0.0064692153
84359-2-0-5.wav,children are playing and adults are talking in the background,0.0064692153
84359-2-0-6.wav,children are playing and adults are talking in the background,0.0064692153
84359-2-0-8.wav,children are playing in the playground and kids are shouting,0.0022335972
84359-2-0-9.wav,children are playing in the playground and screaming,0.0026889048
84699-4-0-0.wav,someone is using a power tool to cut wood,0.0048902784
84699-4-1-0.wav,a drill is being used to cut wood,0.0013818587
84699-4-2-0.wav,someone is using a chainsaw to cut up and down,0.99769455
84699-4-3-0.wav,a drill is being used to cut up and down,0.0011571336
84699-4-4-0.wav,a drill is being used to cut wood,0.0013818587
84699-4-5-0.wav,a drill is being used to cut hair cutting wood,0.0015714992
84699-4-6-0.wav,a person is using a chainsaw to cut wood,0.9976526
85249-2-0-10.wav,children and adults are playing in the wind while a child is crying,0.99720734
85249-2-0-14.wav,a car drives by and people are talking in the background,0.95780987
85249-2-0-25.wav,a baby is crying and a child is speaking in the background,0.99819934
85249-2-0-29.wav,children are playing and adults are talking in the background,0.0064692153
85249-2-0-61.wav,children are playing and adults are talking in the background,0.0064692153
85249-2-0-62.wav,children are playing and adults are talking in the background,0.0064691966
85249-2-0-68.wav,a baby cries and a child is crying,0.9980107
85249-2-0-79.wav,children and adults are talking in the background,0.0044799554
85544-3-5-0.wav,a dog barks and dogs bark in the distance,0.0013343805
85544-3-6-0.wav,a dog is barking and birds are chirping in the background,0.9807843
85544-3-7-0.wav,a dog barks and dogs bark in the distance,0.0013343805
85569-0-0-0.wav,people are talking in the background while a machine is running,0.0019756856
85569-0-0-1.wav,people are talking in the background while a machine is running in the distance,0.0011644968
85569-0-0-2.wav,people are talking in the background while a machine is running,0.0019756856
85569-0-0-3.wav,a quiet whooshing occurs followed by a low hum,0.9978382
85569-0-0-4.wav,a machine is running at a constant speed and then it stops,0.00080635445
85569-0-0-5.wav,a machine is running at a constant rate,0.0008085462
85569-0-0-6.wav,a machine is running at a constant rate,0.0008085462
85569-0-0-7.wav,a machine is running at a constant rate in the background,0.0010056822
85569-0-0-8.wav,a machine is running at a constant speed and a low hum is in the,0.0008104012
85569-0-0-9.wav,a machine is running at a constant speed and a low hum is in the,0.0008104012
85574-3-0-0.wav,a dog is barking and birds are chirping in the background,0.9807843
85574-3-0-12.wav,a dog is barking in the distance and a slight breeze is blowing,0.30944717
85574-3-0-2.wav,a dog is barking in the distance and a bird is chirping in the background,0.56283915
85574-3-0-8.wav,a dog is barking in the distance and a bird is chirping in the background,0.56283915
85661-3-0-0.wav,a dog is barking and making a loud sound,0.9981933
85662-3-0-0.wav,a dog is barking repeatedly at a steady pace,0.99812776
85663-3-0-0.wav,a person is using a knife to sharpen a toy,0.001797502
85664-3-0-0.wav,a dog barking and growling at a dogs bark,0.9979954
85665-3-0-0.wav,a bird is making a whistling sound with a high pitched whistle,0.47297168
86278-6-0-0.wav,a gun is fired in the distance and a gunshot is firing,0.9980434
86279-3-0-0.wav,a dog is barking and a woman is speaking in the background,0.99812645
86284-3-0-0.wav,a dog is barking and a car is driving by,0.998075
86284-3-1-0.wav,the wind is blowing and a dog is barking,0.17388256
87562-6-0-0.wav,a gun is fired in the distance and then a gunshot is followed by a,0.9979557
88121-8-0-0.wav,a police car with its siren on is going off,0.9980262
88121-8-0-1.wav,a siren is blaring and a vehicle is moving,0.99810237
88121-8-0-2.wav,a siren is going off while a machine is running in the background,0.99808145
88121-8-0-3.wav,a siren is going off while a machine is running in the background,0.99808145
88121-8-1-0.wav,an object is being hit with a siren and a vehicle passing by,0.9980996
88121-8-2-0.wav,a metal object is being hit against another hard surface,0.0030603835
88466-7-0-0.wav,a machine is making a loud buzzing sound,0.00082041195
88569-2-0-14.wav,water is splashing in the ocean waves are crashing and seagulls are squawking,0.00090611714
88569-2-0-21.wav,water is splashing and children are playing in the background,0.0016063765
88569-2-0-36.wav,children are playing and splashing in the water,0.0011236608
88569-2-0-54.wav,water is splashing in a stream and people are talking and laughing,0.0010023848
88569-2-0-67.wav,waves crash against the shore and children play in the ocean,0.0015328149
88569-2-0-77.wav,waves splash and children shout and play in the water,0.0027999496
88569-2-0-85.wav,waves splash against the shore and splashing the water,0.00085919275
89099-4-0-0.wav,an electric drill is being used to cut up a piece of wood,0.008081023
89099-4-0-1.wav,an airplane is flying in the sky and the helicopter flies overhead,0.0009904475
89099-4-0-2.wav,an electric saw is cutting through a piece of wood,0.9980895
89207-3-0-0.wav,a dog barking dogs bark and growling at a puppy,0.99781054
89209-3-0-0.wav,a dog is barking loudly and sporadically,0.9981115
89210-3-0-0.wav,a dog barking and dogs bark at the same time,0.9981579
89211-3-0-0.wav,a dog barking and growling at a dogs bark,0.9979954
89212-3-0-0.wav,a dog is barking loudly and sporadically,0.9981115
89213-3-0-0.wav,a dog barking and dogs bark at a medium pitch,0.9967457
89442-9-0-14.wav,people are talking in the background as music plays in the distance,0.0029487903
89442-9-0-17.wav,people are talking in the background while music is playing,0.79757506
89442-9-0-34.wav,people are talking in the background as music plays in the distance,0.0029487903
89442-9-0-5.wav,music is playing and people are talking in the background,0.31362048
89442-9-0-6.wav,music is playing in the background while people are talking in the distance,0.051258713
89442-9-0-7.wav,music is playing in the background while people are talking,0.7045914
89443-9-0-1.wav,a crowd of people are talking while music is playing in the background,0.8124986
89443-9-0-16.wav,people are talking and a horn is blowing in the background,0.9982463
89443-9-0-17.wav,a person is playing a saxophone on the sidewalk,0.003300731
89443-9-0-2.wav,a group of people are talking and a woman is speaking in the background,0.0013046404
89443-9-0-48.wav,people are talking in the background while a horn is blowing,0.99826604
89443-9-0-50.wav,people are talking in the background while music is playing,0.79757476
89679-1-0-0.wav,a police siren is blaring with sirens and emergency vehicle horns,0.9981723
89679-1-1-0.wav,a police siren is blaring with sirens and emergency vehicle horns,0.9981723
89724-5-0-0.wav,a machine is running at a constant speed,0.0008257412
89724-5-0-1.wav,a motor is running and a machine is operating,0.0008386852
89724-5-0-2.wav,a machine is running at a constant speed,0.0008257412
89724-5-0-3.wav,a machine is running at a constant speed,0.0008257412
89724-5-0-4.wav,a machine is running at a constant speed,0.0008257412
89724-5-0-5.wav,a machine is running at a constant speed,0.0008257412
89948-5-0-0.wav,the engine of a car is idling and then it starts to idle,0.0008874303
90013-7-0-0.wav,a machine is running at a constant speed and then stops,0.00080265966
90013-7-0-1.wav,a machine is running at a constant speed and then stops,0.00080265966
90013-7-0-2.wav,a jackhammer is running at a constant speed and then stops,0.99116474
90013-7-0-3.wav,a machine is running at a constant speed and then stops,0.00080265966
90013-7-0-4.wav,a hammer is hammering on a metal surface at a steady pace,0.00095855154
90013-7-0-5.wav,a machine is running at a constant speed and then stops,0.00080265966
90013-7-0-6.wav,a machine is running at a constant speed and then stops,0.00080265966
90013-7-0-7.wav,a jackhammer is running at a constant speed and then stops,0.99116474
90013-7-1-0.wav,a machine is running at a constant speed and then stops,0.00080265966
90013-7-1-1.wav,a machine is running at a constant speed and then stops,0.00080265966
90013-7-1-2.wav,a machine is running at a constant speed and then it stops,0.00080635404
90013-7-1-3.wav,a machine is running at a constant speed and then stops,0.00080265966
90013-7-1-4.wav,a machine is running at a constant speed and then stops,0.00080265966
90013-7-1-5.wav,a machine is running at a constant speed and then stops,0.00080265966
9031-3-1-0.wav,a dog is barking and dogs are howling and,0.99771947
9031-3-2-0.wav,a dog is barking at a steady pace,0.99744654
9031-3-3-0.wav,a dog is barking and squeaking at a high pitch,0.9973241
9031-3-4-0.wav,a dog is barking and dogs bark at a puppy,0.7866504
90846-8-0-0.wav,a woman is speaking while a siren is blaring in the background,0.9982078
91209-5-0-0.wav,a motor is running at a constant speed and then stops,0.0008325978
91209-5-0-1.wav,a motor is running at a constant speed and steady,0.0008237863
91209-5-0-2.wav,a machine is running at a constant speed,0.0008257412
91209-5-1-0.wav,a motor is running at a constant speed,0.0008283491
91209-5-1-1.wav,a machine is running at a constant speed,0.0008257412
91209-5-1-2.wav,a machine is running at a constant speed,0.0008257412
91209-5-1-3.wav,a machine is running at a constant speed,0.0008257412
91209-5-1-4.wav,a machine is running at a constant speed,0.0008257412
91209-5-1-5.wav,a machine is running at a constant speed,0.0008257412
91396-8-0-0.wav,a siren is going off and then it gets closer and louder as time goes,0.9982874
91396-8-0-1.wav,a siren is going off and then it gets closer and louder as time goes,0.9982874
91396-8-0-2.wav,a siren is going off and a horn is blaring,0.99814606
91396-8-0-3.wav,a siren is blaring in the distance as a vehicle passes by,0.99820125
91533-5-0-0.wav,a fan is running and then it gets louder,0.998054
91533-5-0-1.wav,a fan is running and then it gets louder and then softer,0.9978369
91533-5-0-2.wav,a fan is running and a machine is humming,0.00087905995
91533-5-0-3.wav,a fan is running and a machine is humming,0.00087905995
9223-2-0-10.wav,children are playing and adults are talking in the background,0.0064692153
9223-2-0-15.wav,a group of people are shouting and yelling,0.92796624
9223-2-0-17.wav,children are playing and adults are talking in the background,0.0064692153
9223-2-0-2.wav,children are talking and playing in a playground,0.0013858606
9223-2-0-4.wav,a child is screaming and children are playing in a playground,0.98008174
9223-2-0-5.wav,children are playing and talking in the background,0.009487586
9223-2-0-9.wav,children are playing in a playground and a child is speaking,0.0013650846
93065-9-0-12.wav,a large crowd of people are talking in the background,0.05749708
93065-9-0-14.wav,a large group of people are talking to each other,0.0020464004
93065-9-0-17.wav,a group of people are talking and laughing in a public place,0.001162636
93065-9-0-2.wav,people are talking in the background while a machine is running,0.0019756875
93065-9-0-4.wav,birds are chirping in the background while cars are passing by,0.0031579998
93065-9-0-7.wav,a car drives by and people are talking in the background,0.95780987
93139-6-0-0.wav,a gun is being fired repeatedly in a large room,0.9981546
93193-9-0-4.wav,a car drives by and people talk in the background,0.95284694
93193-9-1-11.wav,a horn is blown over a loud background noise,0.99822825
93193-9-1-18.wav,a person is playing a musical instrument while a horn is blowing in the background,0.9968721
93193-9-1-19.wav,a horn is being blown over a loudspeaker while a car honks,0.9982186
93193-9-1-22.wav,a horn is blown over a long blast of air,0.99815065
93193-9-1-6.wav,a horn is blown through the air at a concert,0.9972006
93567-8-0-0.wav,a police siren is blaring while people are talking,0.9982205
93567-8-0-1.wav,a police car with a siren on a busy street with sirens going off,0.9978573
93567-8-0-10.wav,a police car with a siren is on and a vehicle passes by,0.998018
93567-8-0-11.wav,a police car with a siren is blaring and a vehicle is driving by,0.99815196
93567-8-0-12.wav,a police siren on a vehicle with a car driving by,0.99775785
93567-8-0-13.wav,a police car with a siren on is going on and on,0.9981223
93567-8-0-14.wav,a police car with a siren on is going on and on,0.9981223
93567-8-0-15.wav,a police siren is blaring with sirens and emergency vehicles,0.9980958
93567-8-0-16.wav,a police siren is blaring with sirens and emergency vehicles,0.9980958
93567-8-0-17.wav,a police siren is blaring with sirens in the background,0.9981877
93567-8-0-18.wav,a police siren is blaring with sirens in the background,0.9981877
93567-8-0-19.wav,a police siren is blaring with sirens and emergency vehicles,0.9980958
93567-8-0-2.wav,a police car with a siren on is going off,0.9980615
93567-8-0-3.wav,a police siren is blaring with sirens and emergency vehicles passing by,0.9981183
93567-8-0-4.wav,a police car with a siren is blaring and traffic is passing by,0.9981799
93567-8-0-5.wav,a police car with a siren is going on and on,0.99816304
93567-8-0-6.wav,a police car with a siren is blaring and a vehicle is driving by,0.99815196
93567-8-0-7.wav,a police car with a siren is going on and a vehicle is driving by,0.9981029
93567-8-0-8.wav,a person is dropping coins on the ground as a siren goes on,0.9981812
93567-8-0-9.wav,a police siren is blaring and a car is driving by,0.99813604
94020-8-0-0.wav,a siren sounds and a police sirens sound with a alarm in the background,0.9982735
94020-8-1-0.wav,a siren is blaring and a police car alarm is sounding,0.9980679
94182-9-0-0.wav,a musical instrument is playing a song and a woman is singing,0.002723643
94182-9-0-10.wav,a person is playing a song with a musical instrument,0.0031166093
94182-9-0-16.wav,a song is being played on a violin,0.16306183
94182-9-0-20.wav,someone is playing a guitar with a musical instrument,0.0016648283
94182-9-0-23.wav,someone is playing a guitar with a musical instrument,0.0016648283
94182-9-0-25.wav,music is playing and people are talking in the background,0.31362024
94182-9-0-9.wav,a song is being played on a musical instrument,0.009316052
94401-1-0-0.wav,a car horn is honking while a man is speaking,0.99821717
94631-9-0-12.wav,music is playing in the background while a person is walking,0.96832484
94631-9-0-16.wav,people are talking while music is playing in the background,0.9479379
94631-9-1-16.wav,music is playing while people are talking in the background,0.9187379
94631-9-1-2.wav,people are talking while music is playing in the background,0.9479379
94631-9-1-25.wav,people are talking in the background as a crowd of children are playing,0.003620522
94631-9-1-3.wav,music is playing in the background while people are talking,0.7045901
94632-5-0-0.wav,people are talking in the background while a machine is running,0.0019756875
94632-5-0-10.wav,people are talking in the background while a fan is blowing,0.44357884
94632-5-0-13.wav,people are talking in the background while a machine is running,0.0019756875
94632-5-0-14.wav,people are talking in the background while a machine is running,0.0019756875
94632-5-0-15.wav,people are talking in the background while a machine is running,0.0019756875
94632-5-0-2.wav,people are talking in the background as a machine is running in the distance,0.0010807022
94632-5-0-21.wav,people are talking in the background while a machine is running,0.0019756875
94632-5-0-22.wav,people are talking in the background while a machine is running,0.0019756875
94632-5-0-25.wav,people are talking in the background while a machine is running,0.0019756875
94632-5-0-27.wav,a person is walking on a hard surface while a fan is blowing in the,0.0013139704
94632-5-0-28.wav,the wind is blowing and a bird is chirping in the background,0.001169653
94632-5-0-29.wav,people are talking in the background while a machine is running,0.0019756875
94632-5-0-31.wav,people are talking in the background while a machine is running,0.0019756875
94632-5-0-33.wav,people are talking in the background as a train passes by,0.0023869562
94632-5-0-34.wav,the wind is blowing and a train is passing by,0.0009299156
94632-5-0-6.wav,a machine is running and people are talking in the background,0.0010134589
94632-5-0-8.wav,a machine is running and people are talking in the background,0.0010134589
94632-5-0-9.wav,people are talking in the background as a machine is running,0.0011532941
94632-5-1-11.wav,people are talking in the background while a machine is running,0.0019756875
94632-5-1-13.wav,people are talking in the background while a machine is running,0.0019756875
94632-5-1-14.wav,a machine is running while people are talking in the background,0.0012967595
94632-5-1-17.wav,people are talking in the background while a machine is running,0.0019756875
94632-5-1-18.wav,people are talking in the background while a machine is running,0.0019756875
94632-5-1-19.wav,people are talking in the background while a train is moving by,0.01183331
94632-5-1-2.wav,people are talking in the background while a machine is running,0.0019756875
94632-5-1-23.wav,a machine is running and people are talking in the background,0.0010134589
94632-5-1-26.wav,a machine is running at a constant speed and a train passes by,0.00086286553
94632-5-1-28.wav,a train is moving down the tracks and people are talking in the background,0.14646648
94632-5-1-30.wav,a machine is running at a constant speed and people are talking in the background,0.0011410986
94632-5-1-7.wav,people are talking in the background as a machine is running,0.0011532941
94632-5-1-9.wav,people are talking in the background while a machine is running,0.0019756856
94636-8-0-0.wav,a siren is blaring while a vehicle is passing by and a horn is blowing,0.99822456
94636-8-0-1.wav,a siren is blaring while a vehicle is passing by,0.99816436
94636-8-0-10.wav,people are talking while a siren is blaring in the background,0.99818426
94636-8-0-11.wav,a police siren is blaring with sirens and emergency vehicle horns,0.9981723
94636-8-0-12.wav,a police siren is blaring with people talking in the background,0.99816114
94636-8-0-13.wav,a siren is blaring while people are talking,0.9982508
94636-8-0-14.wav,a police siren is going on with people talking,0.99819034
94636-8-0-15.wav,a police siren is on with sirens and people are talking,0.9982145
94636-8-0-16.wav,a police siren is on with people talking in the background,0.99816704
94636-8-0-17.wav,a siren is blaring while people are talking in the background,0.9982078
94636-8-0-18.wav,people are talking in the background as a siren goes off,0.9982528
94636-8-0-19.wav,a crowd of people are talking and walking in a public place,0.0016447054
94636-8-0-2.wav,a police siren is blaring with a vehicle passing by,0.9981433
94636-8-0-20.wav,a crowd of people are talking and walking in a public place,0.0016447054
94636-8-0-21.wav,people are talking in a large hall with footsteps in the background,0.08475307
94636-8-0-3.wav,a police siren is blaring with traffic noise and a vehicle passing by,0.9981529
94636-8-0-4.wav,a siren is blaring and a vehicle is passing by,0.9981602
94636-8-0-5.wav,a siren is blaring and a car horn is honking,0.9980531
94636-8-0-6.wav,a siren is blaring and a police car horn is honking,0.99806005
94636-8-0-7.wav,a siren is blaring while a police car horn is honking,0.9981139
94636-8-0-8.wav,people are talking while a siren is blaring in the background,0.99818426
94636-8-0-9.wav,people are talking while a siren is blaring in the background,0.99818426
94710-5-0-0.wav,a car is driving down the road and the wind is blowing,0.00086557184
94710-5-0-1.wav,a machine is running at a constant speed and volume,0.00081656186
94710-5-0-2.wav,a machine is running at a constant speed and volume,0.00081656186
94710-5-0-3.wav,a machine is running at a constant speed and volume,0.00081656186
94710-5-1-0.wav,a car is driving down the road with the window open,0.0009148991
94868-1-0-0.wav,a car horn alarm beeps and beep beeping,0.997954
94868-1-1-0.wav,a car horn alarm beeps and horns honking,0.99800724
94868-1-2-0.wav,a horn is honking and a car alarm is sounding,0.9980798
95077-5-0-0.wav,a truck is idling and the engine is revving,0.0007957342
95404-3-0-0.wav,birds are chirping and a dog is barking in the distance,0.0013474476
95404-3-0-1.wav,a dog is barking and birds are chirping in the background,0.9807843
95404-3-0-4.wav,birds chirp in the background as a soft wind blows,0.0038444644
95404-3-0-5.wav,birds are chirping in the distance and a dog is barking,0.0012805803
95532-3-0-0.wav,a dog is barking and growling in the background,0.9981376
95536-3-0-1.wav,dogs are barking and a dog is howling in the background,0.9981293
95536-3-0-2.wav,a dog is barking while a woman is speaking in the background,0.9981311
95536-3-0-4.wav,dogs are barking and people are talking in the background,0.9963475
95536-3-0-5.wav,dogs are barking and people are talking in the background,0.9963475
95549-3-0-14.wav,crickets are chirping and a dog is barking in the background,0.0017834116
95549-3-0-20.wav,crickets are chirping and a dog is barking in the background,0.0017834116
95549-3-0-6.wav,crickets are chirping in the background while a dog is barking,0.001299654
95549-3-0-7.wav,crickets are chirping and a dog is barking in the background,0.0017834116
95562-4-0-0.wav,a person is using a tool to cut up and down,0.001001921
95562-4-1-0.wav,a chainsaw is started up and then begins to cut up and down,0.99808913
95562-4-2-0.wav,a drill is being used to cut up and down,0.0011571336
95562-4-3-0.wav,a saw is being used to cut up and down,0.9978471
95562-4-3-1.wav,a drill is being used to cut up and down,0.0011571336
96158-4-0-0.wav,a drill is being used to cut hair using a power tool,0.0014160278
96159-4-0-0.wav,a drill is being used to cut up and down,0.0011571336
96159-4-1-0.wav,a knife is being sharpened on a cutting board,0.0012883965
96169-9-1-10.wav,children are playing and adults are talking to each other while music is played,0.006440281
96169-9-1-3.wav,people are playing music while a band is being played,0.0021685355
96169-9-1-49.wav,a marching band is playing a song with drums and people talking in the background,0.9377321
96169-9-1-55.wav,a band is playing a song with drums in the background,0.97363764
96169-9-1-61.wav,an orchestra is playing a song with drums and bagpipes,0.059619557
96169-9-1-74.wav,a band is playing while people are talking and music is being played,0.0042997147
96475-9-0-0.wav,a person is playing a saxophone on the sidewalk,0.0033007339
96475-9-0-3.wav,a person is playing a saxophone on the sidewalk,0.0033007355
96475-9-0-4.wav,a person is playing a saxophone on the sidewalk,0.0033007355
96475-9-0-5.wav,a person is playing a saxophone on the sidewalk,0.0033007355
96475-9-0-6.wav,a person is playing a musical instrument while the wind is blowing,0.0011473298
96475-9-0-9.wav,a horn is blown over and over while people are talking in the background,0.99832636
96657-8-0-0.wav,a siren is going off and then it gets closer and louder as time goes,0.9982874
96657-8-0-1.wav,a siren is going off in the distance and a horn is blaring,0.9981667
96657-8-0-2.wav,a siren is blaring and a vehicle is passing by,0.9981602
96657-8-0-3.wav,a siren is going off in the distance and a car horn is blaring,0.998187
9674-1-0-0.wav,a car alarm is going off in the distance,0.9979249
9674-1-0-1.wav,a car alarm goes off in the distance at a steady pace,0.9980565
9674-1-0-2.wav,a car alarm is going off in the distance,0.9979249
96920-9-0-0.wav,music is playing in the background while people are talking in the distance,0.051258773
96920-9-0-11.wav,people are talking while cars are passing by in the background,0.04307548
96920-9-0-13.wav,a car is driving by on a busy street,0.0013309339
96920-9-0-2.wav,music is playing and people are talking in the background,0.31362042
96920-9-0-3.wav,music is playing in the background while a person is walking,0.96832484
96920-9-0-8.wav,people are talking while music is playing in the background,0.94793785
96921-9-0-1.wav,a person is playing a musical instrument while people are talking in the background,0.41127717
96921-9-0-11.wav,a person is walking on a sidewalk and birds are chirping in the background,0.0012270007
96921-9-0-17.wav,birds are chirping and people are talking in the background,0.001106799
96921-9-0-18.wav,birds are chirping and people are talking in the background,0.001106799
96921-9-0-4.wav,a person is walking on a sidewalk and people are talking in the background,0.010458994
96921-9-0-9.wav,a person is walking on a hard surface while birds are chirping in the background,0.0011730124
97193-3-0-0.wav,a dog is barking repeatedly while another bird is chirping in the background,0.99812967
97193-3-0-1.wav,a dog is barking and growling at a distance,0.99798787
97193-3-0-4.wav,a dog is barking loudly and sporadically,0.9981115
97193-3-0-6.wav,a dog is barking and growling at a consistent rate,0.99795
97317-2-0-22.wav,a group of children are playing basketball in a playground,0.0014866424
97317-2-0-23.wav,children are playing and talking in a gym,0.0015000177
97317-2-0-25.wav,a group of children are playing and talking to each other,0.0019195519
97317-2-0-28.wav,a group of people are laughing and talking in a large crowd,0.002507513
97317-2-0-34.wav,children are laughing and talking in the background,0.005572789
97317-2-0-36.wav,children are shouting and yelling in a playground,0.9942827
97317-2-0-5.wav,a group of people are laughing and talking to each other,0.0013425461
97331-2-0-13.wav,a group of people are talking and laughing loudly,0.24410196
97331-2-0-17.wav,a group of children are laughing and shouting,0.0079484815
97331-2-0-20.wav,children are screaming and shouting in a playground,0.9970927
97331-2-0-35.wav,children are shouting and screaming while a child is speaking,0.99798703
97331-2-0-50.wav,a large group of children are shouting and screaming,0.99790937
97331-2-0-55.wav,children are screaming and shouting in a playground,0.9970927
97331-2-0-59.wav,a group of people are shouting and yelling,0.92796636
97331-2-0-98.wav,a large group of children are shouting and screaming,0.99790937
97606-7-0-0.wav,a machine is running at a constant speed and then stops,0.00080265966
97606-7-1-0.wav,a machine is running at a constant speed and then a pressure washer sprays water,0.00081466715
97606-7-2-0.wav,a machine is running and then it is turned off,0.00080377335
97606-7-3-0.wav,a spray is being sprayed with static in the background,0.9916918
97606-7-4-0.wav,a machine is running at a constant speed and then it is turned off,0.00079954905
97606-7-5-0.wav,a machine is running at a constant speed and then stops,0.00080265966
97756-3-0-0.wav,a dog barking dogs bark at a small puppy,0.98262054
98202-9-0-10.wav,a marching band is playing a song with drums and bagpipes,0.0066192793
98202-9-0-4.wav,a marching band is playing a saxophone on the sidewalk,0.0023086811
98202-9-0-7.wav,a marching band is playing a song with drums and bagpipes,0.0066192793
98202-9-1-20.wav,children are playing and adults are talking to each other while music is being played,0.00585307
98202-9-1-27.wav,a band is playing a song with drums and people are talking in the background,0.9777905
98202-9-1-5.wav,a person is playing a musical instrument while people are talking in the background,0.41127717
98223-7-0-0.wav,a jackhammer is running and then stops and then starts again,0.9978756
98223-7-1-0.wav,a jackhammer is running loudly and then stops,0.9979949
98223-7-10-0.wav,a jackhammer is being used to cut a piece of wood,0.9977695
98223-7-2-0.wav,an engine is started and then starts to start up,0.0008975583
98223-7-3-0.wav,a machine is running and then stops and then starts again,0.0008361955
98223-7-4-0.wav,a machine is running and then stops and then starts again,0.0008361955
98223-7-5-0.wav,a machine is running and then stops and then starts again,0.0008361955
98223-7-6-0.wav,an engine starts up and then begins revving again,0.0016106049
98223-7-7-0.wav,a jackhammer is running and then stops and then starts again,0.9978756
98223-7-8-0.wav,a jackhammer is running and then stops and starts again,0.9978782
98223-7-9-0.wav,a jackhammer is running and then stops and then starts again,0.9978756
98263-9-0-1.wav,a violin is playing a song in the background,0.99153394
98263-9-0-10.wav,a violin is playing a song in the background,0.99153394
98263-9-0-22.wav,a violin is playing a song on the accordion while people are talking in the,0.11678842
98263-9-0-24.wav,a violin is playing a song in the background,0.99153394
98263-9-0-33.wav,someone is playing a musical instrument in the background,0.9473159
98263-9-0-35.wav,a violin is playing a song on a stringed instrument,0.018139416
98525-8-0-0.wav,a police siren is blaring and a vehicle is passing by,0.99814403
98536-8-0-0.wav,a police siren is blaring with a car alarm,0.9980714
98680-9-0-11.wav,a woman is singing a song while music plays in the background,0.98085505
98680-9-0-14.wav,a woman sings along a song while a child is singing in the background,0.9920769
98680-9-0-2.wav,a woman is speaking to a song while music plays in the background,0.98696566
98680-9-0-3.wav,a woman is singing a song and a child is speaking in the background,0.9950394
98680-9-0-5.wav,a song is being played on a music box and a woman sings singing,0.11172242
98681-9-0-0.wav,a woman is singing a song with a radio playing in the background,0.99332315
98681-9-0-11.wav,a woman is speaking while a television is playing in the background,0.5501577
98681-9-0-12.wav,children are talking to each other in a playground,0.0018261062
98681-9-0-5.wav,a radio is playing with static in the background,0.9976064
98681-9-0-6.wav,children are playing and talking to each other while music plays in the background,0.66668254
98681-9-0-7.wav,a child is speaking and a baby is crying in the background,0.9981996
98859-7-0-0.wav,a jackhammer is running and a bell is ringing in the background,0.99771595
98859-7-1-0.wav,a jackhammer is being used to cut up a piece of metal,0.99778265
98859-7-2-0.wav,a jackhammer is running and a machine is operating,0.0011014863
98859-7-2-1.wav,a jackhammer is running at a constant speed and then stops,0.99116474
98859-7-2-2.wav,a jackhammer is running loudly and then stops,0.9979949
98859-7-2-3.wav,a jackhammer is being used to cut up and down,0.99779886
98859-7-2-4.wav,a jackhammer is running at a constant speed and then stops,0.99116474
98859-7-2-5.wav,a machine is running at a constant speed,0.0008257412
99157-9-0-10.wav,a person is walking on a sidewalk and people are talking in the background,0.010458994
99157-9-0-15.wav,a person is walking on a hard surface while people are talking in the background,0.5944034
99157-9-0-16.wav,a person is walking on a hard surface while people are talking in the background,0.5944034
99157-9-0-22.wav,people are talking while music is playing in the background,0.9479379
99157-9-0-24.wav,a person is playing a musical instrument while music plays in the background,0.010326437
99157-9-0-31.wav,music is playing in the background while people are talking,0.7045901
99179-9-0-12.wav,someone is playing a musical instrument with a trumpet in the background,0.9881054
99179-9-0-17.wav,someone is playing a musical instrument while a flute is in the background,0.59683657
99179-9-0-19.wav,a musical instrument is playing a flute,0.001067198
99179-9-0-38.wav,a musical instrument is playing a song in the background,0.9791946
99179-9-0-53.wav,a machine is running in the background while a man is speaking,0.0017538312
99179-9-0-58.wav,rain is pouring down on the street as a car passes by,0.0010909099
99180-9-0-0.wav,music is being played on a radio that is playing,0.0018544992
99180-9-0-2.wav,a person is playing a musical instrument with a lot of music,0.002476743
99180-9-0-36.wav,music is being played in a large open space,0.0071680434
99180-9-0-48.wav,music is playing loudly in a large open space,0.4549621
99180-9-0-49.wav,a large group of people are playing music,0.002061767
99180-9-0-7.wav,music is playing loudly in a large open space,0.4549621
99185-3-0-0.wav,a dog barking and dogs bark at a growling howl,0.9980574
99192-4-0-0.wav,a drill is being used to cut a piece of wood,0.012554919
99192-4-0-1.wav,a drill is being used in a workshop,0.001112459
99192-4-0-12.wav,someone is using a tool to cut something on a piece of wood,0.2917229
99192-4-0-15.wav,a drill is being used to cut a piece of wood,0.012554919
99192-4-0-17.wav,someone is using a tool to clean something,0.001791124
99192-4-0-18.wav,a drill is being used to cut something,0.0023309216
99192-4-0-20.wav,someone is using a power tool to cut something,0.013863225
99192-4-0-24.wav,a drill is being used in a workshop,0.001112459
99192-4-0-26.wav,someone is using a power tool to cut a piece of wood,0.23859917
99192-4-0-27.wav,a power tool is being used to cut wood,0.0011255988
99192-4-0-28.wav,someone is using a drill in a workshop,0.0032136831
99192-4-0-3.wav,a saw is being used to cut a piece of wood,0.9980191
99192-4-0-30.wav,a machine is running at a constant speed and then stops,0.00080265966
99192-4-0-32.wav,someone is using a power tool to cut a piece of wood,0.23859917
99192-4-0-33.wav,someone is using a power tool in a workshop,0.0012091468
99192-4-0-38.wav,someone is using a tool to cut a piece of wood,0.24574961
99192-4-0-40.wav,someone is using a power tool to cut a piece of wood,0.23860013
99192-4-0-41.wav,a power tool is being used in a workshop,0.0009265133
99192-4-0-43.wav,a drill is being used in a workshop,0.001112459
99192-4-0-47.wav,someone is using a drill in a circular saw,0.9963787
99192-4-0-48.wav,a drill is being used to cut a piece of wood,0.0125549855
99192-4-0-49.wav,a machine is running at a constant speed and then it stops,0.00080635404
99192-4-0-52.wav,someone is using a power tool in a workshop,0.0012091486
99192-4-0-53.wav,someone is using a tool to cut a piece of metal,0.037636984
99192-4-0-54.wav,someone is using a tool to cut a piece of wood,0.24574961
99192-4-0-55.wav,someone is using a power tool with a saw in the background,0.9979943
99192-4-0-7.wav,a power tool is being used in a workshop,0.0009265133
99500-2-0-1.wav,the wind is blowing and the rain is hitting the ground,0.00090877543
99500-2-0-11.wav,children are playing and adults are talking in the background,0.0064692087
99500-2-0-2.wav,the wind is blowing and the rain is falling,0.0008797982
99500-2-0-23.wav,children are playing in the playground and talking to each other,0.001946116
99500-2-0-29.wav,children are screaming and playing in the playground,0.75829065
99500-2-0-39.wav,a group of children are shouting and yelling,0.99681866
99500-2-0-41.wav,children are playing and screaming while adults are talking,0.99804085
99500-2-0-50.wav,children are shouting and playing in the playground,0.014210805
99710-9-0-11.wav,a musical instrument is playing a song in the background,0.97919446
99710-9-0-12.wav,a musical instrument is playing a song in the background,0.97919446
99710-9-0-16.wav,a musical instrument is playing a flute,0.0010671974
99710-9-0-2.wav,a person is playing a saxophone on the sidewalk,0.0033007325
99710-9-0-5.wav,a saxophone is being played in the background,0.9924609
99710-9-0-6.wav,a person is playing a saxophone on the sidewalk,0.0033007325
99812-1-0-0.wav,a car horn is honking while cars are passing by in the background,0.9981735
99812-1-0-1.wav,a car horn honks and a siren blares in the background,0.9980756
99812-1-0-2.wav,a car horn is honking while cars are passing by in the background,0.9981735
99812-1-1-0.wav,a car horn is honking while traffic is passing in the background,0.9981786
99812-1-2-0.wav,a car horn honks and a vehicle drives by,0.9981193
99812-1-3-0.wav,a car horn honks while traffic horns honk in the background,0.9982127
99812-1-4-0.wav,a car horn honks while traffic moves in the background,0.99820304
99812-1-5-0.wav,a car horn is honking while traffic is passing by in the background,0.9981719
99812-1-6-0.wav,a horn honks and a car drives by,0.99807537
