slice_file_name,sbert_danger_score,sbert_caption_pred
100263-2-0-117.wav,-1.067355,0
100263-2-0-121.wav,-1.067355,0
100263-2-0-126.wav,0.0,0
100263-2-0-137.wav,0.0,0
100263-2-0-143.wav,-1.097122,0
100263-2-0-161.wav,0.0,0
100263-2-0-3.wav,-1.067355,0
100263-2-0-36.wav,0.0,0
100652-3-0-0.wav,2.385056,1
100652-3-0-1.wav,2.129667,1
100652-3-0-2.wav,2.129667,1
100652-3-0-3.wav,2.263224,1
100795-3-0-0.wav,0.861203,1
100795-3-1-0.wav,2.38109,1
100795-3-1-1.wav,1.068023,1
100795-3-1-2.wav,1.242371,1
100852-0-0-0.wav,0.0,0
100852-0-0-1.wav,0.0,0
100852-0-0-10.wav,0.0,0
100852-0-0-11.wav,0.0,0
100852-0-0-12.wav,0.0,0
100852-0-0-13.wav,0.0,0
100852-0-0-14.wav,0.0,0
100852-0-0-15.wav,0.0,0
100852-0-0-16.wav,0.0,0
100852-0-0-17.wav,0.0,0
100852-0-0-18.wav,0.0,0
100852-0-0-19.wav,0.0,0
100852-0-0-2.wav,0.0,0
100852-0-0-20.wav,0.0,0
100852-0-0-21.wav,0.0,0
100852-0-0-22.wav,0.0,0
100852-0-0-23.wav,0.0,0
100852-0-0-24.wav,0.0,0
100852-0-0-25.wav,0.0,0
100852-0-0-26.wav,0.0,0
100852-0-0-27.wav,0.0,0
100852-0-0-28.wav,0.0,0
100852-0-0-29.wav,0.0,0
100852-0-0-3.wav,0.0,0
100852-0-0-30.wav,0.0,0
100852-0-0-4.wav,0.0,0
100852-0-0-5.wav,0.0,0
100852-0-0-6.wav,0.0,0
100852-0-0-7.wav,0.873991,1
100852-0-0-8.wav,0.873991,1
100852-0-0-9.wav,0.0,0
101281-3-0-0.wav,0.967344,1
101281-3-0-14.wav,1.043594,1
101281-3-0-5.wav,1.075801,1
101382-2-0-10.wav,0.0,0
101382-2-0-12.wav,0.0,0
101382-2-0-20.wav,-1.134876,0
101382-2-0-21.wav,0.0,0
101382-2-0-29.wav,0.0,0
101382-2-0-33.wav,-1.067355,0
101382-2-0-42.wav,-1.067355,0
101382-2-0-45.wav,-1.067355,0
101415-3-0-2.wav,1.163685,1
101415-3-0-3.wav,0.914209,1
101415-3-0-8.wav,0.994099,1
101729-0-0-1.wav,0.0,0
101729-0-0-11.wav,0.0,0
101729-0-0-12.wav,0.0,0
101729-0-0-13.wav,0.0,0
101729-0-0-14.wav,0.0,0
101729-0-0-16.wav,0.0,0
101729-0-0-17.wav,0.0,0
101729-0-0-18.wav,0.0,0
101729-0-0-19.wav,0.0,0
101729-0-0-21.wav,0.0,0
101729-0-0-22.wav,0.0,0
101729-0-0-23.wav,0.0,0
101729-0-0-24.wav,0.0,0
101729-0-0-26.wav,0.0,0
101729-0-0-28.wav,0.0,0
101729-0-0-29.wav,0.0,0
101729-0-0-3.wav,0.0,0
101729-0-0-32.wav,0.0,0
101729-0-0-33.wav,0.0,0
101729-0-0-36.wav,0.0,0
101729-0-0-37.wav,0.0,0
101729-0-0-38.wav,0.0,0
101729-0-0-39.wav,0.0,0
101729-0-0-4.wav,0.0,0
101729-0-0-40.wav,0.0,0
101729-0-0-6.wav,0.0,0
101729-0-0-9.wav,0.0,0
101848-9-0-0.wav,-2.065804,0
101848-9-0-1.wav,-2.065804,0
101848-9-0-2.wav,-1.493648,0
101848-9-0-3.wav,-1.493648,0
101848-9-0-8.wav,-2.065804,0
101848-9-0-9.wav,-1.493648,0
102102-3-0-0.wav,2.375312,1
102103-3-0-0.wav,2.271341,1
102103-3-1-0.wav,2.271341,1
102104-3-0-0.wav,2.318843,1
102105-3-0-0.wav,0.931524,1
102106-3-0-0.wav,2.129667,1
102547-3-0-2.wav,0.966764,1
102547-3-0-7.wav,0.867072,1
102547-3-0-8.wav,0.867072,1
102842-3-0-1.wav,1.027436,1
102842-3-1-0.wav,1.004191,1
102842-3-1-5.wav,2.29843,1
102842-3-1-6.wav,0.954256,1
102853-8-0-0.wav,2.921421,1
102853-8-0-1.wav,4.454263,1
102853-8-0-2.wav,4.804681,1
102853-8-0-3.wav,6.849357,1
102853-8-0-4.wav,5.954167,1
102853-8-0-5.wav,0.959619,1
102853-8-0-6.wav,0.0,0
102853-8-1-0.wav,2.500492,1
102857-5-0-0.wav,0.0,0
102857-5-0-1.wav,0.0,0
102857-5-0-10.wav,0.0,0
102857-5-0-11.wav,0.0,0
102857-5-0-12.wav,0.0,0
102857-5-0-13.wav,0.0,0
102857-5-0-14.wav,0.0,0
102857-5-0-15.wav,0.964988,1
102857-5-0-16.wav,0.0,0
102857-5-0-17.wav,0.0,0
102857-5-0-18.wav,0.0,0
102857-5-0-19.wav,1.131378,1
102857-5-0-2.wav,0.0,0
102857-5-0-20.wav,0.0,0
102857-5-0-21.wav,1.131378,1
102857-5-0-22.wav,0.0,0
102857-5-0-23.wav,1.131378,1
102857-5-0-24.wav,1.131378,1
102857-5-0-25.wav,0.0,0
102857-5-0-26.wav,0.0,0
102857-5-0-27.wav,0.0,0
102857-5-0-28.wav,0.0,0
102857-5-0-29.wav,0.0,0
102857-5-0-3.wav,0.0,0
102857-5-0-30.wav,0.0,0
102857-5-0-4.wav,0.0,0
102857-5-0-5.wav,0.0,0
102857-5-0-6.wav,0.0,0
102857-5-0-7.wav,0.0,0
102857-5-0-8.wav,0.0,0
102857-5-0-9.wav,0.0,0
102858-5-0-0.wav,0.0,0
102858-5-0-1.wav,0.0,0
103074-7-0-0.wav,0.0,0
103074-7-0-1.wav,0.0,0
103074-7-0-2.wav,0.0,0
103074-7-1-0.wav,0.0,0
103074-7-1-1.wav,0.0,0
103074-7-1-2.wav,0.0,0
103074-7-1-3.wav,0.0,0
103074-7-1-4.wav,0.0,0
103074-7-1-5.wav,0.0,0
103074-7-1-6.wav,0.0,0
103074-7-2-0.wav,0.0,0
103074-7-3-0.wav,0.0,0
103074-7-3-1.wav,0.0,0
103074-7-3-2.wav,0.0,0
103074-7-3-3.wav,0.0,0
103074-7-4-0.wav,0.0,0
103074-7-4-1.wav,0.914668,1
103074-7-4-2.wav,0.0,0
103074-7-4-3.wav,0.0,0
103074-7-4-4.wav,0.0,0
103074-7-4-5.wav,-0.350848,0
103074-7-4-6.wav,-0.350848,0
103076-3-0-0.wav,1.038622,1
103076-3-1-0.wav,2.263224,1
103076-3-2-0.wav,1.037076,1
103199-4-0-0.wav,0.0,0
103199-4-0-3.wav,0.0,0
103199-4-0-4.wav,0.0,0
103199-4-0-5.wav,0.0,0
103199-4-0-6.wav,0.0,0
103199-4-1-0.wav,0.0,0
103199-4-2-0.wav,0.0,0
103199-4-2-1.wav,0.0,0
103199-4-2-10.wav,0.0,0
103199-4-2-11.wav,0.0,0
103199-4-2-2.wav,0.0,0
103199-4-2-3.wav,0.0,0
103199-4-2-4.wav,0.0,0
103199-4-2-5.wav,0.0,0
103199-4-2-6.wav,0.0,0
103199-4-2-7.wav,0.0,0
103199-4-2-8.wav,0.0,0
103199-4-2-9.wav,0.0,0
103199-4-4-0.wav,0.0,0
103199-4-6-0.wav,1.379616,1
103199-4-7-2.wav,0.0,0
103249-5-0-0.wav,0.0,0
103249-5-0-1.wav,0.0,0
103249-5-0-10.wav,0.0,0
103249-5-0-11.wav,0.0,0
103249-5-0-12.wav,0.0,0
103249-5-0-13.wav,0.0,0
103249-5-0-14.wav,0.0,0
103249-5-0-15.wav,0.0,0
103249-5-0-16.wav,0.0,0
103249-5-0-17.wav,0.0,0
103249-5-0-18.wav,0.0,0
103249-5-0-19.wav,0.0,0
103249-5-0-2.wav,0.0,0
103249-5-0-3.wav,0.0,0
103249-5-0-4.wav,0.0,0
103249-5-0-5.wav,0.0,0
103249-5-0-6.wav,0.0,0
103249-5-0-7.wav,0.0,0
103249-5-0-8.wav,0.0,0
103249-5-0-9.wav,0.0,0
103258-5-0-0.wav,0.0,0
103258-5-0-1.wav,0.0,0
103258-5-0-10.wav,0.0,0
103258-5-0-11.wav,0.0,0
103258-5-0-12.wav,2.640189,1
103258-5-0-13.wav,2.640189,1
103258-5-0-14.wav,0.0,0
103258-5-0-15.wav,0.0,0
103258-5-0-16.wav,0.0,0
103258-5-0-17.wav,0.0,0
103258-5-0-18.wav,0.0,0
103258-5-0-19.wav,0.0,0
103258-5-0-2.wav,0.0,0
103258-5-0-3.wav,0.0,0
103258-5-0-4.wav,0.0,0
103258-5-0-5.wav,0.0,0
103258-5-0-6.wav,0.0,0
103258-5-0-7.wav,0.0,0
103258-5-0-8.wav,0.0,0
103258-5-0-9.wav,0.0,0
103357-4-0-0.wav,0.0,0
103357-4-0-1.wav,0.0,0
103438-5-0-0.wav,0.0,0
103438-5-0-1.wav,0.0,0
103438-5-0-2.wav,0.0,0
104327-2-0-15.wav,-1.144423,0
104327-2-0-19.wav,0.0,0
104327-2-0-26.wav,-1.774285,0
104327-2-0-28.wav,-1.057032,0
104327-2-0-3.wav,0.0,0
104327-2-0-30.wav,-0.385845,0
104327-2-0-34.wav,0.0,0
104327-2-0-4.wav,-3.37421,0
104421-2-0-1.wav,1.140397,1
104421-2-0-15.wav,0.0,0
104421-2-0-20.wav,0.0,0
104421-2-0-29.wav,0.0,0
104421-2-0-3.wav,1.296756,1
104421-2-0-5.wav,0.0,0
104421-2-0-7.wav,2.085021,1
104421-2-1-3.wav,0.0,0
104625-4-0-15.wav,1.333247,1
104625-4-0-21.wav,1.415377,1
104625-4-0-27.wav,1.348649,1
104625-4-0-29.wav,1.348649,1
104625-4-0-3.wav,1.322646,1
104625-4-0-35.wav,1.161907,1
104625-4-0-40.wav,1.348649,1
104625-4-0-41.wav,1.348649,1
104625-4-0-45.wav,1.348649,1
104625-4-0-48.wav,1.333247,1
104625-4-0-51.wav,0.0,0
104625-4-0-52.wav,1.415098,1
104625-4-0-53.wav,0.0,0
104625-4-0-55.wav,1.437759,1
104625-4-0-57.wav,1.348649,1
104625-4-0-66.wav,0.0,0
104625-4-1-20.wav,1.425849,1
104625-4-1-8.wav,1.348649,1
104817-4-0-0.wav,0.0,0
104817-4-0-1.wav,0.0,0
104817-4-0-10.wav,0.0,0
104817-4-0-11.wav,1.306512,1
104817-4-0-2.wav,1.379616,1
104817-4-0-3.wav,1.379091,1
104817-4-0-4.wav,1.367752,1
104817-4-0-5.wav,1.379091,1
104817-4-0-6.wav,0.0,0
104817-4-0-7.wav,1.379091,1
104817-4-0-8.wav,0.0,0
104817-4-0-9.wav,0.0,0
104998-7-0-5.wav,0.0,0
104998-7-10-1.wav,0.0,0
104998-7-10-10.wav,0.0,0
104998-7-10-13.wav,0.0,0
104998-7-10-15.wav,0.0,0
104998-7-10-8.wav,0.0,0
104998-7-10-9.wav,0.0,0
104998-7-11-0.wav,0.0,0
104998-7-11-2.wav,0.0,0
104998-7-12-2.wav,0.0,0
104998-7-14-1.wav,0.0,0
104998-7-14-5.wav,1.141751,1
104998-7-14-6.wav,1.193682,1
104998-7-15-1.wav,0.0,0
104998-7-15-3.wav,0.0,0
104998-7-15-5.wav,0.0,0
104998-7-15-9.wav,0.0,0
104998-7-16-0.wav,0.0,0
104998-7-16-10.wav,0.0,0
104998-7-16-11.wav,0.0,0
104998-7-16-5.wav,0.0,0
104998-7-16-6.wav,0.0,0
104998-7-16-7.wav,0.0,0
104998-7-17-0.wav,1.241308,1
104998-7-17-1.wav,0.0,0
104998-7-17-12.wav,0.0,0
104998-7-17-14.wav,0.0,0
104998-7-17-4.wav,0.0,0
104998-7-17-7.wav,0.0,0
104998-7-17-8.wav,0.0,0
104998-7-18-12.wav,0.0,0
104998-7-18-13.wav,0.0,0
104998-7-18-3.wav,0.0,0
104998-7-18-9.wav,0.0,0
104998-7-19-0.wav,0.0,0
104998-7-19-3.wav,0.0,0
104998-7-19-6.wav,0.0,0
104998-7-19-7.wav,0.0,0
104998-7-19-8.wav,0.0,0
104998-7-19-9.wav,0.0,0
104998-7-2-4.wav,0.0,0
104998-7-2-5.wav,0.0,0
104998-7-2-6.wav,0.0,0
104998-7-3-1.wav,1.193682,1
104998-7-7-0.wav,0.0,0
104998-7-7-1.wav,0.0,0
104998-7-7-4.wav,0.0,0
104998-7-7-7.wav,0.0,0
104998-7-7-9.wav,0.0,0
104998-7-8-13.wav,0.0,0
104998-7-8-14.wav,0.0,0
104998-7-8-15.wav,0.0,0
104998-7-8-17.wav,0.0,0
104998-7-8-4.wav,0.0,0
104998-7-8-6.wav,0.0,0
104998-7-8-7.wav,0.0,0
104998-7-9-0.wav,0.0,0
104998-7-9-13.wav,0.0,0
104998-7-9-9.wav,0.0,0
105029-7-0-0.wav,0.0,0
105029-7-0-1.wav,0.0,0
105029-7-0-2.wav,0.0,0
105029-7-0-3.wav,0.0,0
105029-7-0-4.wav,0.0,0
105029-7-0-5.wav,0.0,0
105029-7-0-6.wav,0.0,0
105029-7-1-0.wav,1.241308,1
105029-7-1-1.wav,0.0,0
105029-7-1-10.wav,0.0,0
105029-7-1-11.wav,0.0,0
105029-7-1-12.wav,0.72374,1
105029-7-1-13.wav,0.0,0
105029-7-1-2.wav,0.0,0
105029-7-1-3.wav,0.0,0
105029-7-1-4.wav,0.0,0
105029-7-1-5.wav,0.0,0
105029-7-1-6.wav,0.0,0
105029-7-1-7.wav,0.0,0
105029-7-1-8.wav,0.0,0
105029-7-1-9.wav,0.0,0
105029-7-2-0.wav,1.158695,1
105029-7-2-1.wav,0.0,0
105029-7-2-10.wav,0.0,0
105029-7-2-11.wav,0.0,0
105029-7-2-12.wav,0.0,0
105029-7-2-13.wav,0.0,0
105029-7-2-14.wav,1.144402,1
105029-7-2-15.wav,0.0,0
105029-7-2-16.wav,0.0,0
105029-7-2-2.wav,0.0,0
105029-7-2-3.wav,0.0,0
105029-7-2-4.wav,0.0,0
105029-7-2-5.wav,0.0,0
105029-7-2-6.wav,0.0,0
105029-7-2-7.wav,0.0,0
105029-7-2-8.wav,0.0,0
105029-7-2-9.wav,0.0,0
105029-7-3-0.wav,0.0,0
105029-7-3-1.wav,0.0,0
105029-7-3-2.wav,0.0,0
105029-7-3-3.wav,0.0,0
105029-7-3-4.wav,0.0,0
105029-7-3-5.wav,0.0,0
105029-7-3-6.wav,0.0,0
105029-7-3-7.wav,0.0,0
105029-7-4-0.wav,0.0,0
105029-7-4-1.wav,0.0,0
105029-7-4-2.wav,0.0,0
105029-7-4-3.wav,0.0,0
105088-3-0-10.wav,0.86767,1
105088-3-0-11.wav,0.858719,1
105088-3-0-19.wav,1.014536,1
105088-3-0-8.wav,0.979165,1
105289-8-0-0.wav,2.74607,1
105289-8-0-1.wav,4.901984,1
105289-8-0-2.wav,4.901984,1
105289-8-0-3.wav,4.901984,1
105289-8-0-4.wav,5.200278,1
105289-8-0-5.wav,4.128685,1
105289-8-1-0.wav,5.460829,1
105289-8-1-1.wav,8.497306,1
105289-8-1-2.wav,8.325258,1
105289-8-1-3.wav,4.350089,1
105289-8-1-4.wav,8.9036,1
105289-8-2-0.wav,5.47506,1
105289-8-2-1.wav,6.816229,1
105289-8-2-2.wav,5.384031,1
105289-8-2-3.wav,5.384031,1
105289-8-2-4.wav,5.73328,1
105289-8-2-5.wav,1.212772,1
105289-8-2-6.wav,4.01446,1
105289-8-2-7.wav,4.845649,1
105319-3-0-22.wav,0.911616,1
105319-3-0-29.wav,0.911616,1
105319-3-0-39.wav,0.995419,1
105415-2-0-1.wav,0.0,0
105415-2-0-15.wav,0.0,0
105415-2-0-19.wav,0.0,0
105415-2-0-21.wav,1.251611,1
105415-2-0-24.wav,0.0,0
105415-2-0-4.wav,0.0,0
105415-2-0-6.wav,-0.352314,0
105415-2-0-8.wav,0.0,0
105425-9-0-1.wav,1.69868,1
105425-9-0-10.wav,-0.832003,0
105425-9-0-12.wav,-2.696734,0
105425-9-0-13.wav,-2.696734,0
105425-9-0-14.wav,-1.448016,0
105425-9-0-23.wav,-1.490483,0
106014-5-0-0.wav,0.0,0
106014-5-0-1.wav,0.0,0
106014-5-0-2.wav,0.0,0
106014-5-0-3.wav,0.0,0
106014-5-0-4.wav,0.0,0
106015-5-0-0.wav,0.360852,1
106015-5-0-1.wav,0.0,0
106015-5-0-10.wav,0.360852,1
106015-5-0-11.wav,0.0,0
106015-5-0-12.wav,0.0,0
106015-5-0-13.wav,0.360852,1
106015-5-0-14.wav,0.360852,1
106015-5-0-15.wav,0.0,0
106015-5-0-16.wav,0.360852,1
106015-5-0-17.wav,0.0,0
106015-5-0-18.wav,0.0,0
106015-5-0-19.wav,0.0,0
106015-5-0-2.wav,0.0,0
106015-5-0-20.wav,0.0,0
106015-5-0-3.wav,0.0,0
106015-5-0-4.wav,0.0,0
106015-5-0-5.wav,0.0,0
106015-5-0-6.wav,0.0,0
106015-5-0-7.wav,0.360852,1
106015-5-0-8.wav,0.360852,1
106015-5-0-9.wav,0.360852,1
106486-5-0-0.wav,0.0,0
106486-5-0-1.wav,0.0,0
106486-5-0-2.wav,0.0,0
106487-5-0-0.wav,0.0,0
106487-5-0-1.wav,0.0,0
106487-5-0-2.wav,0.0,0
106905-5-0-0.wav,0.0,0
106905-5-0-1.wav,0.0,0
106905-5-0-2.wav,0.0,0
106905-8-0-0.wav,5.479357,1
106905-8-0-1.wav,5.384116,1
106905-8-0-2.wav,5.735654,1
106905-8-0-3.wav,5.467214,1
106955-6-0-0.wav,2.083236,1
107090-1-0-0.wav,2.792266,1
107090-1-1-0.wav,2.792266,1
107190-3-0-0.wav,2.263224,1
107228-5-0-0.wav,0.0,0
107228-5-0-1.wav,0.0,0
107228-5-0-2.wav,0.0,0
107228-5-0-3.wav,0.0,0
107228-5-0-4.wav,0.0,0
107228-5-0-5.wav,0.0,0
107228-5-0-6.wav,0.0,0
107228-5-0-7.wav,0.0,0
107357-8-0-0.wav,5.163207,1
107357-8-0-1.wav,5.35216,1
107357-8-0-2.wav,7.122271,1
107357-8-0-3.wav,2.540779,1
107357-8-0-4.wav,4.350089,1
107357-8-0-5.wav,7.122271,1
107357-8-0-6.wav,7.122271,1
107357-8-0-7.wav,2.769361,1
107357-8-0-8.wav,2.786521,1
107357-8-1-0.wav,5.215248,1
107357-8-1-1.wav,5.215248,1
107357-8-1-10.wav,4.350089,1
107357-8-1-11.wav,2.769361,1
107357-8-1-12.wav,7.122271,1
107357-8-1-13.wav,7.122271,1
107357-8-1-14.wav,7.122271,1
107357-8-1-15.wav,5.434869,1
107357-8-1-16.wav,4.186398,1
107357-8-1-17.wav,6.922708,1
107357-8-1-18.wav,2.317506,1
107357-8-1-2.wav,2.145741,1
107357-8-1-3.wav,2.376295,1
107357-8-1-4.wav,5.290876,1
107357-8-1-5.wav,5.13966,1
107357-8-1-6.wav,4.997906,1
107357-8-1-7.wav,6.816229,1
107357-8-1-8.wav,4.128685,1
107357-8-1-9.wav,4.350089,1
107653-9-0-12.wav,-1.112059,0
107653-9-0-14.wav,-0.363092,0
107653-9-0-18.wav,0.0,0
107653-9-0-3.wav,0.0,0
107653-9-0-5.wav,-0.918059,0
107653-9-0-7.wav,0.0,0
107842-4-0-0.wav,0.0,0
107842-4-0-1.wav,0.0,0
107842-4-0-2.wav,1.425849,1
107842-4-1-0.wav,0.0,0
107842-4-2-0.wav,1.306512,1
107842-4-2-1.wav,1.310181,1
107842-4-2-2.wav,1.310181,1
107842-4-2-3.wav,1.306512,1
107842-4-2-4.wav,1.306512,1
107842-4-3-0.wav,0.0,0
108041-9-0-11.wav,0.0,0
108041-9-0-2.wav,0.0,0
108041-9-0-4.wav,0.0,0
108041-9-0-5.wav,0.0,0
108041-9-0-6.wav,0.0,0
108041-9-0-7.wav,0.0,0
108041-9-0-9.wav,0.0,0
108187-3-2-0.wav,2.020279,1
108187-3-3-0.wav,1.079911,1
108187-3-4-0.wav,2.38109,1
108187-3-6-0.wav,2.263612,1
108357-9-0-15.wav,0.0,0
108357-9-0-2.wav,-2.74795,0
108357-9-0-27.wav,0.0,0
108357-9-0-30.wav,0.0,0
108357-9-0-44.wav,0.388793,1
108357-9-0-49.wav,0.0,0
108362-2-0-11.wav,0.0,0
108362-2-0-12.wav,0.0,0
108362-2-0-21.wav,-0.406472,0
108362-2-0-23.wav,0.0,0
108362-2-0-29.wav,1.253777,1
108362-2-0-30.wav,1.253777,1
108362-2-0-7.wav,0.0,0
108362-2-0-9.wav,0.0,0
108638-9-0-0.wav,0.0,0
108638-9-0-1.wav,-1.913792,0
108638-9-0-2.wav,-2.696734,0
108638-9-0-4.wav,-1.556342,0
108638-9-0-5.wav,-1.556342,0
108638-9-0-6.wav,-2.740245,0
109233-3-0-3.wav,0.979165,1
109233-3-0-4.wav,0.979165,1
109233-3-0-5.wav,0.898422,1
109233-3-0-6.wav,0.979165,1
109263-9-0-34.wav,0.0,0
109263-9-0-39.wav,0.0,0
109263-9-0-54.wav,0.0,0
109263-9-0-61.wav,0.0,0
109263-9-0-78.wav,0.0,0
109703-2-0-134.wav,-0.787823,0
109703-2-0-14.wav,-1.067355,0
109703-2-0-153.wav,0.0,0
109703-2-0-29.wav,0.0,0
109703-2-0-32.wav,0.0,0
109703-2-0-48.wav,-0.051384,0
109703-2-0-50.wav,0.315154,1
109711-3-1-0.wav,2.376493,1
109711-3-2-4.wav,1.00807,1
109711-3-2-6.wav,1.052548,1
110134-3-0-0.wav,2.341234,1
110371-3-0-1.wav,0.962014,1
110371-3-1-0.wav,0.903279,1
110371-3-1-1.wav,0.81197,1
110621-7-0-0.wav,0.0,0
110621-7-0-1.wav,0.0,0
110621-7-0-2.wav,0.0,0
110621-7-0-3.wav,0.0,0
110622-6-0-0.wav,1.720568,1
110688-3-0-11.wav,0.87696,1
110688-3-0-17.wav,0.907006,1
110688-3-0-2.wav,0.858636,1
110688-3-0-32.wav,0.858636,1
110868-9-0-11.wav,0.0,0
110868-9-0-13.wav,0.0,0
110868-9-0-14.wav,0.0,0
110868-9-0-15.wav,-0.353062,0
110868-9-0-6.wav,0.0,0
110868-9-0-8.wav,0.0,0
110918-3-0-1.wav,2.129667,1
110918-3-0-26.wav,2.374917,1
110918-3-0-40.wav,1.161187,1
110918-3-0-9.wav,2.129667,1
111048-6-0-0.wav,2.095599,1
111386-5-0-0.wav,0.0,0
111386-5-0-1.wav,0.0,0
111386-5-0-2.wav,0.0,0
111386-5-0-3.wav,0.0,0
111386-5-0-4.wav,0.0,0
111386-5-0-5.wav,0.0,0
111386-5-0-6.wav,0.0,0
111386-5-0-7.wav,0.0,0
111386-5-1-0.wav,0.0,0
111386-5-1-1.wav,0.0,0
111386-5-1-10.wav,0.0,0
111386-5-1-11.wav,0.964988,1
111386-5-1-12.wav,0.0,0
111386-5-1-13.wav,0.0,0
111386-5-1-14.wav,0.0,0
111386-5-1-2.wav,0.0,0
111386-5-1-3.wav,0.0,0
111386-5-1-4.wav,0.0,0
111386-5-1-5.wav,0.0,0
111386-5-1-6.wav,0.0,0
111386-5-1-7.wav,0.0,0
111386-5-1-8.wav,0.0,0
111386-5-1-9.wav,0.0,0
112075-5-0-0.wav,0.340968,1
112075-5-0-1.wav,-0.359656,0
112075-5-0-2.wav,-0.359656,0
112195-3-0-38.wav,0.979165,1
112195-3-0-48.wav,2.374917,1
112195-3-0-57.wav,2.374917,1
112195-3-0-80.wav,2.38109,1
113160-8-0-0.wav,3.844319,1
113201-5-0-0.wav,0.360852,1
113201-5-0-1.wav,0.0,0
113201-5-0-2.wav,0.0,0
113201-5-0-3.wav,0.360852,1
113201-5-0-4.wav,0.0,0
113201-5-0-5.wav,0.0,0
113201-5-0-6.wav,0.0,0
113201-5-0-7.wav,0.360852,1
113202-5-0-0.wav,0.0,0
113202-5-0-1.wav,0.0,0
113202-5-0-10.wav,0.0,0
113202-5-0-11.wav,0.0,0
113202-5-0-12.wav,0.0,0
113202-5-0-13.wav,0.0,0
113202-5-0-14.wav,0.0,0
113202-5-0-15.wav,0.0,0
113202-5-0-16.wav,0.0,0
113202-5-0-17.wav,0.0,0
113202-5-0-18.wav,0.0,0
113202-5-0-19.wav,0.0,0
113202-5-0-2.wav,0.0,0
113202-5-0-20.wav,0.0,0
113202-5-0-21.wav,0.0,0
113202-5-0-22.wav,0.0,0
113202-5-0-23.wav,0.0,0
113202-5-0-24.wav,0.0,0
113202-5-0-25.wav,0.0,0
113202-5-0-26.wav,0.0,0
113202-5-0-27.wav,0.0,0
113202-5-0-28.wav,0.0,0
113202-5-0-3.wav,0.0,0
113202-5-0-4.wav,0.0,0
113202-5-0-5.wav,0.0,0
113202-5-0-6.wav,0.0,0
113202-5-0-7.wav,0.0,0
113202-5-0-8.wav,0.0,0
113202-5-0-9.wav,0.0,0
113203-5-0-0.wav,0.333144,1
113203-5-0-1.wav,0.0,0
113203-5-0-2.wav,0.0,0
113203-5-0-3.wav,0.0,0
113203-5-0-4.wav,0.0,0
113203-5-0-5.wav,0.0,0
113203-5-0-6.wav,0.0,0
113203-5-0-7.wav,0.0,0
113203-5-0-8.wav,-0.352804,0
113203-5-1-0.wav,0.0,0
113203-5-1-1.wav,0.0,0
113203-5-1-2.wav,0.878745,1
113203-5-2-0.wav,0.0,0
113203-5-3-0.wav,0.833679,1
113203-5-3-1.wav,0.0,0
113203-5-4-0.wav,0.878745,1
113203-5-5-0.wav,0.0,0
113203-5-6-0.wav,0.0,0
113203-5-7-0.wav,0.357464,1
113203-5-8-0.wav,0.744923,1
113205-5-0-0.wav,0.0,0
113205-5-1-0.wav,0.0,0
113205-5-1-1.wav,0.0,0
113205-5-1-2.wav,0.0,0
113205-5-1-3.wav,0.0,0
113205-5-1-4.wav,0.0,0
113205-5-1-5.wav,0.0,0
113205-5-1-6.wav,0.0,0
113205-5-1-7.wav,0.0,0
113205-5-1-8.wav,0.0,0
113205-5-1-9.wav,0.0,0
113216-5-0-0.wav,0.0,0
113216-5-0-1.wav,0.0,0
113216-5-0-2.wav,0.0,0
113216-5-0-3.wav,0.0,0
113216-5-0-4.wav,0.0,0
113601-9-0-22.wav,0.0,0
113601-9-0-3.wav,-2.740245,0
113601-9-0-33.wav,-1.913792,0
113601-9-0-34.wav,-0.758586,0
113601-9-0-35.wav,0.0,0
113601-9-0-42.wav,-1.958603,0
113785-3-0-0.wav,1.13225,1
113785-3-1-0.wav,2.020279,1
115239-9-0-0.wav,0.711296,1
115239-9-0-1.wav,0.0,0
115239-9-0-2.wav,0.0,0
115239-9-0-3.wav,0.0,0
115239-9-0-4.wav,0.0,0
115239-9-0-5.wav,0.0,0
115240-9-0-1.wav,0.362262,1
115240-9-0-16.wav,-2.065804,0
115240-9-0-28.wav,-1.985659,0
115240-9-0-34.wav,-1.985659,0
115240-9-0-36.wav,0.410267,1
115240-9-0-4.wav,0.410267,1
115241-9-0-1.wav,0.0,0
115241-9-0-14.wav,-2.225442,0
115241-9-0-2.wav,0.0,0
115241-9-0-20.wav,-2.225442,0
115241-9-0-6.wav,0.0,0
115241-9-0-8.wav,0.0,0
115241-9-0-9.wav,0.0,0
115242-9-0-14.wav,-0.799406,0
115242-9-0-44.wav,0.0,0
115242-9-0-55.wav,0.0,0
115242-9-0-68.wav,-0.799406,0
115242-9-0-70.wav,0.0,0
115242-9-0-83.wav,0.0,0
115243-9-0-0.wav,-0.353062,0
115243-9-0-16.wav,0.0,0
115243-9-0-4.wav,0.0,0
115243-9-0-46.wav,-0.437351,0
115243-9-0-81.wav,-0.799406,0
115243-9-0-94.wav,-0.799406,0
115411-3-0-0.wav,0.0,0
115411-3-2-0.wav,0.996367,1
115411-3-3-0.wav,0.960335,1
115415-9-0-0.wav,-0.406472,0
115415-9-0-1.wav,-0.406472,0
115415-9-0-4.wav,-0.406472,0
115415-9-0-5.wav,0.015872,1
115415-9-0-6.wav,-0.406472,0
115415-9-0-7.wav,-0.406472,0
115418-9-0-11.wav,0.0,0
115418-9-0-12.wav,0.0,0
115418-9-0-15.wav,0.0,0
115418-9-0-20.wav,0.0,0
115418-9-0-29.wav,0.0,0
115418-9-0-6.wav,-1.985659,0
115535-3-0-0.wav,0.950737,1
115536-3-0-0.wav,0.926417,1
115537-3-0-0.wav,2.450733,1
116163-3-0-0.wav,-0.934915,0
116163-3-1-0.wav,0.0,0
116163-3-2-0.wav,1.068132,1
116423-2-0-0.wav,2.806799,1
116423-2-0-1.wav,1.210453,1
116423-2-0-2.wav,1.287527,1
116423-2-0-3.wav,1.287527,1
116423-2-0-4.wav,3.278777,1
116483-3-0-1.wav,0.86767,1
116483-3-0-2.wav,0.86767,1
116483-3-1-0.wav,0.86767,1
116483-3-1-2.wav,1.014536,1
116484-3-0-12.wav,1.000947,1
116484-3-0-16.wav,0.899977,1
116484-3-0-6.wav,0.994099,1
116484-3-0-8.wav,1.242371,1
116485-3-0-4.wav,0.86767,1
116485-3-0-6.wav,1.014536,1
116485-3-2-0.wav,0.86767,1
116485-3-2-4.wav,1.000947,1
117048-3-0-17.wav,2.378369,1
117048-3-0-23.wav,2.386187,1
117048-3-0-25.wav,1.014536,1
117048-3-0-35.wav,0.925959,1
117072-3-0-11.wav,0.858636,1
117072-3-0-14.wav,0.962014,1
117072-3-0-19.wav,0.853999,1
117072-3-0-8.wav,0.970877,1
117181-8-0-0.wav,9.264416,1
117181-8-0-1.wav,9.264416,1
117181-8-0-10.wav,4.282489,1
117181-8-0-11.wav,5.384031,1
117181-8-0-12.wav,6.816229,1
117181-8-0-2.wav,9.264416,1
117181-8-0-3.wav,9.264416,1
117181-8-0-4.wav,9.264416,1
117181-8-0-5.wav,8.823556,1
117181-8-0-6.wav,5.663183,1
117181-8-0-7.wav,9.264416,1
117181-8-0-8.wav,5.663183,1
117181-8-0-9.wav,9.264416,1
11722-3-0-0.wav,0.861203,1
11722-3-1-0.wav,1.105564,1
117536-1-0-0.wav,2.754597,1
117889-9-0-12.wav,0.0,0
117889-9-0-20.wav,0.0,0
117889-9-0-30.wav,0.0,0
117889-9-0-36.wav,0.0,0
117889-9-0-39.wav,0.0,0
117889-9-0-40.wav,0.0,0
118101-3-0-0.wav,0.988762,1
118101-3-0-3.wav,1.015818,1
118101-3-0-4.wav,0.898422,1
118101-3-0-6.wav,0.979552,1
118278-4-0-0.wav,-0.764363,0
118278-4-0-1.wav,-0.756541,0
118278-4-0-10.wav,0.394933,1
118278-4-0-11.wav,0.369186,1
118278-4-0-12.wav,0.369186,1
118278-4-0-13.wav,0.369186,1
118278-4-0-2.wav,0.340968,1
118278-4-0-3.wav,0.357693,1
118278-4-0-4.wav,0.340968,1
118278-4-0-5.wav,-0.365181,0
118278-4-0-6.wav,0.340968,1
118278-4-0-7.wav,0.356446,1
118278-4-0-8.wav,0.0,0
118278-4-0-9.wav,0.381857,1
118279-8-0-0.wav,4.475219,1
118279-8-0-1.wav,4.26937,1
118279-8-0-10.wav,2.921421,1
118279-8-0-11.wav,4.282489,1
118279-8-0-12.wav,5.200278,1
118279-8-0-13.wav,5.237499,1
118279-8-0-14.wav,3.973608,1
118279-8-0-2.wav,5.288936,1
118279-8-0-3.wav,5.384031,1
118279-8-0-4.wav,4.05077,1
118279-8-0-5.wav,6.816229,1
118279-8-0-6.wav,4.241267,1
118279-8-0-7.wav,5.288936,1
118279-8-0-8.wav,2.444806,1
118279-8-0-9.wav,6.503576,1
118440-4-0-0.wav,0.0,0
118440-4-1-0.wav,0.0,0
118440-4-2-0.wav,1.616748,1
118440-4-3-0.wav,0.0,0
118440-4-4-0.wav,0.0,0
118440-4-5-0.wav,1.327414,1
118440-4-6-0.wav,0.0,0
118440-4-7-0.wav,0.0,0
118440-4-8-0.wav,0.0,0
118496-1-0-0.wav,2.689024,1
118558-5-0-0.wav,0.0,0
118558-5-0-1.wav,0.0,0
118558-5-0-2.wav,0.768111,1
118558-5-1-0.wav,0.0,0
118558-5-1-1.wav,0.0,0
118558-5-1-2.wav,0.0,0
118558-5-2-0.wav,0.0,0
118558-5-2-1.wav,0.0,0
118558-5-2-2.wav,0.0,0
118558-5-2-3.wav,0.0,0
118587-3-0-2.wav,0.847167,1
118587-3-0-21.wav,0.986921,1
118587-3-0-6.wav,0.867072,1
118723-4-0-0.wav,0.0,0
118961-3-0-0.wav,2.33675,1
118962-3-0-0.wav,2.286907,1
118963-3-0-0.wav,0.921456,1
119067-0-0-0.wav,0.0,0
119067-0-0-1.wav,0.0,0
119067-0-0-2.wav,0.0,0
119420-3-0-0.wav,1.109377,1
119420-3-1-0.wav,0.948829,1
119449-5-0-0.wav,0.0,0
119449-5-0-1.wav,0.0,0
119449-5-0-2.wav,0.0,0
119449-5-0-3.wav,0.0,0
119449-5-0-4.wav,0.0,0
119449-5-0-5.wav,0.0,0
119449-5-0-6.wav,0.0,0
119455-5-0-0.wav,0.0,0
119455-5-0-1.wav,0.0,0
119455-5-0-2.wav,0.817919,1
119455-5-0-3.wav,0.0,0
119455-5-0-4.wav,0.0,0
119455-5-0-5.wav,0.817919,1
119455-5-0-6.wav,0.0,0
119455-5-0-7.wav,0.0,0
119809-7-0-0.wav,0.0,0
119809-7-0-1.wav,0.0,0
119809-7-0-2.wav,0.0,0
119809-7-0-3.wav,0.0,0
119809-7-0-4.wav,0.0,0
119809-7-0-5.wav,0.768111,1
119809-7-0-6.wav,0.0,0
121285-0-0-0.wav,0.0,0
121285-0-0-1.wav,0.0,0
121285-0-0-2.wav,0.0,0
121285-0-0-3.wav,0.0,0
121285-0-0-4.wav,0.0,0
121285-0-0-5.wav,0.0,0
121285-0-0-6.wav,0.0,0
121285-0-0-7.wav,0.0,0
121285-0-0-8.wav,0.0,0
121285-0-0-9.wav,0.0,0
121286-0-0-0.wav,0.0,0
121286-0-0-1.wav,0.0,0
121286-0-0-10.wav,0.0,0
121286-0-0-11.wav,0.0,0
121286-0-0-12.wav,0.0,0
121286-0-0-13.wav,0.0,0
121286-0-0-14.wav,0.0,0
121286-0-0-15.wav,0.0,0
121286-0-0-2.wav,0.0,0
121286-0-0-3.wav,0.0,0
121286-0-0-4.wav,0.0,0
121286-0-0-5.wav,0.0,0
121286-0-0-6.wav,0.0,0
121286-0-0-7.wav,0.0,0
121286-0-0-8.wav,0.0,0
121286-0-0-9.wav,0.0,0
121299-1-0-0.wav,0.869619,1
121528-8-1-0.wav,0.0,0
121528-8-1-1.wav,4.134591,1
121888-3-0-0.wav,2.434807,1
122199-3-1-1.wav,0.402713,1
122199-3-1-2.wav,0.402713,1
122199-3-1-3.wav,0.0,0
122199-3-1-6.wav,1.033088,1
122690-6-0-0.wav,1.393173,1
122738-9-0-11.wav,-2.740245,0
122738-9-0-12.wav,-0.799406,0
122738-9-0-2.wav,-1.112059,0
122738-9-0-3.wav,-1.112059,0
122738-9-0-5.wav,0.0,0
122738-9-0-9.wav,0.0,0
123399-2-0-13.wav,0.0,0
123399-2-0-19.wav,0.0,0
123399-2-0-22.wav,1.287527,1
123399-2-0-5.wav,0.0,0
123399-2-0-54.wav,-1.067355,0
123399-2-0-74.wav,0.0,0
123399-2-0-83.wav,-0.710946,0
123399-2-0-91.wav,0.0,0
123685-5-0-0.wav,0.0,0
123685-5-0-1.wav,0.0,0
123685-5-0-2.wav,0.0,0
123685-5-0-3.wav,0.0,0
123685-5-0-4.wav,0.0,0
123685-5-0-5.wav,0.0,0
123685-5-0-6.wav,0.0,0
123685-5-0-7.wav,0.0,0
123685-5-0-8.wav,0.0,0
123688-8-0-0.wav,0.0,0
123688-8-0-1.wav,0.381857,1
123688-8-0-10.wav,4.148513,1
123688-8-0-11.wav,5.288936,1
123688-8-0-12.wav,2.777666,1
123688-8-0-13.wav,1.490767,1
123688-8-0-14.wav,3.578414,1
123688-8-0-15.wav,5.288936,1
123688-8-0-16.wav,4.475219,1
123688-8-0-17.wav,5.288936,1
123688-8-0-18.wav,4.350089,1
123688-8-0-2.wav,0.381857,1
123688-8-0-3.wav,5.646721,1
123688-8-0-4.wav,5.534449,1
123688-8-0-5.wav,3.120179,1
123688-8-0-6.wav,4.875856,1
123688-8-0-7.wav,5.445678,1
123688-8-0-8.wav,5.200278,1
123688-8-0-9.wav,5.24719,1
123688-8-1-0.wav,5.24719,1
123688-8-1-1.wav,4.461639,1
123688-8-1-2.wav,4.525783,1
123688-8-1-3.wav,7.122271,1
123688-8-1-4.wav,7.122271,1
123688-8-1-5.wav,5.427064,1
123688-8-2-0.wav,5.646721,1
123688-8-2-1.wav,5.646721,1
123688-8-2-2.wav,5.735654,1
123688-8-2-3.wav,5.290876,1
123688-8-2-4.wav,5.954167,1
124389-8-1-0.wav,6.816229,1
124389-8-1-1.wav,4.282489,1
124389-8-1-10.wav,2.769361,1
124389-8-1-11.wav,5.384031,1
124389-8-1-12.wav,5.384031,1
124389-8-1-13.wav,0.0,0
124389-8-1-14.wav,0.0,0
124389-8-1-15.wav,0.0,0
124389-8-1-16.wav,2.540779,1
124389-8-1-17.wav,5.288936,1
124389-8-1-18.wav,5.288936,1
124389-8-1-2.wav,7.122271,1
124389-8-1-3.wav,5.467214,1
124389-8-1-4.wav,4.532423,1
124389-8-1-5.wav,4.274471,1
124389-8-1-6.wav,5.467214,1
124389-8-1-7.wav,5.24719,1
124389-8-1-8.wav,5.427064,1
124389-8-1-9.wav,7.122271,1
124489-9-0-12.wav,0.0,0
124489-9-0-14.wav,0.0,0
124489-9-0-16.wav,0.0,0
124489-9-0-17.wav,-1.880222,0
124489-9-0-18.wav,-1.552699,0
124489-9-0-6.wav,0.0,0
125523-3-0-1.wav,0.847167,1
125523-3-0-11.wav,1.767147,1
125523-3-0-3.wav,0.86767,1
125554-3-0-0.wav,2.263224,1
125574-3-0-0.wav,0.839944,1
125678-7-0-0.wav,0.0,0
125678-7-0-1.wav,0.0,0
125678-7-0-2.wav,0.0,0
125678-7-0-3.wav,0.0,0
125678-7-0-4.wav,0.0,0
125678-7-0-5.wav,1.425849,1
125678-7-0-6.wav,0.0,0
125678-7-0-7.wav,0.0,0
125678-7-0-8.wav,0.909688,1
125678-7-0-9.wav,0.856625,1
125678-7-1-0.wav,0.0,0
125678-7-1-1.wav,0.0,0
125678-7-1-2.wav,0.0,0
125678-7-1-3.wav,0.0,0
125678-7-1-4.wav,0.0,0
125678-7-1-5.wav,0.0,0
125678-7-1-6.wav,0.0,0
125678-7-1-7.wav,0.0,0
125678-7-1-8.wav,0.0,0
125678-7-2-0.wav,1.484587,1
125678-7-2-1.wav,0.0,0
125678-7-2-2.wav,0.0,0
125678-7-2-3.wav,0.0,0
125678-7-2-4.wav,0.0,0
125678-7-2-5.wav,0.0,0
125678-7-2-6.wav,0.0,0
125678-7-2-7.wav,0.0,0
125678-7-2-8.wav,0.0,0
125678-7-3-0.wav,1.484587,1
125678-7-3-1.wav,0.0,0
125678-7-3-2.wav,0.0,0
125678-7-3-3.wav,0.0,0
125678-7-3-4.wav,0.0,0
125678-7-3-5.wav,0.0,0
125678-7-3-6.wav,0.0,0
125678-7-3-7.wav,0.0,0
125678-7-4-0.wav,0.0,0
125678-7-4-1.wav,0.0,0
125678-7-4-2.wav,0.0,0
125678-7-4-3.wav,0.0,0
125678-7-4-4.wav,0.0,0
125678-7-4-5.wav,0.0,0
125678-7-4-6.wav,0.0,0
125678-7-4-7.wav,0.0,0
125678-7-4-8.wav,0.0,0
125791-3-0-12.wav,2.129667,1
125791-3-0-13.wav,2.129667,1
125791-3-0-15.wav,1.050123,1
125791-3-0-9.wav,1.052548,1
126153-9-0-0.wav,0.0,0
126153-9-0-1.wav,-0.358027,0
126153-9-0-11.wav,-0.358027,0
126153-9-0-4.wav,0.0,0
126153-9-0-5.wav,-0.358027,0
126153-9-0-6.wav,0.0,0
126153-9-0-8.wav,0.0,0
12647-3-0-0.wav,1.117044,1
12647-3-1-0.wav,0.914209,1
12647-3-2-0.wav,2.550259,1
12647-3-3-0.wav,2.129667,1
126521-3-0-12.wav,0.0,0
126521-3-0-17.wav,2.367023,1
126521-3-0-18.wav,2.367023,1
126521-3-0-2.wav,0.0,0
127443-4-0-0.wav,0.0,0
127443-4-0-1.wav,0.0,0
127443-4-0-10.wav,0.0,0
127443-4-0-11.wav,0.0,0
127443-4-0-12.wav,0.0,0
127443-4-0-2.wav,0.0,0
127443-4-0-3.wav,0.0,0
127443-4-0-4.wav,0.0,0
127443-4-0-5.wav,0.0,0
127443-4-0-6.wav,0.0,0
127443-4-0-7.wav,0.0,0
127443-4-0-8.wav,0.0,0
127443-4-0-9.wav,0.0,0
127538-4-0-0.wav,0.0,0
127538-4-1-0.wav,0.0,0
127538-4-2-0.wav,0.0,0
127872-0-0-0.wav,0.0,0
127873-0-0-0.wav,0.0,0
128030-3-0-0.wav,2.263224,1
128030-3-1-0.wav,3.638793,1
128030-3-2-0.wav,1.021405,1
12812-5-0-0.wav,0.0,0
12812-5-0-1.wav,0.0,0
12812-5-0-2.wav,0.0,0
128152-9-0-10.wav,-0.353062,0
128152-9-0-126.wav,0.0,0
128152-9-0-167.wav,0.410267,1
128152-9-0-48.wav,-0.353062,0
128152-9-0-49.wav,-2.065804,0
128152-9-0-67.wav,0.0,0
128160-5-0-0.wav,0.0,0
128160-5-0-1.wav,0.0,0
128160-5-0-10.wav,0.0,0
128160-5-0-11.wav,0.0,0
128160-5-0-12.wav,0.0,0
128160-5-0-13.wav,0.0,0
128160-5-0-14.wav,0.0,0
128160-5-0-15.wav,0.0,0
128160-5-0-2.wav,0.0,0
128160-5-0-3.wav,0.0,0
128160-5-0-4.wav,0.0,0
128160-5-0-5.wav,0.0,0
128160-5-0-6.wav,0.0,0
128160-5-0-7.wav,0.0,0
128160-5-0-8.wav,0.0,0
128160-5-0-9.wav,0.0,0
128240-3-0-1.wav,2.38109,1
128240-3-0-20.wav,2.129667,1
128240-3-0-39.wav,1.160708,1
128240-3-0-42.wav,1.160708,1
128470-3-0-0.wav,2.384788,1
128470-3-0-1.wav,2.375312,1
128470-3-0-5.wav,2.29843,1
128470-3-0-8.wav,2.29843,1
128607-4-0-0.wav,0.0,0
128607-4-0-1.wav,0.0,0
128607-4-0-2.wav,0.0,0
128607-4-0-3.wav,0.0,0
128607-4-0-4.wav,0.0,0
128607-4-1-0.wav,0.0,0
128607-4-1-1.wav,0.0,0
128607-4-1-2.wav,0.0,0
128607-4-1-3.wav,1.5797,1
128891-3-0-2.wav,0.847167,1
128891-3-0-4.wav,0.978776,1
128891-3-0-5.wav,0.940956,1
129356-2-0-101.wav,0.0,0
129356-2-0-115.wav,0.0,0
129356-2-0-118.wav,0.0,0
129356-2-0-129.wav,0.0,0
129356-2-0-199.wav,-1.067355,0
129356-2-0-48.wav,0.0,0
129356-2-0-98.wav,-0.352314,0
129750-2-0-3.wav,0.0,0
129750-2-0-34.wav,2.905212,1
129750-2-0-36.wav,0.0,0
129750-2-0-37.wav,0.0,0
129750-2-0-4.wav,0.355125,1
129750-2-0-45.wav,0.0,0
129750-2-0-46.wav,0.0,0
129750-2-0-48.wav,0.0,0
130030-3-0-0.wav,0.985849,1
130961-4-0-0.wav,0.0,0
130961-4-1-1.wav,0.0,0
130961-4-1-2.wav,1.629118,1
130961-4-1-3.wav,0.0,0
130961-4-1-4.wav,0.0,0
130961-4-2-1.wav,1.602443,1
130961-4-2-2.wav,0.0,0
130961-4-3-0.wav,0.0,0
130961-4-3-1.wav,0.0,0
130961-4-3-2.wav,0.0,0
130961-4-4-0.wav,1.602443,1
130961-4-5-0.wav,0.0,0
130961-4-5-1.wav,0.0,0
130961-4-5-2.wav,0.0,0
130961-4-5-3.wav,0.0,0
130961-4-5-4.wav,0.0,0
130961-4-5-5.wav,0.0,0
131199-3-0-0.wav,1.068733,1
131428-9-0-3.wav,-2.740245,0
131428-9-0-5.wav,0.0,0
131428-9-1-0.wav,-1.935921,0
131428-9-1-19.wav,-2.065804,0
131428-9-1-8.wav,-2.065804,0
131428-9-1-9.wav,-2.065804,0
131571-6-0-0.wav,2.134784,1
131918-7-0-0.wav,0.0,0
131918-7-0-1.wav,0.0,0
131918-7-0-2.wav,0.0,0
131918-7-0-3.wav,0.0,0
131918-7-0-4.wav,0.0,0
131918-7-0-5.wav,0.0,0
131918-7-0-6.wav,0.0,0
131918-7-0-7.wav,0.0,0
131918-7-0-8.wav,0.0,0
132016-7-0-0.wav,0.0,0
132016-7-0-1.wav,0.0,0
132016-7-0-2.wav,0.0,0
132016-7-0-3.wav,0.898973,1
132016-7-0-4.wav,0.880811,1
132016-7-0-5.wav,0.0,0
132016-7-0-6.wav,0.0,0
132016-7-0-7.wav,0.0,0
132016-7-0-8.wav,0.0,0
132016-9-0-0.wav,0.0,0
132016-9-0-11.wav,0.0,0
132016-9-0-14.wav,0.0,0
132016-9-0-16.wav,0.706108,1
132016-9-0-20.wav,0.0,0
132016-9-0-6.wav,0.824033,1
132021-7-0-0.wav,0.0,0
132021-7-0-1.wav,0.0,0
132021-7-0-10.wav,0.333144,1
132021-7-0-11.wav,0.0,0
132021-7-0-12.wav,0.0,0
132021-7-0-2.wav,-0.353886,0
132021-7-0-3.wav,0.0,0
132021-7-0-4.wav,0.0,0
132021-7-0-5.wav,0.0,0
132021-7-0-6.wav,0.0,0
132021-7-0-7.wav,0.0,0
132021-7-0-8.wav,0.0,0
132021-7-0-9.wav,0.0,0
132021-7-1-0.wav,0.0,0
132073-1-0-0.wav,2.640036,1
132073-1-1-0.wav,2.08106,1
132073-1-2-0.wav,-0.434362,0
132073-1-3-0.wav,0.985278,1
132073-1-4-0.wav,5.052885,1
132073-1-5-0.wav,2.645526,1
132073-1-6-0.wav,3.514497,1
132108-9-0-12.wav,0.0,0
132108-9-0-21.wav,-2.740245,0
132108-9-1-1.wav,0.028772,1
132108-9-1-24.wav,0.0,0
132108-9-1-26.wav,-0.799406,0
132108-9-1-27.wav,-0.799406,0
132162-9-1-3.wav,0.0,0
132162-9-1-58.wav,-2.74795,0
132162-9-1-63.wav,0.948189,1
132162-9-1-67.wav,-2.74795,0
132162-9-1-68.wav,0.315154,1
132162-9-1-73.wav,-2.74795,0
13230-0-0-1.wav,-2.7095,0
13230-0-0-10.wav,-0.411946,0
13230-0-0-11.wav,-1.16248,0
13230-0-0-12.wav,0.476054,1
13230-0-0-13.wav,-0.953881,0
13230-0-0-14.wav,0.327183,1
13230-0-0-16.wav,-3.433107,0
13230-0-0-17.wav,0.327183,1
13230-0-0-18.wav,0.340968,1
13230-0-0-19.wav,-1.16248,0
13230-0-0-20.wav,-0.895569,0
13230-0-0-22.wav,0.0,0
13230-0-0-23.wav,0.0,0
13230-0-0-24.wav,0.0,0
13230-0-0-25.wav,0.0,0
13230-0-0-26.wav,0.0,0
13230-0-0-27.wav,0.0,0
13230-0-0-28.wav,0.0,0
13230-0-0-3.wav,-1.023366,0
13230-0-0-5.wav,-0.411946,0
13230-0-0-6.wav,-3.884725,0
13230-0-0-7.wav,-3.433107,0
13230-0-0-8.wav,-3.433107,0
13230-0-0-9.wav,-2.225442,0
132855-2-0-113.wav,-0.406472,0
132855-2-0-41.wav,1.247925,1
132855-2-0-58.wav,1.253777,1
132855-2-0-70.wav,0.314219,1
132855-2-0-77.wav,0.362115,1
132855-2-0-88.wav,1.508179,1
132855-2-0-90.wav,0.0,0
132855-2-0-99.wav,1.253777,1
133090-2-0-14.wav,-1.067355,0
133090-2-0-20.wav,-1.067355,0
133090-2-0-28.wav,-1.067355,0
133090-2-0-37.wav,-1.067355,0
133090-2-0-38.wav,0.0,0
133090-2-0-64.wav,0.0,0
133090-2-0-70.wav,-1.067355,0
133090-2-0-76.wav,-1.067355,0
133473-8-0-0.wav,4.869604,1
133473-8-0-1.wav,4.229169,1
133473-8-0-2.wav,5.3947,1
133473-8-0-3.wav,7.122271,1
133473-8-0-4.wav,4.113171,1
133473-8-0-5.wav,2.686005,1
133494-2-0-18.wav,1.183333,1
133494-2-0-19.wav,0.0,0
133494-2-0-22.wav,1.867866,1
133494-2-0-25.wav,0.0,0
133494-2-0-26.wav,0.0,0
133494-2-0-31.wav,0.0,0
133494-2-0-37.wav,0.0,0
133494-2-0-45.wav,0.0,0
133797-6-0-0.wav,2.274631,1
133797-6-1-0.wav,3.770624,1
133797-6-2-0.wav,2.13274,1
134717-0-0-0.wav,0.0,0
134717-0-0-1.wav,0.0,0
134717-0-0-12.wav,0.0,0
134717-0-0-13.wav,0.0,0
134717-0-0-14.wav,0.0,0
134717-0-0-15.wav,0.0,0
134717-0-0-16.wav,0.0,0
134717-0-0-18.wav,0.0,0
134717-0-0-19.wav,0.0,0
134717-0-0-2.wav,0.0,0
134717-0-0-20.wav,0.0,0
134717-0-0-21.wav,0.0,0
134717-0-0-22.wav,0.0,0
134717-0-0-23.wav,0.0,0
134717-0-0-24.wav,0.0,0
134717-0-0-25.wav,0.0,0
134717-0-0-26.wav,0.0,0
134717-0-0-27.wav,0.0,0
134717-0-0-28.wav,0.0,0
134717-0-0-4.wav,0.0,0
134717-0-0-5.wav,0.0,0
134717-0-0-6.wav,0.0,0
134717-0-0-7.wav,0.0,0
134717-0-0-8.wav,0.0,0
134717-0-0-9.wav,0.0,0
135160-8-0-0.wav,1.575815,1
135160-8-0-1.wav,4.350089,1
135160-8-0-10.wav,0.0,0
135160-8-0-11.wav,0.0,0
135160-8-0-2.wav,1.575815,1
135160-8-0-3.wav,4.461639,1
135160-8-0-4.wav,5.427064,1
135160-8-0-5.wav,4.461639,1
135160-8-0-6.wav,5.384031,1
135160-8-0-7.wav,1.575815,1
135160-8-0-8.wav,4.068655,1
135160-8-0-9.wav,0.0,0
135526-6-1-0.wav,2.134784,1
135526-6-10-0.wav,1.065776,1
135526-6-11-0.wav,1.253718,1
135526-6-12-0.wav,1.914927,1
135526-6-13-0.wav,2.169507,1
135526-6-3-0.wav,0.0,0
135526-6-4-0.wav,1.877266,1
135526-6-5-0.wav,1.855534,1
135526-6-6-0.wav,1.785813,1
135526-6-7-0.wav,1.666608,1
135526-6-8-0.wav,1.318262,1
135527-6-0-0.wav,0.0,0
135527-6-1-0.wav,1.737057,1
135527-6-11-0.wav,1.979207,1
135527-6-12-0.wav,1.78938,1
135527-6-13-0.wav,1.558545,1
135527-6-14-0.wav,1.129329,1
135527-6-14-1.wav,1.968542,1
135527-6-14-10.wav,1.652232,1
135527-6-14-2.wav,1.836987,1
135527-6-14-4.wav,1.737057,1
135527-6-14-5.wav,1.652232,1
135527-6-14-6.wav,1.253718,1
135527-6-14-7.wav,1.600201,1
135527-6-14-8.wav,3.898028,1
135527-6-2-0.wav,5.555486,1
135527-6-3-0.wav,2.077518,1
135527-6-5-0.wav,1.253718,1
135527-6-6-0.wav,1.78938,1
135527-6-7-0.wav,1.78938,1
135527-6-8-0.wav,3.898028,1
135527-6-9-0.wav,1.726424,1
135528-6-0-0.wav,1.253718,1
135528-6-1-0.wav,1.666608,1
135528-6-10-0.wav,1.393173,1
135528-6-11-0.wav,1.253718,1
135528-6-12-0.wav,2.621072,1
135528-6-2-0.wav,1.720568,1
135528-6-3-0.wav,1.842681,1
135528-6-4-1.wav,1.318262,1
135528-6-5-0.wav,0.0,0
135528-6-6-0.wav,1.488903,1
135528-6-7-0.wav,0.0,0
135528-6-8-0.wav,10.638753,1
135528-6-9-0.wav,1.609351,1
135544-6-1-0.wav,1.488903,1
135544-6-10-0.wav,2.498825,1
135544-6-11-0.wav,2.266422,1
135544-6-12-0.wav,1.968542,1
135544-6-13-0.wav,0.0,0
135544-6-14-0.wav,2.132444,1
135544-6-15-0.wav,2.621072,1
135544-6-16-0.wav,1.476705,1
135544-6-18-0.wav,1.842681,1
135544-6-19-0.wav,1.318262,1
135544-6-2-0.wav,1.720568,1
135544-6-4-0.wav,1.476705,1
135544-6-5-0.wav,0.546339,1
135544-6-6-0.wav,1.89227,1
135544-6-7-0.wav,1.983496,1
135544-6-8-0.wav,2.348889,1
135544-6-9-0.wav,1.496449,1
13577-3-0-0.wav,0.951081,1
13577-3-0-2.wav,0.0,0
13577-3-5-0.wav,0.0,0
135776-2-0-32.wav,0.0,0
135776-2-0-37.wav,0.0,0
135776-2-0-40.wav,0.0,0
135776-2-0-49.wav,0.0,0
135776-2-0-50.wav,-1.067355,0
135776-2-0-65.wav,-0.787823,0
135776-2-0-85.wav,0.0,0
135776-2-0-90.wav,0.0,0
13579-2-0-15.wav,0.0,0
13579-2-0-16.wav,1.233428,1
13579-2-0-17.wav,1.402456,1
13579-2-0-2.wav,-1.106941,0
13579-2-0-38.wav,0.0,0
13579-2-0-48.wav,1.428826,1
13579-2-0-53.wav,0.0,0
13579-2-0-62.wav,1.234713,1
135849-4-0-0.wav,0.0,0
136399-6-0-0.wav,2.095599,1
136399-6-1-0.wav,2.378387,1
136399-6-2-0.wav,3.788231,1
136399-6-3-0.wav,2.095599,1
136399-6-4-0.wav,2.095599,1
136399-6-5-0.wav,2.095599,1
136399-6-6-0.wav,2.095599,1
136399-6-7-0.wav,2.095599,1
136399-6-8-0.wav,2.134784,1
136399-6-9-0.wav,0.0,0
136558-9-0-1.wav,1.263408,1
136558-9-0-2.wav,0.49633,1
136558-9-1-10.wav,0.0,0
136558-9-1-21.wav,1.156405,1
136558-9-1-26.wav,-1.535696,0
136558-9-1-39.wav,0.0,0
137156-9-0-28.wav,0.0,0
137156-9-0-30.wav,0.0,0
137156-9-0-31.wav,-0.799406,0
137156-9-0-5.wav,-2.225442,0
137156-9-0-73.wav,-2.740245,0
137156-9-0-79.wav,-0.737386,0
137803-3-0-0.wav,0.985849,1
137803-3-0-1.wav,1.085378,1
137803-3-0-2.wav,0.858719,1
137815-4-0-0.wav,0.0,0
137815-4-0-1.wav,1.266689,1
137815-4-0-10.wav,0.0,0
137815-4-0-2.wav,0.0,0
137815-4-0-3.wav,0.0,0
137815-4-0-4.wav,0.0,0
137815-4-0-5.wav,1.306512,1
137815-4-0-6.wav,1.602443,1
137815-4-0-7.wav,1.379616,1
137815-4-0-8.wav,1.379616,1
137815-4-0-9.wav,0.0,0
137969-2-0-18.wav,0.42973,1
137969-2-0-20.wav,1.428826,1
137969-2-0-37.wav,-0.710946,0
137969-2-0-4.wav,-0.710946,0
137969-2-0-41.wav,1.428826,1
137969-2-0-55.wav,0.414803,1
137969-2-0-56.wav,0.381857,1
137971-2-0-0.wav,0.0,0
137971-2-0-2.wav,0.0,0
137971-2-0-3.wav,0.0,0
137971-2-0-4.wav,0.0,0
137971-2-0-5.wav,0.0,0
137971-2-0-6.wav,0.0,0
137971-2-0-8.wav,0.0,0
138015-3-0-1.wav,0.858636,1
138015-3-0-5.wav,1.003225,1
138015-3-0-7.wav,2.38109,1
138017-9-0-2.wav,0.0,0
138017-9-0-9.wav,0.0,0
138017-9-1-10.wav,0.369186,1
138017-9-1-16.wav,0.0,0
138017-9-1-4.wav,-1.958603,0
138017-9-1-6.wav,-0.406472,0
138031-2-0-13.wav,-1.067355,0
138031-2-0-2.wav,-0.787823,0
138031-2-0-22.wav,-1.067355,0
138031-2-0-23.wav,-1.067355,0
138031-2-0-28.wav,-1.067355,0
138031-2-0-45.wav,-1.067355,0
138031-2-0-47.wav,0.0,0
138031-2-0-7.wav,0.0,0
138468-1-0-0.wav,0.0,0
138473-9-0-12.wav,-1.958603,0
138473-9-0-29.wav,0.0,0
138473-9-0-35.wav,-2.065804,0
138473-9-0-38.wav,-2.860368,0
138473-9-0-5.wav,-0.406472,0
138473-9-0-6.wav,-1.958603,0
139000-4-0-0.wav,1.651613,1
139000-4-0-1.wav,0.0,0
139000-4-0-2.wav,0.0,0
139665-9-0-19.wav,-0.406472,0
139665-9-0-23.wav,-1.958603,0
139665-9-0-25.wav,-0.406472,0
139665-9-0-32.wav,-0.406472,0
139665-9-0-8.wav,-0.406472,0
139665-9-0-9.wav,-0.406472,0
139948-3-0-0.wav,0.862398,1
139948-3-1-0.wav,0.905998,1
139948-3-2-0.wav,2.336702,1
139948-3-4-0.wav,1.093933,1
139951-9-0-13.wav,-0.437351,0
139951-9-0-17.wav,0.0,0
139951-9-0-29.wav,0.0,0
139951-9-0-33.wav,0.0,0
139951-9-0-45.wav,0.0,0
139951-9-0-9.wav,-2.74795,0
140824-4-0-0.wav,15.539912,1
14110-4-0-0.wav,1.602443,1
14110-4-0-1.wav,1.602443,1
14110-4-0-2.wav,1.582997,1
14111-4-0-0.wav,0.0,0
14111-4-0-1.wav,0.0,0
14111-4-0-2.wav,0.0,0
14111-4-0-3.wav,0.0,0
14111-4-0-4.wav,0.0,0
14111-4-0-5.wav,0.0,0
14111-4-0-6.wav,0.0,0
14111-4-0-7.wav,0.0,0
14113-4-0-0.wav,0.0,0
14113-4-0-1.wav,0.0,0
14114-4-0-0.wav,0.0,0
14114-4-0-1.wav,0.0,0
14114-4-0-2.wav,0.0,0
14114-4-0-3.wav,0.0,0
14115-4-0-0.wav,0.0,0
141240-5-0-0.wav,0.0,0
141240-5-1-0.wav,0.0,0
142003-2-0-0.wav,0.474181,1
142003-2-0-1.wav,0.0,0
142003-2-0-19.wav,0.474181,1
142003-2-0-20.wav,0.0,0
142003-2-0-21.wav,0.469508,1
142003-2-0-24.wav,0.469508,1
142003-2-0-30.wav,0.469508,1
142003-2-0-8.wav,0.0,0
142641-3-0-0.wav,2.020279,1
143115-1-0-0.wav,0.375573,1
143115-1-1-0.wav,-2.065804,0
143115-1-2-0.wav,3.672852,1
143115-1-3-0.wav,2.763323,1
143115-1-4-0.wav,0.0,0
14358-3-0-26.wav,2.480925,1
14358-3-0-7.wav,1.052548,1
14358-3-0-85.wav,0.788691,1
14358-3-0-90.wav,0.770024,1
143604-5-0-0.wav,0.0,0
143651-2-0-0.wav,-2.740245,0
143651-2-0-16.wav,0.0,0
143651-2-0-20.wav,0.0,0
143651-2-0-22.wav,0.0,0
143651-2-0-39.wav,-1.067355,0
143651-2-0-55.wav,0.0,0
143651-2-0-59.wav,0.0,0
143651-2-0-63.wav,0.0,0
14385-9-0-10.wav,0.0,0
14385-9-0-11.wav,0.0,0
14385-9-0-13.wav,0.0,0
14385-9-0-14.wav,0.0,0
14385-9-0-17.wav,0.0,0
14385-9-0-21.wav,0.0,0
14386-9-0-11.wav,0.0,0
14386-9-0-16.wav,0.0,0
14386-9-0-17.wav,0.0,0
14386-9-0-2.wav,0.0,0
14386-9-0-20.wav,0.0,0
14386-9-0-6.wav,0.0,0
14387-9-0-11.wav,-0.799406,0
14387-9-0-12.wav,-0.799406,0
14387-9-0-15.wav,0.0,0
14387-9-0-16.wav,0.0,0
14387-9-0-19.wav,-2.740245,0
14387-9-0-7.wav,-0.799406,0
143970-5-0-0.wav,0.0,0
143970-5-0-1.wav,0.0,0
143970-5-0-2.wav,0.0,0
143970-5-0-3.wav,0.0,0
144007-5-0-0.wav,0.0,0
144007-5-0-1.wav,0.0,0
144007-5-0-10.wav,0.0,0
144007-5-0-11.wav,0.0,0
144007-5-0-12.wav,0.0,0
144007-5-0-13.wav,0.0,0
144007-5-0-14.wav,0.0,0
144007-5-0-15.wav,0.0,0
144007-5-0-16.wav,0.0,0
144007-5-0-17.wav,0.0,0
144007-5-0-18.wav,0.0,0
144007-5-0-19.wav,0.0,0
144007-5-0-2.wav,0.0,0
144007-5-0-20.wav,0.0,0
144007-5-0-21.wav,0.0,0
144007-5-0-3.wav,0.0,0
144007-5-0-4.wav,0.0,0
144007-5-0-5.wav,0.0,0
144007-5-0-6.wav,0.0,0
144007-5-0-7.wav,0.0,0
144007-5-0-8.wav,0.0,0
144007-5-0-9.wav,0.0,0
144007-5-1-0.wav,0.0,0
144007-5-1-1.wav,0.0,0
144007-5-1-10.wav,0.0,0
144007-5-1-11.wav,0.0,0
144007-5-1-2.wav,0.0,0
144007-5-1-3.wav,0.0,0
144007-5-1-4.wav,0.0,0
144007-5-1-5.wav,0.0,0
144007-5-1-6.wav,0.0,0
144007-5-1-7.wav,0.0,0
144007-5-1-8.wav,0.0,0
144007-5-1-9.wav,0.0,0
144068-5-0-0.wav,0.0,0
144068-5-0-1.wav,0.0,0
144068-5-0-10.wav,0.0,0
144068-5-0-11.wav,0.0,0
144068-5-0-12.wav,0.0,0
144068-5-0-13.wav,0.0,0
144068-5-0-14.wav,0.0,0
144068-5-0-15.wav,0.0,0
144068-5-0-16.wav,0.0,0
144068-5-0-17.wav,0.0,0
144068-5-0-18.wav,0.0,0
144068-5-0-2.wav,0.0,0
144068-5-0-3.wav,0.0,0
144068-5-0-4.wav,0.0,0
144068-5-0-5.wav,0.0,0
144068-5-0-6.wav,0.0,0
144068-5-0-7.wav,0.0,0
144068-5-0-8.wav,0.0,0
144068-5-0-9.wav,0.0,0
144068-5-1-0.wav,0.0,0
144068-5-2-0.wav,0.0,0
144068-5-3-0.wav,0.0,0
144068-5-4-0.wav,0.0,0
144068-5-4-1.wav,0.0,0
144068-5-4-2.wav,0.0,0
144068-5-4-3.wav,0.0,0
144068-5-4-4.wav,0.0,0
144068-5-4-5.wav,0.0,0
144068-5-4-6.wav,0.0,0
144068-5-4-7.wav,0.0,0
144068-5-4-8.wav,0.0,0
144068-5-5-0.wav,0.0,0
144068-5-5-1.wav,0.0,0
144068-5-5-2.wav,0.0,0
144351-4-0-0.wav,0.0,0
144351-4-0-1.wav,0.0,0
144351-4-0-2.wav,0.0,0
144351-4-1-1.wav,0.0,0
144351-4-2-0.wav,1.46593,1
144351-4-2-2.wav,0.0,0
144351-4-2-4.wav,0.0,0
144351-4-2-5.wav,0.0,0
144351-4-2-6.wav,0.0,0
144351-4-3-1.wav,0.0,0
144351-4-3-10.wav,0.0,0
144351-4-3-11.wav,0.0,0
144351-4-3-12.wav,0.0,0
144351-4-3-14.wav,0.0,0
144351-4-3-15.wav,1.437759,1
144351-4-3-2.wav,1.400636,1
144351-4-3-3.wav,0.0,0
144351-4-3-4.wav,0.0,0
144351-4-3-5.wav,0.0,0
144351-4-3-7.wav,0.0,0
14468-3-0-2.wav,0.0,0
14468-3-0-3.wav,0.0,0
14468-3-1-0.wav,0.0,0
14468-3-5-0.wav,-0.735775,0
14470-2-0-10.wav,0.0,0
14470-2-0-14.wav,0.0,0
14470-2-0-21.wav,-0.352314,0
14470-2-0-4.wav,0.0,0
14470-2-0-56.wav,0.0,0
14470-2-0-65.wav,-0.352314,0
14470-2-0-70.wav,0.0,0
14470-2-0-72.wav,0.0,0
144885-3-0-0.wav,0.929127,1
145206-6-0-0.wav,2.134784,1
145206-6-1-0.wav,2.134784,1
145206-6-2-0.wav,2.134784,1
145206-6-3-0.wav,2.134784,1
145206-6-4-0.wav,2.134784,1
145206-6-5-0.wav,2.150016,1
14524-1-0-0.wav,2.760643,1
14527-9-0-0.wav,-0.737386,0
14527-9-0-2.wav,0.0,0
14527-9-0-3.wav,-1.958603,0
14527-9-0-4.wav,0.0,0
14527-9-0-5.wav,0.0,0
14527-9-0-6.wav,-2.696734,0
14527-9-0-7.wav,-0.437351,0
145390-9-0-13.wav,0.0,0
145390-9-0-15.wav,0.0,0
145390-9-0-22.wav,0.0,0
145390-9-0-26.wav,0.0,0
145390-9-0-3.wav,0.0,0
145390-9-0-34.wav,0.0,0
145390-9-0-7.wav,0.0,0
145608-6-0-0.wav,1.838418,1
145608-6-1-0.wav,0.0,0
145608-6-3-0.wav,2.621072,1
145609-6-0-0.wav,0.0,0
145609-6-1-0.wav,0.0,0
145611-6-0-0.wav,1.22995,1
145611-6-1-0.wav,1.956306,1
145611-6-2-0.wav,1.801149,1
145611-6-4-0.wav,1.968542,1
145612-6-0-0.wav,0.0,0
145612-6-1-0.wav,0.0,0
145612-6-2-0.wav,0.0,0
145612-6-3-0.wav,1.889728,1
145683-6-1-0.wav,1.488903,1
145683-6-2-0.wav,0.0,0
145683-6-3-0.wav,1.479483,1
145683-6-4-0.wav,1.488903,1
146186-5-0-0.wav,0.0,0
146186-5-0-1.wav,0.0,0
146186-5-0-10.wav,0.0,0
146186-5-0-11.wav,0.0,0
146186-5-0-12.wav,0.0,0
146186-5-0-13.wav,0.0,0
146186-5-0-2.wav,0.0,0
146186-5-0-3.wav,0.0,0
146186-5-0-4.wav,0.0,0
146186-5-0-5.wav,0.0,0
146186-5-0-6.wav,0.0,0
146186-5-0-7.wav,0.0,0
146186-5-0-8.wav,0.0,0
146186-5-0-9.wav,0.0,0
146244-4-0-0.wav,1.72905,1
146249-4-0-0.wav,0.0,0
146343-3-0-0.wav,0.907006,1
146690-0-0-100.wav,0.0,0
146690-0-0-112.wav,0.0,0
146690-0-0-115.wav,0.0,0
146690-0-0-116.wav,0.0,0
146690-0-0-117.wav,0.0,0
146690-0-0-125.wav,0.0,0
146690-0-0-137.wav,0.0,0
146690-0-0-140.wav,0.0,0
146690-0-0-151.wav,0.0,0
146690-0-0-154.wav,0.0,0
146690-0-0-155.wav,0.0,0
146690-0-0-165.wav,0.0,0
146690-0-0-17.wav,0.0,0
146690-0-0-18.wav,0.0,0
146690-0-0-25.wav,0.0,0
146690-0-0-35.wav,0.0,0
146690-0-0-38.wav,0.0,0
146690-0-0-43.wav,0.0,0
146690-0-0-47.wav,0.0,0
146690-0-0-64.wav,0.0,0
146690-0-0-8.wav,0.0,0
146690-0-0-80.wav,0.0,0
146690-0-0-86.wav,0.0,0
146690-0-0-87.wav,0.0,0
146690-0-0-93.wav,0.0,0
146709-0-0-1.wav,0.0,0
146709-0-0-11.wav,0.0,0
146709-0-0-12.wav,0.0,0
146709-0-0-17.wav,0.0,0
146709-0-0-18.wav,0.0,0
146709-0-0-19.wav,0.0,0
146709-0-0-20.wav,0.0,0
146709-0-0-22.wav,0.0,0
146709-0-0-25.wav,0.0,0
146709-0-0-26.wav,0.0,0
146709-0-0-3.wav,0.0,0
146709-0-0-30.wav,0.0,0
146709-0-0-33.wav,0.0,0
146709-0-0-34.wav,0.0,0
146709-0-0-37.wav,0.0,0
146709-0-0-44.wav,0.0,0
146709-0-0-48.wav,0.0,0
146709-0-0-53.wav,0.0,0
146709-0-0-59.wav,0.0,0
146709-0-0-63.wav,0.0,0
146709-0-0-65.wav,0.0,0
146709-0-0-66.wav,0.0,0
146709-0-0-68.wav,0.0,0
146709-0-0-7.wav,0.0,0
146714-0-0-0.wav,0.0,0
146714-0-0-12.wav,0.0,0
146714-0-0-13.wav,0.0,0
146714-0-0-17.wav,0.0,0
146714-0-0-18.wav,0.0,0
146714-0-0-2.wav,0.0,0
146714-0-0-21.wav,0.0,0
146714-0-0-22.wav,0.0,0
146714-0-0-27.wav,0.0,0
146714-0-0-33.wav,0.0,0
146714-0-0-35.wav,0.0,0
146714-0-0-36.wav,0.0,0
146714-0-0-38.wav,0.0,0
146714-0-0-41.wav,0.0,0
146714-0-0-43.wav,0.0,0
146714-0-0-45.wav,0.0,0
146714-0-0-47.wav,0.0,0
146714-0-0-49.wav,0.0,0
146714-0-0-50.wav,0.0,0
146714-0-0-53.wav,0.0,0
146714-0-0-55.wav,0.0,0
146714-0-0-56.wav,0.0,0
146714-0-0-58.wav,0.0,0
146714-0-0-6.wav,0.0,0
146845-0-0-0.wav,0.0,0
146845-0-0-1.wav,0.0,0
146845-0-0-10.wav,0.0,0
146845-0-0-11.wav,0.0,0
146845-0-0-12.wav,0.0,0
146845-0-0-13.wav,0.0,0
146845-0-0-14.wav,0.0,0
146845-0-0-15.wav,0.0,0
146845-0-0-16.wav,0.0,0
146845-0-0-17.wav,0.0,0
146845-0-0-18.wav,0.0,0
146845-0-0-19.wav,0.0,0
146845-0-0-2.wav,0.0,0
146845-0-0-20.wav,0.0,0
146845-0-0-21.wav,0.0,0
146845-0-0-22.wav,0.0,0
146845-0-0-24.wav,0.0,0
146845-0-0-25.wav,0.0,0
146845-0-0-26.wav,0.0,0
146845-0-0-27.wav,0.0,0
146845-0-0-3.wav,0.0,0
146845-0-0-30.wav,0.0,0
146845-0-0-31.wav,0.0,0
146845-0-0-32.wav,0.0,0
146845-0-0-33.wav,0.0,0
146845-0-0-35.wav,0.0,0
146845-0-0-36.wav,0.0,0
146845-0-0-5.wav,0.0,0
146845-0-0-6.wav,0.0,0
146845-0-0-7.wav,0.0,0
146845-0-0-8.wav,0.0,0
146845-0-0-9.wav,0.0,0
147019-4-0-0.wav,0.0,0
147317-6-0-0.wav,3.9128,1
147491-9-0-0.wav,0.0,0
147491-9-0-5.wav,0.77549,1
147491-9-2-10.wav,5.735654,1
147491-9-2-25.wav,-2.740245,0
147491-9-2-32.wav,-2.740245,0
147491-9-2-6.wav,5.045681,1
147672-3-0-0.wav,1.005768,1
147672-3-1-0.wav,1.024088,1
147672-3-2-0.wav,1.119974,1
14772-7-0-0.wav,0.0,0
14772-7-1-0.wav,1.172968,1
14772-7-2-0.wav,1.157371,1
14772-7-3-0.wav,1.157371,1
14772-7-4-0.wav,1.157371,1
14772-7-5-0.wav,1.152582,1
14772-7-6-0.wav,0.0,0
14772-7-7-0.wav,1.158695,1
14772-7-8-0.wav,1.158695,1
14772-7-9-0.wav,1.172968,1
147764-4-0-0.wav,0.0,0
147764-4-1-0.wav,1.306512,1
147764-4-2-0.wav,0.0,0
147764-4-3-0.wav,0.0,0
147764-4-4-0.wav,0.0,0
147764-4-4-1.wav,0.0,0
147764-4-4-2.wav,0.0,0
147764-4-5-0.wav,2.801568,1
147764-4-6-0.wav,0.0,0
147764-4-7-0.wav,2.04565,1
147764-4-8-0.wav,0.0,0
14780-9-0-0.wav,0.0,0
14780-9-0-1.wav,1.217838,1
14780-9-0-2.wav,0.0,0
147926-0-0-10.wav,0.0,0
147926-0-0-11.wav,0.0,0
147926-0-0-12.wav,0.0,0
147926-0-0-16.wav,0.0,0
147926-0-0-17.wav,0.0,0
147926-0-0-2.wav,0.0,0
147926-0-0-20.wav,0.0,0
147926-0-0-21.wav,0.0,0
147926-0-0-27.wav,0.0,0
147926-0-0-28.wav,0.0,0
147926-0-0-34.wav,0.0,0
147926-0-0-35.wav,0.0,0
147926-0-0-36.wav,0.0,0
147926-0-0-37.wav,0.0,0
147926-0-0-39.wav,0.0,0
147926-0-0-4.wav,0.0,0
147926-0-0-41.wav,0.0,0
147926-0-0-42.wav,0.0,0
147926-0-0-44.wav,0.0,0
147926-0-0-5.wav,0.0,0
147926-0-0-50.wav,0.0,0
147926-0-0-52.wav,0.0,0
147926-0-0-54.wav,0.340968,1
147926-0-0-7.wav,0.0,0
148166-6-0-0.wav,1.793579,1
148463-7-2-0.wav,0.0,0
148463-7-2-1.wav,0.0,0
148463-7-2-2.wav,0.0,0
148463-7-3-0.wav,0.0,0
148463-7-3-1.wav,0.0,0
148463-7-3-10.wav,0.0,0
148463-7-3-2.wav,0.0,0
148463-7-3-3.wav,0.0,0
148463-7-3-4.wav,0.0,0
148463-7-3-5.wav,0.0,0
148463-7-3-6.wav,0.963419,1
148463-7-3-7.wav,0.0,0
148463-7-3-8.wav,0.0,0
148463-7-3-9.wav,0.0,0
148632-8-0-0.wav,4.350089,1
148632-8-0-1.wav,2.500492,1
148632-8-0-10.wav,2.500492,1
148632-8-0-11.wav,2.500492,1
148632-8-0-12.wav,4.26937,1
148632-8-0-13.wav,7.519721,1
148632-8-0-14.wav,7.519721,1
148632-8-0-15.wav,5.384031,1
148632-8-0-16.wav,4.365698,1
148632-8-0-17.wav,7.519721,1
148632-8-0-18.wav,7.347504,1
148632-8-0-2.wav,4.009466,1
148632-8-0-3.wav,0.0,0
148632-8-0-4.wav,0.0,0
148632-8-0-5.wav,0.0,0
148632-8-0-6.wav,0.0,0
148632-8-0-7.wav,4.475219,1
148632-8-0-8.wav,5.384031,1
148632-8-0-9.wav,2.500492,1
148827-6-0-0.wav,0.0,0
148827-6-1-0.wav,1.866343,1
148827-6-2-0.wav,2.036267,1
148827-6-3-0.wav,1.892467,1
148828-6-0-0.wav,2.134784,1
148828-6-1-0.wav,1.877266,1
148833-6-0-0.wav,2.134784,1
148833-6-1-0.wav,2.095599,1
148834-6-0-0.wav,1.504285,1
148835-6-0-0.wav,2.083236,1
148835-6-1-0.wav,2.134784,1
148835-6-2-0.wav,1.941891,1
148835-6-3-0.wav,2.349346,1
148835-6-4-0.wav,2.422153,1
148837-6-1-0.wav,2.274701,1
148837-6-2-0.wav,2.134784,1
148838-6-0-0.wav,1.836987,1
148838-6-1-0.wav,1.970727,1
148838-6-2-0.wav,2.134784,1
148841-6-0-0.wav,2.134784,1
148841-6-1-0.wav,2.095599,1
148841-6-2-0.wav,2.095599,1
149177-6-0-0.wav,2.647902,1
149193-5-0-0.wav,0.0,0
149193-5-0-1.wav,0.0,0
149193-5-0-2.wav,0.0,0
149193-5-0-3.wav,0.0,0
149193-5-0-4.wav,0.0,0
149193-5-0-5.wav,0.0,0
149254-9-0-25.wav,-0.363092,0
149254-9-0-29.wav,-2.74795,0
149254-9-0-30.wav,0.0,0
149254-9-0-42.wav,0.0,0
149254-9-0-51.wav,0.0,0
149254-9-0-56.wav,-0.363092,0
149255-9-0-0.wav,-2.740245,0
149255-9-0-13.wav,-1.985659,0
149255-9-0-3.wav,0.0,0
149255-9-0-4.wav,0.0,0
149255-9-0-5.wav,0.0,0
149255-9-0-7.wav,-2.740245,0
149370-9-0-15.wav,-2.740245,0
149370-9-0-19.wav,1.126805,1
149370-9-0-21.wav,0.0,0
149370-9-0-22.wav,0.0,0
149370-9-0-32.wav,0.0,0
149370-9-0-37.wav,-0.363092,0
149929-9-0-0.wav,-0.749301,0
149929-9-0-2.wav,-0.758586,0
149929-9-0-5.wav,6.424576,1
149929-9-1-0.wav,-2.065804,0
149929-9-1-1.wav,0.0,0
149929-9-1-4.wav,0.0,0
150341-3-0-0.wav,2.299057,1
150341-3-1-0.wav,2.413377,1
151005-4-0-0.wav,0.0,0
151005-4-0-1.wav,1.379616,1
151005-4-0-2.wav,1.379616,1
151005-4-0-3.wav,1.379091,1
151005-4-1-0.wav,1.379616,1
151005-4-1-1.wav,1.379616,1
151005-4-1-2.wav,0.0,0
151005-4-2-0.wav,1.379616,1
151005-4-2-1.wav,0.0,0
151005-4-3-0.wav,1.379616,1
151005-4-3-1.wav,0.0,0
151005-4-3-2.wav,0.0,0
151065-6-0-0.wav,2.349346,1
151069-6-0-0.wav,2.159891,1
151071-6-0-0.wav,1.758627,1
151149-2-0-11.wav,0.474181,1
151149-2-0-12.wav,-0.434362,0
151149-2-0-15.wav,0.378305,1
151149-2-0-22.wav,1.253777,1
151149-2-0-3.wav,0.474181,1
151149-2-0-4.wav,-0.051384,0
151149-2-0-54.wav,1.140397,1
151149-2-0-56.wav,0.0,0
151877-5-0-0.wav,0.0,0
151877-5-1-0.wav,0.0,0
151977-0-0-0.wav,0.0,0
151977-0-0-1.wav,0.0,0
151977-0-0-10.wav,0.0,0
151977-0-0-11.wav,0.0,0
151977-0-0-12.wav,0.0,0
151977-0-0-13.wav,0.0,0
151977-0-0-2.wav,0.0,0
151977-0-0-3.wav,0.0,0
151977-0-0-4.wav,0.0,0
151977-0-0-5.wav,0.0,0
151977-0-0-6.wav,0.0,0
151977-0-0-7.wav,0.0,0
151977-0-0-8.wav,0.0,0
151977-0-0-9.wav,0.0,0
152570-9-0-0.wav,0.325502,1
152570-9-1-41.wav,-2.065804,0
152570-9-1-42.wav,0.0,0
152570-9-1-61.wav,0.0,0
152570-9-1-63.wav,0.0,0
152570-9-1-81.wav,0.0,0
152588-3-0-0.wav,2.129667,1
152588-3-1-0.wav,0.86767,1
152588-3-2-0.wav,1.014536,1
152588-3-3-0.wav,0.985849,1
152908-5-0-0.wav,0.0,0
152908-5-0-1.wav,0.964988,1
152908-5-0-10.wav,0.0,0
152908-5-0-11.wav,0.964988,1
152908-5-0-12.wav,0.0,0
152908-5-0-13.wav,0.964988,1
152908-5-0-2.wav,0.964988,1
152908-5-0-3.wav,0.0,0
152908-5-0-4.wav,0.0,0
152908-5-0-5.wav,0.0,0
152908-5-0-6.wav,0.0,0
152908-5-0-7.wav,0.964988,1
152908-5-0-8.wav,0.964988,1
152908-5-0-9.wav,0.0,0
153261-0-0-0.wav,0.0,0
153261-0-0-1.wav,0.0,0
153261-0-0-2.wav,0.0,0
153261-0-0-3.wav,0.0,0
15356-2-0-0.wav,0.0,0
15356-2-0-1.wav,3.13282,1
15356-2-0-2.wav,3.686845,1
15356-2-0-3.wav,3.881274,1
15356-2-0-4.wav,3.727952,1
154758-5-0-0.wav,0.0,0
154758-5-0-1.wav,0.0,0
154758-5-0-10.wav,0.0,0
154758-5-0-11.wav,0.0,0
154758-5-0-12.wav,0.0,0
154758-5-0-13.wav,0.0,0
154758-5-0-14.wav,0.0,0
154758-5-0-15.wav,0.0,0
154758-5-0-16.wav,0.0,0
154758-5-0-17.wav,0.0,0
154758-5-0-18.wav,0.0,0
154758-5-0-19.wav,0.0,0
154758-5-0-2.wav,0.0,0
154758-5-0-20.wav,0.0,0
154758-5-0-21.wav,0.0,0
154758-5-0-3.wav,0.0,0
154758-5-0-4.wav,0.0,0
154758-5-0-5.wav,0.0,0
154758-5-0-6.wav,0.0,0
154758-5-0-7.wav,0.0,0
154758-5-0-8.wav,0.0,0
154758-5-0-9.wav,0.0,0
155044-9-0-11.wav,-0.799406,0
155044-9-0-15.wav,-0.799406,0
155044-9-0-19.wav,0.0,0
155044-9-0-3.wav,0.0,0
155044-9-0-37.wav,0.0,0
155044-9-0-38.wav,0.0,0
155127-9-0-2.wav,0.0,0
155127-9-1-2.wav,0.0,0
155127-9-1-23.wav,0.0,0
155127-9-1-24.wav,0.0,0
155127-9-1-25.wav,0.0,0
155127-9-1-27.wav,0.0,0
155129-1-2-0.wav,2.711962,1
155202-9-0-124.wav,0.0,0
155202-9-0-126.wav,0.0,0
155202-9-0-135.wav,0.0,0
155202-9-0-38.wav,0.0,0
155202-9-0-42.wav,0.0,0
155202-9-0-6.wav,0.0,0
155212-9-0-13.wav,0.0,0
155212-9-1-14.wav,0.0,0
155212-9-1-49.wav,0.0,0
155212-9-1-75.wav,0.0,0
155212-9-1-85.wav,0.0,0
155212-9-1-88.wav,0.0,0
155217-9-0-27.wav,0.0,0
155217-9-0-39.wav,0.0,0
155217-9-0-57.wav,0.0,0
155217-9-0-85.wav,0.0,0
155217-9-1-24.wav,0.0,0
155217-9-1-58.wav,0.0,0
155219-2-0-0.wav,-1.067355,0
155219-2-0-1.wav,0.0,0
155219-2-0-22.wav,0.0,0
155219-2-0-24.wav,6.342437,1
155219-2-0-25.wav,6.990093,1
155219-2-0-26.wav,-0.359318,0
155219-2-0-51.wav,-1.067355,0
155219-2-0-57.wav,0.0,0
155227-9-0-2.wav,0.0,0
155227-9-0-20.wav,0.0,0
155227-9-0-23.wav,0.0,0
155227-9-0-24.wav,0.0,0
155227-9-0-27.wav,0.0,0
155227-9-0-3.wav,0.0,0
155238-2-0-17.wav,0.0,0
155238-2-0-3.wav,0.0,0
155238-2-0-31.wav,0.0,0
155238-2-0-36.wav,0.0,0
155238-2-0-47.wav,0.381857,1
155238-2-0-67.wav,0.0,0
155238-2-0-75.wav,0.0,0
155238-2-0-97.wav,0.381857,1
155241-9-0-50.wav,0.0,0
155241-9-0-56.wav,0.0,0
155241-9-0-69.wav,-0.363092,0
155241-9-0-79.wav,0.0,0
155241-9-0-8.wav,0.0,0
155241-9-0-88.wav,-0.353062,0
155242-9-0-12.wav,0.8044,1
155242-9-0-15.wav,0.0,0
155242-9-0-27.wav,0.0,0
155242-9-0-35.wav,0.410267,1
155242-9-0-4.wav,0.0,0
155242-9-0-44.wav,2.740948,1
155243-9-0-18.wav,3.032478,1
155243-9-0-24.wav,0.0,0
155243-9-0-32.wav,0.0,0
155243-9-0-42.wav,0.8044,1
155243-9-0-53.wav,0.0,0
155243-9-0-55.wav,0.804876,1
155262-2-0-101.wav,0.0,0
155262-2-0-11.wav,0.362115,1
155262-2-0-15.wav,-0.406472,0
155262-2-0-2.wav,-0.406472,0
155262-2-0-21.wav,0.0,0
155262-2-0-48.wav,-1.068738,0
155262-2-0-58.wav,0.0,0
155262-2-0-63.wav,-0.406472,0
155263-2-0-12.wav,-1.067355,0
155263-2-0-22.wav,0.0,0
155263-2-0-23.wav,0.0,0
155263-2-0-34.wav,-0.406472,0
155263-2-0-43.wav,-0.406472,0
155263-2-0-50.wav,-0.406472,0
155263-2-0-57.wav,-0.406472,0
155263-2-0-61.wav,-0.406472,0
155280-2-0-10.wav,0.0,0
155280-2-0-11.wav,0.0,0
155280-2-0-13.wav,0.0,0
155280-2-0-15.wav,0.381857,1
155280-2-0-3.wav,0.0,0
155280-2-0-5.wav,0.0,0
155280-2-0-6.wav,0.0,0
155280-2-0-7.wav,0.0,0
155283-1-0-0.wav,9.008092,1
155283-1-1-0.wav,5.199004,1
155294-3-0-0.wav,0.858636,1
155299-3-0-1.wav,5.247029,1
155299-3-1-0.wav,1.052548,1
155299-3-1-1.wav,0.920833,1
155299-3-1-2.wav,0.920833,1
155309-3-0-0.wav,1.242371,1
155310-3-0-0.wav,0.86767,1
155311-3-0-0.wav,1.242371,1
155313-3-0-0.wav,2.362042,1
155314-3-0-1.wav,1.242371,1
155314-3-0-2.wav,0.86767,1
155314-3-0-5.wav,0.86767,1
155315-3-0-0.wav,0.897039,1
155317-3-0-0.wav,0.872414,1
155320-3-0-0.wav,2.263224,1
15544-5-0-0.wav,0.0,0
15544-5-0-1.wav,0.0,0
15544-5-0-10.wav,0.0,0
15544-5-0-11.wav,0.0,0
15544-5-0-12.wav,0.0,0
15544-5-0-13.wav,0.0,0
15544-5-0-14.wav,0.0,0
15544-5-0-15.wav,0.0,0
15544-5-0-16.wav,0.0,0
15544-5-0-17.wav,0.0,0
15544-5-0-18.wav,0.0,0
15544-5-0-19.wav,0.0,0
15544-5-0-2.wav,0.0,0
15544-5-0-3.wav,0.0,0
15544-5-0-4.wav,0.0,0
15544-5-0-5.wav,0.0,0
15544-5-0-6.wav,0.0,0
15544-5-0-7.wav,0.0,0
15544-5-0-8.wav,0.0,0
15544-5-0-9.wav,0.0,0
155488-3-0-6.wav,1.052548,1
155488-3-2-0.wav,1.003225,1
155488-3-3-0.wav,0.87696,1
155488-3-3-1.wav,0.970877,1
15564-2-0-0.wav,0.0,0
15564-2-0-1.wav,0.0,0
15564-2-0-2.wav,1.324508,1
156091-1-0-0.wav,-1.639669,0
156194-1-0-0.wav,0.0,0
156200-2-0-0.wav,-1.067355,0
156358-5-0-0.wav,0.0,0
156358-5-0-1.wav,0.0,0
156358-5-0-2.wav,0.0,0
156358-5-0-3.wav,0.0,0
156358-5-0-4.wav,0.0,0
156358-5-0-5.wav,0.0,0
156358-5-0-6.wav,0.0,0
156362-4-0-0.wav,0.0,0
156362-4-0-1.wav,0.0,0
156362-4-0-2.wav,0.92533,1
156362-4-0-3.wav,0.0,0
156362-4-1-0.wav,0.0,0
156362-4-2-0.wav,3.839481,1
156362-4-2-1.wav,0.0,0
156362-4-3-0.wav,0.401321,1
156362-4-3-1.wav,0.0,0
156362-4-3-2.wav,-0.350848,0
156362-4-3-3.wav,-0.350848,0
156362-4-3-4.wav,0.0,0
156362-4-3-5.wav,0.0,0
156362-4-3-6.wav,0.0,0
156362-4-3-7.wav,0.0,0
156362-4-3-8.wav,0.0,0
156418-3-0-0.wav,1.052548,1
156418-3-0-1.wav,3.648421,1
156418-3-1-0.wav,2.480925,1
156418-3-2-0.wav,2.263224,1
156634-5-0-0.wav,0.0,0
156634-5-0-1.wav,0.0,0
156634-5-0-10.wav,0.0,0
156634-5-0-11.wav,0.0,0
156634-5-0-12.wav,0.0,0
156634-5-0-2.wav,0.0,0
156634-5-0-3.wav,0.0,0
156634-5-0-4.wav,0.0,0
156634-5-0-5.wav,0.0,0
156634-5-0-6.wav,0.0,0
156634-5-0-7.wav,0.0,0
156634-5-0-8.wav,0.0,0
156634-5-0-9.wav,0.0,0
156634-5-1-0.wav,0.0,0
156634-5-2-0.wav,0.0,0
156634-5-2-1.wav,0.0,0
156634-5-2-2.wav,0.0,0
156634-5-2-3.wav,0.0,0
156634-5-2-4.wav,-0.354837,0
156634-5-2-5.wav,0.349918,1
156634-5-2-6.wav,0.0,0
156634-5-2-7.wav,0.0,0
156634-5-2-8.wav,0.308751,1
156868-8-0-0.wav,5.450958,1
156868-8-1-0.wav,7.122271,1
156868-8-2-0.wav,4.336491,1
156868-8-3-0.wav,4.557729,1
156868-8-4-0.wav,5.143332,1
156869-8-0-0.wav,8.95742,1
156869-8-0-1.wav,4.475219,1
156869-8-0-10.wav,4.475219,1
156869-8-0-11.wav,6.816229,1
156869-8-0-2.wav,4.475219,1
156869-8-0-3.wav,7.021091,1
156869-8-0-4.wav,12.277309,1
156869-8-0-5.wav,10.224793,1
156869-8-0-6.wav,5.312147,1
156869-8-0-7.wav,4.475219,1
156869-8-0-8.wav,8.95742,1
156869-8-0-9.wav,8.938372,1
156893-7-0-0.wav,0.0,0
156893-7-1-0.wav,0.0,0
156893-7-10-0.wav,0.0,0
156893-7-11-0.wav,0.0,0
156893-7-2-0.wav,0.0,0
156893-7-3-0.wav,0.0,0
156893-7-4-0.wav,0.0,0
156893-7-5-0.wav,0.0,0
156893-7-6-0.wav,0.0,0
156893-7-7-0.wav,0.0,0
156893-7-8-0.wav,0.0,0
156893-7-9-0.wav,0.0,0
156897-6-0-0.wav,4.632346,1
157207-6-0-0.wav,2.134784,1
157207-6-2-0.wav,1.350706,1
157207-6-4-0.wav,1.48379,1
157207-6-5-0.wav,0.991143,1
157207-6-6-0.wav,2.134784,1
157207-6-7-0.wav,0.991143,1
157207-6-8-0.wav,2.621072,1
157207-6-9-0.wav,3.11781,1
157322-3-0-3.wav,0.867072,1
157322-3-0-4.wav,0.867072,1
157322-3-0-5.wav,0.867072,1
157322-3-0-6.wav,1.242371,1
157648-8-0-0.wav,2.750442,1
157649-3-0-0.wav,0.858636,1
157649-3-0-1.wav,0.920833,1
157649-3-1-1.wav,0.920833,1
157649-3-2-0.wav,0.920833,1
157799-6-0-0.wav,1.19863,1
157800-6-0-0.wav,2.134784,1
157801-6-0-0.wav,2.134784,1
157866-8-0-0.wav,4.532424,1
157866-8-0-1.wav,4.532424,1
157866-8-0-10.wav,4.532424,1
157866-8-0-11.wav,4.532424,1
157866-8-0-12.wav,4.532424,1
157866-8-0-13.wav,4.532424,1
157866-8-0-14.wav,4.532424,1
157866-8-0-15.wav,4.532424,1
157866-8-0-16.wav,4.532424,1
157866-8-0-17.wav,4.532424,1
157866-8-0-18.wav,4.532424,1
157866-8-0-19.wav,4.532424,1
157866-8-0-2.wav,4.532424,1
157866-8-0-20.wav,4.532424,1
157866-8-0-21.wav,4.532424,1
157866-8-0-22.wav,4.532424,1
157866-8-0-23.wav,4.532424,1
157866-8-0-24.wav,4.532424,1
157866-8-0-25.wav,4.532424,1
157866-8-0-26.wav,4.532424,1
157866-8-0-27.wav,4.532424,1
157866-8-0-3.wav,4.532424,1
157866-8-0-4.wav,4.532424,1
157866-8-0-5.wav,4.532424,1
157866-8-0-6.wav,4.532424,1
157866-8-0-7.wav,4.532424,1
157866-8-0-8.wav,4.532424,1
157866-8-0-9.wav,4.532424,1
157867-8-0-0.wav,4.424775,1
157867-8-0-1.wav,4.461639,1
157867-8-0-10.wav,4.424775,1
157867-8-0-11.wav,4.475219,1
157867-8-0-12.wav,4.424775,1
157867-8-0-13.wav,4.424775,1
157867-8-0-14.wav,4.274471,1
157867-8-0-15.wav,4.424775,1
157867-8-0-16.wav,4.475219,1
157867-8-0-17.wav,4.274471,1
157867-8-0-18.wav,4.424775,1
157867-8-0-19.wav,4.274471,1
157867-8-0-2.wav,4.424775,1
157867-8-0-20.wav,4.424775,1
157867-8-0-21.wav,4.46164,1
157867-8-0-22.wav,4.274471,1
157867-8-0-23.wav,4.424775,1
157867-8-0-24.wav,4.274471,1
157867-8-0-25.wav,4.424775,1
157867-8-0-26.wav,4.475219,1
157867-8-0-27.wav,4.475219,1
157867-8-0-28.wav,4.424775,1
157867-8-0-3.wav,4.46164,1
157867-8-0-4.wav,4.274471,1
157867-8-0-5.wav,4.424775,1
157867-8-0-6.wav,4.475219,1
157867-8-0-7.wav,4.424775,1
157867-8-0-8.wav,4.461639,1
157867-8-0-9.wav,4.274471,1
157868-8-0-0.wav,6.7968,1
157868-8-0-1.wav,6.7968,1
157868-8-0-10.wav,6.7968,1
157868-8-0-11.wav,6.7968,1
157868-8-0-12.wav,6.7968,1
157868-8-0-13.wav,6.7968,1
157868-8-0-14.wav,6.7968,1
157868-8-0-15.wav,6.7968,1
157868-8-0-16.wav,6.7968,1
157868-8-0-17.wav,6.7968,1
157868-8-0-18.wav,6.7968,1
157868-8-0-19.wav,6.7968,1
157868-8-0-2.wav,6.7968,1
157868-8-0-20.wav,6.7968,1
157868-8-0-21.wav,6.7968,1
157868-8-0-22.wav,6.7968,1
157868-8-0-23.wav,6.7968,1
157868-8-0-24.wav,6.7968,1
157868-8-0-25.wav,6.7968,1
157868-8-0-26.wav,6.7968,1
157868-8-0-27.wav,6.7968,1
157868-8-0-3.wav,6.7968,1
157868-8-0-4.wav,6.7968,1
157868-8-0-5.wav,6.7968,1
157868-8-0-6.wav,6.7968,1
157868-8-0-7.wav,6.7968,1
157868-8-0-8.wav,6.7968,1
157868-8-0-9.wav,6.7968,1
157940-9-0-0.wav,0.0,0
157940-9-0-2.wav,-1.067297,0
157940-9-0-3.wav,0.0,0
157940-9-0-4.wav,-1.067297,0
157940-9-0-5.wav,0.0,0
157940-9-0-6.wav,0.0,0
157950-3-0-0.wav,2.129667,1
158593-2-0-0.wav,-0.787823,0
158593-2-0-31.wav,0.0,0
158593-2-0-43.wav,-1.067355,0
158593-2-0-47.wav,0.0,0
158593-2-0-52.wav,-1.067355,0
158593-2-0-54.wav,0.0,0
158593-2-0-8.wav,-0.359318,0
158597-2-0-16.wav,0.0,0
158597-2-0-2.wav,0.79254,1
158597-2-0-3.wav,0.0,0
158597-2-0-30.wav,-0.354733,0
158597-2-0-33.wav,0.0,0
158597-2-0-41.wav,0.0,0
158597-2-0-57.wav,0.0,0
158597-2-0-85.wav,0.0,0
158607-3-0-0.wav,1.052548,1
158607-3-1-0.wav,0.920833,1
158607-3-2-0.wav,0.920833,1
158608-8-0-0.wav,2.810323,1
158608-8-0-1.wav,2.810323,1
158608-8-0-10.wav,3.98769,1
158608-8-0-2.wav,3.98769,1
158608-8-0-3.wav,0.393672,1
158608-8-0-4.wav,0.371429,1
158608-8-0-5.wav,2.500492,1
158608-8-0-6.wav,1.608779,1
158608-8-0-7.wav,4.128685,1
158608-8-0-8.wav,4.475219,1
158608-8-0-9.wav,2.500492,1
158977-6-0-0.wav,1.860394,1
158978-6-0-0.wav,2.621072,1
158979-6-0-0.wav,2.054032,1
159176-3-0-0.wav,2.309798,1
159439-2-0-0.wav,0.0,0
159439-2-0-10.wav,-1.067355,0
159439-2-0-11.wav,-1.067355,0
159439-2-0-19.wav,-1.067355,0
159439-2-0-21.wav,0.0,0
159439-2-0-29.wav,0.0,0
159439-2-0-30.wav,1.233423,1
159701-6-0-0.wav,2.010362,1
159701-6-1-0.wav,2.134784,1
159701-6-2-0.wav,2.134784,1
159701-6-3-0.wav,2.134784,1
159701-6-4-0.wav,0.0,0
159701-6-5-0.wav,2.134784,1
159701-6-6-0.wav,2.134784,1
159702-6-0-0.wav,2.083236,1
159702-6-2-0.wav,2.075628,1
159702-6-3-0.wav,2.075628,1
159702-6-4-0.wav,2.075628,1
159702-6-6-0.wav,1.488903,1
159703-6-0-0.wav,1.877266,1
159704-6-0-0.wav,2.134784,1
159705-6-0-0.wav,2.134784,1
159706-6-0-0.wav,2.134784,1
159707-6-0-0.wav,2.134784,1
159708-6-0-0.wav,2.097713,1
159708-6-1-0.wav,1.933979,1
159708-6-2-0.wav,3.802535,1
159708-6-3-0.wav,0.0,0
159708-6-4-0.wav,2.036267,1
159708-6-5-0.wav,2.440403,1
159710-6-0-0.wav,2.083236,1
159726-3-0-0.wav,0.0,0
159726-3-1-0.wav,0.0,0
159735-2-0-11.wav,-1.067355,0
159735-2-0-121.wav,0.0,0
159735-2-0-17.wav,-1.067355,0
159735-2-0-22.wav,-1.067355,0
159735-2-0-34.wav,0.0,0
159735-2-0-80.wav,0.0,0
159735-2-0-9.wav,0.0,0
159735-2-0-99.wav,0.0,0
159738-8-0-0.wav,4.475219,1
159738-8-0-1.wav,5.32619,1
159738-8-0-10.wav,4.475219,1
159738-8-0-11.wav,4.274471,1
159738-8-0-12.wav,2.500492,1
159738-8-0-13.wav,4.333857,1
159738-8-0-14.wav,2.540779,1
159738-8-0-15.wav,4.274471,1
159738-8-0-16.wav,2.921421,1
159738-8-0-17.wav,4.475219,1
159738-8-0-18.wav,2.500492,1
159738-8-0-19.wav,5.384031,1
159738-8-0-2.wav,4.475219,1
159738-8-0-3.wav,5.384031,1
159738-8-0-4.wav,4.475219,1
159738-8-0-5.wav,4.475219,1
159738-8-0-6.wav,4.282489,1
159738-8-0-7.wav,4.475219,1
159738-8-0-8.wav,4.274471,1
159738-8-0-9.wav,5.384031,1
159742-8-0-0.wav,4.46164,1
159742-8-0-1.wav,4.46164,1
159742-8-0-10.wav,2.742457,1
159742-8-0-11.wav,2.655953,1
159742-8-0-12.wav,2.540779,1
159742-8-0-13.wav,7.034299,1
159742-8-0-14.wav,2.54559,1
159742-8-0-2.wav,4.461639,1
159742-8-0-3.wav,6.7968,1
159742-8-0-4.wav,5.192273,1
159742-8-0-5.wav,4.245536,1
159742-8-0-6.wav,4.424775,1
159742-8-0-7.wav,6.7968,1
159742-8-0-8.wav,4.475219,1
159742-8-0-9.wav,2.540779,1
159743-8-0-0.wav,4.369463,1
159744-8-0-0.wav,4.424775,1
159744-8-0-1.wav,4.396965,1
159744-8-0-10.wav,2.921421,1
159744-8-0-11.wav,2.616786,1
159744-8-0-12.wav,2.810323,1
159744-8-0-13.wav,5.384031,1
159744-8-0-2.wav,4.369463,1
159744-8-0-3.wav,4.369463,1
159744-8-0-4.wav,4.424775,1
159744-8-0-5.wav,4.424775,1
159744-8-0-6.wav,4.424775,1
159744-8-0-7.wav,4.424775,1
159744-8-0-8.wav,4.424775,1
159744-8-0-9.wav,7.122271,1
159745-8-0-0.wav,5.483981,1
159745-8-1-0.wav,2.299352,1
159745-8-1-1.wav,2.769361,1
159745-8-1-2.wav,2.74668,1
159745-8-1-3.wav,2.540779,1
159745-8-1-4.wav,5.384031,1
159745-8-1-5.wav,2.500492,1
159745-8-1-6.wav,4.26937,1
159745-8-1-7.wav,2.500492,1
159747-8-0-0.wav,6.7968,1
159747-8-0-1.wav,2.194349,1
159747-8-0-10.wav,4.098621,1
159747-8-0-11.wav,4.333857,1
159747-8-0-12.wav,4.424775,1
159747-8-0-13.wav,4.333857,1
159747-8-0-14.wav,4.424775,1
159747-8-0-15.wav,2.769361,1
159747-8-0-16.wav,2.921421,1
159747-8-0-17.wav,2.652277,1
159747-8-0-18.wav,0.0,0
159747-8-0-19.wav,2.810323,1
159747-8-0-2.wav,6.7968,1
159747-8-0-20.wav,4.365698,1
159747-8-0-21.wav,4.475219,1
159747-8-0-3.wav,4.424775,1
159747-8-0-4.wav,4.20611,1
159747-8-0-5.wav,6.7968,1
159747-8-0-6.wav,4.369463,1
159747-8-0-7.wav,4.369463,1
159747-8-0-8.wav,4.369463,1
159747-8-0-9.wav,4.396965,1
159748-8-0-0.wav,2.540779,1
159748-8-0-1.wav,2.742457,1
159748-8-0-2.wav,2.786521,1
159748-8-0-3.wav,0.0,0
159748-8-0-4.wav,2.655953,1
159748-8-0-5.wav,4.274471,1
159748-8-0-6.wav,2.500492,1
159748-8-0-7.wav,4.274471,1
159748-8-0-8.wav,4.274471,1
159748-8-0-9.wav,4.274471,1
159748-8-1-0.wav,5.312147,1
159748-8-2-0.wav,0.0,0
159748-8-2-1.wav,2.350355,1
159748-8-2-2.wav,0.0,0
159748-8-2-3.wav,1.588055,1
159748-8-2-4.wav,2.540779,1
159748-8-2-5.wav,2.500492,1
159748-8-2-6.wav,4.274471,1
159748-8-2-7.wav,2.500492,1
159748-8-2-8.wav,4.128685,1
159750-8-0-0.wav,2.921421,1
159750-8-0-1.wav,4.274471,1
159750-8-0-2.wav,2.921421,1
159750-8-0-3.wav,4.274471,1
159750-8-0-4.wav,4.248546,1
159750-8-0-5.wav,2.921421,1
159750-8-0-6.wav,4.475219,1
159750-8-0-7.wav,4.274471,1
159750-8-0-8.wav,7.122271,1
159751-8-0-0.wav,2.655953,1
159751-8-0-1.wav,1.576939,1
159751-8-0-10.wav,4.274471,1
159751-8-0-11.wav,2.540779,1
159751-8-0-12.wav,2.616786,1
159751-8-0-13.wav,4.408392,1
159751-8-0-14.wav,2.540779,1
159751-8-0-15.wav,0.0,0
159751-8-0-16.wav,0.0,0
159751-8-0-17.wav,0.0,0
159751-8-0-18.wav,2.350355,1
159751-8-0-19.wav,2.655953,1
159751-8-0-2.wav,2.921421,1
159751-8-0-20.wav,2.655953,1
159751-8-0-21.wav,7.122271,1
159751-8-0-3.wav,2.500492,1
159751-8-0-4.wav,4.209957,1
159751-8-0-5.wav,2.500492,1
159751-8-0-6.wav,2.500492,1
159751-8-0-7.wav,2.500492,1
159751-8-0-8.wav,7.122271,1
159751-8-0-9.wav,2.500492,1
159752-8-0-0.wav,2.655953,1
159752-8-0-1.wav,0.0,0
159752-8-0-10.wav,7.122271,1
159752-8-0-11.wav,4.058961,1
159752-8-0-12.wav,4.209957,1
159752-8-0-2.wav,2.498477,1
159752-8-0-3.wav,2.443635,1
159752-8-0-4.wav,2.655953,1
159752-8-0-5.wav,2.540779,1
159752-8-0-6.wav,2.500492,1
159752-8-0-7.wav,5.3947,1
159752-8-0-8.wav,4.274471,1
159752-8-0-9.wav,4.274471,1
159752-8-1-0.wav,6.7968,1
159752-8-2-0.wav,2.769361,1
159752-8-2-1.wav,2.769361,1
159752-8-2-2.wav,1.576939,1
159752-8-2-3.wav,2.350355,1
159753-8-0-0.wav,4.282489,1
159753-8-0-1.wav,9.279182,1
159753-8-0-2.wav,4.282489,1
159753-8-0-3.wav,9.279182,1
159753-8-0-4.wav,9.264416,1
159753-8-0-5.wav,4.282489,1
159753-8-0-6.wav,9.279182,1
159754-8-0-0.wav,5.196762,1
159754-8-1-0.wav,7.602675,1
159754-8-2-0.wav,5.281757,1
159754-8-3-0.wav,4.532424,1
159754-8-4-0.wav,4.282489,1
159755-8-0-0.wav,6.849357,1
159755-8-0-1.wav,4.424775,1
159755-8-0-2.wav,2.500492,1
159755-8-0-3.wav,4.475219,1
159761-0-0-0.wav,0.0,0
159761-0-0-1.wav,0.0,0
159761-0-0-2.wav,0.0,0
159761-0-0-3.wav,0.0,0
159761-0-0-4.wav,0.0,0
159761-0-0-5.wav,0.0,0
159761-0-0-6.wav,0.0,0
159761-0-0-7.wav,0.0,0
159761-0-0-8.wav,0.0,0
160009-2-0-1.wav,0.0,0
160009-2-0-11.wav,0.0,0
160009-2-0-22.wav,0.0,0
160009-2-0-30.wav,3.410382,1
160009-2-0-31.wav,-1.067355,0
160009-2-0-47.wav,0.0,0
160009-2-0-5.wav,3.727952,1
160009-2-0-50.wav,-1.067355,0
160010-2-0-19.wav,-1.067355,0
160010-2-0-21.wav,0.0,0
160010-2-0-30.wav,-0.789197,0
160010-2-0-32.wav,0.0,0
160010-2-0-33.wav,0.0,0
160010-2-0-37.wav,0.0,0
160010-2-0-38.wav,0.0,0
160010-2-0-49.wav,-1.067355,0
160011-2-0-0.wav,-1.067355,0
160011-2-0-1.wav,0.0,0
160011-2-0-12.wav,-1.067355,0
160011-2-0-3.wav,0.0,0
160011-2-0-34.wav,0.388793,1
160011-2-0-5.wav,-1.067355,0
160011-2-0-7.wav,-1.097122,0
160011-2-0-9.wav,0.0,0
160016-2-0-13.wav,0.415383,1
160016-2-0-25.wav,0.0,0
160016-2-0-26.wav,0.0,0
160016-2-0-37.wav,-1.067355,0
160016-2-0-40.wav,-1.067355,0
160016-2-0-5.wav,0.349518,1
160016-2-0-8.wav,6.951089,1
160366-3-0-13.wav,2.467757,1
160366-3-0-4.wav,1.00807,1
160366-3-0-7.wav,2.230508,1
160366-3-0-8.wav,1.003225,1
160575-3-0-0.wav,0.0,0
160575-3-1-0.wav,2.22882,1
160575-3-4-0.wav,1.003225,1
160575-3-7-0.wav,0.0,0
161005-2-0-0.wav,1.247925,1
161005-2-0-12.wav,1.282515,1
161005-2-0-14.wav,-0.359318,0
161005-2-0-19.wav,-1.067355,0
161005-2-0-27.wav,-1.067355,0
161005-2-0-28.wav,-1.067355,0
161005-2-0-4.wav,-1.097122,0
161005-2-0-6.wav,0.0,0
161129-4-0-1.wav,0.0,0
161129-4-0-10.wav,0.0,0
161129-4-0-11.wav,0.0,0
161129-4-0-12.wav,1.576242,1
161129-4-0-13.wav,0.0,0
161129-4-0-15.wav,0.0,0
161129-4-0-16.wav,0.0,0
161129-4-0-19.wav,0.0,0
161129-4-0-2.wav,0.0,0
161129-4-0-20.wav,0.0,0
161129-4-0-3.wav,0.0,0
161129-4-0-4.wav,0.0,0
161129-4-0-5.wav,0.0,0
161129-4-0-6.wav,0.0,0
161129-4-0-7.wav,0.0,0
161129-4-0-8.wav,0.0,0
161129-4-0-9.wav,0.0,0
161195-6-0-0.wav,1.866343,1
161702-9-0-26.wav,0.0,0
161702-9-0-30.wav,0.0,0
161702-9-0-37.wav,0.0,0
161702-9-0-45.wav,0.0,0
161702-9-0-6.wav,0.0,0
161702-9-0-8.wav,0.0,0
161922-3-1-4.wav,3.648421,1
161922-3-1-5.wav,1.052548,1
161922-3-1-6.wav,1.052548,1
161922-3-2-0.wav,1.052548,1
161923-3-0-0.wav,0.979165,1
161923-3-0-12.wav,0.979165,1
161923-3-0-19.wav,0.931952,1
161923-3-0-5.wav,0.788051,1
162103-0-0-0.wav,0.0,0
162103-0-0-1.wav,0.0,0
162103-0-0-10.wav,0.0,0
162103-0-0-11.wav,0.0,0
162103-0-0-12.wav,0.0,0
162103-0-0-13.wav,0.0,0
162103-0-0-14.wav,0.0,0
162103-0-0-15.wav,0.0,0
162103-0-0-16.wav,0.0,0
162103-0-0-17.wav,0.0,0
162103-0-0-2.wav,0.0,0
162103-0-0-3.wav,0.0,0
162103-0-0-4.wav,0.0,0
162103-0-0-5.wav,0.0,0
162103-0-0-6.wav,0.0,0
162103-0-0-7.wav,0.0,0
162103-0-0-8.wav,0.0,0
162103-0-0-9.wav,0.0,0
162134-7-0-0.wav,0.0,0
162134-7-0-1.wav,0.0,0
162134-7-0-2.wav,0.0,0
162134-7-1-0.wav,0.0,0
162134-7-10-0.wav,1.335306,1
162134-7-10-1.wav,0.0,0
162134-7-10-2.wav,0.0,0
162134-7-10-3.wav,0.0,0
162134-7-11-0.wav,1.243709,1
162134-7-11-1.wav,1.241308,1
162134-7-11-2.wav,2.773342,1
162134-7-11-3.wav,0.0,0
162134-7-11-4.wav,0.0,0
162134-7-11-5.wav,0.0,0
162134-7-11-6.wav,0.0,0
162134-7-11-7.wav,0.0,0
162134-7-12-0.wav,0.0,0
162134-7-12-1.wav,1.300018,1
162134-7-12-2.wav,0.0,0
162134-7-12-3.wav,1.159681,1
162134-7-12-4.wav,0.0,0
162134-7-13-0.wav,0.0,0
162134-7-13-1.wav,0.0,0
162134-7-13-2.wav,0.0,0
162134-7-13-3.wav,0.0,0
162134-7-13-4.wav,0.0,0
162134-7-14-0.wav,0.0,0
162134-7-14-1.wav,0.0,0
162134-7-14-2.wav,1.335306,1
162134-7-15-0.wav,0.0,0
162134-7-15-1.wav,0.0,0
162134-7-15-2.wav,1.241308,1
162134-7-15-3.wav,0.0,0
162134-7-15-4.wav,0.0,0
162134-7-16-0.wav,0.0,0
162134-7-16-1.wav,0.0,0
162134-7-17-0.wav,0.0,0
162134-7-17-1.wav,0.0,0
162134-7-17-2.wav,0.0,0
162134-7-17-3.wav,0.0,0
162134-7-17-4.wav,0.0,0
162134-7-2-0.wav,0.0,0
162134-7-3-0.wav,0.0,0
162134-7-4-0.wav,0.0,0
162134-7-5-0.wav,0.0,0
162134-7-6-0.wav,0.0,0
162134-7-7-0.wav,0.0,0
162134-7-7-1.wav,0.0,0
162134-7-8-0.wav,0.0,0
162134-7-8-1.wav,0.0,0
162134-7-8-2.wav,0.0,0
162134-7-8-3.wav,0.0,0
162134-7-8-4.wav,0.0,0
162134-7-8-5.wav,0.0,0
162134-7-8-6.wav,0.0,0
162134-7-8-7.wav,0.0,0
162134-7-9-0.wav,0.0,0
162134-7-9-1.wav,0.0,0
162134-7-9-2.wav,0.0,0
162134-7-9-3.wav,0.0,0
162134-7-9-4.wav,0.0,0
162148-3-0-0.wav,1.06205,1
162318-2-0-17.wav,-1.067355,0
162318-2-0-25.wav,-1.067355,0
162318-2-0-34.wav,-0.051384,0
162318-2-0-38.wav,0.0,0
162318-2-0-39.wav,0.0,0
162318-2-0-40.wav,0.0,0
162318-2-0-55.wav,0.0,0
162318-2-0-7.wav,-1.067355,0
162431-6-0-0.wav,3.686931,1
162431-6-1-0.wav,3.686931,1
162431-6-2-0.wav,2.516091,1
162431-6-3-0.wav,3.802535,1
162432-6-0-0.wav,3.854167,1
162432-6-1-0.wav,3.796934,1
162432-6-10-0.wav,3.686931,1
162432-6-11-0.wav,3.686931,1
162432-6-12-0.wav,3.796934,1
162432-6-13-0.wav,2.176068,1
162432-6-14-0.wav,1.648699,1
162432-6-2-0.wav,3.802535,1
162432-6-3-0.wav,3.796934,1
162432-6-4-0.wav,3.686931,1
162432-6-5-0.wav,3.686931,1
162432-6-6-0.wav,3.802535,1
162432-6-7-0.wav,1.190629,1
162432-6-8-0.wav,3.686931,1
162432-6-9-0.wav,0.0,0
162433-6-0-0.wav,3.802535,1
162433-6-1-0.wav,2.387398,1
162433-6-2-0.wav,2.485906,1
162433-6-3-0.wav,2.318463,1
162433-6-4-0.wav,2.421615,1
162433-6-5-0.wav,2.421615,1
162433-6-6-0.wav,2.387398,1
162433-6-7-0.wav,2.421615,1
162433-6-8-0.wav,2.368722,1
162434-6-1-0.wav,2.623717,1
162434-6-2-0.wav,1.852277,1
162435-6-0-0.wav,3.686931,1
162435-6-1-0.wav,3.686931,1
162435-6-2-0.wav,3.441439,1
162436-6-0-0.wav,2.095599,1
162540-1-0-0.wav,2.814461,1
162540-1-1-0.wav,3.130775,1
162540-1-2-0.wav,2.838049,1
162541-1-0-0.wav,1.347733,1
162541-1-1-0.wav,0.0,0
162541-1-2-0.wav,5.257634,1
162702-1-1-0.wav,9.03808,1
162703-1-0-0.wav,2.563593,1
162728-1-0-0.wav,2.838049,1
164053-8-0-0.wav,4.365698,1
164053-8-1-0.wav,4.365698,1
164053-8-2-0.wav,5.312147,1
164053-8-2-1.wav,5.312147,1
164053-8-2-2.wav,4.365698,1
164053-8-2-3.wav,2.74668,1
164053-8-3-0.wav,5.296823,1
164194-2-0-10.wav,0.0,0
164194-2-0-11.wav,1.354315,1
164194-2-0-14.wav,0.0,0
164194-2-0-18.wav,-1.067355,0
164194-2-0-24.wav,0.0,0
164194-2-0-26.wav,0.0,0
164194-2-0-29.wav,0.0,0
164194-2-0-7.wav,0.0,0
164311-3-0-0.wav,0.951667,1
164311-3-1-0.wav,2.129667,1
164312-3-0-0.wav,0.858719,1
164312-3-1-0.wav,1.050123,1
164312-3-3-0.wav,2.385056,1
164312-3-4-0.wav,1.05063,1
164344-9-0-0.wav,0.0,0
164344-9-0-26.wav,0.0,0
164344-9-0-38.wav,-1.562006,0
164344-9-0-39.wav,-1.562006,0
164344-9-0-40.wav,0.0,0
164344-9-0-44.wav,-1.535696,0
164377-9-0-16.wav,0.0,0
164377-9-1-15.wav,0.0,0
164377-9-1-3.wav,0.0,0
164377-9-1-36.wav,0.0,0
164377-9-1-43.wav,0.0,0
164377-9-1-50.wav,0.0,0
164377-9-1-92.wav,0.0,0
164625-1-0-0.wav,1.181173,1
164626-1-0-0.wav,6.651168,1
164627-1-0-0.wav,1.168697,1
164646-6-0-0.wav,2.432589,1
164667-6-0-0.wav,2.343432,1
164782-8-0-0.wav,4.122435,1
164782-8-0-1.wav,4.19836,1
164782-8-0-2.wav,0.0,0
164782-8-0-3.wav,0.0,0
164782-8-0-4.wav,0.0,0
164782-8-0-5.wav,4.538093,1
164782-8-0-6.wav,0.0,0
164782-8-0-7.wav,4.901984,1
164797-2-0-16.wav,5.166851,1
164797-2-0-29.wav,0.343048,1
164797-2-0-32.wav,0.343048,1
164797-2-0-44.wav,0.0,0
164797-2-0-47.wav,-0.002202,0
164797-2-0-50.wav,-1.067355,0
164797-2-0-8.wav,4.456205,1
165039-7-0-0.wav,0.817919,1
165039-7-1-0.wav,0.0,0
165039-7-10-0.wav,0.0,0
165039-7-10-1.wav,0.0,0
165039-7-11-0.wav,0.0,0
165039-7-12-0.wav,1.659349,1
165039-7-12-1.wav,0.0,0
165039-7-13-0.wav,0.0,0
165039-7-14-0.wav,0.0,0
165039-7-15-0.wav,0.0,0
165039-7-15-1.wav,0.0,0
165039-7-16-0.wav,0.0,0
165039-7-17-0.wav,0.0,0
165039-7-17-1.wav,0.0,0
165039-7-2-0.wav,0.0,0
165039-7-2-1.wav,0.0,0
165039-7-3-0.wav,0.0,0
165039-7-4-0.wav,0.817919,1
165039-7-4-1.wav,0.0,0
165039-7-4-2.wav,0.0,0
165039-7-5-0.wav,0.0,0
165039-7-5-1.wav,0.0,0
165039-7-6-0.wav,0.0,0
165039-7-6-1.wav,0.0,0
165039-7-7-0.wav,0.0,0
165039-7-8-0.wav,0.0,0
165039-7-8-1.wav,0.0,0
165039-7-8-2.wav,0.0,0
165039-7-9-0.wav,0.0,0
165067-2-0-111.wav,-1.129852,0
165067-2-0-112.wav,-0.72244,0
165067-2-0-35.wav,0.0,0
165067-2-0-56.wav,-0.402729,0
165067-2-0-72.wav,0.0,0
165067-2-0-9.wav,0.0,0
165067-2-0-91.wav,-1.097122,0
165166-8-0-0.wav,2.742457,1
165166-8-0-1.wav,2.742457,1
165166-8-0-2.wav,2.74668,1
165166-8-0-3.wav,2.769361,1
165166-8-0-4.wav,2.540779,1
165166-8-0-5.wav,7.122271,1
165166-8-0-6.wav,7.122271,1
165166-8-0-7.wav,5.3947,1
165166-8-0-8.wav,2.74668,1
165192-9-0-118.wav,-2.740245,0
165192-9-0-146.wav,0.0,0
165192-9-0-160.wav,0.0,0
165192-9-0-5.wav,-1.493648,0
165192-9-0-76.wav,-1.493648,0
165192-9-0-87.wav,0.410267,1
165454-0-0-0.wav,0.0,0
165454-0-0-1.wav,0.0,0
165454-0-0-10.wav,0.0,0
165454-0-0-11.wav,0.0,0
165454-0-0-12.wav,0.0,0
165454-0-0-2.wav,0.0,0
165454-0-0-3.wav,0.0,0
165454-0-0-4.wav,0.0,0
165454-0-0-5.wav,0.0,0
165454-0-0-6.wav,0.0,0
165454-0-0-7.wav,0.0,0
165454-0-0-8.wav,0.0,0
165454-0-0-9.wav,0.0,0
165529-2-0-18.wav,1.147701,1
165529-2-0-3.wav,-1.067355,0
165529-2-0-6.wav,-1.067355,0
165529-2-0-70.wav,-1.067355,0
165529-2-0-73.wav,2.866293,1
165529-2-0-8.wav,-1.067355,0
165529-2-0-90.wav,-1.067355,0
165567-3-0-0.wav,2.346613,1
165567-3-2-0.wav,2.467756,1
165567-3-3-0.wav,2.480925,1
165567-3-4-0.wav,0.0,0
165640-4-0-0.wav,0.0,0
165640-4-0-1.wav,0.0,0
165640-4-0-2.wav,0.0,0
165641-4-0-0.wav,0.0,0
165641-4-0-1.wav,0.0,0
165642-4-0-0.wav,0.0,0
165643-4-0-0.wav,0.0,0
165644-4-0-0.wav,0.0,0
165644-4-0-1.wav,0.0,0
165645-4-0-0.wav,0.358278,1
165645-4-1-0.wav,0.0,0
165645-4-2-0.wav,0.0,0
165645-4-3-0.wav,0.0,0
165645-4-4-0.wav,0.0,0
165645-4-5-0.wav,0.0,0
165774-7-0-0.wav,0.0,0
165774-7-1-0.wav,3.511951,1
165774-7-2-0.wav,0.0,0
165774-7-3-0.wav,0.0,0
165774-7-4-0.wav,0.0,0
165774-7-5-0.wav,1.243709,1
165774-7-6-0.wav,0.0,0
165774-7-7-0.wav,0.0,0
165774-7-8-0.wav,0.0,0
165775-7-0-0.wav,0.0,0
165775-7-1-0.wav,0.0,0
165785-4-0-0.wav,0.0,0
165785-4-1-0.wav,0.894889,1
165785-4-2-0.wav,1.658929,1
165785-4-3-0.wav,0.354793,1
165785-4-4-0.wav,0.0,0
165786-4-0-0.wav,0.0,0
166101-5-0-0.wav,0.0,0
166101-5-0-1.wav,0.0,0
166101-5-0-2.wav,0.0,0
166101-5-0-3.wav,0.803748,1
166101-5-1-0.wav,0.0,0
166101-5-2-0.wav,0.0,0
166101-5-2-1.wav,0.0,0
166101-5-2-2.wav,1.615473,1
166101-5-2-3.wav,1.983344,1
166101-5-2-4.wav,2.095599,1
166101-5-3-0.wav,1.197747,1
166268-3-0-0.wav,2.413377,1
166268-3-1-0.wav,2.263224,1
166421-3-0-29.wav,1.052548,1
166421-3-0-31.wav,1.049101,1
166421-3-0-5.wav,1.038622,1
166489-3-0-1.wav,1.005843,1
166489-3-0-2.wav,0.86767,1
166489-3-0-4.wav,0.931524,1
16692-5-0-0.wav,0.0,0
16692-5-0-1.wav,0.0,0
16692-5-0-10.wav,0.0,0
16692-5-0-2.wav,0.0,0
16692-5-0-3.wav,0.0,0
16692-5-0-4.wav,0.0,0
16692-5-0-5.wav,0.0,0
16692-5-0-6.wav,0.0,0
16692-5-0-7.wav,0.0,0
16692-5-0-8.wav,0.0,0
16692-5-0-9.wav,0.0,0
166931-4-0-0.wav,0.0,0
166931-4-0-1.wav,0.0,0
166931-4-1-2.wav,0.0,0
166931-4-1-4.wav,0.0,0
166931-4-1-5.wav,0.0,0
166931-4-1-6.wav,0.0,0
166931-4-2-0.wav,0.0,0
166931-4-2-12.wav,0.0,0
166931-4-2-13.wav,0.0,0
166931-4-2-3.wav,0.0,0
166931-4-2-7.wav,0.0,0
166931-4-2-8.wav,0.0,0
166931-4-3-1.wav,0.0,0
166931-4-3-2.wav,0.0,0
166931-4-4-0.wav,0.378175,1
166931-4-4-2.wav,0.327487,1
166931-4-4-3.wav,0.0,0
166942-0-0-0.wav,0.0,0
166942-0-0-1.wav,0.0,0
166942-0-0-10.wav,0.0,0
166942-0-0-11.wav,0.0,0
166942-0-0-12.wav,0.0,0
166942-0-0-13.wav,0.0,0
166942-0-0-14.wav,0.0,0
166942-0-0-15.wav,0.0,0
166942-0-0-2.wav,0.0,0
166942-0-0-3.wav,0.0,0
166942-0-0-4.wav,0.0,0
166942-0-0-5.wav,0.0,0
166942-0-0-6.wav,0.0,0
166942-0-0-7.wav,0.0,0
166942-0-0-8.wav,0.0,0
166942-0-0-9.wav,0.0,0
167464-0-0-0.wav,0.410678,1
167464-0-0-1.wav,0.0,0
167464-0-0-10.wav,0.0,0
167464-0-0-11.wav,0.0,0
167464-0-0-12.wav,0.0,0
167464-0-0-13.wav,0.0,0
167464-0-0-14.wav,0.0,0
167464-0-0-15.wav,0.0,0
167464-0-0-16.wav,0.0,0
167464-0-0-17.wav,0.0,0
167464-0-0-18.wav,0.0,0
167464-0-0-19.wav,0.0,0
167464-0-0-2.wav,0.0,0
167464-0-0-20.wav,0.0,0
167464-0-0-21.wav,0.0,0
167464-0-0-22.wav,0.0,0
167464-0-0-23.wav,0.0,0
167464-0-0-24.wav,0.0,0
167464-0-0-3.wav,0.0,0
167464-0-0-4.wav,0.0,0
167464-0-0-5.wav,0.0,0
167464-0-0-6.wav,0.0,0
167464-0-0-7.wav,0.433745,1
167464-0-0-8.wav,0.343048,1
167464-0-0-9.wav,0.0,0
167701-4-0-0.wav,0.0,0
167701-4-1-0.wav,0.0,0
167701-4-10-0.wav,0.0,0
167701-4-11-0.wav,0.358202,1
167701-4-12-0.wav,0.0,0
167701-4-2-0.wav,0.0,0
167701-4-3-0.wav,0.376768,1
167701-4-4-0.wav,0.920253,1
167701-4-5-0.wav,0.0,0
167701-4-6-0.wav,0.0,0
167701-4-6-1.wav,0.0,0
167701-4-6-2.wav,1.060665,1
167701-4-6-3.wav,1.531772,1
167701-4-6-4.wav,0.985278,1
167701-4-7-0.wav,1.728122,1
167701-4-9-0.wav,0.0,0
167701-4-9-1.wav,1.355955,1
167702-4-0-0.wav,1.977371,1
167702-4-1-0.wav,0.351362,1
167702-4-2-0.wav,0.920253,1
167702-4-3-0.wav,1.09452,1
167702-4-4-0.wav,1.012118,1
167702-4-5-0.wav,1.853952,1
167702-4-6-0.wav,4.134956,1
167702-4-7-0.wav,1.382534,1
167702-4-7-1.wav,1.059689,1
167702-4-8-0.wav,0.710864,1
167702-4-9-0.wav,0.0,0
16772-8-0-0.wav,1.58809,1
167750-4-0-0.wav,0.0,0
167750-4-1-0.wav,0.0,0
167750-4-2-0.wav,0.0,0
167750-4-3-0.wav,0.0,0
168037-4-0-0.wav,1.654475,1
168037-4-1-0.wav,0.0,0
168037-4-10-0.wav,1.654475,1
168037-4-11-0.wav,0.0,0
168037-4-12-0.wav,0.0,0
168037-4-13-0.wav,0.0,0
168037-4-2-0.wav,0.0,0
168037-4-3-0.wav,1.140973,1
168037-4-4-0.wav,1.306512,1
168037-4-5-0.wav,1.308751,1
168037-4-6-0.wav,1.306512,1
168037-4-7-0.wav,1.822488,1
168037-4-8-0.wav,0.0,0
168037-4-9-0.wav,0.0,0
16860-9-0-26.wav,0.0,0
16860-9-0-28.wav,0.0,0
16860-9-0-30.wav,0.0,0
16860-9-0-45.wav,0.0,0
16860-9-0-50.wav,-1.067355,0
16860-9-0-8.wav,0.0,0
168713-9-0-32.wav,-0.358027,0
168713-9-0-33.wav,-0.368736,0
168713-9-0-38.wav,0.0,0
168713-9-0-46.wav,-0.358027,0
168713-9-0-62.wav,0.0,0
168713-9-0-82.wav,0.0,0
168846-5-0-0.wav,1.575011,1
168846-5-0-1.wav,2.459195,1
168846-5-0-2.wav,2.694749,1
168846-5-1-0.wav,0.0,0
168846-5-1-1.wav,0.0,0
168846-5-1-10.wav,0.0,0
168846-5-1-11.wav,0.0,0
168846-5-1-12.wav,0.0,0
168846-5-1-13.wav,0.0,0
168846-5-1-14.wav,0.0,0
168846-5-1-2.wav,0.0,0
168846-5-1-3.wav,0.0,0
168846-5-1-4.wav,0.0,0
168846-5-1-5.wav,0.0,0
168846-5-1-6.wav,0.0,0
168846-5-1-7.wav,0.0,0
168846-5-1-8.wav,0.0,0
168846-5-1-9.wav,0.0,0
168906-9-0-114.wav,0.0,0
168906-9-0-128.wav,0.0,0
168906-9-0-28.wav,0.0,0
168906-9-0-47.wav,-2.740245,0
168906-9-0-73.wav,0.0,0
168906-9-0-95.wav,-2.74795,0
169043-2-0-10.wav,0.0,0
169043-2-0-13.wav,0.0,0
169043-2-0-15.wav,0.0,0
169043-2-0-21.wav,0.0,0
169043-2-0-24.wav,-0.708468,0
169043-2-0-28.wav,0.0,0
169043-2-0-3.wav,0.0,0
169044-2-0-10.wav,0.0,0
169044-2-0-13.wav,0.0,0
169044-2-0-18.wav,0.0,0
169044-2-0-21.wav,1.354315,1
169044-2-0-25.wav,0.0,0
169044-2-0-3.wav,0.0,0
169044-2-0-5.wav,0.0,0
169045-2-0-0.wav,0.0,0
169045-2-0-1.wav,0.0,0
169045-2-0-14.wav,-0.702431,0
169045-2-0-16.wav,1.140911,1
169045-2-0-20.wav,1.428826,1
169045-2-0-3.wav,1.354315,1
169045-2-0-8.wav,1.354315,1
169098-7-0-0.wav,0.0,0
169098-7-0-1.wav,-0.350848,0
169098-7-0-2.wav,0.327183,1
169098-7-0-3.wav,0.0,0
169098-7-0-4.wav,0.327183,1
169098-7-0-5.wav,0.0,0
169098-7-0-6.wav,0.0,0
169098-7-0-7.wav,0.0,0
169098-7-0-8.wav,0.0,0
169098-7-0-9.wav,0.0,0
169098-7-1-0.wav,0.0,0
169098-7-2-0.wav,0.338843,1
169098-7-3-0.wav,0.0,0
169098-7-3-1.wav,0.0,0
169098-7-4-0.wav,0.0,0
169098-7-4-1.wav,0.0,0
169098-7-4-10.wav,0.0,0
169098-7-4-11.wav,0.0,0
169098-7-4-2.wav,0.0,0
169098-7-4-3.wav,0.0,0
169098-7-4-4.wav,0.0,0
169098-7-4-5.wav,0.0,0
169098-7-4-6.wav,0.0,0
169098-7-4-7.wav,0.0,0
169098-7-4-8.wav,0.0,0
169098-7-4-9.wav,0.0,0
169261-6-0-0.wav,2.429657,1
169466-4-0-12.wav,0.0,0
169466-4-0-7.wav,0.0,0
169466-4-0-8.wav,0.0,0
169466-4-1-3.wav,0.0,0
169466-4-1-5.wav,0.0,0
169466-4-1-8.wav,0.0,0
169466-4-2-17.wav,1.379616,1
169466-4-2-18.wav,1.379091,1
169466-4-2-2.wav,0.0,0
169466-4-2-21.wav,0.0,0
169466-4-2-4.wav,0.0,0
169466-4-2-6.wav,0.0,0
169466-4-2-8.wav,0.0,0
169466-4-3-1.wav,0.0,0
169466-4-3-10.wav,1.379616,1
169466-4-3-12.wav,1.425849,1
169466-4-3-14.wav,0.0,0
169466-4-3-3.wav,0.0,0
169466-4-3-7.wav,1.484587,1
169466-4-3-8.wav,1.642398,1
169466-4-3-9.wav,0.0,0
170022-0-0-0.wav,0.0,0
170022-0-0-1.wav,0.0,0
17009-2-0-0.wav,0.0,0
17009-2-0-1.wav,0.0,0
17009-2-0-10.wav,0.0,0
17009-2-0-3.wav,0.0,0
17009-2-0-4.wav,0.0,0
17009-2-0-6.wav,0.0,0
17009-2-0-9.wav,0.79254,1
170245-0-0-0.wav,0.0,0
170564-2-0-0.wav,0.381857,1
170564-2-0-3.wav,1.991322,1
170564-2-1-22.wav,0.0,0
170564-2-1-27.wav,0.0,0
170564-2-1-31.wav,0.0,0
170564-2-1-32.wav,0.0,0
170564-2-1-34.wav,0.0,0
170564-2-1-9.wav,5.108983,1
17074-1-0-0.wav,0.0,0
171165-9-0-103.wav,0.0,0
171165-9-0-15.wav,0.0,0
171165-9-0-19.wav,0.0,0
171165-9-0-54.wav,0.0,0
171165-9-0-70.wav,0.0,0
171165-9-0-84.wav,0.0,0
171184-9-0-17.wav,0.0,0
171184-9-0-18.wav,0.0,0
171184-9-0-19.wav,0.0,0
171184-9-0-23.wav,0.0,0
171184-9-0-6.wav,0.0,0
171184-9-0-7.wav,0.0,0
171243-9-0-11.wav,-1.985659,0
171243-9-0-123.wav,-2.065804,0
171243-9-0-31.wav,0.0,0
171243-9-0-49.wav,-2.065804,0
171243-9-0-81.wav,-0.799406,0
171243-9-0-85.wav,-1.985659,0
171243-9-0-91.wav,-0.358027,0
171249-1-0-0.wav,2.845756,1
171249-1-1-0.wav,-0.353062,0
171249-1-2-0.wav,0.0,0
171305-7-0-0.wav,0.0,0
171305-7-1-0.wav,0.0,0
171305-7-10-0.wav,1.425849,1
171305-7-11-0.wav,1.282731,1
171305-7-12-0.wav,0.0,0
171305-7-13-0.wav,1.160701,1
171305-7-14-0.wav,1.282731,1
171305-7-15-0.wav,0.0,0
171305-7-16-0.wav,0.0,0
171305-7-17-0.wav,0.0,0
171305-7-18-0.wav,0.0,0
171305-7-19-0.wav,0.0,0
171305-7-2-0.wav,1.172968,1
171305-7-20-0.wav,1.256069,1
171305-7-21-0.wav,1.282731,1
171305-7-22-0.wav,0.0,0
171305-7-23-0.wav,0.0,0
171305-7-24-0.wav,0.0,0
171305-7-25-0.wav,0.0,0
171305-7-26-0.wav,1.172968,1
171305-7-27-0.wav,0.0,0
171305-7-28-0.wav,0.0,0
171305-7-29-0.wav,0.0,0
171305-7-3-0.wav,1.194615,1
171305-7-4-0.wav,1.148033,1
171305-7-5-0.wav,0.0,0
171305-7-6-0.wav,0.0,0
171305-7-7-0.wav,0.0,0
171305-7-8-0.wav,0.0,0
171305-7-8-1.wav,0.0,0
171305-7-9-0.wav,1.275108,1
171388-9-0-202.wav,-2.740245,0
171388-9-0-225.wav,-2.740245,0
171388-9-0-246.wav,0.0,0
171388-9-0-253.wav,-2.740245,0
171388-9-0-43.wav,-2.065804,0
171388-9-0-88.wav,-1.985659,0
171406-9-0-124.wav,-1.958603,0
171406-9-0-183.wav,-2.065804,0
171406-9-0-23.wav,-2.065804,0
171406-9-0-57.wav,0.0,0
171406-9-0-7.wav,-1.872946,0
171406-9-0-90.wav,0.340968,1
171464-3-0-0.wav,2.263224,1
171464-3-1-0.wav,1.242371,1
171464-3-2-0.wav,2.263224,1
171478-9-0-26.wav,0.0,0
171478-9-0-28.wav,0.0,0
171478-9-0-38.wav,0.0,0
171478-9-0-4.wav,-0.477111,0
171478-9-0-55.wav,1.558398,1
171478-9-0-57.wav,-1.556342,0
171478-9-0-58.wav,-0.406472,0
172314-9-0-22.wav,0.0,0
172314-9-0-40.wav,0.0,0
172314-9-0-51.wav,-1.985659,0
172314-9-0-52.wav,0.0,0
172314-9-0-72.wav,0.0,0
172314-9-0-80.wav,-2.065804,0
172315-9-0-105.wav,0.403956,1
172315-9-0-113.wav,0.0,0
172315-9-0-203.wav,-2.740245,0
172315-9-0-211.wav,0.0,0
172315-9-0-212.wav,0.0,0
172315-9-0-224.wav,-2.065804,0
172338-9-0-1.wav,0.0,0
172338-9-0-20.wav,0.0,0
172338-9-0-21.wav,0.0,0
172338-9-0-39.wav,0.0,0
172338-9-0-6.wav,0.0,0
172338-9-0-7.wav,0.0,0
172460-9-0-100.wav,0.0,0
172460-9-0-101.wav,0.0,0
172460-9-0-24.wav,0.0,0
172460-9-0-31.wav,-0.363092,0
172460-9-0-91.wav,-0.711764,0
172460-9-0-94.wav,0.0,0
172519-9-0-10.wav,-2.740245,0
172519-9-0-13.wav,0.0,0
172519-9-0-49.wav,-2.740245,0
172519-9-0-53.wav,0.0,0
172519-9-0-67.wav,0.0,0
172519-9-0-8.wav,0.0,0
172593-2-0-10.wav,0.0,0
172593-2-0-13.wav,0.0,0
172593-2-0-14.wav,0.0,0
172593-2-0-18.wav,0.0,0
172593-2-0-22.wav,0.0,0
172593-2-0-27.wav,-1.067355,0
172593-2-0-28.wav,-1.067355,0
172593-2-0-29.wav,-1.067355,0
173891-9-0-1.wav,0.0,0
173891-9-0-10.wav,0.0,0
173891-9-0-11.wav,0.0,0
173891-9-0-17.wav,0.0,0
173891-9-0-2.wav,0.0,0
173891-9-0-7.wav,0.0,0
173993-3-0-25.wav,2.239573,1
173993-3-0-39.wav,2.38109,1
173993-3-0-51.wav,2.38109,1
173993-3-0-52.wav,2.38109,1
173994-3-0-14.wav,2.129667,1
173994-3-0-3.wav,2.38109,1
173994-3-0-44.wav,2.385056,1
173994-3-0-45.wav,2.385056,1
173995-3-0-0.wav,2.38109,1
173995-3-0-11.wav,2.38109,1
173995-3-0-27.wav,2.38109,1
173995-3-0-3.wav,2.129667,1
174026-3-1-0.wav,0.0,0
174026-3-1-1.wav,0.0,0
174026-3-1-5.wav,0.0,0
174026-3-2-2.wav,0.0,0
174032-2-0-1.wav,0.0,0
174032-2-0-11.wav,-1.067355,0
174032-2-0-17.wav,1.161435,1
174032-2-0-18.wav,0.0,0
174032-2-0-22.wav,0.0,0
174032-2-0-26.wav,2.647029,1
174032-2-0-4.wav,1.867866,1
174276-7-0-0.wav,0.0,0
174276-7-1-0.wav,0.0,0
174276-7-2-0.wav,0.0,0
174276-7-3-0.wav,0.0,0
174276-7-4-0.wav,0.0,0
174276-7-5-0.wav,0.0,0
174276-7-6-0.wav,0.0,0
174282-6-1-0.wav,0.991143,1
174284-6-0-0.wav,0.0,0
174284-6-1-0.wav,4.569901,1
174284-6-2-0.wav,4.568247,1
174285-6-0-0.wav,1.087107,1
174285-6-1-0.wav,2.132444,1
174285-6-2-0.wav,4.568247,1
174287-6-0-0.wav,1.350706,1
174287-6-1-0.wav,2.621072,1
174287-6-2-0.wav,2.621072,1
174287-6-3-0.wav,2.621072,1
174289-6-0-0.wav,2.621072,1
174289-6-1-0.wav,2.621072,1
174289-6-2-0.wav,2.621072,1
174289-6-3-0.wav,2.621072,1
174290-6-0-0.wav,1.877266,1
174290-6-2-0.wav,1.877266,1
174290-6-3-0.wav,1.674572,1
174292-6-0-0.wav,2.134784,1
174292-6-1-0.wav,1.905161,1
174292-6-2-0.wav,1.905161,1
174293-6-0-0.wav,2.134784,1
174293-6-1-0.wav,1.582109,1
174293-6-2-0.wav,1.905161,1
174294-6-0-0.wav,1.877266,1
174294-6-1-0.wav,2.713241,1
174294-6-2-0.wav,2.713241,1
174786-2-0-18.wav,0.0,0
174786-2-0-19.wav,0.0,0
174786-2-0-27.wav,0.0,0
174786-2-0-30.wav,1.157367,1
174786-2-0-39.wav,0.0,0
174786-2-0-60.wav,0.0,0
174786-2-0-75.wav,0.0,0
174786-2-0-89.wav,0.0,0
17480-2-0-11.wav,0.0,0
17480-2-0-24.wav,0.381857,1
17480-2-0-25.wav,0.0,0
17480-2-0-30.wav,0.0,0
17480-2-0-35.wav,0.0,0
17480-2-0-5.wav,0.0,0
17480-2-0-6.wav,0.0,0
17480-2-0-9.wav,0.0,0
174841-1-0-0.wav,0.0,0
17486-3-0-0.wav,1.055417,1
17486-3-1-0.wav,1.119974,1
17486-3-2-0.wav,0.960148,1
174873-3-5-1.wav,1.014199,1
174873-3-5-10.wav,0.985849,1
174873-3-5-12.wav,1.043963,1
174873-3-5-13.wav,1.043963,1
174906-2-0-10.wav,-1.067355,0
174906-2-0-11.wav,-1.067355,0
174906-2-0-14.wav,0.419671,1
174906-2-0-18.wav,0.0,0
174906-2-0-20.wav,0.0,0
174906-2-0-21.wav,1.336878,1
174906-2-0-6.wav,0.0,0
174906-2-0-8.wav,-1.097122,0
174994-3-0-0.wav,0.847167,1
174994-3-0-1.wav,1.043963,1
174994-3-0-2.wav,0.914209,1
174994-3-0-4.wav,0.818955,1
175296-2-0-123.wav,1.410126,1
175296-2-0-128.wav,0.0,0
175296-2-0-140.wav,-0.787823,0
175296-2-0-212.wav,-1.067355,0
175296-2-0-3.wav,0.0,0
175296-2-0-54.wav,-1.067355,0
175296-2-0-76.wav,-1.067355,0
175296-2-0-86.wav,-0.787823,0
17578-5-0-0.wav,0.0,0
17578-5-0-1.wav,0.0,0
17578-5-0-10.wav,0.0,0
17578-5-0-11.wav,0.0,0
17578-5-0-12.wav,0.0,0
17578-5-0-14.wav,0.0,0
17578-5-0-15.wav,0.0,0
17578-5-0-16.wav,0.0,0
17578-5-0-18.wav,0.0,0
17578-5-0-2.wav,0.0,0
17578-5-0-21.wav,0.0,0
17578-5-0-22.wav,0.0,0
17578-5-0-23.wav,0.0,0
17578-5-0-24.wav,0.0,0
17578-5-0-25.wav,0.0,0
17578-5-0-26.wav,0.0,0
17578-5-0-27.wav,0.0,0
17578-5-0-28.wav,0.0,0
17578-5-0-29.wav,0.0,0
17578-5-0-3.wav,0.0,0
17578-5-0-30.wav,0.0,0
17578-5-0-31.wav,0.0,0
17578-5-0-32.wav,0.0,0
17578-5-0-33.wav,0.0,0
17578-5-0-34.wav,0.0,0
17578-5-0-35.wav,0.0,0
17578-5-0-4.wav,0.0,0
17578-5-0-5.wav,0.0,0
17578-5-0-6.wav,0.0,0
17578-5-0-7.wav,0.0,0
17578-5-0-8.wav,0.0,0
17578-5-0-9.wav,0.0,0
175842-1-0-0.wav,5.464984,1
175843-1-0-0.wav,5.108444,1
175844-1-0-0.wav,2.792266,1
175847-1-0-0.wav,2.793311,1
175848-1-0-0.wav,2.698645,1
175849-1-0-0.wav,2.689394,1
175850-1-0-0.wav,0.985278,1
175851-1-0-0.wav,0.0,0
175852-1-0-0.wav,2.473926,1
175853-1-0-0.wav,0.884759,1
175854-1-0-0.wav,2.841542,1
175904-2-0-11.wav,0.0,0
175904-2-0-12.wav,0.0,0
175904-2-0-124.wav,0.0,0
175904-2-0-24.wav,0.0,0
175904-2-0-41.wav,-0.787823,0
175904-2-0-64.wav,0.0,0
175904-2-0-76.wav,0.0,0
175904-2-0-98.wav,-1.067355,0
175915-3-0-0.wav,1.022261,1
175915-3-0-1.wav,1.049102,1
175915-3-0-3.wav,2.29843,1
175915-3-1-8.wav,1.049102,1
175917-3-0-3.wav,2.29843,1
175917-3-1-1.wav,1.00206,1
175917-3-2-2.wav,2.129667,1
175917-3-4-1.wav,2.29843,1
17592-5-0-0.wav,0.0,0
17592-5-1-0.wav,0.0,0
17592-5-1-1.wav,0.0,0
17592-5-1-2.wav,0.0,0
17592-5-1-3.wav,0.0,0
176003-1-0-0.wav,2.836312,1
17615-3-0-0.wav,2.374917,1
17615-3-0-3.wav,0.947721,1
17615-3-0-4.wav,0.0,0
17615-3-0-6.wav,6.651881,1
176257-3-0-0.wav,0.905998,1
176258-3-1-12.wav,1.039696,1
176258-3-1-13.wav,1.014536,1
176258-3-1-18.wav,0.86767,1
176258-3-1-2.wav,0.86767,1
176634-1-0-0.wav,2.74399,1
176638-5-0-0.wav,0.0,0
176638-5-0-1.wav,2.613814,1
176638-5-0-2.wav,1.214876,1
176714-2-0-18.wav,0.0,0
176714-2-0-23.wav,0.0,0
176714-2-0-26.wav,0.0,0
176714-2-0-33.wav,0.0,0
176714-2-0-40.wav,-1.067355,0
176714-2-0-51.wav,0.0,0
176714-2-0-55.wav,0.0,0
176714-2-0-77.wav,0.0,0
176783-3-0-11.wav,0.979165,1
176783-3-0-3.wav,1.052548,1
176783-3-0-5.wav,1.003225,1
176783-3-1-0.wav,1.014536,1
176787-5-0-0.wav,0.0,0
176787-5-0-1.wav,0.0,0
176787-5-0-10.wav,0.0,0
176787-5-0-11.wav,0.729705,1
176787-5-0-12.wav,0.0,0
176787-5-0-13.wav,0.0,0
176787-5-0-14.wav,0.0,0
176787-5-0-15.wav,0.729705,1
176787-5-0-16.wav,0.0,0
176787-5-0-17.wav,0.0,0
176787-5-0-18.wav,0.729705,1
176787-5-0-19.wav,0.0,0
176787-5-0-2.wav,0.0,0
176787-5-0-20.wav,0.0,0
176787-5-0-21.wav,0.0,0
176787-5-0-22.wav,0.0,0
176787-5-0-23.wav,0.0,0
176787-5-0-24.wav,0.0,0
176787-5-0-25.wav,0.0,0
176787-5-0-26.wav,0.0,0
176787-5-0-27.wav,0.0,0
176787-5-0-28.wav,0.0,0
176787-5-0-29.wav,0.0,0
176787-5-0-3.wav,0.729705,1
176787-5-0-30.wav,0.0,0
176787-5-0-4.wav,0.0,0
176787-5-0-5.wav,0.0,0
176787-5-0-6.wav,0.0,0
176787-5-0-7.wav,0.884547,1
176787-5-0-8.wav,0.0,0
176787-5-0-9.wav,0.0,0
177537-7-0-0.wav,0.0,0
177537-7-0-1.wav,0.0,0
177537-7-0-10.wav,0.0,0
177537-7-0-11.wav,0.0,0
177537-7-0-12.wav,0.0,0
177537-7-0-13.wav,0.0,0
177537-7-0-14.wav,0.0,0
177537-7-0-15.wav,0.0,0
177537-7-0-16.wav,0.0,0
177537-7-0-17.wav,0.0,0
177537-7-0-18.wav,0.0,0
177537-7-0-19.wav,0.0,0
177537-7-0-2.wav,0.0,0
177537-7-0-20.wav,0.0,0
177537-7-0-21.wav,0.0,0
177537-7-0-22.wav,0.0,0
177537-7-0-23.wav,0.0,0
177537-7-0-24.wav,1.295673,1
177537-7-0-25.wav,0.0,0
177537-7-0-26.wav,0.338843,1
177537-7-0-27.wav,0.338843,1
177537-7-0-28.wav,0.0,0
177537-7-0-29.wav,0.0,0
177537-7-0-3.wav,0.0,0
177537-7-0-30.wav,0.0,0
177537-7-0-31.wav,0.0,0
177537-7-0-4.wav,0.0,0
177537-7-0-5.wav,0.0,0
177537-7-0-6.wav,0.0,0
177537-7-0-7.wav,0.0,0
177537-7-0-8.wav,-0.350848,0
177537-7-0-9.wav,0.0,0
177537-7-1-0.wav,0.0,0
177537-7-1-1.wav,0.0,0
177537-7-1-10.wav,0.0,0
177537-7-1-2.wav,0.0,0
177537-7-1-3.wav,0.0,0
177537-7-1-4.wav,0.0,0
177537-7-1-5.wav,0.0,0
177537-7-1-6.wav,0.0,0
177537-7-1-7.wav,0.0,0
177537-7-1-8.wav,0.0,0
177537-7-1-9.wav,0.0,0
177537-7-2-0.wav,0.0,0
177537-7-2-1.wav,-0.350848,0
177592-5-0-0.wav,0.0,0
177592-5-0-1.wav,0.0,0
177592-5-0-10.wav,0.0,0
177592-5-0-2.wav,0.0,0
177592-5-0-3.wav,-0.756319,0
177592-5-0-4.wav,-1.058556,0
177592-5-0-5.wav,0.0,0
177592-5-0-6.wav,0.0,0
177592-5-0-7.wav,0.340968,1
177592-5-0-8.wav,0.419671,1
177592-5-0-9.wav,0.419671,1
177620-3-0-20.wav,0.0,0
177620-3-0-21.wav,0.0,0
177620-3-0-25.wav,0.0,0
177620-3-0-8.wav,0.0,0
177621-0-0-0.wav,0.0,0
177621-0-0-100.wav,0.0,0
177621-0-0-104.wav,0.0,0
177621-0-0-105.wav,0.762652,1
177621-0-0-109.wav,0.0,0
177621-0-0-117.wav,0.0,0
177621-0-0-120.wav,0.0,0
177621-0-0-126.wav,0.0,0
177621-0-0-127.wav,0.0,0
177621-0-0-128.wav,0.0,0
177621-0-0-145.wav,0.0,0
177621-0-0-147.wav,0.0,0
177621-0-0-2.wav,0.0,0
177621-0-0-27.wav,0.0,0
177621-0-0-31.wav,0.0,0
177621-0-0-35.wav,0.0,0
177621-0-0-46.wav,0.0,0
177621-0-0-47.wav,0.0,0
177621-0-0-48.wav,0.0,0
177621-0-0-54.wav,0.0,0
177621-0-0-57.wav,0.0,0
177621-0-0-80.wav,0.0,0
177621-0-0-88.wav,0.0,0
177621-0-0-91.wav,0.0,0
177621-0-0-93.wav,0.762652,1
177726-0-0-1.wav,-2.358484,0
177726-0-0-10.wav,0.0,0
177726-0-0-11.wav,0.0,0
177726-0-0-12.wav,0.0,0
177726-0-0-13.wav,0.0,0
177726-0-0-14.wav,0.0,0
177726-0-0-15.wav,0.0,0
177726-0-0-17.wav,0.0,0
177726-0-0-18.wav,0.0,0
177726-0-0-19.wav,0.0,0
177726-0-0-2.wav,-1.516891,0
177726-0-0-21.wav,0.0,0
177726-0-0-22.wav,0.0,0
177726-0-0-23.wav,0.0,0
177726-0-0-25.wav,0.0,0
177726-0-0-26.wav,0.0,0
177726-0-0-27.wav,0.0,0
177726-0-0-28.wav,0.0,0
177726-0-0-29.wav,0.0,0
177726-0-0-3.wav,0.0,0
177726-0-0-30.wav,0.0,0
177726-0-0-31.wav,0.0,0
177726-0-0-32.wav,0.0,0
177726-0-0-33.wav,0.0,0
177726-0-0-34.wav,0.0,0
177726-0-0-36.wav,0.0,0
177726-0-0-37.wav,0.0,0
177726-0-0-5.wav,0.0,0
177726-0-0-6.wav,0.0,0
177726-0-0-7.wav,0.0,0
177726-0-0-8.wav,0.0,0
177726-0-0-9.wav,0.0,0
177729-0-0-1.wav,0.0,0
177729-0-0-106.wav,0.0,0
177729-0-0-108.wav,0.0,0
177729-0-0-111.wav,0.0,0
177729-0-0-120.wav,0.0,0
177729-0-0-128.wav,0.0,0
177729-0-0-20.wav,0.0,0
177729-0-0-22.wav,0.0,0
177729-0-0-27.wav,0.0,0
177729-0-0-28.wav,0.0,0
177729-0-0-3.wav,0.0,0
177729-0-0-38.wav,2.212528,1
177729-0-0-40.wav,0.0,0
177729-0-0-42.wav,0.0,0
177729-0-0-50.wav,0.0,0
177729-0-0-51.wav,0.0,0
177729-0-0-53.wav,0.0,0
177729-0-0-58.wav,0.0,0
177729-0-0-63.wav,0.0,0
177729-0-0-67.wav,0.0,0
177729-0-0-68.wav,0.0,0
177729-0-0-69.wav,0.0,0
177729-0-0-73.wav,0.0,0
177729-0-0-74.wav,0.0,0
177729-0-0-80.wav,0.0,0
177729-0-0-82.wav,0.0,0
177729-0-0-83.wav,0.0,0
177729-0-0-89.wav,0.0,0
177729-0-0-91.wav,0.0,0
177729-0-0-97.wav,0.0,0
177729-0-0-98.wav,0.0,0
177742-0-0-10.wav,0.0,0
177742-0-0-102.wav,0.0,0
177742-0-0-111.wav,0.0,0
177742-0-0-149.wav,0.0,0
177742-0-0-161.wav,0.0,0
177742-0-0-164.wav,0.0,0
177742-0-0-165.wav,0.0,0
177742-0-0-17.wav,0.0,0
177742-0-0-178.wav,0.0,0
177742-0-0-196.wav,0.0,0
177742-0-0-202.wav,0.0,0
177742-0-0-203.wav,0.0,0
177742-0-0-204.wav,0.0,0
177742-0-0-205.wav,0.0,0
177742-0-0-211.wav,0.0,0
177742-0-0-214.wav,0.0,0
177742-0-0-3.wav,0.0,0
177742-0-0-36.wav,0.0,0
177742-0-0-49.wav,0.0,0
177742-0-0-58.wav,0.0,0
177742-0-0-67.wav,0.0,0
177742-0-0-73.wav,0.0,0
177742-0-0-84.wav,0.0,0
177742-0-0-99.wav,0.0,0
177756-2-0-10.wav,1.699617,1
177756-2-0-12.wav,0.0,0
177756-2-0-16.wav,0.0,0
177756-2-0-17.wav,0.0,0
177756-2-0-19.wav,0.0,0
177756-2-0-4.wav,1.435674,1
177756-2-0-5.wav,0.46655,1
177756-2-0-7.wav,0.0,0
178099-9-0-0.wav,0.0,0
178099-9-0-1.wav,0.0,0
178099-9-0-10.wav,0.0,0
178099-9-0-12.wav,0.0,0
178099-9-0-6.wav,0.0,0
178099-9-0-7.wav,0.0,0
17810-3-0-0.wav,2.365641,1
17810-3-1-0.wav,2.263224,1
178115-1-0-0.wav,2.92464,1
178118-3-0-0.wav,4.620947,1
178118-3-1-0.wav,2.374917,1
178118-3-2-0.wav,2.374917,1
178260-7-0-0.wav,0.0,0
178260-7-1-0.wav,0.0,0
178260-7-1-1.wav,0.0,0
178260-7-1-10.wav,1.172968,1
178260-7-1-2.wav,0.0,0
178260-7-1-3.wav,0.0,0
178260-7-1-4.wav,0.0,0
178260-7-1-5.wav,0.0,0
178260-7-1-6.wav,0.0,0
178260-7-1-7.wav,0.0,0
178260-7-1-8.wav,0.0,0
178260-7-1-9.wav,0.0,0
178260-7-2-0.wav,1.237298,1
178260-7-2-1.wav,0.0,0
178260-7-2-2.wav,1.237298,1
178260-7-3-0.wav,0.0,0
178260-7-3-1.wav,0.0,0
178260-7-3-10.wav,0.0,0
178260-7-3-11.wav,1.172968,1
178260-7-3-12.wav,0.0,0
178260-7-3-2.wav,1.243709,1
178260-7-3-3.wav,0.0,0
178260-7-3-4.wav,0.0,0
178260-7-3-5.wav,0.0,0
178260-7-3-6.wav,0.0,0
178260-7-3-7.wav,0.0,0
178260-7-3-8.wav,0.0,0
178260-7-3-9.wav,0.0,0
178260-7-4-0.wav,0.0,0
178260-7-4-1.wav,1.172968,1
178260-7-5-0.wav,0.0,0
178260-7-6-0.wav,1.237298,1
178260-7-7-0.wav,1.160701,1
178261-7-0-0.wav,1.160701,1
178261-7-1-0.wav,1.172968,1
178261-7-2-0.wav,0.0,0
178261-7-3-0.wav,1.172968,1
178261-7-3-1.wav,0.0,0
178261-7-3-2.wav,0.0,0
178261-7-3-3.wav,0.0,0
178261-7-3-4.wav,0.0,0
178261-7-3-5.wav,1.172968,1
178261-7-3-6.wav,1.158695,1
178497-3-0-1.wav,0.86767,1
178497-3-0-3.wav,0.867072,1
178497-3-0-4.wav,0.839944,1
178497-3-0-6.wav,1.242371,1
178520-2-0-11.wav,0.0,0
178520-2-0-23.wav,-1.067355,0
178520-2-0-27.wav,1.287527,1
178520-2-0-28.wav,1.225661,1
178520-2-0-29.wav,0.0,0
178520-2-0-38.wav,1.253777,1
178520-2-0-39.wav,-1.067355,0
178520-2-0-42.wav,1.225661,1
178521-2-0-18.wav,-1.067355,0
178521-2-0-2.wav,-1.067355,0
178521-2-0-22.wav,-1.067355,0
178521-2-0-69.wav,1.415587,1
178521-2-0-7.wav,2.227926,1
178521-2-0-70.wav,1.415587,1
178521-2-0-86.wav,-1.067355,0
178521-2-0-93.wav,-1.067355,0
17853-5-0-0.wav,0.0,0
17853-5-0-1.wav,0.0,0
17853-5-0-10.wav,0.0,0
17853-5-0-11.wav,0.0,0
17853-5-0-12.wav,0.0,0
17853-5-0-13.wav,2.423812,1
17853-5-0-14.wav,2.423812,1
17853-5-0-15.wav,1.139407,1
17853-5-0-2.wav,0.0,0
17853-5-0-3.wav,0.0,0
17853-5-0-4.wav,0.0,0
17853-5-0-5.wav,0.0,0
17853-5-0-6.wav,0.0,0
17853-5-0-7.wav,0.0,0
17853-5-0-8.wav,0.0,0
17853-5-0-9.wav,0.0,0
178686-0-0-1.wav,0.0,0
178686-0-0-11.wav,0.0,0
178686-0-0-12.wav,0.392687,1
178686-0-0-14.wav,0.401447,1
178686-0-0-15.wav,0.0,0
178686-0-0-16.wav,0.712189,1
178686-0-0-17.wav,0.712189,1
178686-0-0-18.wav,0.416742,1
178686-0-0-19.wav,0.0,0
178686-0-0-2.wav,0.349493,1
178686-0-0-21.wav,0.0,0
178686-0-0-23.wav,0.0,0
178686-0-0-3.wav,1.702101,1
178686-0-0-31.wav,0.0,0
178686-0-0-33.wav,0.0,0
178686-0-0-34.wav,0.0,0
178686-0-0-38.wav,0.0,0
178686-0-0-39.wav,0.0,0
178686-0-0-42.wav,0.0,0
178686-0-0-43.wav,0.0,0
178686-0-0-44.wav,0.0,0
178686-0-0-45.wav,0.0,0
178686-0-0-46.wav,0.0,0
178686-0-0-53.wav,0.0,0
178686-0-0-55.wav,0.0,0
178686-0-0-57.wav,0.0,0
178686-0-0-6.wav,0.0,0
178686-0-0-60.wav,0.0,0
178686-0-0-63.wav,0.401447,1
178686-0-0-64.wav,0.0,0
178686-0-0-65.wav,0.420678,1
178686-0-0-66.wav,0.0,0
178686-0-0-67.wav,0.0,0
178686-0-0-68.wav,0.402713,1
178686-0-0-7.wav,0.0,0
178686-0-0-72.wav,0.0,0
178686-0-0-8.wav,0.436272,1
178686-0-0-9.wav,0.0,0
178825-2-0-4.wav,-1.067355,0
178825-2-0-53.wav,-1.067355,0
178825-2-0-62.wav,0.0,0
178825-2-0-70.wav,0.0,0
178825-2-0-74.wav,1.324508,1
178825-2-0-9.wav,0.0,0
178825-2-0-95.wav,1.354315,1
178826-2-0-10.wav,-1.067355,0
178826-2-0-12.wav,1.253777,1
178826-2-0-14.wav,0.0,0
178826-2-0-16.wav,1.169168,1
178826-2-0-17.wav,1.253777,1
178826-2-0-20.wav,0.0,0
178826-2-0-28.wav,-1.067355,0
178826-2-0-39.wav,0.0,0
179039-9-0-22.wav,-2.065804,0
179039-9-0-23.wav,-2.065804,0
179039-9-0-30.wav,-2.065804,0
179039-9-0-38.wav,-2.740245,0
179039-9-0-4.wav,-2.065804,0
179039-9-0-40.wav,-2.740245,0
179096-3-0-1.wav,2.467756,1
179096-3-0-10.wav,1.052548,1
179096-3-0-5.wav,0.918175,1
179096-3-0-9.wav,0.949437,1
17913-4-0-0.wav,0.0,0
17913-4-0-1.wav,0.0,0
17913-4-0-2.wav,0.0,0
17913-4-1-0.wav,2.952681,1
17913-4-2-0.wav,0.0,0
179212-4-0-0.wav,0.0,0
179386-3-0-0.wav,2.129667,1
179386-3-0-1.wav,2.020279,1
179386-3-0-2.wav,1.161187,1
179386-3-0-3.wav,2.374917,1
179725-4-0-0.wav,0.0,0
17973-2-0-17.wav,1.354315,1
17973-2-0-21.wav,1.354315,1
17973-2-0-22.wav,0.0,0
17973-2-0-29.wav,0.0,0
17973-2-0-31.wav,1.354315,1
17973-2-0-32.wav,1.354315,1
17973-2-0-8.wav,1.468821,1
17973-2-0-9.wav,0.0,0
179858-1-0-0.wav,1.060002,1
179861-1-0-0.wav,2.674997,1
179862-1-0-0.wav,3.672852,1
179864-1-0-0.wav,3.751222,1
179867-1-0-0.wav,2.590247,1
180029-4-1-0.wav,0.0,0
180029-4-10-0.wav,1.902861,1
180029-4-11-0.wav,1.492277,1
180029-4-12-0.wav,0.0,0
180029-4-13-0.wav,0.0,0
180029-4-14-0.wav,1.681322,1
180029-4-15-0.wav,0.0,0
180029-4-16-0.wav,1.190875,1
180029-4-19-0.wav,1.425849,1
180029-4-2-0.wav,0.0,0
180029-4-20-0.wav,1.235048,1
180029-4-4-0.wav,0.710864,1
180029-4-5-0.wav,4.071599,1
180029-4-6-0.wav,1.391586,1
180029-4-7-0.wav,0.0,0
180029-4-8-0.wav,0.0,0
180029-4-9-0.wav,1.23048,1
180052-3-0-0.wav,1.014536,1
180052-3-0-1.wav,1.052548,1
180052-3-0-3.wav,1.014536,1
180052-3-0-4.wav,2.356305,1
180057-9-0-11.wav,0.365387,1
180057-9-0-20.wav,0.0,0
180057-9-0-34.wav,-1.496113,0
180057-9-0-36.wav,0.0,0
180057-9-0-5.wav,0.0,0
180057-9-0-7.wav,0.0,0
180125-4-0-16.wav,0.0,0
180125-4-0-17.wav,0.0,0
180125-4-1-3.wav,0.0,0
180125-4-1-5.wav,0.0,0
180125-4-1-7.wav,0.0,0
180125-4-1-8.wav,0.0,0
180125-4-2-1.wav,0.0,0
180125-4-2-13.wav,0.0,0
180125-4-2-14.wav,0.0,0
180125-4-2-15.wav,0.0,0
180125-4-2-17.wav,0.0,0
180125-4-3-0.wav,1.297528,1
180125-4-3-1.wav,1.348649,1
180125-4-3-10.wav,0.0,0
180125-4-3-2.wav,0.0,0
180125-4-3-22.wav,0.0,0
180125-4-3-24.wav,0.0,0
180125-4-3-4.wav,0.0,0
180126-4-0-0.wav,0.0,0
180126-4-1-0.wav,0.0,0
180126-4-1-1.wav,0.0,0
180126-4-1-2.wav,0.0,0
180126-4-2-0.wav,0.0,0
180126-4-3-0.wav,0.0,0
180126-4-4-0.wav,0.0,0
180126-4-4-1.wav,0.0,0
180126-4-4-2.wav,1.379616,1
180127-4-0-0.wav,0.0,0
180127-4-0-1.wav,1.868677,1
180127-4-0-10.wav,0.0,0
180127-4-0-11.wav,0.0,0
180127-4-0-12.wav,0.0,0
180127-4-0-13.wav,0.0,0
180127-4-0-14.wav,0.0,0
180127-4-0-15.wav,0.0,0
180127-4-0-16.wav,0.0,0
180127-4-0-17.wav,0.0,0
180127-4-0-18.wav,0.0,0
180127-4-0-19.wav,0.0,0
180127-4-0-2.wav,1.948182,1
180127-4-0-20.wav,0.0,0
180127-4-0-21.wav,0.0,0
180127-4-0-3.wav,0.0,0
180127-4-0-4.wav,0.0,0
180127-4-0-5.wav,0.0,0
180127-4-0-6.wav,0.0,0
180127-4-0-7.wav,0.0,0
180127-4-0-8.wav,0.0,0
180127-4-0-9.wav,0.0,0
180128-4-0-0.wav,0.0,0
180128-4-11-0.wav,0.0,0
180128-4-11-1.wav,1.631769,1
180128-4-12-0.wav,1.425849,1
180128-4-13-0.wav,9.787966,1
180128-4-14-0.wav,0.0,0
180128-4-16-1.wav,0.0,0
180128-4-17-0.wav,0.0,0
180128-4-4-0.wav,1.975106,1
180128-4-5-0.wav,0.0,0
180128-4-6-0.wav,0.0,0
180128-4-6-1.wav,0.0,0
180128-4-6-2.wav,0.0,0
180128-4-7-0.wav,1.892229,1
180128-4-7-2.wav,6.770657,1
180128-4-7-3.wav,1.879328,1
180128-4-7-4.wav,1.892229,1
180128-4-7-5.wav,0.0,0
180128-4-9-0.wav,1.631769,1
180132-4-0-0.wav,0.0,0
180132-4-1-0.wav,0.0,0
180132-4-2-0.wav,1.310181,1
180132-4-3-0.wav,1.416124,1
180134-4-1-3.wav,0.0,0
180134-4-1-7.wav,0.0,0
180134-4-1-8.wav,0.0,0
180134-4-1-9.wav,0.0,0
180134-4-2-0.wav,1.310181,1
180134-4-2-1.wav,0.0,0
180134-4-2-11.wav,0.0,0
180134-4-2-13.wav,1.306512,1
180134-4-2-15.wav,0.0,0
180134-4-2-16.wav,0.0,0
180134-4-2-17.wav,0.0,0
180134-4-2-19.wav,0.0,0
180134-4-2-3.wav,0.0,0
180134-4-2-4.wav,0.0,0
180134-4-2-5.wav,0.0,0
180134-4-2-6.wav,0.0,0
180134-4-2-9.wav,0.0,0
180257-3-0-1.wav,1.060171,1
180257-3-0-3.wav,0.907006,1
180257-3-0-4.wav,0.907006,1
180257-3-0-5.wav,0.907006,1
180937-4-0-11.wav,0.0,0
180937-4-0-13.wav,0.0,0
180937-4-0-14.wav,0.0,0
180937-4-0-19.wav,0.0,0
180937-4-0-20.wav,1.425849,1
180937-4-1-12.wav,0.0,0
180937-4-1-20.wav,0.0,0
180937-4-1-27.wav,0.0,0
180937-4-1-30.wav,0.0,0
180937-4-1-46.wav,0.0,0
180937-4-1-47.wav,0.0,0
180937-4-1-54.wav,0.0,0
180937-4-2-1.wav,0.0,0
180937-4-2-2.wav,0.0,0
180937-4-3-12.wav,0.0,0
180937-4-3-9.wav,0.0,0
180937-7-0-0.wav,0.0,0
180937-7-0-1.wav,0.0,0
180937-7-0-2.wav,0.0,0
180937-7-0-4.wav,0.0,0
180937-7-0-5.wav,0.0,0
180937-7-0-6.wav,0.0,0
180937-7-1-0.wav,0.0,0
180937-7-1-1.wav,0.0,0
180937-7-1-10.wav,1.593648,1
180937-7-1-11.wav,0.0,0
180937-7-1-12.wav,0.0,0
180937-7-1-13.wav,0.0,0
180937-7-1-14.wav,0.0,0
180937-7-1-15.wav,0.0,0
180937-7-1-2.wav,0.0,0
180937-7-1-3.wav,0.0,0
180937-7-1-4.wav,0.0,0
180937-7-1-5.wav,1.243709,1
180937-7-1-6.wav,0.0,0
180937-7-1-7.wav,0.0,0
180937-7-1-8.wav,0.0,0
180937-7-1-9.wav,0.0,0
180937-7-2-0.wav,0.0,0
180937-7-2-1.wav,0.0,0
180937-7-2-10.wav,0.0,0
180937-7-2-2.wav,0.0,0
180937-7-2-3.wav,0.0,0
180937-7-2-4.wav,0.0,0
180937-7-2-5.wav,0.0,0
180937-7-2-6.wav,0.0,0
180937-7-2-7.wav,0.0,0
180937-7-2-8.wav,0.0,0
180937-7-2-9.wav,0.0,0
180937-7-3-0.wav,0.0,0
180937-7-3-1.wav,0.0,0
180937-7-3-10.wav,0.0,0
180937-7-3-11.wav,0.0,0
180937-7-3-12.wav,0.0,0
180937-7-3-13.wav,0.0,0
180937-7-3-14.wav,0.0,0
180937-7-3-15.wav,0.0,0
180937-7-3-17.wav,0.0,0
180937-7-3-18.wav,0.0,0
180937-7-3-19.wav,0.0,0
180937-7-3-2.wav,0.0,0
180937-7-3-20.wav,0.0,0
180937-7-3-21.wav,0.0,0
180937-7-3-22.wav,0.0,0
180937-7-3-23.wav,0.0,0
180937-7-3-24.wav,0.0,0
180937-7-3-26.wav,0.0,0
180937-7-3-27.wav,0.0,0
180937-7-3-28.wav,0.0,0
180937-7-3-29.wav,0.0,0
180937-7-3-3.wav,0.0,0
180937-7-3-30.wav,0.0,0
180937-7-3-31.wav,0.0,0
180937-7-3-32.wav,0.0,0
180937-7-3-33.wav,0.0,0
180937-7-3-4.wav,0.0,0
180937-7-3-5.wav,0.0,0
180937-7-3-6.wav,0.0,0
180937-7-3-7.wav,0.0,0
180937-7-3-8.wav,0.0,0
180937-7-3-9.wav,0.0,0
180937-7-4-0.wav,0.0,0
180937-7-4-10.wav,0.0,0
180937-7-4-11.wav,0.0,0
180937-7-4-12.wav,0.0,0
180937-7-4-13.wav,0.0,0
180937-7-4-14.wav,0.0,0
180937-7-4-2.wav,0.0,0
180937-7-4-3.wav,0.0,0
180937-7-4-4.wav,0.0,0
180937-7-4-5.wav,0.0,0
180937-7-4-6.wav,0.0,0
180937-7-4-7.wav,0.0,0
180937-7-4-8.wav,0.0,0
180937-7-4-9.wav,0.0,0
180960-6-0-0.wav,2.028278,1
181102-9-0-111.wav,-1.493648,0
181102-9-0-117.wav,0.406606,1
181102-9-0-23.wav,0.0,0
181102-9-0-26.wav,0.38509,1
181102-9-0-50.wav,0.0,0
181102-9-0-97.wav,0.0,0
181624-4-0-0.wav,0.0,0
181624-4-1-0.wav,0.0,0
181624-4-10-0.wav,0.0,0
181624-4-2-0.wav,0.0,0
181624-4-3-0.wav,0.0,0
181624-4-4-0.wav,0.0,0
181624-4-5-0.wav,0.0,0
181624-4-6-0.wav,0.0,0
181624-4-7-0.wav,1.446477,1
181624-4-8-0.wav,1.490608,1
181624-4-9-0.wav,1.306512,1
181725-3-0-16.wav,0.879459,1
181725-3-0-22.wav,1.031016,1
181725-3-0-37.wav,1.004191,1
182103-9-0-0.wav,0.0,0
182103-9-0-22.wav,-0.353062,0
182103-9-0-26.wav,0.0,0
182103-9-0-47.wav,0.414614,1
182103-9-0-53.wav,0.0,0
182103-9-0-8.wav,0.0,0
182474-1-0-0.wav,2.466402,1
182739-2-0-13.wav,0.870787,1
182739-2-0-17.wav,0.0,0
182739-2-0-24.wav,0.37651,1
182739-2-0-35.wav,0.0,0
182739-2-0-56.wav,1.199951,1
182739-2-0-62.wav,0.0,0
182739-2-0-78.wav,0.0,0
182739-2-0-85.wav,0.0,0
182800-2-0-0.wav,-1.067355,0
182800-2-1-0.wav,0.0,0
182800-2-2-0.wav,-1.067355,0
182800-2-2-1.wav,0.0,0
182800-2-2-2.wav,0.0,0
182800-2-2-3.wav,0.0,0
182800-2-3-0.wav,-1.160747,0
182800-2-3-1.wav,0.0,0
183894-1-5-0.wav,2.660547,1
183894-1-6-0.wav,2.712703,1
183894-1-7-0.wav,2.920628,1
183894-1-8-0.wav,1.209159,1
183894-1-9-0.wav,2.578321,1
183989-3-1-18.wav,2.480926,1
183989-3-1-21.wav,2.480926,1
183989-3-1-23.wav,1.394448,1
183989-3-1-25.wav,2.480925,1
184355-1-0-0.wav,2.792266,1
184449-2-0-12.wav,1.234768,1
184449-2-0-13.wav,0.0,0
184449-2-0-15.wav,1.183333,1
184449-2-0-16.wav,0.0,0
184449-2-0-19.wav,3.686845,1
184449-2-0-24.wav,3.97152,1
184449-2-0-28.wav,0.0,0
184449-2-0-33.wav,1.354315,1
18453-3-0-0.wav,0.73279,1
184623-8-0-0.wav,4.461639,1
184623-8-0-1.wav,2.769361,1
184623-8-0-2.wav,4.424775,1
184623-8-0-3.wav,4.461639,1
184623-8-1-0.wav,2.769361,1
184725-3-0-1.wav,0.86767,1
184725-3-0-2.wav,1.015644,1
184725-3-0-4.wav,1.039054,1
184725-3-0-5.wav,2.129667,1
184805-0-0-101.wav,0.0,0
184805-0-0-103.wav,0.0,0
184805-0-0-104.wav,0.0,0
184805-0-0-112.wav,0.0,0
184805-0-0-121.wav,0.780799,1
184805-0-0-13.wav,0.380453,1
184805-0-0-16.wav,0.380453,1
184805-0-0-2.wav,0.0,0
184805-0-0-27.wav,0.380453,1
184805-0-0-32.wav,0.380453,1
184805-0-0-34.wav,0.0,0
184805-0-0-4.wav,0.0,0
184805-0-0-40.wav,0.0,0
184805-0-0-45.wav,0.0,0
184805-0-0-47.wav,0.0,0
184805-0-0-48.wav,0.0,0
184805-0-0-49.wav,0.0,0
184805-0-0-5.wav,0.0,0
184805-0-0-51.wav,0.0,0
184805-0-0-54.wav,0.0,0
184805-0-0-57.wav,0.0,0
184805-0-0-58.wav,0.0,0
184805-0-0-61.wav,0.770024,1
184805-0-0-63.wav,0.0,0
184805-0-0-64.wav,0.0,0
184805-0-0-74.wav,0.0,0
184805-0-0-75.wav,0.0,0
184805-0-0-77.wav,0.0,0
184805-0-0-81.wav,0.764894,1
184805-0-0-82.wav,0.0,0
184805-0-0-88.wav,0.0,0
184805-0-0-90.wav,0.0,0
184805-0-0-99.wav,0.0,0
185373-9-0-21.wav,-2.065804,0
185373-9-0-6.wav,0.0,0
185373-9-1-17.wav,-0.746729,0
185373-9-1-46.wav,0.0,0
185373-9-1-7.wav,0.0,0
185373-9-1-70.wav,-2.065804,0
185374-9-0-16.wav,0.0,0
185374-9-0-18.wav,0.0,0
185374-9-0-23.wav,0.0,0
185374-9-0-30.wav,0.0,0
185374-9-0-33.wav,0.0,0
185374-9-0-35.wav,0.0,0
185374-9-0-60.wav,0.0,0
185375-9-0-23.wav,-1.493648,0
185375-9-0-26.wav,-2.740245,0
185375-9-0-33.wav,-1.067355,0
185375-9-0-60.wav,-2.740245,0
185375-9-0-61.wav,0.0,0
185375-9-0-84.wav,-2.740245,0
185436-1-0-0.wav,2.74399,1
185436-1-1-0.wav,1.599015,1
185436-1-2-0.wav,2.447258,1
185436-1-3-0.wav,1.027954,1
185436-1-4-0.wav,2.486271,1
185436-1-5-0.wav,1.448609,1
185436-1-6-0.wav,2.743125,1
185436-1-7-0.wav,-0.358799,0
185709-0-0-0.wav,0.401447,1
185709-0-0-1.wav,0.0,0
185709-0-0-2.wav,0.0,0
185709-0-0-3.wav,0.0,0
185709-0-0-4.wav,0.0,0
185709-0-0-5.wav,0.0,0
185709-0-0-6.wav,0.0,0
185709-0-0-7.wav,0.0,0
185709-0-0-8.wav,0.0,0
185800-4-0-0.wav,0.0,0
185800-4-0-1.wav,1.379616,1
185800-4-1-0.wav,0.0,0
185800-4-2-0.wav,0.0,0
185800-4-2-1.wav,0.0,0
185800-4-2-2.wav,1.379616,1
185801-4-0-0.wav,1.236568,1
185801-4-0-1.wav,0.0,0
185801-4-0-2.wav,1.498771,1
18581-3-0-0.wav,0.917257,1
18581-3-0-5.wav,2.480925,1
18581-3-1-1.wav,1.003225,1
18581-3-1-3.wav,1.003225,1
185909-2-0-102.wav,-0.40381,0
185909-2-0-116.wav,1.688413,1
185909-2-0-13.wav,-0.787823,0
185909-2-0-17.wav,-0.40381,0
185909-2-0-22.wav,1.956784,1
185909-2-0-34.wav,0.0,0
185909-2-0-86.wav,0.0,0
185909-2-0-87.wav,1.700395,1
18592-5-0-0.wav,0.0,0
18592-5-0-1.wav,0.0,0
18592-5-0-2.wav,-0.357708,0
18592-5-0-3.wav,0.0,0
18592-5-0-4.wav,0.0,0
18594-1-0-0.wav,1.003642,1
18594-1-1-0.wav,3.607168,1
18594-1-3-0.wav,2.533864,1
18594-1-5-0.wav,2.625882,1
18594-1-6-0.wav,3.029766,1
186334-2-0-1.wav,-0.359318,0
186334-2-0-11.wav,-1.067355,0
186334-2-0-20.wav,-1.067355,0
186334-2-0-33.wav,-1.067355,0
186334-2-0-35.wav,-1.134876,0
186334-2-0-36.wav,-1.067355,0
186334-2-0-37.wav,0.0,0
186334-2-0-44.wav,-1.067355,0
186336-9-0-0.wav,0.316337,1
186336-9-0-1.wav,0.625923,1
186336-9-0-2.wav,0.340968,1
186336-9-0-3.wav,-0.477111,0
186336-9-0-4.wav,0.383942,1
186339-9-0-1.wav,0.0,0
186339-9-0-12.wav,0.380453,1
186339-9-0-17.wav,0.770024,1
186339-9-0-18.wav,0.0,0
186339-9-0-3.wav,0.0,0
186339-9-0-7.wav,0.0,0
186935-5-0-0.wav,0.0,0
186935-5-0-1.wav,0.0,0
186936-5-0-0.wav,0.0,0
186936-5-0-1.wav,0.0,0
186938-5-0-0.wav,0.0,0
186940-5-0-0.wav,0.0,0
187075-5-0-0.wav,2.194031,1
187075-5-0-1.wav,2.723945,1
187075-5-0-2.wav,3.524445,1
187075-5-0-3.wav,0.0,0
187075-5-0-4.wav,0.0,0
187075-5-0-5.wav,0.0,0
187075-5-0-6.wav,0.0,0
187075-5-0-7.wav,0.0,0
187075-5-0-8.wav,0.0,0
187110-2-0-1.wav,-1.067355,0
187110-2-0-10.wav,1.428826,1
187110-2-0-12.wav,0.0,0
187110-2-0-27.wav,0.997247,1
187110-2-0-30.wav,0.0,0
187110-2-0-34.wav,-0.40381,0
187110-2-0-6.wav,0.0,0
187110-2-0-8.wav,0.0,0
187356-1-0-0.wav,5.254136,1
187356-1-1-0.wav,2.660547,1
187356-1-2-0.wav,2.712703,1
187356-1-3-0.wav,2.660547,1
187356-1-4-0.wav,2.9049,1
187356-1-5-0.wav,2.772095,1
187356-1-6-0.wav,2.625774,1
187377-4-0-0.wav,0.0,0
187377-4-0-1.wav,0.0,0
187378-3-0-12.wav,1.242371,1
187378-3-0-19.wav,0.914209,1
187378-3-0-30.wav,1.242371,1
187378-3-0-7.wav,0.940956,1
187863-4-0-0.wav,1.404194,1
187863-4-0-1.wav,0.0,0
187863-4-0-2.wav,0.0,0
187863-4-0-3.wav,0.0,0
187863-4-0-4.wav,0.0,0
187863-4-0-5.wav,0.0,0
187920-7-0-0.wav,0.0,0
187920-7-1-0.wav,0.0,0
187920-7-1-1.wav,0.0,0
187920-7-1-2.wav,0.0,0
187920-7-2-0.wav,0.0,0
188004-8-0-0.wav,9.093179,1
188004-8-0-1.wav,7.122271,1
188004-8-0-2.wav,6.87267,1
188497-2-0-0.wav,0.0,0
188497-2-0-1.wav,-1.067355,0
188497-2-0-11.wav,1.38147,1
188497-2-0-17.wav,-1.067355,0
188497-2-0-19.wav,-1.067355,0
188497-2-0-2.wav,0.0,0
188497-2-0-23.wav,0.0,0
188497-2-0-8.wav,0.0,0
188813-7-0-0.wav,0.0,0
188813-7-1-0.wav,1.243709,1
188813-7-10-0.wav,0.0,0
188813-7-10-1.wav,0.0,0
188813-7-10-2.wav,1.186879,1
188813-7-10-3.wav,0.0,0
188813-7-11-0.wav,1.158695,1
188813-7-11-1.wav,1.158695,1
188813-7-12-0.wav,0.0,0
188813-7-13-0.wav,1.160701,1
188813-7-2-0.wav,1.30268,1
188813-7-3-0.wav,0.0,0
188813-7-4-0.wav,1.180285,1
188813-7-5-0.wav,1.160701,1
188813-7-6-0.wav,1.241308,1
188813-7-7-0.wav,1.241308,1
188813-7-8-0.wav,1.160701,1
188813-7-9-0.wav,1.160701,1
188823-7-0-0.wav,1.160701,1
188823-7-0-1.wav,1.160701,1
188823-7-0-2.wav,1.158695,1
188823-7-0-3.wav,0.0,0
188823-7-0-4.wav,1.158695,1
188823-7-1-0.wav,0.0,0
188823-7-1-1.wav,0.0,0
188823-7-1-2.wav,0.0,0
188823-7-1-3.wav,1.159681,1
188823-7-2-0.wav,1.158695,1
188823-7-2-1.wav,1.158695,1
188823-7-2-2.wav,0.0,0
188823-7-2-3.wav,1.158695,1
188823-7-3-0.wav,1.158695,1
188823-7-4-0.wav,1.158695,1
188823-7-5-0.wav,1.158695,1
188823-7-6-0.wav,0.0,0
188824-7-0-0.wav,1.158695,1
188824-7-1-0.wav,1.526136,1
188824-7-10-0.wav,1.609425,1
188824-7-11-0.wav,0.0,0
188824-7-12-0.wav,0.412128,1
188824-7-2-0.wav,0.0,0
188824-7-3-0.wav,0.994715,1
188824-7-4-0.wav,1.201766,1
188824-7-5-0.wav,0.0,0
188824-7-6-0.wav,2.262136,1
188824-7-7-0.wav,0.0,0
188824-7-8-0.wav,1.432276,1
188824-7-9-0.wav,0.0,0
189023-0-0-0.wav,0.0,0
189023-0-0-1.wav,0.0,0
189023-0-0-10.wav,0.0,0
189023-0-0-11.wav,0.0,0
189023-0-0-12.wav,0.0,0
189023-0-0-13.wav,0.0,0
189023-0-0-2.wav,0.0,0
189023-0-0-3.wav,0.0,0
189023-0-0-4.wav,0.0,0
189023-0-0-5.wav,0.0,0
189023-0-0-6.wav,0.0,0
189023-0-0-7.wav,0.0,0
189023-0-0-8.wav,0.0,0
189023-0-0-9.wav,0.0,0
18933-1-0-0.wav,2.263224,1
189825-9-0-0.wav,0.0,0
189825-9-0-1.wav,0.0,0
189825-9-0-2.wav,0.0,0
189825-9-0-3.wav,0.0,0
189825-9-0-5.wav,0.0,0
189825-9-0-7.wav,0.0,0
189846-3-0-0.wav,2.467757,1
189846-3-1-0.wav,2.52935,1
189846-3-3-0.wav,2.403753,1
189846-3-4-0.wav,2.467756,1
189895-3-0-0.wav,0.839944,1
189981-0-0-0.wav,0.0,0
189981-0-0-1.wav,0.410678,1
189981-0-0-10.wav,0.0,0
189981-0-0-11.wav,0.0,0
189981-0-0-12.wav,0.0,0
189981-0-0-13.wav,0.0,0
189981-0-0-14.wav,0.0,0
189981-0-0-15.wav,0.0,0
189981-0-0-16.wav,0.0,0
189981-0-0-17.wav,1.526243,1
189981-0-0-2.wav,0.0,0
189981-0-0-3.wav,0.0,0
189981-0-0-4.wav,0.0,0
189981-0-0-5.wav,0.0,0
189981-0-0-6.wav,0.0,0
189981-0-0-7.wav,0.0,0
189981-0-0-8.wav,0.0,0
189981-0-0-9.wav,0.0,0
189982-0-0-11.wav,0.0,0
189982-0-0-13.wav,0.0,0
189982-0-0-16.wav,0.0,0
189982-0-0-17.wav,0.0,0
189982-0-0-18.wav,0.0,0
189982-0-0-19.wav,0.0,0
189982-0-0-2.wav,0.0,0
189982-0-0-20.wav,0.0,0
189982-0-0-23.wav,0.0,0
189982-0-0-27.wav,0.0,0
189982-0-0-28.wav,0.0,0
189982-0-0-3.wav,0.0,0
189982-0-0-30.wav,0.0,0
189982-0-0-33.wav,0.0,0
189982-0-0-35.wav,0.0,0
189982-0-0-36.wav,0.0,0
189982-0-0-38.wav,0.0,0
189982-0-0-39.wav,0.0,0
189982-0-0-4.wav,0.0,0
189982-0-0-42.wav,0.0,0
189982-0-0-43.wav,0.0,0
189982-0-0-44.wav,0.0,0
189982-0-0-45.wav,0.0,0
189982-0-0-6.wav,0.0,0
189982-0-0-7.wav,0.0,0
189985-0-0-0.wav,0.0,0
189985-0-0-1.wav,0.0,0
189985-0-0-2.wav,0.0,0
189985-0-0-3.wav,0.0,0
189985-0-0-4.wav,0.0,0
189985-0-0-5.wav,0.0,0
189985-0-0-6.wav,0.0,0
189986-0-0-0.wav,0.0,0
189987-0-0-0.wav,0.0,0
189987-0-0-1.wav,0.0,0
189987-0-0-2.wav,0.0,0
189987-0-0-3.wav,0.0,0
189987-0-0-4.wav,0.0,0
189988-0-0-0.wav,0.0,0
189988-0-0-1.wav,0.0,0
189988-0-0-2.wav,0.0,0
189988-0-0-3.wav,0.0,0
189988-0-0-4.wav,0.0,0
189988-0-0-5.wav,0.0,0
189989-0-0-0.wav,0.0,0
189989-0-0-1.wav,0.0,0
189989-0-0-2.wav,0.0,0
189991-0-0-0.wav,0.0,0
189991-0-0-1.wav,0.0,0
189991-0-0-2.wav,0.0,0
189991-0-0-3.wav,0.0,0
189991-0-0-4.wav,0.0,0
189991-0-0-5.wav,0.0,0
189991-0-0-6.wav,0.0,0
189991-0-0-7.wav,0.0,0
19007-4-0-0.wav,0.0,0
190680-3-1-0.wav,2.376705,1
190680-3-4-0.wav,0.0,0
190680-3-6-0.wav,0.380453,1
190893-2-0-10.wav,0.0,0
190893-2-0-11.wav,0.0,0
190893-2-0-12.wav,0.0,0
190893-2-0-21.wav,-1.067355,0
190893-2-0-23.wav,0.0,0
190893-2-0-27.wav,0.0,0
190893-2-0-28.wav,1.317438,1
190893-2-0-7.wav,0.0,0
190894-2-0-0.wav,1.395282,1
190894-2-0-2.wav,0.0,0
190894-2-0-3.wav,0.0,0
190894-2-0-4.wav,0.0,0
190894-2-0-5.wav,0.0,0
190894-2-0-6.wav,0.0,0
190894-2-0-7.wav,-1.134876,0
190894-2-0-8.wav,-1.134876,0
190996-3-0-0.wav,9.31069,1
190996-3-0-1.wav,4.474895,1
190996-3-0-8.wav,2.852295,1
191382-3-0-0.wav,0.907006,1
191382-3-0-5.wav,0.979165,1
191382-3-1-0.wav,1.039054,1
191382-3-1-1.wav,0.931524,1
191431-9-0-26.wav,0.0,0
191431-9-0-30.wav,1.358491,1
191431-9-0-61.wav,-2.740245,0
191431-9-0-66.wav,-1.556342,0
191431-9-0-73.wav,1.199089,1
191431-9-0-8.wav,0.0,0
191449-6-0-0.wav,1.92623,1
192123-2-0-0.wav,4.954306,1
192123-2-0-10.wav,-1.067355,0
192123-2-0-11.wav,0.0,0
192123-2-0-17.wav,0.0,0
192123-2-0-18.wav,0.0,0
192123-2-0-22.wav,0.0,0
192123-2-0-23.wav,0.0,0
192123-2-0-4.wav,-1.067355,0
192124-2-0-0.wav,3.727952,1
192124-2-0-11.wav,-1.067355,0
192124-2-0-12.wav,0.0,0
192124-2-0-15.wav,0.0,0
192124-2-0-3.wav,0.0,0
192124-2-0-4.wav,0.0,0
192124-2-0-5.wav,-1.067355,0
192124-2-0-7.wav,0.0,0
19218-3-0-0.wav,1.052548,1
192269-2-0-1.wav,0.0,0
192269-2-0-11.wav,-0.787823,0
192269-2-0-18.wav,-1.067355,0
192269-2-0-24.wav,-1.067355,0
192269-2-0-35.wav,-1.067355,0
192269-2-0-37.wav,0.0,0
192269-2-0-54.wav,-1.067355,0
192269-2-0-56.wav,-1.067355,0
192382-2-0-105.wav,-1.160747,0
192382-2-0-12.wav,-1.067355,0
192382-2-0-18.wav,0.0,0
192382-2-0-36.wav,-1.160747,0
192382-2-0-66.wav,-0.787823,0
192382-2-0-67.wav,-1.134876,0
192382-2-0-8.wav,-1.067355,0
192382-2-0-9.wav,-0.787823,0
19338-5-0-0.wav,0.0,0
19338-5-1-0.wav,0.0,0
19338-5-2-0.wav,0.0,0
19338-5-3-0.wav,0.0,0
193394-3-0-10.wav,0.967344,1
193394-3-0-11.wav,2.29843,1
193394-3-0-4.wav,1.014536,1
193394-3-0-7.wav,1.242371,1
193697-2-0-103.wav,0.0,0
193697-2-0-107.wav,0.0,0
193697-2-0-110.wav,-1.067355,0
193697-2-0-135.wav,0.0,0
193697-2-0-5.wav,0.381857,1
193697-2-0-90.wav,0.0,0
193697-2-0-99.wav,-1.067355,0
193698-2-0-112.wav,-0.787823,0
193698-2-0-113.wav,0.0,0
193698-2-0-114.wav,-0.359318,0
193698-2-0-140.wav,1.692316,1
193698-2-0-42.wav,0.0,0
193698-2-0-58.wav,-1.067355,0
193698-2-0-64.wav,-0.787823,0
193698-2-0-89.wav,-1.067355,0
193699-2-0-109.wav,-0.359318,0
193699-2-0-3.wav,0.0,0
193699-2-0-32.wav,0.7808,1
193699-2-0-33.wav,0.381857,1
193699-2-0-46.wav,0.0,0
193699-2-0-54.wav,0.0,0
193699-2-0-62.wav,-1.067355,0
193699-2-0-69.wav,-1.067355,0
194310-9-0-15.wav,0.0,0
194310-9-0-3.wav,0.0,0
194310-9-0-35.wav,0.0,0
194310-9-0-7.wav,-0.051384,0
194310-9-0-73.wav,11.282668,1
194310-9-0-8.wav,-0.75585,0
194321-9-0-100.wav,0.0,0
194321-9-0-126.wav,0.0,0
194321-9-0-150.wav,0.0,0
194321-9-0-241.wav,0.0,0
194321-9-0-6.wav,0.0,0
194321-9-0-61.wav,0.0,0
194458-9-0-2.wav,-2.065804,0
194458-9-0-34.wav,-1.556342,0
194458-9-1-122.wav,-2.065804,0
194458-9-1-75.wav,0.360696,1
194458-9-1-91.wav,-1.556342,0
194732-9-0-126.wav,3.407976,1
194732-9-0-163.wav,0.0,0
194732-9-0-171.wav,-0.353062,0
194732-9-0-175.wav,0.0,0
194732-9-0-191.wav,6.640963,1
194732-9-0-41.wav,0.0,0
194732-9-0-95.wav,0.0,0
194733-9-0-1.wav,0.0,0
194733-9-0-10.wav,0.0,0
194733-9-0-11.wav,0.0,0
194733-9-0-12.wav,0.0,0
194733-9-0-14.wav,0.0,0
194733-9-0-16.wav,0.0,0
194733-9-0-7.wav,0.0,0
194753-3-0-0.wav,2.399999,1
194753-3-1-0.wav,0.39334,1
194753-3-2-0.wav,0.948991,1
194753-3-3-0.wav,2.381089,1
194841-9-0-130.wav,0.0,0
194841-9-0-144.wav,0.0,0
194841-9-0-164.wav,2.13616,1
194841-9-0-178.wav,0.0,0
194841-9-0-222.wav,0.0,0
194841-9-0-48.wav,10.841681,1
194910-9-0-108.wav,-0.353062,0
194910-9-0-26.wav,0.0,0
194910-9-0-5.wav,0.0,0
194910-9-0-63.wav,0.0,0
194910-9-0-65.wav,0.0,0
19496-3-0-0.wav,0.0,0
19496-3-1-0.wav,0.0,0
19496-3-1-1.wav,0.0,0
194962-5-0-0.wav,0.0,0
194962-5-0-1.wav,0.0,0
194962-5-0-2.wav,0.0,0
19503-3-0-0.wav,2.480925,1
19503-3-1-0.wav,2.480925,1
19503-3-2-0.wav,2.374917,1
195063-4-0-0.wav,0.0,0
195063-4-1-0.wav,1.602443,1
195451-5-0-0.wav,0.0,0
195451-5-0-1.wav,0.0,0
195451-5-0-10.wav,0.0,0
195451-5-0-11.wav,0.0,0
195451-5-0-12.wav,0.0,0
195451-5-0-13.wav,0.0,0
195451-5-0-14.wav,0.0,0
195451-5-0-15.wav,0.0,0
195451-5-0-16.wav,0.0,0
195451-5-0-17.wav,0.0,0
195451-5-0-18.wav,0.0,0
195451-5-0-19.wav,0.0,0
195451-5-0-2.wav,0.0,0
195451-5-0-20.wav,0.0,0
195451-5-0-21.wav,0.0,0
195451-5-0-3.wav,0.0,0
195451-5-0-4.wav,0.0,0
195451-5-0-5.wav,0.0,0
195451-5-0-6.wav,0.0,0
195451-5-0-7.wav,0.0,0
195451-5-0-8.wav,0.0,0
195451-5-0-9.wav,0.0,0
195969-0-0-1.wav,0.0,0
195969-0-0-10.wav,0.0,0
195969-0-0-12.wav,0.0,0
195969-0-0-13.wav,0.0,0
195969-0-0-14.wav,0.0,0
195969-0-0-15.wav,0.0,0
195969-0-0-17.wav,0.0,0
195969-0-0-18.wav,0.0,0
195969-0-0-19.wav,0.0,0
195969-0-0-2.wav,0.0,0
195969-0-0-20.wav,0.0,0
195969-0-0-21.wav,0.0,0
195969-0-0-22.wav,0.0,0
195969-0-0-24.wav,0.0,0
195969-0-0-25.wav,0.0,0
195969-0-0-26.wav,0.0,0
195969-0-0-28.wav,0.0,0
195969-0-0-4.wav,0.0,0
195969-0-0-5.wav,0.0,0
195969-0-0-6.wav,0.0,0
195969-0-0-7.wav,0.0,0
195969-0-0-8.wav,0.0,0
195969-0-0-9.wav,0.0,0
196057-2-0-0.wav,0.0,0
196058-2-0-0.wav,1.386565,1
196059-2-0-0.wav,1.564775,1
196059-2-0-1.wav,1.570556,1
196060-2-0-0.wav,0.845485,1
196061-2-0-0.wav,1.351442,1
196062-2-0-0.wav,1.351442,1
196063-2-0-0.wav,0.0,0
196063-2-0-1.wav,0.0,0
196063-2-0-2.wav,0.0,0
196064-2-0-0.wav,0.0,0
196065-2-0-0.wav,1.351442,1
196066-2-0-0.wav,1.564775,1
196066-2-0-1.wav,3.010883,1
196067-2-0-0.wav,0.0,0
196068-2-0-0.wav,1.417103,1
196068-2-0-1.wav,2.121287,1
196069-2-0-0.wav,1.486197,1
196070-2-0-0.wav,0.0,0
196070-2-0-1.wav,0.0,0
196070-2-0-2.wav,0.0,0
196070-2-0-3.wav,1.433632,1
196070-2-0-4.wav,0.0,0
196070-2-0-5.wav,0.0,0
196071-2-0-0.wav,1.312564,1
196072-2-0-0.wav,1.564775,1
196073-2-0-0.wav,1.564775,1
196074-2-0-0.wav,1.181835,1
196075-2-0-0.wav,1.010317,1
196076-2-0-0.wav,0.0,0
196077-2-0-0.wav,1.564775,1
196077-2-0-1.wav,1.559314,1
196078-2-0-0.wav,1.223833,1
196079-2-0-0.wav,0.0,0
196080-2-0-0.wav,0.0,0
196081-2-0-0.wav,0.993325,1
196082-2-0-0.wav,1.44328,1
196083-2-0-0.wav,1.417103,1
196084-2-0-0.wav,1.564775,1
196084-2-0-1.wav,2.121287,1
196084-2-0-2.wav,2.436557,1
196085-2-0-0.wav,0.0,0
196085-2-0-1.wav,1.564775,1
196085-2-0-2.wav,0.0,0
196085-2-0-3.wav,1.312564,1
196085-2-0-4.wav,0.993325,1
196086-2-0-0.wav,0.0,0
196087-2-0-0.wav,1.472939,1
196088-2-0-0.wav,0.0,0
196127-3-0-0.wav,0.86767,1
196127-3-0-1.wav,0.852968,1
196127-3-0-3.wav,0.835179,1
196127-3-0-4.wav,0.861203,1
196384-9-0-11.wav,-0.773033,0
196384-9-0-15.wav,0.0,0
196384-9-0-16.wav,0.0,0
196384-9-0-18.wav,0.0,0
196384-9-0-2.wav,0.0,0
196384-9-0-27.wav,0.0,0
196400-6-0-0.wav,2.134784,1
196561-3-0-16.wav,2.129667,1
196561-3-0-29.wav,1.050123,1
196561-3-0-44.wav,2.129667,1
196561-3-0-9.wav,2.332771,1
197073-3-0-0.wav,1.084651,1
197073-3-3-0.wav,2.129667,1
197073-3-4-3.wav,0.985849,1
197073-3-7-0.wav,0.985849,1
197074-3-0-4.wav,0.86767,1
197074-3-0-5.wav,0.958477,1
197074-3-0-6.wav,0.86767,1
197075-3-1-1.wav,2.367023,1
197075-3-4-1.wav,2.368421,1
197075-3-6-0.wav,0.0,0
197075-3-7-5.wav,0.0,0
197080-3-0-1.wav,1.050123,1
197080-3-0-6.wav,0.920833,1
197080-3-0-7.wav,0.920833,1
197080-3-1-0.wav,1.242371,1
197243-3-0-0.wav,2.263224,1
197243-3-1-0.wav,0.929127,1
197318-6-0-0.wav,0.0,0
197318-6-1-0.wav,0.0,0
197318-6-10-0.wav,0.0,0
197318-6-11-0.wav,0.0,0
197318-6-12-0.wav,0.0,0
197318-6-2-0.wav,0.0,0
197318-6-3-0.wav,0.0,0
197318-6-4-0.wav,0.0,0
197318-6-6-0.wav,0.0,0
197318-6-7-0.wav,0.0,0
197318-6-8-0.wav,0.0,0
197318-6-9-0.wav,0.0,0
197320-6-0-0.wav,1.877266,1
197320-6-1-0.wav,1.877266,1
197320-6-10-0.wav,0.0,0
197320-6-11-0.wav,0.0,0
197320-6-12-0.wav,0.0,0
197320-6-3-0.wav,2.429657,1
197320-6-4-0.wav,0.0,0
197320-6-5-0.wav,0.0,0
197320-6-6-0.wav,1.471971,1
197320-6-7-0.wav,0.0,0
197320-6-8-0.wav,0.0,0
197320-6-9-0.wav,2.134784,1
197554-2-0-23.wav,0.0,0
197554-2-0-26.wav,0.0,0
197554-2-0-28.wav,0.381857,1
197554-2-0-3.wav,0.0,0
197554-2-0-60.wav,0.0,0
197554-2-0-69.wav,0.0,0
197554-2-0-74.wav,0.0,0
197554-2-0-82.wav,0.0,0
199769-1-0-0.wav,2.539508,1
199769-1-0-1.wav,2.539508,1
199769-1-0-10.wav,2.539508,1
199769-1-0-11.wav,2.539508,1
199769-1-0-12.wav,2.630328,1
199769-1-0-13.wav,2.813519,1
199769-1-0-14.wav,2.539508,1
199769-1-0-15.wav,1.261871,1
199769-1-0-16.wav,3.501639,1
199769-1-0-17.wav,1.335658,1
199769-1-0-18.wav,1.261871,1
199769-1-0-2.wav,2.74962,1
199769-1-0-3.wav,2.730299,1
199769-1-0-4.wav,0.941625,1
199769-1-0-5.wav,5.778699,1
199769-1-0-6.wav,2.600434,1
199769-1-0-7.wav,2.836312,1
199769-1-0-8.wav,1.206923,1
199769-1-0-9.wav,2.539508,1
199929-4-0-0.wav,0.0,0
199929-4-1-0.wav,0.0,0
199929-4-2-0.wav,0.0,0
20015-3-0-12.wav,1.003225,1
20015-3-0-14.wav,0.898634,1
20015-3-0-19.wav,1.003225,1
20015-3-0-4.wav,3.320063,1
200161-3-6-0.wav,2.129667,1
200161-3-6-3.wav,2.129667,1
200161-3-6-4.wav,1.000947,1
200161-3-7-0.wav,1.172998,1
200460-6-0-0.wav,0.0,0
200460-6-1-0.wav,4.317756,1
200460-6-2-0.wav,2.440403,1
200460-6-3-0.wav,1.582109,1
200460-6-4-0.wav,2.370654,1
200460-6-5-0.wav,1.488903,1
200786-5-0-0.wav,0.0,0
200786-5-1-0.wav,0.0,0
200786-5-1-1.wav,0.0,0
200786-5-1-2.wav,0.819151,1
200786-5-1-3.wav,0.0,0
200786-5-1-4.wav,0.817919,1
200786-5-1-5.wav,0.0,0
201207-3-0-0.wav,2.374917,1
201207-3-13-0.wav,0.925959,1
201207-3-21-0.wav,1.242371,1
201207-3-29-0.wav,0.86767,1
201652-5-0-0.wav,0.0,0
201652-5-0-1.wav,0.0,0
201652-5-0-2.wav,0.0,0
201652-5-0-3.wav,0.0,0
201652-5-1-0.wav,0.0,0
201652-5-2-0.wav,0.0,0
201652-5-2-1.wav,0.0,0
201652-5-2-2.wav,0.0,0
201652-5-2-3.wav,0.0,0
201652-5-2-4.wav,0.0,0
201652-5-2-5.wav,0.0,0
201652-5-3-0.wav,0.0,0
201652-5-3-1.wav,0.0,0
201652-5-3-2.wav,0.0,0
201652-5-3-3.wav,0.0,0
201652-5-3-4.wav,0.0,0
201652-5-4-0.wav,0.0,0
201652-5-4-1.wav,0.0,0
201652-5-4-2.wav,0.0,0
201652-5-4-3.wav,0.0,0
201652-5-4-4.wav,0.0,0
201652-5-4-5.wav,0.0,0
201652-5-4-6.wav,0.0,0
201652-5-4-7.wav,0.0,0
201652-5-4-8.wav,0.0,0
201652-5-4-9.wav,0.0,0
201652-5-5-0.wav,0.0,0
201652-5-5-1.wav,0.355269,1
201652-5-5-2.wav,0.311115,1
201652-5-5-3.wav,0.0,0
201652-5-5-4.wav,0.0,0
201652-5-5-5.wav,0.0,0
201988-5-0-0.wav,0.0,0
201988-5-0-1.wav,0.0,0
201988-5-0-10.wav,0.0,0
201988-5-0-11.wav,0.0,0
201988-5-0-12.wav,0.0,0
201988-5-0-13.wav,0.0,0
201988-5-0-14.wav,0.0,0
201988-5-0-15.wav,0.0,0
201988-5-0-16.wav,0.0,0
201988-5-0-17.wav,0.0,0
201988-5-0-18.wav,0.0,0
201988-5-0-19.wav,0.0,0
201988-5-0-2.wav,0.0,0
201988-5-0-20.wav,0.0,0
201988-5-0-21.wav,0.0,0
201988-5-0-22.wav,0.0,0
201988-5-0-3.wav,0.0,0
201988-5-0-4.wav,0.0,0
201988-5-0-5.wav,0.0,0
201988-5-0-6.wav,0.0,0
201988-5-0-7.wav,0.0,0
201988-5-0-8.wav,0.0,0
201988-5-0-9.wav,0.0,0
201988-5-1-0.wav,0.0,0
202334-9-0-105.wav,0.0,0
202334-9-0-106.wav,0.0,0
202334-9-0-137.wav,0.385202,1
202334-9-0-202.wav,-0.353062,0
202334-9-0-63.wav,0.0,0
202334-9-0-88.wav,0.0,0
202516-0-0-0.wav,0.0,0
202516-0-0-1.wav,0.0,0
202516-0-0-10.wav,0.0,0
202516-0-0-11.wav,0.0,0
202516-0-0-2.wav,0.0,0
202516-0-0-3.wav,0.0,0
202516-0-0-4.wav,0.0,0
202516-0-0-5.wav,0.0,0
202516-0-0-6.wav,0.0,0
202516-0-0-7.wav,0.0,0
202516-0-0-8.wav,0.0,0
202516-0-0-9.wav,0.0,0
202517-0-0-0.wav,0.0,0
20285-3-0-0.wav,1.160708,1
20285-3-1-0.wav,0.897039,1
20285-3-1-1.wav,0.86767,1
20285-3-2-0.wav,0.929127,1
203355-3-0-0.wav,0.935292,1
203355-3-1-0.wav,0.0,0
203356-3-0-0.wav,0.900554,1
203356-3-0-1.wav,0.760341,1
203356-3-0-2.wav,-0.356633,0
203356-3-0-3.wav,0.789875,1
203424-9-0-15.wav,0.496788,1
203424-9-0-18.wav,0.0,0
203424-9-0-26.wav,0.0,0
203424-9-0-34.wav,-0.352684,0
203424-9-0-4.wav,-1.493648,0
203424-9-0-46.wav,0.0,0
203440-3-0-0.wav,0.898422,1
203440-3-0-1.wav,0.898422,1
203440-3-0-5.wav,0.0,0
203440-3-0-6.wav,0.388793,1
203516-3-0-0.wav,1.147639,1
203654-9-0-15.wav,-1.958603,0
203654-9-0-28.wav,-2.740245,0
203654-9-0-39.wav,0.0,0
203654-9-0-42.wav,0.0,0
203654-9-0-60.wav,0.0,0
203654-9-0-8.wav,0.0,0
203913-8-0-0.wav,4.475219,1
203913-8-0-1.wav,7.122271,1
203913-8-0-10.wav,8.626453,1
203913-8-0-11.wav,5.264967,1
203913-8-0-12.wav,5.735654,1
203913-8-0-2.wav,8.9036,1
203913-8-0-3.wav,5.384031,1
203913-8-0-4.wav,4.461639,1
203913-8-0-5.wav,5.427064,1
203913-8-0-6.wav,4.461639,1
203913-8-0-7.wav,5.427064,1
203913-8-0-8.wav,8.856761,1
203913-8-0-9.wav,5.735654,1
203913-8-1-0.wav,2.540779,1
203913-8-1-1.wav,5.24719,1
203913-8-1-2.wav,7.122271,1
203913-8-1-3.wav,4.182164,1
203913-8-1-4.wav,4.448841,1
203913-8-1-5.wav,10.040548,1
203929-7-1-0.wav,0.0,0
203929-7-1-1.wav,0.0,0
203929-7-1-2.wav,0.0,0
203929-7-1-3.wav,0.0,0
203929-7-1-6.wav,0.0,0
203929-7-1-7.wav,0.0,0
203929-7-1-8.wav,0.0,0
203929-7-10-0.wav,0.0,0
203929-7-10-1.wav,0.0,0
203929-7-10-2.wav,0.0,0
203929-7-2-0.wav,0.0,0
203929-7-2-11.wav,0.0,0
203929-7-2-2.wav,0.0,0
203929-7-2-3.wav,0.0,0
203929-7-2-5.wav,0.0,0
203929-7-2-6.wav,0.0,0
203929-7-2-8.wav,0.0,0
203929-7-2-9.wav,0.0,0
203929-7-3-1.wav,0.0,0
203929-7-3-10.wav,0.0,0
203929-7-3-2.wav,0.0,0
203929-7-3-3.wav,0.0,0
203929-7-3-5.wav,0.0,0
203929-7-3-9.wav,0.0,0
203929-7-4-0.wav,0.0,0
203929-7-4-1.wav,0.0,0
203929-7-4-10.wav,0.0,0
203929-7-4-11.wav,0.0,0
203929-7-4-12.wav,0.0,0
203929-7-4-2.wav,0.0,0
203929-7-4-4.wav,0.0,0
203929-7-4-6.wav,0.0,0
203929-7-4-7.wav,0.0,0
203929-7-4-8.wav,0.0,0
203929-7-5-0.wav,0.0,0
203929-7-5-1.wav,0.0,0
203929-7-5-10.wav,0.0,0
203929-7-5-11.wav,0.0,0
203929-7-5-6.wav,0.0,0
203929-7-5-7.wav,0.0,0
203929-7-6-1.wav,0.0,0
203929-7-6-10.wav,0.0,0
203929-7-6-11.wav,0.0,0
203929-7-6-2.wav,0.0,0
203929-7-6-3.wav,0.759321,1
203929-7-6-8.wav,0.0,0
203929-7-6-9.wav,0.0,0
203929-7-7-0.wav,0.0,0
203929-7-7-10.wav,0.0,0
203929-7-7-12.wav,0.0,0
203929-7-7-13.wav,0.0,0
203929-7-7-14.wav,0.0,0
203929-7-7-15.wav,0.0,0
203929-7-7-16.wav,0.0,0
203929-7-7-2.wav,0.0,0
203929-7-7-3.wav,0.0,0
203929-7-7-4.wav,0.0,0
203929-7-7-9.wav,0.0,0
203929-7-8-0.wav,0.0,0
203929-7-9-0.wav,0.0,0
203929-7-9-11.wav,0.0,0
203929-7-9-12.wav,0.0,0
203929-7-9-15.wav,0.0,0
203929-7-9-17.wav,0.0,0
203929-7-9-18.wav,0.0,0
203929-7-9-19.wav,0.0,0
203929-7-9-20.wav,0.0,0
203929-7-9-24.wav,0.0,0
203929-7-9-4.wav,0.0,0
203929-7-9-6.wav,0.716926,1
203929-7-9-8.wav,0.0,0
203929-7-9-9.wav,0.0,0
203956-1-0-0.wav,2.74399,1
203962-5-0-0.wav,0.0,0
203962-5-0-1.wav,0.0,0
204067-2-0-1.wav,-0.703942,0
204067-2-0-20.wav,1.216286,1
204067-2-0-29.wav,0.0,0
204067-2-0-3.wav,1.691568,1
204067-2-0-30.wav,-1.081515,0
204067-2-0-32.wav,0.0,0
204067-2-0-35.wav,0.0,0
204067-2-0-39.wav,0.0,0
204240-0-0-0.wav,0.0,0
204240-0-0-1.wav,0.0,0
204240-0-0-10.wav,0.0,0
204240-0-0-11.wav,0.0,0
204240-0-0-12.wav,0.0,0
204240-0-0-13.wav,0.0,0
204240-0-0-14.wav,0.0,0
204240-0-0-15.wav,0.0,0
204240-0-0-16.wav,0.0,0
204240-0-0-17.wav,0.0,0
204240-0-0-18.wav,0.0,0
204240-0-0-19.wav,0.0,0
204240-0-0-2.wav,0.0,0
204240-0-0-20.wav,0.0,0
204240-0-0-21.wav,0.0,0
204240-0-0-22.wav,0.0,0
204240-0-0-23.wav,0.0,0
204240-0-0-25.wav,0.0,0
204240-0-0-26.wav,0.0,0
204240-0-0-27.wav,0.0,0
204240-0-0-28.wav,0.0,0
204240-0-0-29.wav,0.0,0
204240-0-0-3.wav,0.0,0
204240-0-0-30.wav,0.0,0
204240-0-0-31.wav,0.0,0
204240-0-0-32.wav,0.0,0
204240-0-0-33.wav,0.0,0
204240-0-0-34.wav,0.0,0
204240-0-0-35.wav,0.0,0
204240-0-0-5.wav,0.739838,1
204240-0-0-6.wav,0.0,0
204240-0-0-7.wav,0.0,0
204240-0-0-8.wav,0.0,0
204240-0-0-9.wav,0.0,0
204408-2-0-19.wav,-1.067355,0
204408-2-0-2.wav,0.0,0
204408-2-0-21.wav,-1.067355,0
204408-2-0-36.wav,-1.067355,0
204408-2-0-54.wav,-1.067355,0
204408-2-0-8.wav,-1.067355,0
204408-2-0-83.wav,-1.067355,0
204408-2-0-9.wav,-1.067355,0
204526-2-0-121.wav,1.699617,1
204526-2-0-134.wav,1.742544,1
204526-2-0-153.wav,0.0,0
204526-2-0-160.wav,1.742544,1
204526-2-0-166.wav,0.0,0
204526-2-0-193.wav,0.0,0
204526-2-0-71.wav,0.0,0
204765-1-0-0.wav,2.258538,1
204773-3-7-1.wav,0.926417,1
204773-3-8-0.wav,1.014536,1
204773-3-9-0.wav,1.242371,1
204773-3-9-1.wav,1.242371,1
204919-3-0-0.wav,2.591163,1
204919-3-1-0.wav,0.858636,1
204919-3-3-0.wav,2.480925,1
204919-3-4-0.wav,2.480925,1
205013-6-0-0.wav,3.524439,1
205610-4-0-0.wav,0.378175,1
205610-4-0-1.wav,0.0,0
205610-4-0-2.wav,5.060579,1
205610-4-0-3.wav,5.384031,1
205610-4-0-4.wav,1.768209,1
205610-4-0-5.wav,6.849357,1
20571-3-0-0.wav,0.0,0
20571-3-1-0.wav,0.0,0
205874-4-0-0.wav,1.310181,1
205874-4-1-0.wav,1.222572,1
205874-4-10-0.wav,1.642398,1
205874-4-11-0.wav,0.0,0
205874-4-2-0.wav,1.310181,1
205874-4-3-0.wav,1.192183,1
205874-4-4-0.wav,1.657165,1
205874-4-5-0.wav,0.0,0
205874-4-6-0.wav,1.437759,1
205874-4-7-0.wav,1.333247,1
205874-4-8-0.wav,1.32762,1
205874-4-9-0.wav,0.0,0
205878-4-0-0.wav,0.0,0
206037-2-0-11.wav,-1.067355,0
206037-2-0-21.wav,-0.787823,0
206037-2-0-22.wav,1.253777,1
206037-2-0-25.wav,0.0,0
206037-2-0-3.wav,-1.067355,0
206037-2-0-38.wav,-1.067355,0
206037-2-0-4.wav,-1.067355,0
206037-2-0-40.wav,0.0,0
20688-2-0-0.wav,0.0,0
20688-2-0-1.wav,1.386565,1
20688-2-0-2.wav,1.395308,1
20688-2-0-3.wav,1.405174,1
20688-2-0-4.wav,0.358819,1
207211-2-0-100.wav,0.0,0
207211-2-0-11.wav,1.354315,1
207211-2-0-141.wav,0.0,0
207211-2-0-58.wav,-1.067355,0
207211-2-0-72.wav,0.0,0
207211-2-0-82.wav,-1.067355,0
207211-2-0-88.wav,0.0,0
207211-2-0-89.wav,-1.067355,0
207213-2-0-109.wav,0.0,0
207213-2-0-130.wav,-1.067355,0
207213-2-0-134.wav,1.646795,1
207213-2-0-41.wav,-1.067355,0
207213-2-0-52.wav,3.283447,1
207213-2-0-73.wav,-1.067355,0
207213-2-0-81.wav,0.0,0
207213-2-0-85.wav,0.0,0
207214-2-0-126.wav,1.298051,1
207214-2-0-26.wav,-1.067355,0
207214-2-0-3.wav,-1.067355,0
207214-2-0-31.wav,0.0,0
207214-2-0-54.wav,1.247792,1
207214-2-0-62.wav,0.0,0
207214-2-0-63.wav,0.0,0
207214-2-0-68.wav,0.0,0
207216-2-0-112.wav,-0.353191,0
207216-2-0-119.wav,2.545435,1
207216-2-0-128.wav,-1.067355,0
207216-2-0-130.wav,0.0,0
207216-2-0-137.wav,1.741484,1
207216-2-0-22.wav,1.031244,1
207216-2-0-43.wav,0.0,0
207216-2-0-66.wav,-1.535997,0
207369-3-0-0.wav,1.205476,1
207962-3-0-0.wav,0.930999,1
207962-3-1-0.wav,0.929127,1
207962-3-2-0.wav,0.764634,1
20841-3-2-0.wav,0.398286,1
20841-3-3-0.wav,2.346613,1
20841-3-4-0.wav,1.005843,1
20841-3-6-0.wav,2.374917,1
208652-8-0-0.wav,4.282489,1
208652-8-2-0.wav,0.0,0
208652-8-4-0.wav,10.431521,1
208652-8-6-0.wav,5.312147,1
209672-3-0-0.wav,1.014536,1
209672-3-3-0.wav,2.263224,1
209672-3-6-0.wav,1.119974,1
209672-3-8-0.wav,2.020279,1
209864-5-0-0.wav,0.0,0
209864-5-0-1.wav,0.817919,1
209864-5-0-2.wav,0.0,0
209864-5-0-3.wav,0.0,0
209992-5-0-0.wav,0.0,0
209992-5-1-4.wav,2.074208,1
209992-5-1-7.wav,2.074208,1
209992-5-2-100.wav,0.0,0
209992-5-2-114.wav,0.729705,1
209992-5-2-115.wav,0.0,0
209992-5-2-116.wav,0.0,0
209992-5-2-131.wav,2.876687,1
209992-5-2-137.wav,0.0,0
209992-5-2-138.wav,0.0,0
209992-5-2-26.wav,0.0,0
209992-5-2-42.wav,0.0,0
209992-5-2-43.wav,0.729705,1
209992-5-2-77.wav,0.0,0
209992-5-2-79.wav,0.0,0
209992-5-2-8.wav,0.0,0
209992-5-2-81.wav,0.729705,1
209992-5-2-82.wav,0.0,0
209992-5-2-87.wav,0.0,0
209992-5-2-91.wav,0.0,0
209992-5-3-22.wav,0.0,0
209992-5-3-5.wav,0.964988,1
209992-5-3-6.wav,0.964988,1
209992-5-4-1.wav,0.787202,1
209992-5-4-15.wav,0.938558,1
209992-5-4-17.wav,0.0,0
209992-5-4-3.wav,1.126759,1
21187-5-0-0.wav,0.0,0
21683-9-0-15.wav,-0.398654,0
21683-9-0-18.wav,-0.398654,0
21683-9-0-3.wav,0.0,0
21683-9-0-30.wav,-0.431568,0
21683-9-0-34.wav,-0.769203,0
21683-9-0-39.wav,-0.398654,0
21683-9-0-45.wav,-0.437351,0
21684-9-0-12.wav,0.0,0
21684-9-0-25.wav,0.0,0
21684-9-0-30.wav,0.0,0
21684-9-0-39.wav,0.0,0
21684-9-0-5.wav,0.0,0
21684-9-0-50.wav,0.0,0
21684-9-0-7.wav,0.0,0
22347-3-0-0.wav,1.07742,1
22347-3-1-1.wav,0.939349,1
22347-3-1-2.wav,2.129667,1
22347-3-3-0.wav,2.129667,1
22601-8-0-0.wav,4.461639,1
22601-8-0-1.wav,5.24719,1
22601-8-0-10.wav,4.350089,1
22601-8-0-11.wav,5.3947,1
22601-8-0-12.wav,2.500492,1
22601-8-0-13.wav,5.384031,1
22601-8-0-14.wav,5.384031,1
22601-8-0-15.wav,5.384031,1
22601-8-0-16.wav,4.350089,1
22601-8-0-17.wav,2.777666,1
22601-8-0-18.wav,2.500492,1
22601-8-0-19.wav,4.350089,1
22601-8-0-2.wav,7.122271,1
22601-8-0-20.wav,2.500492,1
22601-8-0-21.wav,4.209957,1
22601-8-0-22.wav,4.350089,1
22601-8-0-23.wav,4.128685,1
22601-8-0-24.wav,5.427064,1
22601-8-0-25.wav,5.384031,1
22601-8-0-26.wav,6.816229,1
22601-8-0-27.wav,2.769361,1
22601-8-0-28.wav,2.500492,1
22601-8-0-29.wav,4.245536,1
22601-8-0-3.wav,5.3947,1
22601-8-0-30.wav,2.540779,1
22601-8-0-31.wav,2.540779,1
22601-8-0-32.wav,4.461639,1
22601-8-0-33.wav,5.467214,1
22601-8-0-34.wav,4.475219,1
22601-8-0-35.wav,4.461639,1
22601-8-0-36.wav,2.500492,1
22601-8-0-37.wav,2.500492,1
22601-8-0-38.wav,4.461639,1
22601-8-0-39.wav,4.475219,1
22601-8-0-4.wav,4.335354,1
22601-8-0-40.wav,4.461639,1
22601-8-0-41.wav,4.461639,1
22601-8-0-42.wav,4.461639,1
22601-8-0-43.wav,4.475219,1
22601-8-0-44.wav,5.427064,1
22601-8-0-45.wav,2.500492,1
22601-8-0-46.wav,4.128685,1
22601-8-0-47.wav,2.500492,1
22601-8-0-48.wav,5.427064,1
22601-8-0-49.wav,2.500492,1
22601-8-0-5.wav,2.500492,1
22601-8-0-50.wav,1.575815,1
22601-8-0-51.wav,2.500492,1
22601-8-0-52.wav,4.702231,1
22601-8-0-53.wav,2.674935,1
22601-8-0-54.wav,8.555744,1
22601-8-0-6.wav,2.500492,1
22601-8-0-7.wav,2.500492,1
22601-8-0-8.wav,2.500492,1
22601-8-0-9.wav,4.350089,1
22882-5-0-0.wav,0.0,0
22882-5-0-1.wav,0.0,0
22883-7-1-0.wav,0.0,0
22883-7-10-0.wav,0.0,0
22883-7-100-0.wav,0.0,0
22883-7-11-0.wav,0.0,0
22883-7-110-1.wav,1.37808,1
22883-7-17-2.wav,1.37808,1
22883-7-17-4.wav,0.0,0
22883-7-17-5.wav,0.0,0
22883-7-18-0.wav,0.0,0
22883-7-19-0.wav,0.0,0
22883-7-21-0.wav,0.0,0
22883-7-23-0.wav,0.0,0
22883-7-24-0.wav,0.0,0
22883-7-27-0.wav,0.0,0
22883-7-28-0.wav,0.0,0
22883-7-29-2.wav,0.0,0
22883-7-3-0.wav,0.0,0
22883-7-33-0.wav,0.0,0
22883-7-34-0.wav,0.0,0
22883-7-35-2.wav,0.0,0
22883-7-35-3.wav,0.0,0
22883-7-36-0.wav,0.0,0
22883-7-36-1.wav,0.0,0
22883-7-36-2.wav,0.0,0
22883-7-37-0.wav,0.0,0
22883-7-39-0.wav,0.0,0
22883-7-39-1.wav,0.0,0
22883-7-40-0.wav,0.0,0
22883-7-43-2.wav,0.0,0
22883-7-44-0.wav,0.0,0
22883-7-47-2.wav,0.0,0
22883-7-48-0.wav,0.0,0
22883-7-49-1.wav,0.0,0
22883-7-49-3.wav,0.0,0
22883-7-51-0.wav,0.0,0
22883-7-53-0.wav,0.0,0
22883-7-54-0.wav,0.0,0
22883-7-58-0.wav,0.0,0
22883-7-61-0.wav,0.0,0
22883-7-61-1.wav,0.0,0
22883-7-62-0.wav,0.0,0
22883-7-63-0.wav,0.0,0
22883-7-64-0.wav,0.0,0
22883-7-67-0.wav,0.0,0
22883-7-69-0.wav,0.0,0
22883-7-7-0.wav,0.0,0
22883-7-71-0.wav,0.0,0
22883-7-72-0.wav,0.0,0
22883-7-74-0.wav,0.0,0
22883-7-77-0.wav,0.0,0
22883-7-78-2.wav,0.0,0
22883-7-81-0.wav,0.0,0
22883-7-83-0.wav,0.0,0
22883-7-86-0.wav,0.0,0
22883-7-87-0.wav,0.0,0
22883-7-9-0.wav,0.0,0
22883-7-91-0.wav,0.0,0
22883-7-92-0.wav,0.0,0
22883-7-93-0.wav,0.0,0
22883-7-98-1.wav,0.0,0
22883-7-99-2.wav,0.0,0
22883-7-99-3.wav,0.0,0
22885-5-0-0.wav,0.0,0
22962-4-0-0.wav,0.0,0
22962-4-0-1.wav,0.0,0
22962-4-0-2.wav,0.0,0
22973-3-0-0.wav,2.38109,1
22973-3-0-1.wav,0.0,0
22973-3-0-2.wav,0.884585,1
23131-3-0-0.wav,2.529579,1
23131-3-2-0.wav,2.529579,1
23131-3-4-0.wav,2.523157,1
23131-3-5-0.wav,2.495891,1
23161-6-0-0.wav,0.0,0
23161-6-1-0.wav,0.0,0
23218-5-0-0.wav,0.0,0
23219-5-0-0.wav,0.0,0
23219-5-0-1.wav,0.0,0
23219-5-0-10.wav,0.0,0
23219-5-0-11.wav,0.0,0
23219-5-0-12.wav,0.0,0
23219-5-0-13.wav,0.0,0
23219-5-0-2.wav,0.0,0
23219-5-0-3.wav,0.0,0
23219-5-0-4.wav,0.0,0
23219-5-0-5.wav,0.0,0
23219-5-0-6.wav,0.0,0
23219-5-0-7.wav,0.0,0
23219-5-0-8.wav,0.0,0
23219-5-0-9.wav,0.0,0
23219-5-1-0.wav,0.0,0
23219-5-1-1.wav,0.0,0
23219-5-1-2.wav,0.0,0
24347-8-0-0.wav,4.456205,1
24347-8-0-1.wav,5.735654,1
24347-8-0-10.wav,5.735654,1
24347-8-0-11.wav,4.241267,1
24347-8-0-12.wav,5.467214,1
24347-8-0-13.wav,5.467214,1
24347-8-0-14.wav,5.467215,1
24347-8-0-15.wav,7.122271,1
24347-8-0-16.wav,5.467215,1
24347-8-0-17.wav,5.735654,1
24347-8-0-18.wav,5.182674,1
24347-8-0-19.wav,2.921421,1
24347-8-0-2.wav,5.646721,1
24347-8-0-20.wav,2.540779,1
24347-8-0-21.wav,7.122271,1
24347-8-0-22.wav,7.122271,1
24347-8-0-23.wav,7.122271,1
24347-8-0-24.wav,4.209957,1
24347-8-0-25.wav,4.209957,1
24347-8-0-26.wav,4.241267,1
24347-8-0-27.wav,4.456205,1
24347-8-0-28.wav,7.122271,1
24347-8-0-29.wav,2.921421,1
24347-8-0-3.wav,5.646721,1
24347-8-0-30.wav,4.250873,1
24347-8-0-31.wav,2.921421,1
24347-8-0-32.wav,4.241267,1
24347-8-0-33.wav,7.122271,1
24347-8-0-34.wav,7.122271,1
24347-8-0-35.wav,7.122271,1
24347-8-0-36.wav,7.122271,1
24347-8-0-37.wav,7.122271,1
24347-8-0-38.wav,7.122271,1
24347-8-0-39.wav,5.467215,1
24347-8-0-4.wav,5.646721,1
24347-8-0-40.wav,4.103572,1
24347-8-0-41.wav,5.24719,1
24347-8-0-42.wav,7.122271,1
24347-8-0-43.wav,5.24719,1
24347-8-0-44.wav,7.122271,1
24347-8-0-45.wav,7.122271,1
24347-8-0-46.wav,7.122271,1
24347-8-0-47.wav,7.122271,1
24347-8-0-48.wav,7.122271,1
24347-8-0-49.wav,7.122271,1
24347-8-0-5.wav,5.384116,1
24347-8-0-50.wav,4.207648,1
24347-8-0-51.wav,4.207648,1
24347-8-0-52.wav,7.122271,1
24347-8-0-53.wav,7.122271,1
24347-8-0-54.wav,7.122271,1
24347-8-0-55.wav,7.122271,1
24347-8-0-56.wav,7.122271,1
24347-8-0-57.wav,7.122271,1
24347-8-0-58.wav,2.921421,1
24347-8-0-59.wav,7.122271,1
24347-8-0-6.wav,5.206333,1
24347-8-0-60.wav,7.122271,1
24347-8-0-61.wav,7.122271,1
24347-8-0-62.wav,7.122271,1
24347-8-0-63.wav,7.122271,1
24347-8-0-64.wav,7.122271,1
24347-8-0-65.wav,7.122271,1
24347-8-0-66.wav,8.9036,1
24347-8-0-67.wav,4.282489,1
24347-8-0-68.wav,5.467215,1
24347-8-0-69.wav,4.483276,1
24347-8-0-7.wav,4.282479,1
24347-8-0-70.wav,4.475219,1
24347-8-0-71.wav,5.467215,1
24347-8-0-72.wav,7.122271,1
24347-8-0-73.wav,5.467215,1
24347-8-0-74.wav,7.122271,1
24347-8-0-75.wav,5.467214,1
24347-8-0-76.wav,7.122271,1
24347-8-0-77.wav,7.122271,1
24347-8-0-78.wav,7.122271,1
24347-8-0-79.wav,5.542773,1
24347-8-0-8.wav,4.241267,1
24347-8-0-80.wav,7.122271,1
24347-8-0-81.wav,7.122271,1
24347-8-0-82.wav,7.122271,1
24347-8-0-83.wav,5.467215,1
24347-8-0-84.wav,8.9036,1
24347-8-0-85.wav,7.122271,1
24347-8-0-86.wav,7.122271,1
24347-8-0-87.wav,7.122271,1
24347-8-0-88.wav,10.431521,1
24347-8-0-89.wav,7.122271,1
24347-8-0-9.wav,5.735654,1
24347-8-0-90.wav,5.467215,1
24347-8-0-91.wav,4.274471,1
24347-8-0-92.wav,5.467215,1
24347-8-0-93.wav,5.467215,1
24347-8-0-94.wav,4.241267,1
24347-8-0-95.wav,5.735654,1
24347-8-0-96.wav,5.646721,1
24347-8-0-97.wav,7.219469,1
24347-8-0-98.wav,6.990093,1
24347-8-0-99.wav,5.646721,1
24364-4-0-0.wav,1.603729,1
24364-4-0-1.wav,0.0,0
24364-4-0-10.wav,1.237176,1
24364-4-0-11.wav,0.0,0
24364-4-0-12.wav,0.0,0
24364-4-0-2.wav,0.0,0
24364-4-0-3.wav,0.0,0
24364-4-0-4.wav,0.0,0
24364-4-0-5.wav,0.0,0
24364-4-0-6.wav,0.0,0
24364-4-0-7.wav,0.0,0
24364-4-0-8.wav,1.602443,1
24364-4-0-9.wav,1.56082,1
24632-6-0-0.wav,0.0,0
24632-6-1-0.wav,0.0,0
24652-6-0-0.wav,0.770024,1
24728-7-0-0.wav,0.0,0
24728-7-1-0.wav,1.237298,1
24728-7-2-0.wav,0.0,0
24728-7-3-0.wav,0.0,0
24728-7-4-0.wav,0.0,0
24728-7-5-0.wav,0.0,0
24965-3-0-0.wav,1.06205,1
24965-3-1-0.wav,2.263224,1
24965-3-2-0.wav,2.413377,1
24965-3-3-0.wav,1.096672,1
25037-6-0-0.wav,0.0,0
25037-6-1-0.wav,0.0,0
25038-6-0-0.wav,0.527212,1
25038-6-1-0.wav,0.527212,1
25039-6-0-0.wav,0.527212,1
26173-8-0-0.wav,7.122271,1
26184-5-0-0.wav,0.0,0
26184-5-1-0.wav,0.0,0
26184-5-2-0.wav,0.0,0
26184-5-3-0.wav,0.0,0
26184-5-4-0.wav,0.0,0
26184-5-4-1.wav,0.0,0
26184-5-4-2.wav,0.0,0
26184-5-4-3.wav,0.0,0
26185-1-0-0.wav,0.824514,1
26185-1-1-0.wav,0.809207,1
26186-1-0-0.wav,0.819355,1
26255-3-0-0.wav,0.0,0
26255-3-13-1.wav,0.380453,1
26255-3-6-0.wav,0.0,0
26255-3-8-0.wav,0.788691,1
26256-3-4-0.wav,0.788691,1
26256-3-5-22.wav,0.380453,1
26256-3-6-6.wav,0.770024,1
26256-3-7-36.wav,0.380453,1
26270-9-0-19.wav,0.0,0
26270-9-0-23.wav,0.0,0
26270-9-0-3.wav,0.0,0
26270-9-0-30.wav,0.0,0
26270-9-0-32.wav,0.0,0
26270-9-0-35.wav,0.0,0
26344-4-0-0.wav,0.0,0
26344-4-1-0.wav,0.0,0
27070-2-0-0.wav,0.360148,1
27070-2-0-2.wav,1.140397,1
27070-2-0-3.wav,0.0,0
27070-2-0-4.wav,1.140397,1
27070-2-0-5.wav,1.140397,1
27070-2-0-7.wav,0.0,0
27070-2-0-8.wav,0.0,0
27216-3-0-18.wav,1.242371,1
27216-3-0-21.wav,1.242371,1
27216-3-0-24.wav,0.979165,1
27216-3-0-9.wav,1.242371,1
27217-3-0-13.wav,1.014536,1
27217-3-0-22.wav,2.467756,1
27217-3-0-6.wav,0.985849,1
27349-3-0-2.wav,2.480925,1
27349-3-0-6.wav,2.480925,1
27349-3-1-2.wav,2.367023,1
27349-3-2-1.wav,1.052548,1
28284-3-0-0.wav,1.052548,1
28284-3-0-1.wav,1.052548,1
28284-3-1-0.wav,1.161187,1
28385-9-0-32.wav,0.410267,1
28385-9-0-33.wav,-2.065804,0
28385-9-0-44.wav,0.380584,1
28385-9-0-46.wav,0.409804,1
28385-9-0-57.wav,0.409804,1
28385-9-0-65.wav,0.410267,1
28385-9-0-9.wav,-0.353062,0
28426-8-0-0.wav,5.384031,1
28426-8-1-0.wav,2.540779,1
28426-8-2-0.wav,5.384031,1
2937-1-0-0.wav,2.667719,1
29721-4-0-0.wav,0.0,0
29721-4-0-1.wav,0.0,0
29721-4-0-10.wav,0.0,0
29721-4-0-11.wav,0.0,0
29721-4-0-12.wav,0.0,0
29721-4-0-13.wav,0.0,0
29721-4-0-14.wav,0.0,0
29721-4-0-2.wav,0.0,0
29721-4-0-3.wav,0.0,0
29721-4-0-4.wav,0.0,0
29721-4-0-5.wav,0.0,0
29721-4-0-6.wav,0.0,0
29721-4-0-7.wav,0.0,0
29721-4-0-8.wav,0.0,0
29721-4-0-9.wav,0.0,0
29722-4-0-0.wav,0.0,0
29722-4-0-1.wav,0.0,0
29722-4-0-2.wav,0.0,0
29722-4-0-3.wav,0.0,0
29722-4-0-4.wav,0.0,0
29722-4-0-5.wav,0.0,0
29722-4-0-6.wav,0.0,0
29932-1-0-0.wav,0.323903,1
29932-1-1-0.wav,5.163207,1
29936-3-0-0.wav,0.931524,1
29936-3-1-0.wav,0.77488,1
29936-3-2-0.wav,0.0,0
29936-3-3-0.wav,0.898422,1
29937-3-0-14.wav,0.898422,1
29937-3-0-4.wav,0.903279,1
29937-3-0-6.wav,0.782361,1
29937-3-0-8.wav,0.0,0
30204-0-0-0.wav,0.0,0
30204-0-0-1.wav,0.0,0
30204-0-0-10.wav,0.0,0
30204-0-0-11.wav,0.0,0
30204-0-0-12.wav,0.0,0
30204-0-0-13.wav,0.0,0
30204-0-0-2.wav,0.0,0
30204-0-0-3.wav,0.0,0
30204-0-0-4.wav,0.0,0
30204-0-0-5.wav,0.0,0
30204-0-0-6.wav,0.0,0
30204-0-0-7.wav,0.0,0
30204-0-0-8.wav,0.0,0
30204-0-0-9.wav,0.0,0
30206-7-0-0.wav,0.0,0
30206-7-0-1.wav,0.377175,1
30206-7-0-10.wav,0.0,0
30206-7-0-11.wav,0.0,0
30206-7-0-12.wav,0.0,0
30206-7-0-13.wav,0.0,0
30206-7-0-14.wav,0.0,0
30206-7-0-15.wav,0.0,0
30206-7-0-16.wav,0.0,0
30206-7-0-17.wav,0.759833,1
30206-7-0-18.wav,1.738968,1
30206-7-0-19.wav,0.0,0
30206-7-0-2.wav,0.0,0
30206-7-0-20.wav,0.0,0
30206-7-0-21.wav,0.0,0
30206-7-0-22.wav,0.0,0
30206-7-0-23.wav,0.0,0
30206-7-0-24.wav,0.0,0
30206-7-0-25.wav,0.0,0
30206-7-0-26.wav,0.0,0
30206-7-0-27.wav,0.0,0
30206-7-0-28.wav,0.0,0
30206-7-0-29.wav,0.0,0
30206-7-0-3.wav,0.0,0
30206-7-0-30.wav,0.0,0
30206-7-0-31.wav,0.0,0
30206-7-0-32.wav,0.0,0
30206-7-0-33.wav,0.789555,1
30206-7-0-34.wav,0.0,0
30206-7-0-35.wav,0.0,0
30206-7-0-36.wav,0.0,0
30206-7-0-37.wav,0.0,0
30206-7-0-38.wav,0.0,0
30206-7-0-39.wav,0.0,0
30206-7-0-4.wav,0.0,0
30206-7-0-5.wav,0.0,0
30206-7-0-6.wav,0.0,0
30206-7-0-7.wav,0.0,0
30206-7-0-8.wav,0.0,0
30206-7-0-9.wav,0.0,0
30823-8-0-0.wav,5.384031,1
30832-3-1-0.wav,2.480925,1
30832-3-12-0.wav,1.052548,1
30832-3-5-1.wav,2.480925,1
30832-3-7-0.wav,1.052548,1
31150-2-0-1.wav,0.0,0
31150-2-0-14.wav,1.415587,1
31150-2-0-17.wav,1.415587,1
31150-2-0-2.wav,0.0,0
31150-2-0-24.wav,1.333549,1
31150-2-0-34.wav,1.354315,1
31150-2-0-6.wav,2.796617,1
31323-3-0-1.wav,0.979165,1
31323-3-0-2.wav,0.856902,1
31323-3-0-20.wav,1.242371,1
31323-3-0-22.wav,1.242371,1
31325-3-1-0.wav,0.847167,1
31325-3-1-1.wav,0.979165,1
31325-3-3-6.wav,2.129667,1
31325-3-4-0.wav,2.129667,1
31840-3-0-0.wav,2.365641,1
31840-3-1-0.wav,2.263224,1
31884-7-0-0.wav,0.0,0
31884-7-0-1.wav,0.0,0
31884-7-0-2.wav,0.0,0
31884-7-0-3.wav,0.0,0
31884-7-1-0.wav,0.0,0
31884-7-1-1.wav,0.0,0
31884-7-1-2.wav,0.0,0
31884-7-1-3.wav,0.327183,1
31884-7-1-4.wav,0.0,0
31973-9-0-43.wav,0.0,0
31973-9-0-51.wav,0.0,0
31973-9-0-56.wav,0.415383,1
31973-9-0-57.wav,0.0,0
31973-9-0-64.wav,-1.958603,0
31973-9-0-71.wav,0.316337,1
32417-1-0-0.wav,5.505211,1
33340-7-0-0.wav,0.0,0
33340-7-1-0.wav,0.0,0
33340-7-10-0.wav,0.0,0
33340-7-11-0.wav,0.0,0
33340-7-12-0.wav,0.0,0
33340-7-13-0.wav,0.0,0
33340-7-14-0.wav,0.0,0
33340-7-15-0.wav,0.0,0
33340-7-16-0.wav,-0.382293,0
33340-7-2-0.wav,0.0,0
33340-7-3-0.wav,0.0,0
33340-7-4-0.wav,0.0,0
33340-7-5-0.wav,1.383282,1
33340-7-6-0.wav,0.0,0
33340-7-7-0.wav,0.0,0
33340-7-8-0.wav,0.0,0
33340-7-9-0.wav,0.0,0
33641-3-1-0.wav,0.86767,1
33641-3-7-0.wav,0.858719,1
33641-3-8-0.wav,1.039054,1
33641-3-9-0.wav,1.01182,1
33696-3-0-0.wav,0.943771,1
33696-3-4-0.wav,0.380453,1
33696-3-4-1.wav,0.0,0
33696-3-6-1.wav,0.788691,1
33849-3-0-0.wav,2.365641,1
33849-3-2-0.wav,2.413377,1
33849-3-3-0.wav,0.86767,1
33849-3-4-0.wav,2.263224,1
34050-7-0-0.wav,0.0,0
34050-7-1-0.wav,0.0,0
34050-7-2-0.wav,0.0,0
34050-7-3-0.wav,0.0,0
34050-7-4-0.wav,0.0,0
34050-7-5-0.wav,0.0,0
34050-7-6-0.wav,0.0,0
34056-2-0-2.wav,-1.067355,0
34056-2-0-22.wav,0.0,0
34056-2-0-40.wav,1.736882,1
34056-2-0-42.wav,-1.067355,0
34056-2-0-48.wav,0.0,0
34056-2-0-61.wav,-0.710946,0
34056-2-0-80.wav,-0.359318,0
34241-1-0-0.wav,2.600644,1
34241-1-1-0.wav,2.768175,1
34241-1-2-0.wav,2.578321,1
344-3-0-0.wav,2.253061,1
344-3-1-0.wav,0.979165,1
344-3-4-0.wav,2.129667,1
344-3-5-0.wav,2.129667,1
34621-4-0-0.wav,0.0,0
34621-4-1-0.wav,1.197751,1
34621-4-11-0.wav,0.0,0
34621-4-12-0.wav,0.0,0
34621-4-13-0.wav,0.719577,1
34621-4-14-0.wav,0.0,0
34621-4-15-0.wav,0.0,0
34621-4-16-0.wav,0.0,0
34621-4-17-0.wav,4.598328,1
34621-4-18-0.wav,0.0,0
34621-4-2-0.wav,0.71346,1
34621-4-20-0.wav,0.0,0
34621-4-21-0.wav,0.0,0
34621-4-22-0.wav,0.0,0
34621-4-24-0.wav,0.0,0
34621-4-25-0.wav,0.0,0
34621-4-26-0.wav,3.400505,1
34621-4-27-0.wav,0.0,0
34621-4-4-0.wav,3.641027,1
34621-4-5-0.wav,0.0,0
34621-4-7-0.wav,0.789054,1
34621-4-8-0.wav,0.362685,1
34643-4-0-0.wav,0.397316,1
34643-4-1-0.wav,0.0,0
34643-4-1-1.wav,1.973993,1
34643-4-2-0.wav,0.0,0
34643-4-2-1.wav,0.0,0
34643-4-2-2.wav,0.0,0
34708-6-0-0.wav,2.134784,1
34708-6-1-0.wav,1.499693,1
34708-6-2-0.wav,2.134784,1
34708-6-3-0.wav,2.274701,1
34708-6-4-0.wav,2.118347,1
34708-6-5-0.wav,2.134784,1
34771-3-0-10.wav,2.129667,1
34771-3-0-14.wav,2.129667,1
34771-3-0-4.wav,2.129667,1
34771-3-0-5.wav,2.129667,1
34866-9-0-10.wav,0.0,0
34866-9-0-11.wav,0.0,0
34866-9-0-13.wav,0.0,0
34866-9-0-3.wav,0.0,0
34866-9-0-5.wav,0.0,0
34866-9-0-9.wav,0.0,0
34871-3-11-0.wav,1.052548,1
34871-3-6-0.wav,2.129667,1
34871-3-8-0.wav,2.467756,1
34871-3-9-0.wav,2.376705,1
34872-3-0-0.wav,0.86767,1
34872-3-0-1.wav,0.839944,1
34872-3-0-2.wav,0.867072,1
34931-3-0-0.wav,1.014536,1
34952-8-0-0.wav,0.0,0
34952-8-0-1.wav,5.209593,1
34952-8-0-2.wav,4.321968,1
34952-8-0-3.wav,10.571722,1
34952-8-0-4.wav,5.173459,1
34952-8-0-5.wav,4.423496,1
34952-8-0-6.wav,5.384031,1
34952-8-0-7.wav,13.141864,1
35296-3-0-0.wav,2.480925,1
35296-3-1-0.wav,2.480925,1
35296-3-2-0.wav,1.191508,1
35382-0-0-0.wav,0.0,0
35382-0-0-1.wav,0.0,0
35548-9-0-10.wav,-0.749301,0
35548-9-0-21.wav,-0.774233,0
35548-9-0-23.wav,0.0,0
35548-9-1-14.wav,-0.406472,0
35548-9-2-7.wav,0.0,0
35548-9-2-9.wav,0.0,0
35549-9-0-14.wav,0.0,0
35549-9-0-2.wav,0.0,0
35549-9-0-28.wav,0.0,0
35549-9-0-47.wav,0.0,0
35549-9-0-51.wav,0.0,0
35549-9-0-58.wav,0.381857,1
35628-3-0-0.wav,2.346613,1
35629-3-0-0.wav,2.467756,1
35629-3-1-0.wav,2.403753,1
35629-3-2-0.wav,2.346613,1
35629-3-3-0.wav,2.346613,1
35799-6-0-0.wav,2.822742,1
35800-6-0-0.wav,2.337187,1
36263-9-0-12.wav,0.0,0
36263-9-0-13.wav,0.0,0
36263-9-0-17.wav,0.0,0
36263-9-0-2.wav,0.320227,1
36263-9-0-3.wav,0.0,0
36263-9-0-5.wav,-0.363092,0
36264-9-0-0.wav,0.0,0
36264-9-0-1.wav,0.0,0
36264-9-0-10.wav,0.0,0
36264-9-0-2.wav,0.0,0
36264-9-0-5.wav,0.0,0
36264-9-0-7.wav,0.0,0
36403-6-0-0.wav,2.095724,1
36429-2-0-13.wav,1.125919,1
36429-2-0-14.wav,-0.354897,0
36429-2-0-15.wav,0.0,0
36429-2-0-18.wav,0.0,0
36429-2-0-23.wav,0.0,0
36429-2-0-6.wav,-1.097122,0
36429-2-0-7.wav,0.375573,1
36902-3-0-0.wav,1.117044,1
36902-3-1-0.wav,1.117044,1
36902-3-2-0.wav,2.129667,1
37236-6-0-0.wav,2.134784,1
37560-4-0-0.wav,0.0,0
37560-4-0-1.wav,0.0,0
37560-4-0-2.wav,0.0,0
37560-4-0-3.wav,0.0,0
37560-4-0-4.wav,0.0,0
37560-4-0-5.wav,0.0,0
37869-3-0-0.wav,0.862992,1
37869-3-1-0.wav,0.839944,1
37869-3-3-0.wav,0.86767,1
37869-3-5-0.wav,1.062383,1
38121-3-0-0.wav,0.985849,1
38231-3-0-0.wav,1.02512,1
38231-3-2-0.wav,0.847167,1
38231-3-3-0.wav,1.014536,1
38231-3-4-0.wav,0.867072,1
38236-3-2-2.wav,0.985849,1
38236-3-2-3.wav,0.897039,1
38236-3-3-0.wav,1.014536,1
39532-4-0-0.wav,0.0,0
39532-4-1-0.wav,0.0,0
39532-4-2-0.wav,0.0,0
39532-4-3-0.wav,0.0,0
39533-4-0-0.wav,0.0,0
39533-4-1-0.wav,0.0,0
39847-5-0-0.wav,0.0,0
39847-5-0-1.wav,0.0,0
39847-5-0-10.wav,0.0,0
39847-5-0-11.wav,0.0,0
39847-5-0-12.wav,0.0,0
39847-5-0-2.wav,0.0,0
39847-5-0-3.wav,0.0,0
39847-5-0-4.wav,0.0,0
39847-5-0-5.wav,0.0,0
39847-5-0-6.wav,0.0,0
39847-5-0-7.wav,0.0,0
39847-5-0-8.wav,0.0,0
39847-5-0-9.wav,0.0,0
39847-5-1-0.wav,0.0,0
39852-5-0-0.wav,0.0,0
39852-5-0-1.wav,0.0,0
39854-5-0-0.wav,0.0,0
39854-5-1-0.wav,0.0,0
39854-5-1-1.wav,0.0,0
39854-5-1-2.wav,0.0,0
39854-5-1-3.wav,0.0,0
39854-5-1-4.wav,0.0,0
39856-5-0-0.wav,0.0,0
39856-5-0-1.wav,0.0,0
39856-5-0-10.wav,0.0,0
39856-5-0-11.wav,0.817919,1
39856-5-0-12.wav,0.0,0
39856-5-0-13.wav,0.0,0
39856-5-0-14.wav,0.0,0
39856-5-0-15.wav,0.0,0
39856-5-0-16.wav,0.0,0
39856-5-0-17.wav,0.0,0
39856-5-0-18.wav,0.0,0
39856-5-0-19.wav,0.0,0
39856-5-0-2.wav,0.0,0
39856-5-0-20.wav,0.0,0
39856-5-0-21.wav,0.0,0
39856-5-0-22.wav,0.0,0
39856-5-0-23.wav,0.0,0
39856-5-0-24.wav,0.0,0
39856-5-0-25.wav,0.0,0
39856-5-0-26.wav,0.0,0
39856-5-0-27.wav,0.0,0
39856-5-0-28.wav,0.0,0
39856-5-0-3.wav,0.0,0
39856-5-0-4.wav,0.0,0
39856-5-0-5.wav,0.0,0
39856-5-0-6.wav,0.0,0
39856-5-0-7.wav,0.0,0
39856-5-0-8.wav,0.0,0
39856-5-0-9.wav,0.0,0
39857-5-0-0.wav,0.0,0
39857-5-0-1.wav,0.0,0
39857-5-0-2.wav,0.0,0
39857-5-1-0.wav,0.0,0
39857-5-1-1.wav,0.0,0
39857-5-1-2.wav,0.0,0
39857-5-1-3.wav,0.0,0
39857-5-2-0.wav,0.0,0
39857-5-3-0.wav,0.0,0
39857-5-4-0.wav,0.0,0
39857-5-5-0.wav,0.0,0
39857-5-5-1.wav,0.0,0
39884-5-0-0.wav,0.0,0
39884-5-0-1.wav,0.0,0
39884-5-0-2.wav,0.0,0
39884-5-0-3.wav,0.0,0
39884-5-0-4.wav,0.0,0
39884-5-0-5.wav,0.0,0
39884-5-0-6.wav,0.0,0
39884-5-0-7.wav,0.0,0
39967-9-0-0.wav,-0.434362,0
39967-9-0-100.wav,0.0,0
39967-9-0-44.wav,0.0,0
39967-9-0-56.wav,0.0,0
39967-9-0-78.wav,0.0,0
39967-9-0-99.wav,0.0,0
39968-9-0-144.wav,0.0,0
39968-9-0-173.wav,0.0,0
39968-9-0-181.wav,0.0,0
39968-9-0-227.wav,0.0,0
39968-9-0-69.wav,0.0,0
39968-9-0-81.wav,0.0,0
39970-9-0-108.wav,0.0,0
39970-9-0-142.wav,0.0,0
39970-9-0-41.wav,0.0,0
39970-9-0-46.wav,0.0,0
39970-9-0-54.wav,0.0,0
39970-9-0-98.wav,0.0,0
40717-8-0-0.wav,5.27876,1
40717-8-0-1.wav,0.0,0
40717-8-0-2.wav,0.0,0
40717-8-0-3.wav,0.0,0
40717-8-0-4.wav,0.770024,1
40717-8-0-5.wav,0.0,0
40717-8-0-6.wav,0.0,0
40722-8-0-0.wav,5.255777,1
40722-8-0-1.wav,5.384116,1
40722-8-0-2.wav,4.245248,1
40722-8-0-3.wav,3.952965,1
40722-8-0-4.wav,3.952965,1
40722-8-0-5.wav,5.345534,1
40722-8-0-6.wav,3.928323,1
40722-8-0-7.wav,3.952965,1
40722-8-0-8.wav,6.990093,1
41306-3-0-10.wav,2.374917,1
41306-3-0-13.wav,0.898422,1
41306-3-0-4.wav,1.147639,1
41364-9-0-11.wav,0.0,0
41364-9-0-18.wav,0.0,0
41364-9-0-22.wav,0.0,0
41364-9-0-23.wav,0.0,0
41364-9-0-24.wav,0.0,0
41364-9-0-27.wav,0.0,0
41372-3-0-25.wav,1.052548,1
41372-3-0-36.wav,2.480926,1
41372-3-0-39.wav,2.480926,1
41372-3-0-51.wav,1.052548,1
41918-3-0-0.wav,0.905721,1
41918-3-0-1.wav,0.994099,1
4201-3-0-0.wav,0.0,0
4201-3-1-0.wav,1.979521,1
4201-3-2-0.wav,0.0,0
4201-3-3-0.wav,1.052548,1
42097-7-0-0.wav,0.0,0
42097-7-0-1.wav,0.0,0
42097-7-0-2.wav,0.0,0
42117-8-0-0.wav,5.49129,1
42117-8-0-1.wav,4.241267,1
42117-8-0-10.wav,4.461639,1
42117-8-0-11.wav,7.122271,1
42117-8-0-12.wav,7.122271,1
42117-8-0-13.wav,4.475219,1
42117-8-0-14.wav,2.769361,1
42117-8-0-2.wav,5.24719,1
42117-8-0-3.wav,2.769361,1
42117-8-0-4.wav,2.769361,1
42117-8-0-5.wav,2.777666,1
42117-8-0-6.wav,4.350089,1
42117-8-0-7.wav,4.350089,1
42117-8-0-8.wav,4.461639,1
42117-8-0-9.wav,4.461639,1
42117-8-1-0.wav,2.395982,1
42324-4-0-0.wav,0.0,0
42324-4-1-0.wav,0.0,0
42324-4-2-0.wav,0.0,0
42324-4-2-1.wav,0.0,0
42324-4-2-2.wav,1.348649,1
42324-4-2-3.wav,1.508179,1
42324-4-2-4.wav,0.0,0
42371-3-0-0.wav,2.38109,1
42937-4-0-0.wav,1.306512,1
42937-4-0-1.wav,1.602443,1
42937-4-0-2.wav,0.0,0
42953-9-0-16.wav,0.0,0
42953-9-0-21.wav,0.0,0
42953-9-0-28.wav,0.0,0
42953-9-0-37.wav,0.0,0
42953-9-0-49.wav,0.0,0
42953-9-0-50.wav,0.0,0
42954-9-0-12.wav,0.0,0
42954-9-0-18.wav,0.0,0
42954-9-0-2.wav,0.0,0
42954-9-0-20.wav,0.0,0
42954-9-0-22.wav,0.0,0
42954-9-0-5.wav,0.0,0
42955-9-0-12.wav,0.0,0
42955-9-0-14.wav,0.0,0
42955-9-0-18.wav,0.0,0
42955-9-0-19.wav,0.0,0
42955-9-0-22.wav,0.0,0
43784-3-1-0.wav,0.839944,1
43786-3-0-0.wav,1.034024,1
43786-3-1-0.wav,0.861203,1
43787-3-0-0.wav,2.109398,1
43787-3-1-0.wav,2.388035,1
43787-3-2-0.wav,1.242371,1
43787-3-3-0.wav,1.06205,1
43802-1-2-0.wav,0.0,0
43805-8-0-0.wav,4.335354,1
43805-8-1-0.wav,9.264416,1
43805-8-2-0.wav,11.297638,1
43805-8-3-0.wav,9.279182,1
43805-8-4-0.wav,4.46709,1
44110-3-0-0.wav,2.467757,1
44110-3-1-0.wav,0.764634,1
44110-3-3-0.wav,2.480925,1
44110-3-4-0.wav,2.445327,1
44278-1-0-0.wav,0.0,0
44278-1-1-0.wav,0.345264,1
44325-9-0-18.wav,0.0,0
44325-9-0-21.wav,0.410267,1
44325-9-0-35.wav,0.0,0
44325-9-0-67.wav,0.0,0
44325-9-0-72.wav,0.410267,1
44325-9-0-78.wav,0.410267,1
44735-5-0-0.wav,0.0,0
44735-5-0-1.wav,0.0,0
44736-5-0-0.wav,0.0,0
44736-5-0-1.wav,0.0,0
44737-5-0-0.wav,0.0,0
44737-5-0-1.wav,0.0,0
44737-5-0-2.wav,0.0,0
44737-5-0-3.wav,0.0,0
44831-3-0-0.wav,2.480925,1
44831-3-1-0.wav,2.129667,1
44831-3-2-0.wav,2.373022,1
45256-1-0-0.wav,2.615495,1
46299-2-0-0.wav,0.0,0
46299-2-0-16.wav,1.247925,1
46299-2-0-21.wav,0.0,0
46299-2-0-22.wav,-1.067355,0
46299-2-0-36.wav,1.247925,1
46299-2-0-48.wav,0.0,0
46299-2-0-8.wav,0.719319,1
46299-2-0-9.wav,0.007856,1
46391-1-0-0.wav,2.755253,1
46391-1-1-0.wav,2.712703,1
46654-6-0-0.wav,2.083236,1
46655-6-0-0.wav,1.787451,1
46656-6-1-0.wav,1.488903,1
46656-6-2-0.wav,1.488903,1
46656-6-3-0.wav,1.488903,1
46656-6-4-0.wav,1.640632,1
46656-6-5-0.wav,1.344473,1
46668-4-0-0.wav,0.0,0
46668-4-0-1.wav,0.0,0
46668-4-0-2.wav,0.0,0
46669-4-0-0.wav,0.0,0
46669-4-0-10.wav,0.0,0
46669-4-0-2.wav,0.0,0
46669-4-0-24.wav,0.0,0
46669-4-0-26.wav,0.0,0
46669-4-0-3.wav,0.0,0
46669-4-0-30.wav,0.375339,1
46669-4-0-31.wav,0.0,0
46669-4-0-32.wav,0.0,0
46669-4-0-33.wav,0.0,0
46669-4-0-35.wav,0.0,0
46669-4-0-36.wav,0.0,0
46669-4-0-37.wav,0.0,0
46669-4-0-39.wav,0.0,0
46669-4-0-4.wav,0.0,0
46669-4-0-45.wav,0.0,0
46669-4-0-48.wav,0.0,0
46669-4-0-49.wav,0.0,0
46669-4-0-54.wav,0.0,0
46669-4-0-61.wav,0.0,0
46669-4-0-63.wav,0.0,0
46669-4-0-8.wav,0.0,0
46669-4-0-9.wav,0.0,0
46918-5-0-0.wav,4.992774,1
46918-5-0-1.wav,3.357364,1
46918-5-0-2.wav,3.505665,1
47019-2-0-42.wav,1.225661,1
47019-2-0-44.wav,0.0,0
47019-2-0-55.wav,0.0,0
47019-2-0-65.wav,1.354315,1
47019-2-0-66.wav,1.354315,1
47019-2-0-69.wav,1.449401,1
47019-2-0-73.wav,1.354315,1
47160-0-0-0.wav,0.0,0
47160-0-0-1.wav,0.0,0
47160-0-0-2.wav,0.0,0
47160-0-0-3.wav,0.0,0
47160-0-0-4.wav,0.0,0
47926-3-0-0.wav,0.928031,1
47926-3-1-0.wav,1.469101,1
47926-3-2-0.wav,0.776234,1
47926-3-3-0.wav,0.867223,1
4910-3-0-0.wav,1.06205,1
4912-3-0-0.wav,2.020279,1
4912-3-1-0.wav,2.413377,1
4912-3-2-0.wav,2.413377,1
4912-3-3-0.wav,2.020279,1
4918-3-0-0.wav,2.385056,1
4918-3-1-0.wav,2.263224,1
4918-3-3-0.wav,1.068733,1
4918-3-4-0.wav,2.129667,1
49312-2-0-1.wav,0.0,0
49312-2-0-10.wav,-1.067355,0
49312-2-0-16.wav,0.0,0
49312-2-0-17.wav,-1.067355,0
49312-2-0-2.wav,0.0,0
49312-2-0-5.wav,-1.067355,0
49312-2-0-7.wav,-1.067355,0
49313-2-0-1.wav,0.0,0
49313-2-0-10.wav,0.0,0
49313-2-0-13.wav,-0.760384,0
49313-2-0-20.wav,1.168265,1
49313-2-0-30.wav,0.0,0
49313-2-0-4.wav,0.0,0
49313-2-0-9.wav,0.0,0
49485-9-0-138.wav,0.0,0
49485-9-0-142.wav,0.0,0
49485-9-0-154.wav,0.0,0
49485-9-0-24.wav,0.0,0
49485-9-0-28.wav,0.0,0
49485-9-0-91.wav,0.0,0
49769-5-0-0.wav,0.0,0
49769-5-1-0.wav,0.0,0
49808-3-0-6.wav,1.052548,1
49808-3-1-22.wav,1.052548,1
49808-3-1-8.wav,1.052548,1
49809-3-0-0.wav,1.133914,1
49809-3-3-0.wav,2.129667,1
49809-3-4-0.wav,2.129667,1
49974-1-0-0.wav,2.621486,1
50223-3-0-1.wav,0.970155,1
50223-3-0-10.wav,0.920833,1
50223-3-0-3.wav,1.00206,1
50223-3-0-6.wav,1.00206,1
50413-4-0-0.wav,1.367752,1
50413-4-0-1.wav,0.0,0
50413-4-0-2.wav,0.0,0
50413-4-0-3.wav,0.0,0
50414-4-0-0.wav,0.0,0
50414-4-0-1.wav,0.0,0
50415-4-0-0.wav,0.0,0
50415-4-0-1.wav,0.0,0
50416-4-0-0.wav,0.0,0
50416-4-0-1.wav,0.0,0
50416-4-0-2.wav,1.147088,1
50454-5-0-0.wav,0.0,0
50455-5-0-0.wav,0.0,0
50612-3-0-0.wav,0.929127,1
50613-3-0-0.wav,1.055417,1
50614-3-0-0.wav,0.985849,1
50618-6-0-0.wav,2.621072,1
50629-4-0-0.wav,0.0,0
50629-4-0-1.wav,0.0,0
50629-4-1-0.wav,0.0,0
50629-4-1-1.wav,0.0,0
50629-4-1-11.wav,0.0,0
50629-4-1-13.wav,0.0,0
50629-4-1-2.wav,0.0,0
50629-4-1-3.wav,0.0,0
50629-4-1-4.wav,0.355285,1
50629-4-1-8.wav,0.0,0
50629-4-1-9.wav,0.0,0
50629-4-2-0.wav,0.0,0
50629-4-3-0.wav,0.0,0
50629-4-4-0.wav,0.0,0
50629-4-4-3.wav,0.0,0
50629-4-4-8.wav,0.0,0
50629-4-4-9.wav,0.0,0
50661-5-0-0.wav,0.0,0
50661-5-0-1.wav,0.0,0
50661-5-0-2.wav,0.0,0
50661-5-0-3.wav,0.0,0
50661-5-0-4.wav,0.0,0
50661-5-0-5.wav,0.0,0
50668-5-0-0.wav,0.0,0
50668-5-0-1.wav,0.0,0
50668-5-0-2.wav,0.0,0
50668-5-1-0.wav,1.602443,1
50668-5-2-0.wav,0.0,0
50668-5-3-0.wav,0.0,0
50668-5-4-0.wav,0.0,0
50668-5-5-0.wav,0.0,0
50668-5-5-1.wav,0.0,0
50668-5-5-2.wav,0.0,0
50668-5-6-0.wav,0.0,0
50668-5-7-0.wav,0.0,0
50885-3-0-2.wav,2.308147,1
50885-3-0-3.wav,2.308147,1
50885-3-0-4.wav,1.161187,1
50885-3-0-5.wav,2.38109,1
50898-5-0-0.wav,0.0,0
50901-0-0-0.wav,0.0,0
50901-0-1-0.wav,0.0,0
50901-0-1-1.wav,0.0,0
51022-3-13-0.wav,0.0,0
51022-3-29-0.wav,1.095908,1
51022-3-30-4.wav,0.0,0
51022-3-7-0.wav,0.0,0
51024-3-0-16.wav,0.0,0
51024-3-0-2.wav,1.052548,1
51024-3-0-23.wav,1.052548,1
51024-3-0-3.wav,0.964065,1
51027-3-0-7.wav,3.648421,1
51027-3-0-9.wav,2.367023,1
51027-3-1-1.wav,3.648421,1
51027-3-1-4.wav,2.376705,1
518-4-0-0.wav,1.400636,1
518-4-0-1.wav,0.0,0
518-4-0-2.wav,0.0,0
518-4-0-3.wav,0.0,0
52077-3-0-13.wav,1.242371,1
52077-3-0-17.wav,1.050123,1
52077-3-0-3.wav,0.86767,1
52077-3-0-8.wav,1.242371,1
52102-1-0-0.wav,5.468068,1
52171-3-2-0.wav,0.0,0
52171-3-3-0.wav,0.0,0
52171-3-6-0.wav,0.0,0
52171-3-6-1.wav,2.224201,1
52284-6-0-0.wav,2.266422,1
52411-9-0-4.wav,-1.535696,0
52411-9-0-52.wav,0.383942,1
52411-9-0-6.wav,-1.562006,0
52411-9-0-64.wav,-1.958603,0
52411-9-0-66.wav,-1.958603,0
52411-9-0-79.wav,-1.958603,0
52441-3-0-0.wav,1.041272,1
52441-3-0-13.wav,1.00206,1
52441-3-0-8.wav,1.041272,1
52441-3-1-2.wav,2.480926,1
52633-3-0-1.wav,0.839944,1
52633-3-0-2.wav,0.86767,1
52633-3-0-8.wav,1.014536,1
52633-3-0-9.wav,0.968318,1
52740-3-0-0.wav,0.770024,1
52740-3-0-1.wav,0.0,0
52740-3-0-2.wav,0.0,0
52740-3-0-3.wav,2.367023,1
52882-2-0-0.wav,0.0,0
52882-2-0-11.wav,0.0,0
52882-2-0-3.wav,0.0,0
52882-2-0-4.wav,0.0,0
52882-2-0-6.wav,0.0,0
52882-2-0-7.wav,0.0,0
52882-2-0-8.wav,0.0,0
54067-2-0-23.wav,0.0,0
54067-2-0-33.wav,0.417657,1
54067-2-0-48.wav,0.0,0
54067-2-0-60.wav,0.0,0
54067-2-0-70.wav,1.742544,1
54067-2-0-71.wav,1.489947,1
54067-2-0-80.wav,0.0,0
54081-9-0-24.wav,0.0,0
54081-9-0-47.wav,0.0,0
54081-9-0-56.wav,0.0,0
54081-9-0-87.wav,0.0,0
54081-9-0-93.wav,0.0,0
54173-2-0-18.wav,-1.067355,0
54173-2-0-2.wav,-0.787823,0
54173-2-0-21.wav,0.0,0
54173-2-0-26.wav,0.0,0
54173-2-0-28.wav,3.410382,1
54173-2-0-4.wav,0.381857,1
54173-2-0-5.wav,0.381857,1
54173-2-0-9.wav,1.287527,1
54187-1-0-0.wav,1.261871,1
54187-1-0-1.wav,1.261871,1
54187-1-0-2.wav,1.261871,1
54187-1-0-3.wav,1.261871,1
54187-1-0-4.wav,1.261871,1
54383-0-0-0.wav,0.0,0
54383-0-0-1.wav,0.0,0
54383-0-0-10.wav,0.0,0
54383-0-0-11.wav,0.0,0
54383-0-0-2.wav,0.0,0
54383-0-0-3.wav,0.0,0
54383-0-0-4.wav,0.0,0
54383-0-0-5.wav,0.0,0
54383-0-0-6.wav,0.0,0
54383-0-0-7.wav,0.0,0
54383-0-0-8.wav,0.0,0
54383-0-0-9.wav,0.0,0
54545-3-0-0.wav,1.052548,1
54545-3-0-1.wav,1.052548,1
54545-3-0-2.wav,1.052548,1
54697-7-0-0.wav,0.0,0
54697-7-0-1.wav,0.0,0
54697-7-0-2.wav,0.0,0
54697-7-0-3.wav,0.0,0
54697-7-0-4.wav,0.0,0
54823-3-0-0.wav,1.005843,1
54823-3-1-0.wav,1.005843,1
54823-3-2-1.wav,0.0,0
54858-3-0-0.wav,1.094893,1
54858-3-1-2.wav,1.05063,1
54858-3-2-0.wav,0.830522,1
54898-8-0-0.wav,0.0,0
54898-8-0-1.wav,0.0,0
54898-8-0-10.wav,5.384031,1
54898-8-0-2.wav,0.0,0
54898-8-0-3.wav,0.0,0
54898-8-0-4.wav,2.540779,1
54898-8-0-5.wav,4.436365,1
54898-8-0-6.wav,1.317828,1
54898-8-0-7.wav,4.461639,1
54898-8-0-8.wav,4.461639,1
54898-8-0-9.wav,4.461639,1
54914-2-0-23.wav,0.0,0
54914-2-0-26.wav,0.0,0
54914-2-0-27.wav,0.0,0
54914-2-0-3.wav,0.0,0
54914-2-0-34.wav,0.0,0
54914-2-0-35.wav,0.761694,1
54914-2-0-48.wav,0.0,0
54976-4-0-0.wav,0.0,0
54976-4-0-1.wav,0.0,0
54976-4-0-2.wav,1.379091,1
54976-4-0-3.wav,1.425849,1
54976-4-0-4.wav,0.0,0
54976-4-0-5.wav,0.0,0
54976-4-0-6.wav,0.0,0
54976-4-0-7.wav,0.0,0
54976-4-0-8.wav,0.72374,1
54976-4-0-9.wav,0.0,0
54976-4-1-0.wav,0.0,0
54976-4-1-1.wav,1.379616,1
54976-4-1-2.wav,1.379091,1
54976-4-1-3.wav,1.425849,1
55013-3-0-1.wav,1.039054,1
55013-3-0-3.wav,0.931524,1
55013-3-0-4.wav,1.005843,1
55013-3-0-7.wav,2.374917,1
55018-0-0-102.wav,0.380453,1
55018-0-0-106.wav,0.0,0
55018-0-0-110.wav,0.380453,1
55018-0-0-116.wav,0.0,0
55018-0-0-121.wav,0.0,0
55018-0-0-145.wav,0.0,0
55018-0-0-146.wav,0.0,0
55018-0-0-148.wav,0.0,0
55018-0-0-162.wav,0.0,0
55018-0-0-194.wav,0.0,0
55018-0-0-2.wav,0.0,0
55018-0-0-209.wav,0.0,0
55018-0-0-246.wav,0.0,0
55018-0-0-248.wav,0.0,0
55018-0-0-26.wav,0.0,0
55018-0-0-37.wav,0.0,0
55018-0-0-44.wav,0.0,0
55018-0-0-49.wav,0.0,0
55018-0-0-8.wav,0.0,0
55018-0-0-84.wav,0.0,0
55018-0-0-87.wav,0.0,0
55018-0-0-92.wav,0.0,0
55018-0-0-93.wav,0.0,0
55020-4-0-0.wav,0.0,0
55020-4-0-1.wav,0.0,0
55020-4-0-10.wav,0.0,0
55020-4-0-11.wav,0.0,0
55020-4-0-12.wav,0.0,0
55020-4-0-13.wav,0.0,0
55020-4-0-14.wav,0.0,0
55020-4-0-2.wav,0.0,0
55020-4-0-3.wav,0.0,0
55020-4-0-4.wav,0.0,0
55020-4-0-5.wav,0.0,0
55020-4-0-6.wav,3.540858,1
55020-4-0-7.wav,1.943192,1
55020-4-0-8.wav,0.356871,1
55020-4-0-9.wav,0.0,0
55728-9-0-14.wav,0.0,0
55728-9-0-28.wav,0.0,0
55728-9-0-30.wav,0.0,0
55728-9-0-34.wav,0.0,0
55728-9-0-67.wav,-0.723611,0
55728-9-0-8.wav,0.0,0
56385-0-0-0.wav,0.0,0
56385-0-0-1.wav,0.0,0
56385-0-0-2.wav,0.0,0
57105-3-0-1.wav,0.978947,1
57105-3-1-0.wav,2.200285,1
57105-3-4-2.wav,0.0,0
57105-3-4-4.wav,0.0,0
57320-0-0-0.wav,0.380453,1
57320-0-0-10.wav,0.0,0
57320-0-0-11.wav,0.0,0
57320-0-0-13.wav,0.380453,1
57320-0-0-15.wav,0.0,0
57320-0-0-21.wav,0.0,0
57320-0-0-22.wav,0.0,0
57320-0-0-24.wav,0.0,0
57320-0-0-27.wav,0.0,0
57320-0-0-31.wav,0.380453,1
57320-0-0-32.wav,0.380453,1
57320-0-0-33.wav,0.380453,1
57320-0-0-34.wav,0.770024,1
57320-0-0-36.wav,0.770024,1
57320-0-0-37.wav,0.770024,1
57320-0-0-38.wav,0.770024,1
57320-0-0-39.wav,0.0,0
57320-0-0-4.wav,0.0,0
57320-0-0-42.wav,0.0,0
57320-0-0-45.wav,0.0,0
57320-0-0-5.wav,0.0,0
57320-0-0-6.wav,0.0,0
57320-0-0-7.wav,0.0,0
57320-0-0-9.wav,0.0,0
57323-8-0-0.wav,5.107504,1
57323-8-0-1.wav,5.107504,1
57323-8-0-10.wav,5.107504,1
57323-8-0-11.wav,5.107504,1
57323-8-0-2.wav,5.107504,1
57323-8-0-3.wav,5.107504,1
57323-8-0-4.wav,5.237499,1
57323-8-0-5.wav,5.107504,1
57323-8-0-6.wav,5.107504,1
57323-8-0-7.wav,5.107504,1
57323-8-0-8.wav,5.530901,1
57323-8-0-9.wav,1.648896,1
57323-8-2-0.wav,5.237499,1
57553-3-0-0.wav,2.346613,1
57553-3-1-0.wav,2.445327,1
57553-3-2-0.wav,2.230508,1
57584-4-0-0.wav,-0.350848,0
57584-4-0-1.wav,-0.350848,0
57584-4-0-2.wav,0.0,0
57584-4-0-3.wav,0.0,0
57584-4-0-4.wav,-0.350848,0
57584-4-0-5.wav,-0.350848,0
57584-4-0-6.wav,0.0,0
57584-4-0-7.wav,0.0,0
57584-4-0-8.wav,0.338843,1
57596-3-0-0.wav,0.859211,1
57596-3-1-0.wav,1.050123,1
57607-1-0-0.wav,0.0,0
57696-4-0-0.wav,0.0,0
57696-4-0-1.wav,0.0,0
57696-4-0-2.wav,0.0,0
57696-4-0-3.wav,1.425849,1
57696-4-0-4.wav,0.0,0
57696-4-0-5.wav,0.0,0
58005-4-0-13.wav,0.0,0
58005-4-0-17.wav,1.391586,1
58005-4-0-23.wav,0.0,0
58005-4-0-24.wav,0.0,0
58005-4-0-26.wav,0.0,0
58005-4-0-30.wav,0.0,0
58005-4-0-32.wav,0.0,0
58005-4-0-34.wav,1.306512,1
58005-4-0-40.wav,1.400458,1
58005-4-0-41.wav,1.379091,1
58005-4-0-44.wav,0.0,0
58005-4-0-45.wav,0.0,0
58005-4-0-51.wav,0.0,0
58005-4-0-55.wav,1.400636,1
58005-4-0-63.wav,1.310181,1
58005-4-0-68.wav,0.0,0
58005-4-0-70.wav,1.400636,1
58005-4-0-76.wav,0.0,0
58202-1-0-0.wav,1.12391,1
58382-3-0-0.wav,1.083224,1
58806-0-0-0.wav,0.0,0
58857-2-0-10.wav,1.253777,1
58857-2-0-12.wav,0.0,0
58857-2-0-13.wav,0.0,0
58857-2-0-14.wav,1.415587,1
58857-2-0-16.wav,1.428826,1
58857-2-0-25.wav,1.428826,1
58857-2-0-7.wav,0.0,0
58857-2-0-8.wav,0.0,0
58937-4-0-0.wav,0.0,0
58937-4-0-12.wav,0.0,0
58937-4-0-13.wav,0.0,0
58937-4-0-2.wav,0.0,0
58937-4-0-4.wav,0.0,0
58937-4-0-7.wav,0.0,0
58937-4-1-0.wav,0.0,0
58937-4-1-1.wav,0.0,0
58937-4-2-10.wav,0.0,0
58937-4-2-2.wav,0.0,0
58937-4-2-9.wav,0.0,0
58937-4-3-6.wav,1.379091,1
58937-4-3-9.wav,1.331081,1
58937-4-4-1.wav,0.0,0
58937-4-5-2.wav,1.223522,1
58937-4-5-4.wav,0.0,0
59037-2-0-6.wav,0.0,0
59037-2-1-2.wav,0.0,0
59037-2-1-3.wav,0.395095,1
59037-2-2-0.wav,1.558398,1
59037-2-3-0.wav,-0.002202,0
59037-2-4-3.wav,0.365387,1
59037-2-4-5.wav,0.0,0
59037-2-4-8.wav,0.0,0
59277-0-0-0.wav,0.0,0
59277-0-0-1.wav,0.0,0
59277-0-0-2.wav,0.0,0
59277-0-0-3.wav,0.0,0
59277-0-0-4.wav,0.0,0
59277-0-0-5.wav,0.0,0
59277-0-0-6.wav,0.0,0
59277-0-0-7.wav,0.0,0
59594-4-0-0.wav,0.135469,1
59594-4-0-1.wav,0.327183,1
59594-4-0-2.wav,0.327183,1
59594-4-0-3.wav,1.618837,1
59594-4-0-4.wav,1.642398,1
59595-4-0-0.wav,1.298633,1
59595-4-0-1.wav,1.540649,1
59800-3-0-0.wav,1.014536,1
59800-3-1-0.wav,1.090769,1
59800-3-2-0.wav,2.547553,1
59800-3-3-1.wav,0.898422,1
60591-2-0-11.wav,-1.067355,0
60591-2-0-12.wav,0.0,0
60591-2-0-15.wav,-1.067355,0
60591-2-0-16.wav,-1.067355,0
60591-2-0-2.wav,0.0,0
60591-2-0-4.wav,0.0,0
60591-2-0-7.wav,-1.067355,0
60591-2-0-8.wav,0.0,0
60605-9-0-34.wav,0.0,0
60605-9-0-52.wav,0.0,0
60605-9-0-64.wav,0.0,0
60605-9-0-73.wav,0.0,0
60605-9-0-90.wav,0.0,0
60605-9-0-95.wav,0.0,0
60608-9-0-0.wav,0.0,0
60608-9-0-1.wav,0.0,0
60608-9-0-2.wav,1.66671,1
60608-9-0-3.wav,2.054452,1
60608-9-0-4.wav,0.0,0
60608-9-0-5.wav,2.553873,1
60846-0-0-0.wav,0.0,0
60846-0-0-1.wav,0.0,0
60846-0-0-2.wav,0.0,0
60846-0-0-3.wav,0.0,0
60935-2-0-0.wav,3.24553,1
60935-2-0-11.wav,0.0,0
60935-2-0-12.wav,0.0,0
60935-2-0-13.wav,2.778532,1
60935-2-0-14.wav,2.778532,1
60935-2-0-15.wav,1.78823,1
60935-2-0-4.wav,2.863268,1
60935-2-0-9.wav,3.283447,1
61077-3-0-0.wav,2.129667,1
61077-3-1-0.wav,0.943711,1
61077-3-2-0.wav,2.480926,1
61077-3-3-0.wav,2.29843,1
61250-3-0-31.wav,0.861203,1
61250-3-0-36.wav,1.050568,1
61250-3-0-47.wav,0.979165,1
61250-3-0-62.wav,0.925015,1
61503-2-0-0.wav,1.287527,1
61503-2-0-2.wav,0.0,0
61503-2-0-3.wav,-1.067355,0
61503-2-0-5.wav,0.0,0
61503-2-0-6.wav,0.0,0
61503-2-0-7.wav,0.0,0
61503-2-0-8.wav,0.0,0
61503-2-0-9.wav,0.0,0
61626-9-0-10.wav,0.0,0
61626-9-0-12.wav,0.018059,1
61626-9-0-2.wav,0.0,0
61626-9-0-3.wav,0.0,0
61626-9-0-6.wav,0.0,0
61626-9-0-7.wav,0.0,0
61789-9-0-10.wav,0.0,0
61789-9-0-12.wav,-0.739652,0
61789-9-0-14.wav,-2.065804,0
61789-9-0-16.wav,0.0,0
61789-9-0-26.wav,0.365387,1
61789-9-0-65.wav,-2.696734,0
61789-9-0-69.wav,-2.065804,0
61790-9-0-10.wav,0.0,0
61790-9-0-15.wav,0.0,0
61790-9-0-16.wav,0.0,0
61790-9-0-20.wav,0.0,0
61790-9-1-1.wav,0.0,0
61790-9-1-20.wav,0.0,0
61791-9-1-1.wav,0.0,0
61791-9-1-40.wav,0.0,0
61791-9-1-41.wav,0.0,0
61791-9-1-42.wav,-1.493648,0
61791-9-1-44.wav,0.0,0
61791-9-1-46.wav,0.0,0
62048-3-0-2.wav,1.014536,1
62048-3-0-3.wav,0.86767,1
62048-3-0-4.wav,0.86767,1
62048-3-0-5.wav,2.38109,1
62461-0-0-0.wav,0.0,0
62461-0-0-1.wav,0.0,0
62461-0-0-2.wav,0.0,0
62461-0-0-3.wav,0.0,0
62564-5-0-0.wav,0.0,0
62564-5-0-1.wav,0.0,0
62564-5-0-10.wav,0.0,0
62564-5-0-2.wav,0.0,0
62564-5-0-3.wav,0.0,0
62564-5-0-4.wav,0.0,0
62564-5-0-5.wav,0.0,0
62564-5-0-6.wav,0.0,0
62564-5-0-7.wav,0.0,0
62564-5-0-8.wav,-0.357708,0
62564-5-0-9.wav,-0.357708,0
62566-5-0-0.wav,0.0,0
62566-5-0-1.wav,0.827592,1
62566-5-0-2.wav,0.0,0
62566-5-0-3.wav,0.0,0
62566-5-0-4.wav,0.0,0
62566-5-0-5.wav,1.131378,1
62566-5-0-6.wav,0.346666,1
62566-5-0-7.wav,0.0,0
62566-5-1-0.wav,0.878745,1
62566-5-1-1.wav,0.0,0
62566-5-2-0.wav,0.0,0
62567-5-0-0.wav,0.0,0
62567-5-0-1.wav,0.0,0
62567-5-0-10.wav,0.0,0
62567-5-0-2.wav,0.0,0
62567-5-0-3.wav,0.0,0
62567-5-0-4.wav,0.0,0
62567-5-0-5.wav,0.0,0
62567-5-0-6.wav,0.0,0
62567-5-0-7.wav,0.0,0
62567-5-0-8.wav,0.0,0
62567-5-0-9.wav,0.0,0
62567-5-1-0.wav,0.0,0
62567-5-1-1.wav,0.0,0
62837-7-0-12.wav,0.0,0
62837-7-0-15.wav,0.0,0
62837-7-0-16.wav,0.0,0
62837-7-0-17.wav,0.0,0
62837-7-0-18.wav,0.0,0
62837-7-0-2.wav,0.0,0
62837-7-0-20.wav,0.0,0
62837-7-0-21.wav,0.0,0
62837-7-0-22.wav,0.0,0
62837-7-0-24.wav,0.0,0
62837-7-0-27.wav,0.0,0
62837-7-0-28.wav,0.0,0
62837-7-0-3.wav,0.0,0
62837-7-0-30.wav,0.0,0
62837-7-0-31.wav,0.0,0
62837-7-0-34.wav,0.0,0
62837-7-0-37.wav,0.0,0
62837-7-0-4.wav,0.0,0
62837-7-0-7.wav,0.0,0
62837-7-0-8.wav,0.0,0
62837-7-0-9.wav,0.0,0
62837-7-1-1.wav,0.0,0
62837-7-1-11.wav,0.0,0
62837-7-1-14.wav,0.0,0
62837-7-1-15.wav,0.0,0
62837-7-1-18.wav,0.0,0
62837-7-1-2.wav,0.0,0
62837-7-1-21.wav,0.0,0
62837-7-1-22.wav,0.0,0
62837-7-1-24.wav,0.0,0
62837-7-1-26.wav,0.0,0
62837-7-1-27.wav,0.0,0
62837-7-1-28.wav,0.0,0
62837-7-1-29.wav,0.0,0
62837-7-1-3.wav,0.0,0
62837-7-1-31.wav,0.0,0
62837-7-1-32.wav,0.0,0
62837-7-1-33.wav,0.0,0
62837-7-1-35.wav,0.0,0
62837-7-1-39.wav,0.0,0
62837-7-1-4.wav,0.0,0
62837-7-1-41.wav,0.0,0
62837-7-1-44.wav,0.0,0
62837-7-1-45.wav,0.0,0
62837-7-1-46.wav,0.0,0
62837-7-1-49.wav,0.0,0
62837-7-1-5.wav,0.0,0
62837-7-1-51.wav,0.0,0
62837-7-1-53.wav,0.0,0
62837-7-1-54.wav,0.0,0
62837-7-1-55.wav,0.0,0
62837-7-1-56.wav,0.0,0
62837-7-1-6.wav,0.0,0
62837-7-1-61.wav,0.0,0
62837-7-1-62.wav,0.0,0
62837-7-1-63.wav,0.0,0
62837-7-1-64.wav,0.0,0
62837-7-1-65.wav,1.425849,1
62837-7-1-69.wav,0.0,0
62837-7-1-72.wav,0.0,0
62837-7-1-73.wav,0.0,0
62837-7-1-79.wav,0.0,0
62837-7-1-80.wav,0.0,0
62837-7-1-81.wav,0.0,0
62837-7-1-84.wav,0.0,0
62837-7-1-9.wav,0.0,0
63095-4-0-1.wav,0.0,0
63095-4-0-10.wav,0.0,0
63095-4-0-14.wav,0.0,0
63095-4-0-16.wav,0.0,0
63095-4-0-20.wav,0.0,0
63095-4-0-21.wav,0.0,0
63095-4-0-26.wav,0.0,0
63095-4-0-28.wav,0.0,0
63095-4-0-29.wav,0.0,0
63095-4-0-4.wav,0.0,0
63095-4-0-6.wav,0.0,0
63095-4-0-8.wav,0.0,0
63095-4-1-10.wav,0.0,0
63095-4-1-18.wav,0.0,0
63095-4-1-19.wav,0.0,0
63095-4-1-20.wav,0.0,0
63095-4-1-23.wav,0.0,0
63095-4-1-27.wav,0.0,0
63095-4-1-33.wav,0.0,0
63095-4-1-4.wav,0.0,0
63095-4-1-6.wav,0.0,0
63095-4-1-7.wav,0.0,0
63261-3-0-0.wav,2.129667,1
63261-3-0-1.wav,2.129667,1
63292-3-0-0.wav,0.86767,1
63292-3-0-1.wav,1.242371,1
63724-0-0-0.wav,0.0,0
63724-0-0-1.wav,0.0,0
63724-0-0-10.wav,0.0,0
63724-0-0-11.wav,0.0,0
63724-0-0-12.wav,0.0,0
63724-0-0-13.wav,0.0,0
63724-0-0-14.wav,-0.723598,0
63724-0-0-15.wav,-0.723598,0
63724-0-0-16.wav,-0.723598,0
63724-0-0-2.wav,0.364894,1
63724-0-0-3.wav,0.0,0
63724-0-0-4.wav,0.0,0
63724-0-0-5.wav,0.0,0
63724-0-0-6.wav,0.759833,1
63724-0-0-7.wav,0.0,0
63724-0-0-8.wav,0.0,0
63724-0-0-9.wav,0.0,0
63932-3-0-1.wav,0.968318,1
63932-3-0-2.wav,0.994099,1
63932-3-1-0.wav,0.867072,1
63932-3-1-1.wav,0.839944,1
64346-6-0-0.wav,0.991143,1
6508-9-0-1.wav,-0.70383,0
6508-9-0-2.wav,-1.556342,0
6508-9-0-3.wav,-1.562006,0
6508-9-0-4.wav,0.0,0
6508-9-0-6.wav,0.0,0
6508-9-1-0.wav,0.0,0
65381-3-0-3.wav,0.847167,1
65381-3-0-6.wav,0.847167,1
65381-3-0-7.wav,0.86767,1
65472-1-0-0.wav,4.822209,1
65745-3-0-21.wav,3.648421,1
65745-3-0-49.wav,2.480925,1
65745-3-0-61.wav,3.648421,1
65745-3-0-88.wav,0.960416,1
65749-3-1-12.wav,0.912995,1
65749-3-1-14.wav,1.052548,1
65749-3-1-24.wav,1.052548,1
65749-3-1-9.wav,0.821538,1
65750-3-0-5.wav,2.376705,1
65750-3-3-48.wav,0.770024,1
65750-3-3-68.wav,0.0,0
65750-3-3-74.wav,3.648421,1
66000-9-0-0.wav,0.0,0
66000-9-0-1.wav,0.824033,1
66000-9-0-2.wav,-0.84916,0
66000-9-0-3.wav,-1.958603,0
66000-9-0-6.wav,-1.562006,0
66000-9-0-8.wav,0.0,0
66115-1-0-0.wav,-0.356191,0
66115-1-0-1.wav,0.357693,1
66324-9-0-19.wav,0.0,0
66324-9-0-30.wav,-1.958603,0
66324-9-0-4.wav,0.40151,1
66324-9-0-42.wav,-1.972562,0
66324-9-0-53.wav,0.351072,1
66324-9-0-54.wav,-2.065804,0
66587-3-0-0.wav,2.467176,1
66587-3-1-0.wav,1.049274,1
66587-3-2-0.wav,1.055417,1
66587-3-3-0.wav,1.080806,1
66599-9-0-11.wav,-2.74795,0
66599-9-0-17.wav,-1.556342,0
66599-9-1-11.wav,-1.067355,0
66599-9-1-21.wav,-2.740245,0
66599-9-1-23.wav,-2.696734,0
66599-9-1-4.wav,-2.740245,0
66601-8-0-0.wav,2.74668,1
66601-8-0-1.wav,0.0,0
66601-8-0-2.wav,4.050771,1
66601-8-0-3.wav,2.603321,1
66601-8-0-4.wav,2.71932,1
66601-8-0-5.wav,0.0,0
66619-2-0-0.wav,0.0,0
66619-2-0-1.wav,0.381857,1
66619-2-0-11.wav,0.381857,1
66619-2-0-18.wav,0.381857,1
66619-2-0-22.wav,0.375573,1
66619-2-0-5.wav,0.0,0
66619-2-0-6.wav,1.590864,1
66619-2-0-7.wav,0.0,0
66622-4-0-0.wav,1.391586,1
66622-4-0-1.wav,1.379616,1
66622-4-0-2.wav,1.379091,1
66622-4-0-3.wav,1.379091,1
66622-4-0-4.wav,1.379091,1
66622-4-0-5.wav,1.379616,1
66622-4-0-6.wav,1.391586,1
66622-4-0-7.wav,1.359568,1
66622-4-0-8.wav,0.0,0
66623-4-0-0.wav,1.391586,1
66623-4-0-1.wav,1.391586,1
66623-4-0-2.wav,0.0,0
66623-4-0-3.wav,1.379616,1
66623-4-0-4.wav,1.379616,1
66623-4-0-5.wav,1.379616,1
66623-4-0-6.wav,1.484587,1
66996-8-1-0.wav,4.350089,1
66996-8-3-0.wav,4.455037,1
67049-3-0-0.wav,0.86767,1
67049-3-0-1.wav,0.907006,1
67049-3-0-2.wav,0.8424,1
68080-7-0-0.wav,0.0,0
68080-7-0-1.wav,0.0,0
68080-7-0-2.wav,0.0,0
68080-7-0-3.wav,0.0,0
68080-7-0-4.wav,0.0,0
68080-7-0-5.wav,0.0,0
68080-7-0-6.wav,0.0,0
68080-7-0-7.wav,0.0,0
68080-7-0-8.wav,0.0,0
68080-7-0-9.wav,0.0,0
68389-3-0-0.wav,1.018078,1
68389-3-1-0.wav,2.321853,1
68389-3-2-0.wav,1.160708,1
68657-1-0-0.wav,2.712703,1
6902-2-0-12.wav,0.0,0
6902-2-0-18.wav,0.312532,1
6902-2-0-26.wav,2.586048,1
6902-2-0-4.wav,0.0,0
6902-2-0-5.wav,0.0,0
6902-2-0-7.wav,1.263406,1
6902-2-0-9.wav,1.230234,1
69304-9-0-0.wav,-0.737386,0
69304-9-0-12.wav,0.0,0
69304-9-0-14.wav,0.0,0
69304-9-0-15.wav,-1.109427,0
69304-9-0-6.wav,-2.740245,0
69304-9-0-7.wav,0.0,0
69598-4-0-0.wav,0.0,0
69598-4-1-0.wav,0.0,0
69598-4-2-0.wav,0.0,0
69598-4-2-1.wav,0.0,0
69598-4-3-0.wav,0.0,0
69598-4-4-0.wav,1.297528,1
69598-4-5-0.wav,0.0,0
69598-4-6-0.wav,0.0,0
69598-4-6-1.wav,0.0,0
69598-4-7-0.wav,0.738527,1
69598-4-8-0.wav,-0.950558,0
69598-4-9-0.wav,0.0,0
69661-3-0-14.wav,1.160708,1
69661-3-0-23.wav,2.263224,1
69661-3-0-29.wav,1.160708,1
69777-3-0-0.wav,0.858997,1
69777-3-0-1.wav,0.897575,1
69777-3-0-2.wav,2.342786,1
6984-1-0-0.wav,7.544958,1
6988-5-0-0.wav,2.072097,1
6988-5-0-1.wav,0.964988,1
6988-5-0-2.wav,0.964988,1
6988-5-0-3.wav,0.0,0
6988-5-0-4.wav,0.0,0
6988-5-0-5.wav,0.0,0
69883-3-0-20.wav,2.445327,1
69883-3-0-5.wav,2.230508,1
69883-3-0-9.wav,2.397789,1
69962-2-0-11.wav,1.20703,1
69962-2-0-15.wav,-1.067355,0
69962-2-0-16.wav,0.0,0
69962-2-0-17.wav,-1.067355,0
69962-2-0-2.wav,-1.067355,0
69962-2-0-20.wav,0.0,0
69962-2-0-22.wav,-1.067355,0
69962-2-0-25.wav,-1.119238,0
70098-3-0-0.wav,0.835179,1
70098-3-1-0.wav,1.052548,1
70098-3-2-0.wav,2.129667,1
70098-3-3-0.wav,2.28717,1
70168-3-1-11.wav,3.648421,1
70168-3-1-13.wav,3.648421,1
70168-3-1-20.wav,2.376705,1
70168-3-1-24.wav,2.376705,1
7060-6-0-0.wav,2.095599,1
7060-6-1-0.wav,2.134784,1
7060-6-2-0.wav,2.134784,1
7061-6-0-0.wav,3.701775,1
7062-6-0-0.wav,2.095599,1
7063-6-0-0.wav,0.0,0
7064-6-0-0.wav,1.784329,1
7064-6-1-0.wav,1.720568,1
7064-6-2-0.wav,2.090647,1
7064-6-3-0.wav,2.134784,1
7064-6-4-0.wav,1.863134,1
7064-6-5-0.wav,1.668155,1
7065-6-0-0.wav,2.095599,1
7066-6-0-0.wav,2.316618,1
7066-6-1-0.wav,2.095599,1
7067-6-0-0.wav,0.0,0
7068-6-0-0.wav,2.134784,1
70740-8-0-0.wav,5.037641,1
71079-4-0-0.wav,0.0,0
71079-4-1-0.wav,0.829713,1
71080-4-0-0.wav,0.0,0
71080-4-1-0.wav,0.0,0
71082-4-0-0.wav,0.0,0
71082-4-1-0.wav,0.0,0
71086-4-0-0.wav,0.0,0
71086-4-1-0.wav,0.0,0
71086-4-2-0.wav,0.0,0
71087-4-0-0.wav,0.0,0
71087-4-1-0.wav,1.544991,1
71088-4-0-0.wav,0.0,0
71088-4-1-0.wav,0.0,0
71088-4-2-0.wav,1.549027,1
71171-4-0-0.wav,0.0,0
71171-4-0-1.wav,0.0,0
71171-4-0-2.wav,0.0,0
71171-4-0-3.wav,0.0,0
71171-4-0-4.wav,0.0,0
71171-4-1-0.wav,0.0,0
71171-4-1-1.wav,0.0,0
71171-4-1-2.wav,0.0,0
71171-4-1-3.wav,0.0,0
71171-4-1-4.wav,0.0,0
71171-4-1-5.wav,0.0,0
71171-4-2-0.wav,1.54374,1
71171-4-2-1.wav,0.0,0
71171-4-3-0.wav,1.333247,1
71171-4-3-1.wav,0.0,0
71171-4-3-2.wav,0.0,0
71171-4-4-0.wav,0.0,0
71171-4-5-0.wav,0.0,0
71173-2-0-103.wav,0.0,0
71173-2-0-13.wav,-0.355774,0
71173-2-0-17.wav,0.0,0
71173-2-0-21.wav,-0.359318,0
71173-2-0-24.wav,-0.437351,0
71173-2-0-69.wav,0.0,0
71173-2-0-71.wav,0.0,0
71173-2-0-88.wav,0.0,0
71177-8-0-0.wav,6.883288,1
71177-8-0-1.wav,4.475219,1
71177-8-1-0.wav,7.122271,1
71177-8-1-1.wav,7.122271,1
71177-8-1-2.wav,4.335354,1
71177-8-1-3.wav,7.122271,1
71177-8-1-4.wav,7.122271,1
71177-8-2-0.wav,4.475219,1
71177-8-2-1.wav,4.475219,1
71309-1-0-0.wav,3.529946,1
71309-1-0-1.wav,3.992188,1
71309-1-0-2.wav,4.696665,1
71309-1-0-3.wav,2.621486,1
71309-1-0-4.wav,2.621486,1
71309-1-0-5.wav,2.607181,1
71309-1-0-6.wav,2.621486,1
71309-1-0-7.wav,2.621486,1
71309-1-0-8.wav,5.397189,1
71309-1-1-0.wav,2.771971,1
71309-1-2-0.wav,0.0,0
71312-3-0-1.wav,2.349495,1
71312-3-0-2.wav,2.177154,1
71312-3-0-4.wav,2.177154,1
71312-3-0-5.wav,2.340968,1
71439-1-0-0.wav,2.691524,1
71439-1-2-0.wav,2.678926,1
71439-1-3-0.wav,2.792266,1
71529-4-0-0.wav,0.0,0
71529-4-0-1.wav,0.0,0
71529-4-0-2.wav,0.0,0
71529-4-1-0.wav,0.0,0
71529-4-1-1.wav,0.0,0
71529-4-1-2.wav,0.0,0
71529-4-1-3.wav,0.0,0
71529-4-1-4.wav,0.0,0
71529-4-1-5.wav,0.0,0
71529-4-1-6.wav,0.0,0
71700-3-3-2.wav,0.0,0
71700-3-4-0.wav,0.0,0
71700-3-4-1.wav,0.781073,1
71700-3-4-3.wav,1.071346,1
71866-9-0-14.wav,0.0,0
71866-9-0-21.wav,0.0,0
71866-9-0-23.wav,0.0,0
71866-9-0-3.wav,0.0,0
71866-9-0-31.wav,0.0,0
71866-9-0-32.wav,0.0,0
72015-2-0-0.wav,0.0,0
72015-2-0-1.wav,0.0,0
72015-2-0-2.wav,-0.717826,0
72015-2-0-3.wav,0.0,0
72015-2-0-4.wav,0.0,0
72015-2-0-5.wav,-1.437378,0
72220-3-0-0.wav,0.0,0
72220-3-2-2.wav,1.103472,1
72220-3-2-3.wav,2.234566,1
72220-3-2-4.wav,1.103472,1
72221-3-1-0.wav,0.967344,1
72221-3-4-1.wav,0.967344,1
72221-3-4-5.wav,0.967344,1
72221-3-4-7.wav,1.039054,1
72259-1-0-0.wav,2.600434,1
72259-1-0-1.wav,2.594424,1
72259-1-0-2.wav,2.513824,1
72259-1-0-3.wav,2.645526,1
72259-1-0-4.wav,1.382366,1
72259-1-0-5.wav,1.014666,1
72259-1-1-0.wav,1.985573,1
72259-1-10-0.wav,2.712703,1
72259-1-10-1.wav,2.743125,1
72259-1-10-10.wav,2.862511,1
72259-1-10-11.wav,2.621486,1
72259-1-10-12.wav,2.862511,1
72259-1-10-13.wav,2.755253,1
72259-1-10-14.wav,2.607098,1
72259-1-10-2.wav,2.425536,1
72259-1-10-3.wav,2.631455,1
72259-1-10-4.wav,2.804612,1
72259-1-10-5.wav,2.88763,1
72259-1-10-6.wav,2.775439,1
72259-1-10-7.wav,2.768175,1
72259-1-10-8.wav,2.792266,1
72259-1-10-9.wav,2.792266,1
72259-1-2-0.wav,5.094031,1
72259-1-3-0.wav,4.587613,1
72259-1-5-0.wav,2.369177,1
72259-1-5-1.wav,4.19836,1
72259-1-5-2.wav,2.31726,1
72259-1-5-3.wav,2.513958,1
72259-1-5-4.wav,4.198672,1
72259-1-6-0.wav,2.711962,1
72259-1-6-1.wav,2.645526,1
72259-1-7-0.wav,2.610648,1
72259-1-7-1.wav,2.557756,1
72259-1-7-10.wav,2.792266,1
72259-1-7-11.wav,2.792266,1
72259-1-7-12.wav,2.792266,1
72259-1-7-13.wav,2.539508,1
72259-1-7-14.wav,2.539508,1
72259-1-7-15.wav,2.792266,1
72259-1-7-16.wav,2.500357,1
72259-1-7-17.wav,2.755253,1
72259-1-7-18.wav,2.792266,1
72259-1-7-19.wav,2.768175,1
72259-1-7-2.wav,2.862511,1
72259-1-7-20.wav,2.792266,1
72259-1-7-21.wav,2.792266,1
72259-1-7-22.wav,2.505128,1
72259-1-7-3.wav,2.743125,1
72259-1-7-4.wav,2.743125,1
72259-1-7-5.wav,2.862511,1
72259-1-7-6.wav,2.743125,1
72259-1-7-7.wav,2.539508,1
72259-1-7-8.wav,2.539508,1
72259-1-7-9.wav,2.539508,1
72259-1-8-0.wav,2.711962,1
72259-1-9-0.wav,2.598724,1
72259-1-9-1.wav,0.969608,1
72259-1-9-10.wav,2.711962,1
72259-1-9-11.wav,2.607098,1
72259-1-9-12.wav,2.645526,1
72259-1-9-13.wav,2.56131,1
72259-1-9-14.wav,4.122088,1
72259-1-9-15.wav,2.645526,1
72259-1-9-16.wav,2.678926,1
72259-1-9-17.wav,2.776179,1
72259-1-9-2.wav,3.50046,1
72259-1-9-3.wav,1.324508,1
72259-1-9-4.wav,2.621486,1
72259-1-9-5.wav,2.862511,1
72259-1-9-6.wav,2.686625,1
72259-1-9-7.wav,0.0,0
72259-1-9-8.wav,0.0,0
72259-1-9-9.wav,0.0,0
72261-3-0-17.wav,1.242371,1
72261-3-0-23.wav,1.005843,1
72261-3-0-27.wav,2.356305,1
72261-3-0-6.wav,1.005843,1
72265-3-15-0.wav,0.380453,1
72265-3-4-0.wav,2.22882,1
72265-3-5-0.wav,2.367023,1
72265-3-7-0.wav,0.788691,1
72537-3-0-2.wav,0.847167,1
72537-3-0-6.wav,0.865405,1
72537-3-0-8.wav,0.818955,1
72538-3-0-0.wav,0.86767,1
72538-3-0-1.wav,0.897039,1
72538-3-0-3.wav,0.86767,1
72538-3-0-4.wav,0.86767,1
72539-3-0-1.wav,1.014536,1
72539-3-0-5.wav,0.867072,1
72539-3-0-6.wav,0.914209,1
72539-3-0-8.wav,1.015644,1
72567-1-0-0.wav,5.522418,1
72567-1-0-1.wav,2.621486,1
72567-1-1-0.wav,2.902365,1
72567-1-2-0.wav,2.711868,1
72567-1-2-1.wav,2.711868,1
72567-1-2-2.wav,5.36258,1
72567-1-2-3.wav,0.0,0
72567-1-2-4.wav,2.880706,1
72567-1-2-5.wav,2.578321,1
72567-1-3-0.wav,0.0,0
72567-1-4-0.wav,2.631455,1
72567-1-4-1.wav,2.712703,1
72567-1-4-2.wav,2.678926,1
72567-1-4-3.wav,2.776179,1
72567-1-4-4.wav,2.776179,1
72567-1-4-5.wav,2.77197,1
72567-1-4-6.wav,1.299479,1
72567-1-4-7.wav,1.299479,1
72567-1-5-0.wav,4.485266,1
72579-3-0-0.wav,2.263224,1
72579-3-0-2.wav,1.049101,1
72579-3-0-3.wav,1.049102,1
72579-3-0-4.wav,1.014536,1
72723-3-0-0.wav,0.929127,1
72724-3-1-0.wav,1.560742,1
72724-3-2-7.wav,0.830522,1
72724-3-2-8.wav,0.979165,1
72724-3-2-9.wav,0.970155,1
72829-3-0-0.wav,2.381089,1
72829-3-0-1.wav,2.263224,1
72829-3-0-2.wav,2.129667,1
73168-1-0-0.wav,2.625882,1
73168-1-1-0.wav,5.778699,1
73168-1-2-0.wav,2.792266,1
73277-9-0-0.wav,-2.740245,0
73277-9-0-16.wav,0.0,0
73277-9-0-17.wav,-2.740245,0
73277-9-0-19.wav,-2.740245,0
73277-9-0-24.wav,-1.958603,0
73277-9-0-28.wav,-0.406472,0
73373-3-0-0.wav,2.403753,1
73524-0-0-0.wav,0.0,0
73524-0-0-101.wav,0.0,0
73524-0-0-105.wav,0.0,0
73524-0-0-113.wav,0.0,0
73524-0-0-114.wav,0.0,0
73524-0-0-126.wav,0.0,0
73524-0-0-127.wav,0.0,0
73524-0-0-128.wav,0.0,0
73524-0-0-133.wav,0.0,0
73524-0-0-137.wav,0.0,0
73524-0-0-2.wav,0.0,0
73524-0-0-23.wav,0.0,0
73524-0-0-30.wav,0.0,0
73524-0-0-31.wav,0.0,0
73524-0-0-32.wav,0.0,0
73524-0-0-5.wav,0.0,0
73524-0-0-52.wav,0.0,0
73524-0-0-54.wav,0.0,0
73524-0-0-6.wav,0.0,0
73524-0-0-63.wav,0.0,0
73524-0-0-73.wav,0.0,0
73524-0-0-74.wav,0.0,0
73524-0-0-8.wav,0.0,0
73524-0-0-92.wav,0.0,0
73524-0-0-98.wav,0.0,0
73524-0-0-99.wav,0.0,0
73623-7-0-0.wav,1.256069,1
73623-7-1-0.wav,0.0,0
73623-7-1-1.wav,0.0,0
73623-7-2-0.wav,1.602443,1
73623-7-3-0.wav,0.0,0
73623-7-4-0.wav,0.0,0
73623-7-5-0.wav,0.0,0
73623-7-6-0.wav,0.0,0
7383-3-0-0.wav,0.898422,1
7383-3-0-1.wav,0.898422,1
7383-3-1-0.wav,0.872414,1
7389-1-0-0.wav,0.0,0
7389-1-0-1.wav,0.0,0
7389-1-0-2.wav,0.0,0
7389-1-0-3.wav,0.0,0
7389-1-0-4.wav,0.0,0
7389-1-0-5.wav,0.0,0
7389-1-0-6.wav,1.367943,1
7389-1-0-7.wav,0.0,0
7389-1-1-0.wav,2.711962,1
7389-1-2-0.wav,2.755253,1
7389-1-2-1.wav,2.768175,1
7389-1-2-2.wav,2.792266,1
7389-1-2-3.wav,2.792266,1
7389-1-3-0.wav,1.168941,1
7389-1-3-1.wav,2.678926,1
7389-1-3-2.wav,2.712703,1
7389-1-3-3.wav,2.607098,1
7389-1-3-4.wav,1.211901,1
7389-1-3-5.wav,2.565015,1
7389-1-4-0.wav,1.12557,1
7389-1-4-1.wav,2.62921,1
7389-1-4-10.wav,2.505128,1
7389-1-4-11.wav,5.397189,1
7389-1-4-12.wav,5.525346,1
7389-1-4-13.wav,2.712703,1
7389-1-4-14.wav,2.712703,1
7389-1-4-15.wav,2.712703,1
7389-1-4-2.wav,0.0,0
7389-1-4-3.wav,0.0,0
7389-1-4-4.wav,0.0,0
7389-1-4-5.wav,0.0,0
7389-1-4-6.wav,0.0,0
7389-1-4-7.wav,2.660547,1
7389-1-4-8.wav,2.565015,1
7389-1-4-9.wav,2.505128,1
7390-9-0-0.wav,0.0,0
7390-9-0-3.wav,0.0,0
7390-9-0-6.wav,-0.72173,0
7390-9-0-9.wav,0.0,0
7390-9-1-11.wav,0.0,0
7390-9-1-12.wav,0.0,0
7390-9-1-5.wav,0.0,0
74226-9-0-0.wav,0.0,0
74226-9-0-10.wav,0.0,0
74226-9-0-13.wav,0.0,0
74226-9-0-14.wav,0.0,0
74226-9-0-21.wav,0.0,0
74226-9-0-6.wav,0.0,0
74226-9-0-7.wav,0.0,0
74364-8-1-0.wav,0.0,0
74364-8-1-1.wav,0.0,0
74364-8-1-10.wav,0.0,0
74364-8-1-11.wav,0.0,0
74364-8-1-12.wav,0.0,0
74364-8-1-13.wav,0.0,0
74364-8-1-14.wav,0.380453,1
74364-8-1-15.wav,0.0,0
74364-8-1-16.wav,5.144393,1
74364-8-1-17.wav,0.0,0
74364-8-1-18.wav,0.0,0
74364-8-1-19.wav,0.0,0
74364-8-1-2.wav,0.380453,1
74364-8-1-20.wav,0.0,0
74364-8-1-21.wav,0.0,0
74364-8-1-22.wav,0.0,0
74364-8-1-23.wav,0.0,0
74364-8-1-24.wav,0.0,0
74364-8-1-25.wav,0.0,0
74364-8-1-26.wav,0.0,0
74364-8-1-27.wav,0.0,0
74364-8-1-3.wav,0.0,0
74364-8-1-4.wav,0.0,0
74364-8-1-5.wav,0.0,0
74364-8-1-6.wav,0.0,0
74364-8-1-7.wav,0.800127,1
74364-8-1-8.wav,0.0,0
74364-8-1-9.wav,0.380453,1
74458-9-0-5.wav,0.0,0
74458-9-0-7.wav,0.0,0
74458-9-1-12.wav,-0.434362,0
74458-9-1-13.wav,-1.556342,0
74458-9-1-5.wav,-0.710663,0
74458-9-2-18.wav,0.0,0
74495-3-0-0.wav,0.948675,1
74495-3-0-1.wav,1.052548,1
74507-0-0-0.wav,0.0,0
74507-0-0-1.wav,0.0,0
74507-0-0-10.wav,0.0,0
74507-0-0-11.wav,0.0,0
74507-0-0-12.wav,0.0,0
74507-0-0-13.wav,0.0,0
74507-0-0-14.wav,0.0,0
74507-0-0-15.wav,0.0,0
74507-0-0-16.wav,0.0,0
74507-0-0-17.wav,0.0,0
74507-0-0-18.wav,0.0,0
74507-0-0-2.wav,0.0,0
74507-0-0-20.wav,0.0,0
74507-0-0-22.wav,0.0,0
74507-0-0-23.wav,0.0,0
74507-0-0-24.wav,0.0,0
74507-0-0-25.wav,0.0,0
74507-0-0-27.wav,0.0,0
74507-0-0-28.wav,0.0,0
74507-0-0-3.wav,0.0,0
74507-0-0-4.wav,0.0,0
74507-0-0-5.wav,0.0,0
74507-0-0-6.wav,0.0,0
74507-0-0-8.wav,0.0,0
74507-0-0-9.wav,0.0,0
74513-3-0-0.wav,1.052548,1
74513-3-0-3.wav,1.052548,1
74513-3-0-5.wav,2.129667,1
74513-3-0-6.wav,2.129667,1
74677-0-0-0.wav,-0.434362,0
74677-0-0-10.wav,-0.477111,0
74677-0-0-105.wav,0.732938,1
74677-0-0-116.wav,0.0,0
74677-0-0-13.wav,0.315154,1
74677-0-0-130.wav,-0.406472,0
74677-0-0-134.wav,0.0,0
74677-0-0-135.wav,-0.434362,0
74677-0-0-14.wav,0.071028,1
74677-0-0-19.wav,-0.406472,0
74677-0-0-2.wav,-0.437351,0
74677-0-0-21.wav,-0.406472,0
74677-0-0-28.wav,0.0,0
74677-0-0-3.wav,0.0,0
74677-0-0-35.wav,-0.406472,0
74677-0-0-36.wav,0.0,0
74677-0-0-38.wav,0.0,0
74677-0-0-47.wav,0.330138,1
74677-0-0-56.wav,0.0,0
74677-0-0-57.wav,0.330138,1
74677-0-0-58.wav,-0.406472,0
74677-0-0-6.wav,-0.051384,0
74677-0-0-61.wav,-0.434362,0
74677-0-0-64.wav,-0.051384,0
74677-0-0-66.wav,0.714543,1
74677-0-0-67.wav,-0.145682,0
74677-0-0-69.wav,0.0,0
74677-0-0-75.wav,0.0,0
74677-0-0-92.wav,0.315154,1
74677-0-0-94.wav,0.340968,1
74677-0-0-95.wav,0.364516,1
74723-3-0-0.wav,1.242371,1
74723-3-0-1.wav,1.014536,1
74723-3-0-2.wav,1.014536,1
74725-3-0-0.wav,1.003225,1
74725-3-0-1.wav,1.003225,1
74726-8-0-0.wav,4.303782,1
74726-8-0-1.wav,7.122271,1
74726-8-0-10.wav,4.456205,1
74726-8-0-11.wav,4.282489,1
74726-8-0-12.wav,4.241267,1
74726-8-0-13.wav,5.288936,1
74726-8-0-14.wav,5.312147,1
74726-8-0-15.wav,5.312147,1
74726-8-0-16.wav,5.312147,1
74726-8-0-2.wav,7.122271,1
74726-8-0-3.wav,4.241267,1
74726-8-0-4.wav,9.31069,1
74726-8-0-5.wav,5.306618,1
74726-8-0-6.wav,5.735654,1
74726-8-0-7.wav,5.735654,1
74726-8-0-8.wav,11.297638,1
74726-8-0-9.wav,5.735654,1
74726-8-1-0.wav,4.461639,1
74726-8-1-1.wav,4.461639,1
74726-8-1-2.wav,4.475219,1
74726-8-2-0.wav,4.475219,1
74726-8-2-1.wav,4.475219,1
74726-8-2-2.wav,5.312147,1
74726-8-2-3.wav,4.282489,1
74726-8-2-4.wav,4.475219,1
74726-8-2-5.wav,4.282489,1
74810-9-0-27.wav,-1.496113,0
74810-9-0-32.wav,0.0,0
74810-9-0-5.wav,0.0,0
74810-9-1-12.wav,-2.065804,0
74810-9-1-5.wav,-0.799406,0
74850-9-0-11.wav,0.0,0
74850-9-0-18.wav,0.0,0
74850-9-0-22.wav,0.0,0
74850-9-0-27.wav,-0.406472,0
74850-9-0-5.wav,0.0,0
74850-9-0-6.wav,0.0,0
74922-4-0-0.wav,1.306512,1
74922-4-0-1.wav,0.0,0
74922-4-0-2.wav,0.0,0
74922-4-0-3.wav,0.0,0
74922-4-0-4.wav,0.0,0
74922-4-0-5.wav,1.306512,1
74922-4-0-6.wav,0.0,0
74922-4-0-7.wav,1.310181,1
74950-3-0-0.wav,2.020279,1
74950-3-2-4.wav,0.764634,1
74950-3-2-5.wav,2.403753,1
74965-4-0-0.wav,0.0,0
74965-4-0-1.wav,0.0,0
74965-4-0-2.wav,0.0,0
74965-4-0-3.wav,1.306512,1
74965-4-1-0.wav,0.0,0
74965-4-1-1.wav,0.0,0
74965-4-1-2.wav,1.306512,1
75490-8-0-0.wav,11.169612,1
75490-8-0-1.wav,4.532424,1
75490-8-0-2.wav,9.279182,1
75490-8-1-0.wav,5.200278,1
75490-8-1-1.wav,5.646721,1
75743-0-0-0.wav,0.329699,1
75743-0-0-1.wav,0.351377,1
75743-0-0-10.wav,0.365387,1
75743-0-0-11.wav,0.0,0
75743-0-0-12.wav,0.0,0
75743-0-0-13.wav,0.0,0
75743-0-0-14.wav,0.327183,1
75743-0-0-15.wav,0.351377,1
75743-0-0-16.wav,0.0,0
75743-0-0-17.wav,0.0,0
75743-0-0-18.wav,0.0,0
75743-0-0-19.wav,0.0,0
75743-0-0-2.wav,0.340968,1
75743-0-0-20.wav,0.0,0
75743-0-0-21.wav,0.0,0
75743-0-0-22.wav,0.0,0
75743-0-0-23.wav,0.0,0
75743-0-0-3.wav,0.327183,1
75743-0-0-4.wav,0.340968,1
75743-0-0-5.wav,0.327183,1
75743-0-0-6.wav,0.0,0
75743-0-0-7.wav,0.0,0
75743-0-0-8.wav,0.0,0
75743-0-0-9.wav,0.0,0
76085-4-0-103.wav,0.0,0
76085-4-0-14.wav,1.168166,1
76085-4-0-24.wav,1.602443,1
76085-4-0-27.wav,1.370769,1
76085-4-0-35.wav,1.379616,1
76085-4-0-37.wav,1.379616,1
76085-4-0-38.wav,1.379616,1
76085-4-0-55.wav,1.454268,1
76085-4-0-6.wav,1.379616,1
76085-4-0-61.wav,1.310181,1
76085-4-0-62.wav,1.168166,1
76085-4-0-66.wav,1.379616,1
76085-4-0-81.wav,1.306512,1
76085-4-0-89.wav,1.379616,1
76085-4-0-93.wav,0.0,0
76085-4-0-97.wav,0.0,0
76086-4-0-12.wav,0.0,0
76086-4-0-14.wav,1.391586,1
76086-4-0-17.wav,1.418653,1
76086-4-0-18.wav,1.400636,1
76086-4-0-19.wav,1.602443,1
76086-4-0-2.wav,1.602443,1
76086-4-0-22.wav,1.630781,1
76086-4-0-23.wav,1.602443,1
76086-4-0-24.wav,1.400636,1
76086-4-0-27.wav,0.0,0
76086-4-0-29.wav,0.0,0
76086-4-0-3.wav,1.630781,1
76086-4-0-32.wav,1.348649,1
76086-4-0-36.wav,0.0,0
76086-4-0-38.wav,1.273662,1
76086-4-0-43.wav,1.535902,1
76086-4-0-50.wav,1.379616,1
76086-4-0-53.wav,1.654475,1
76086-4-0-55.wav,1.613103,1
76086-4-0-56.wav,1.379616,1
76086-4-0-58.wav,0.0,0
76089-6-0-0.wav,2.105977,1
76090-6-0-0.wav,2.485906,1
76090-6-1-0.wav,2.028925,1
76091-6-0-0.wav,2.213085,1
76091-6-5-0.wav,1.853721,1
76093-6-0-0.wav,1.488903,1
76093-6-1-0.wav,2.083236,1
76094-6-0-0.wav,3.11781,1
76094-6-1-0.wav,0.0,0
76221-2-0-0.wav,0.0,0
76221-2-0-1.wav,-1.067355,0
76221-2-0-10.wav,0.0,0
76221-2-0-2.wav,0.0,0
76221-2-0-3.wav,0.0,0
76221-2-0-4.wav,-1.067355,0
76221-2-0-5.wav,0.0,0
76221-2-0-6.wav,0.0,0
76266-2-0-40.wav,-0.406472,0
76266-2-0-46.wav,-0.406472,0
76266-2-0-50.wav,-0.406472,0
76266-2-0-55.wav,-0.406472,0
76266-2-0-7.wav,0.362115,1
76266-2-0-76.wav,-0.406472,0
76266-2-0-80.wav,0.0,0
76266-2-0-91.wav,0.0,0
76566-3-0-11.wav,2.376705,1
76566-3-0-3.wav,2.314167,1
76566-3-0-6.wav,3.648421,1
76566-3-0-8.wav,1.052548,1
76568-9-0-10.wav,0.315154,1
76568-9-0-11.wav,0.349518,1
76568-9-0-12.wav,0.356446,1
76568-9-0-13.wav,0.0,0
76568-9-0-14.wav,-0.735775,0
76568-9-0-2.wav,-2.740245,0
76585-9-0-10.wav,0.0,0
76585-9-0-38.wav,0.0,0
76585-9-0-5.wav,0.0,0
76585-9-0-57.wav,0.0,0
76585-9-0-60.wav,0.0,0
76585-9-0-69.wav,0.0,0
76640-3-0-0.wav,0.858636,1
77233-3-0-105.wav,0.0,0
77233-3-0-67.wav,2.374917,1
77233-3-0-7.wav,2.160868,1
77233-3-0-79.wav,2.55026,1
77246-6-0-0.wav,2.621072,1
77247-6-0-0.wav,2.275655,1
77509-1-0-0.wav,1.017406,1
77674-3-0-0.wav,0.914209,1
77751-4-0-0.wav,0.0,0
77751-4-0-1.wav,0.0,0
77751-4-1-0.wav,0.0,0
77751-4-1-1.wav,0.0,0
77751-4-2-0.wav,0.0,0
77751-4-3-0.wav,0.0,0
77751-4-4-0.wav,0.0,0
77751-4-5-0.wav,0.0,0
77751-4-6-0.wav,0.0,0
77751-4-7-0.wav,0.0,0
77751-4-8-0.wav,0.0,0
77751-4-9-0.wav,0.0,0
77751-4-9-1.wav,0.0,0
77751-4-9-2.wav,0.0,0
77751-4-9-3.wav,0.0,0
77751-7-0-0.wav,0.0,0
77751-7-0-1.wav,0.0,0
77751-7-1-0.wav,0.0,0
77751-7-1-1.wav,0.0,0
77751-7-2-0.wav,0.0,0
77751-7-3-0.wav,0.0,0
77751-7-4-0.wav,0.0,0
77751-7-5-0.wav,0.0,0
77751-7-6-0.wav,0.0,0
77751-7-7-0.wav,0.0,0
77751-7-8-0.wav,0.0,0
77751-7-9-0.wav,0.0,0
77751-7-9-1.wav,0.0,0
77751-7-9-2.wav,0.0,0
77751-7-9-3.wav,0.0,0
77766-9-0-0.wav,0.0,0
77766-9-0-3.wav,0.0,0
77766-9-0-4.wav,-0.739652,0
77766-9-0-5.wav,0.0,0
77766-9-0-6.wav,0.0,0
77766-9-0-7.wav,0.0,0
77769-9-0-0.wav,0.0,0
77769-9-0-12.wav,-1.448016,0
77769-9-0-17.wav,0.870787,1
77769-9-0-2.wav,0.0,0
77769-9-0-4.wav,-2.740245,0
77769-9-0-8.wav,0.0,0
77770-9-0-1.wav,0.0,0
77770-9-0-15.wav,0.0,0
77770-9-0-17.wav,0.0,0
77770-9-0-20.wav,-1.067355,0
77770-9-0-6.wav,0.0,0
77770-9-0-8.wav,0.955858,1
77770-9-0-9.wav,-1.750146,0
77774-4-0-0.wav,1.379616,1
77774-4-0-1.wav,1.379616,1
77774-4-0-2.wav,1.379616,1
77774-4-0-3.wav,1.602443,1
77774-4-1-0.wav,1.379616,1
77774-4-1-1.wav,1.379616,1
77901-9-0-0.wav,-2.74795,0
77901-9-0-1.wav,-2.74795,0
77901-9-0-2.wav,-2.065804,0
77901-9-0-3.wav,-0.728293,0
77901-9-0-4.wav,0.0,0
77901-9-0-6.wav,-1.985659,0
77901-9-0-7.wav,0.787183,1
77927-3-0-0.wav,1.075646,1
77927-3-0-1.wav,1.075646,1
77927-3-0-2.wav,0.833749,1
77927-3-1-1.wav,-0.363092,0
78326-9-0-0.wav,0.0,0
78326-9-0-1.wav,0.0,0
78326-9-0-3.wav,0.0,0
78326-9-0-5.wav,0.0,0
78326-9-0-6.wav,0.0,0
78326-9-0-7.wav,0.0,0
78360-4-0-0.wav,0.0,0
78360-4-0-1.wav,1.379616,1
78360-4-0-11.wav,0.0,0
78360-4-0-12.wav,0.0,0
78360-4-0-14.wav,0.0,0
78360-4-0-15.wav,0.0,0
78360-4-0-16.wav,0.0,0
78360-4-0-17.wav,0.0,0
78360-4-0-18.wav,0.0,0
78360-4-0-19.wav,-0.41513,0
78360-4-0-2.wav,1.379616,1
78360-4-0-20.wav,-0.760384,0
78360-4-0-21.wav,0.0,0
78360-4-0-22.wav,0.0,0
78360-4-0-23.wav,0.0,0
78360-4-0-3.wav,1.379616,1
78360-4-0-4.wav,1.379616,1
78360-4-0-5.wav,1.379616,1
78360-4-0-6.wav,1.379616,1
78360-4-0-7.wav,1.379616,1
78360-4-0-8.wav,0.0,0
78360-4-0-9.wav,1.379616,1
78651-5-0-0.wav,0.0,0
78651-5-0-1.wav,0.0,0
78651-5-0-10.wav,0.0,0
78651-5-0-11.wav,0.0,0
78651-5-0-12.wav,0.0,0
78651-5-0-13.wav,0.0,0
78651-5-0-14.wav,0.0,0
78651-5-0-15.wav,0.0,0
78651-5-0-16.wav,0.0,0
78651-5-0-17.wav,0.0,0
78651-5-0-2.wav,0.0,0
78651-5-0-3.wav,0.0,0
78651-5-0-4.wav,0.0,0
78651-5-0-5.wav,0.0,0
78651-5-0-6.wav,0.0,0
78651-5-0-7.wav,0.0,0
78651-5-0-8.wav,0.0,0
78651-5-0-9.wav,0.0,0
78776-6-0-0.wav,2.134784,1
79089-0-0-106.wav,0.0,0
79089-0-0-115.wav,0.0,0
79089-0-0-12.wav,0.0,0
79089-0-0-122.wav,-1.656079,0
79089-0-0-123.wav,0.0,0
79089-0-0-134.wav,0.0,0
79089-0-0-135.wav,0.0,0
79089-0-0-136.wav,0.0,0
79089-0-0-138.wav,-2.74795,0
79089-0-0-19.wav,0.0,0
79089-0-0-25.wav,0.395297,1
79089-0-0-28.wav,-0.736541,0
79089-0-0-4.wav,-0.363092,0
79089-0-0-40.wav,0.0,0
79089-0-0-41.wav,-2.696734,0
79089-0-0-43.wav,4.778267,1
79089-0-0-48.wav,0.0,0
79089-0-0-51.wav,0.0,0
79089-0-0-52.wav,0.0,0
79089-0-0-56.wav,1.40698,1
79089-0-0-6.wav,3.034009,1
79089-0-0-60.wav,-2.740245,0
79089-0-0-63.wav,-0.362927,0
79089-0-0-70.wav,0.0,0
79089-0-0-73.wav,0.0,0
79089-0-0-75.wav,0.0,0
79089-0-0-92.wav,-0.363092,0
7913-3-0-0.wav,1.105564,1
7913-3-1-0.wav,1.055417,1
7913-3-2-0.wav,1.06205,1
7913-3-3-0.wav,0.764634,1
79377-9-0-10.wav,-2.065804,0
79377-9-0-12.wav,-0.406472,0
79377-9-0-13.wav,-0.406472,0
79377-9-0-2.wav,-2.261649,0
79377-9-0-4.wav,-2.74795,0
79377-9-0-8.wav,-1.958603,0
79584-3-0-4.wav,1.041272,1
79584-3-0-5.wav,1.038622,1
79584-3-0-8.wav,0.922494,1
79584-3-1-2.wav,0.858636,1
7965-3-11-0.wav,2.345173,1
7965-3-16-0.wav,1.052548,1
7965-3-22-0.wav,0.767175,1
7965-3-3-0.wav,-0.75752,0
7975-3-0-0.wav,0.94784,1
80589-0-0-0.wav,0.0,0
80589-0-0-1.wav,0.0,0
80589-0-0-2.wav,0.0,0
80589-0-0-3.wav,0.0,0
80589-0-0-4.wav,0.0,0
80806-2-0-0.wav,-2.233587,0
80806-2-0-1.wav,0.0,0
80806-2-0-10.wav,2.467955,1
80806-2-0-2.wav,0.0,0
80806-2-0-3.wav,0.0,0
80806-2-0-4.wav,0.0,0
80806-2-0-5.wav,1.192027,1
80806-2-0-7.wav,0.0,0
81068-5-0-0.wav,0.0,0
81068-5-0-1.wav,0.0,0
81068-5-0-2.wav,0.0,0
81068-5-0-3.wav,0.0,0
81068-5-0-4.wav,0.0,0
81068-5-0-5.wav,0.817919,1
81068-5-1-0.wav,0.0,0
81068-5-2-0.wav,0.0,0
81117-4-0-0.wav,1.602443,1
81117-4-0-1.wav,1.602443,1
81117-4-0-2.wav,1.602443,1
81117-4-0-3.wav,1.602443,1
81117-4-0-4.wav,1.602443,1
81117-4-0-5.wav,0.0,0
81722-3-0-21.wav,1.052548,1
81722-3-0-22.wav,1.018161,1
81722-3-0-26.wav,1.018161,1
81722-3-0-28.wav,0.0,0
81787-2-0-0.wav,0.0,0
81787-2-0-14.wav,0.0,0
81787-2-0-23.wav,0.0,0
81787-2-0-35.wav,0.0,0
81787-2-0-39.wav,0.377455,1
81787-2-0-4.wav,1.700395,1
81787-2-0-48.wav,-0.787823,0
81787-2-0-49.wav,0.0,0
81788-2-0-12.wav,0.0,0
81788-2-0-14.wav,-0.787823,0
81788-2-0-16.wav,0.0,0
81788-2-0-35.wav,3.358603,1
81788-2-0-44.wav,0.0,0
81788-2-0-51.wav,0.0,0
81788-2-0-69.wav,0.0,0
81791-3-0-0.wav,1.052548,1
81791-3-0-1.wav,0.903279,1
81791-3-1-0.wav,0.920833,1
81799-3-0-0.wav,0.0,0
81799-3-0-1.wav,0.0,0
81799-3-1-0.wav,0.978947,1
81799-3-1-2.wav,2.212528,1
82024-3-0-4.wav,0.94784,1
82024-3-0-5.wav,0.94784,1
82024-3-0-6.wav,0.912995,1
82024-3-0-8.wav,1.079911,1
82317-1-0-0.wav,0.0,0
82368-2-0-0.wav,0.0,0
82368-2-0-1.wav,0.0,0
82368-2-0-10.wav,0.0,0
82368-2-0-17.wav,0.0,0
82368-2-0-23.wav,-0.359318,0
82368-2-0-25.wav,-1.160747,0
82368-2-0-30.wav,-1.097122,0
82368-2-0-7.wav,-1.067355,0
82811-3-0-1.wav,1.005843,1
82811-3-0-2.wav,1.005843,1
82811-3-3-0.wav,0.86767,1
82811-3-4-0.wav,1.014536,1
83191-9-0-0.wav,-0.788341,0
83191-9-0-11.wav,-2.065804,0
83191-9-0-13.wav,-1.556342,0
83191-9-0-17.wav,0.0,0
83191-9-0-4.wav,-0.749301,0
83191-9-0-6.wav,-2.065804,0
83195-9-0-11.wav,0.0,0
83195-9-0-14.wav,0.0,0
83195-9-0-2.wav,-0.737386,0
83195-9-0-3.wav,-1.490483,0
83195-9-0-6.wav,-0.799406,0
83195-9-0-7.wav,-1.490483,0
83196-9-0-10.wav,0.0,0
83196-9-0-13.wav,0.0,0
83196-9-0-14.wav,0.0,0
83196-9-0-15.wav,0.0,0
83196-9-0-3.wav,0.0,0
83196-9-0-9.wav,0.0,0
83199-9-0-0.wav,-0.406472,0
83465-1-0-0.wav,2.792266,1
83488-1-0-0.wav,5.083733,1
83488-1-1-0.wav,4.948072,1
83502-0-0-0.wav,0.0,0
83502-0-0-1.wav,0.361345,1
83502-0-0-10.wav,0.380453,1
83502-0-0-11.wav,0.0,0
83502-0-0-12.wav,0.381857,1
83502-0-0-13.wav,0.0,0
83502-0-0-2.wav,0.381857,1
83502-0-0-3.wav,0.770024,1
83502-0-0-4.wav,0.764894,1
83502-0-0-5.wav,0.380453,1
83502-0-0-6.wav,0.0,0
83502-0-0-7.wav,0.780799,1
83502-0-0-8.wav,0.0,0
83502-0-0-9.wav,0.0,0
83680-5-0-0.wav,0.0,0
83680-5-0-1.wav,0.0,0
83680-5-0-2.wav,0.0,0
83680-5-0-3.wav,0.0,0
84143-2-0-10.wav,0.0,0
84143-2-0-12.wav,1.247925,1
84143-2-0-13.wav,0.0,0
84143-2-0-14.wav,1.247925,1
84143-2-0-15.wav,1.247925,1
84143-2-0-32.wav,1.273769,1
84143-2-0-38.wav,0.0,0
84143-2-0-7.wav,1.284671,1
84249-9-0-10.wav,0.0,0
84249-9-0-11.wav,1.614105,1
84249-9-0-3.wav,-1.499729,0
84249-9-0-6.wav,0.0,0
84249-9-0-7.wav,0.365387,1
84249-9-0-8.wav,0.0,0
84317-3-0-0.wav,1.242371,1
84359-2-0-0.wav,-1.067355,0
84359-2-0-1.wav,-1.067355,0
84359-2-0-2.wav,-1.067355,0
84359-2-0-5.wav,-1.067355,0
84359-2-0-6.wav,-1.067355,0
84359-2-0-8.wav,1.140511,1
84359-2-0-9.wav,1.262962,1
84699-4-0-0.wav,1.291524,1
84699-4-1-0.wav,0.0,0
84699-4-2-0.wav,1.594637,1
84699-4-3-0.wav,0.0,0
84699-4-4-0.wav,0.0,0
84699-4-5-0.wav,0.0,0
84699-4-6-0.wav,1.508179,1
85249-2-0-10.wav,1.143629,1
85249-2-0-14.wav,0.0,0
85249-2-0-25.wav,1.790965,1
85249-2-0-29.wav,-1.067355,0
85249-2-0-61.wav,-1.067355,0
85249-2-0-62.wav,-1.067355,0
85249-2-0-68.wav,1.756403,1
85249-2-0-79.wav,-0.787823,0
85544-3-5-0.wav,1.161187,1
85544-3-6-0.wav,1.052548,1
85544-3-7-0.wav,1.161187,1
85569-0-0-0.wav,0.340968,1
85569-0-0-1.wav,-0.411946,0
85569-0-0-2.wav,0.340968,1
85569-0-0-3.wav,0.787202,1
85569-0-0-4.wav,0.0,0
85569-0-0-5.wav,0.0,0
85569-0-0-6.wav,0.0,0
85569-0-0-7.wav,0.0,0
85569-0-0-8.wav,0.0,0
85569-0-0-9.wav,0.0,0
85574-3-0-0.wav,1.052548,1
85574-3-0-12.wav,0.954046,1
85574-3-0-2.wav,1.027436,1
85574-3-0-8.wav,1.027436,1
85661-3-0-0.wav,2.37837,1
85662-3-0-0.wav,0.872184,1
85663-3-0-0.wav,0.0,0
85664-3-0-0.wav,2.372487,1
85665-3-0-0.wav,0.0,0
86278-6-0-0.wav,1.476705,1
86279-3-0-0.wav,1.049101,1
86284-3-0-0.wav,0.858636,1
86284-3-1-0.wav,1.101828,1
87562-6-0-0.wav,1.309048,1
88121-8-0-0.wav,2.400689,1
88121-8-0-1.wav,6.990133,1
88121-8-0-2.wav,1.688884,1
88121-8-0-3.wav,1.688884,1
88121-8-1-0.wav,4.238761,1
88121-8-2-0.wav,0.0,0
88466-7-0-0.wav,0.0,0
88569-2-0-14.wav,0.0,0
88569-2-0-21.wav,0.0,0
88569-2-0-36.wav,0.0,0
88569-2-0-54.wav,-2.996728,0
88569-2-0-67.wav,0.0,0
88569-2-0-77.wav,6.143448,1
88569-2-0-85.wav,0.0,0
89099-4-0-0.wav,0.0,0
89099-4-0-1.wav,0.0,0
89099-4-0-2.wav,1.379091,1
89207-3-0-0.wav,1.045312,1
89209-3-0-0.wav,1.014536,1
89210-3-0-0.wav,2.385056,1
89211-3-0-0.wav,2.372487,1
89212-3-0-0.wav,1.014536,1
89213-3-0-0.wav,2.263224,1
89442-9-0-14.wav,-1.958603,0
89442-9-0-17.wav,-2.74795,0
89442-9-0-34.wav,-1.958603,0
89442-9-0-5.wav,-2.065804,0
89442-9-0-6.wav,-1.493648,0
89442-9-0-7.wav,-1.972562,0
89443-9-0-1.wav,-1.562006,0
89443-9-0-16.wav,0.325502,1
89443-9-0-17.wav,0.0,0
89443-9-0-2.wav,-0.350636,0
89443-9-0-48.wav,0.625923,1
89443-9-0-50.wav,-2.74795,0
89679-1-0-0.wav,8.9036,1
89679-1-1-0.wav,8.9036,1
89724-5-0-0.wav,0.0,0
89724-5-0-1.wav,0.0,0
89724-5-0-2.wav,0.0,0
89724-5-0-3.wav,0.0,0
89724-5-0-4.wav,0.0,0
89724-5-0-5.wav,0.0,0
89948-5-0-0.wav,0.0,0
90013-7-0-0.wav,0.0,0
90013-7-0-1.wav,0.0,0
90013-7-0-2.wav,0.0,0
90013-7-0-3.wav,0.0,0
90013-7-0-4.wav,0.0,0
90013-7-0-5.wav,0.0,0
90013-7-0-6.wav,0.0,0
90013-7-0-7.wav,0.0,0
90013-7-1-0.wav,0.0,0
90013-7-1-1.wav,0.0,0
90013-7-1-2.wav,0.0,0
90013-7-1-3.wav,0.0,0
90013-7-1-4.wav,0.0,0
90013-7-1-5.wav,0.0,0
9031-3-1-0.wav,2.432492,1
9031-3-2-0.wav,0.861203,1
9031-3-3-0.wav,0.909321,1
9031-3-4-0.wav,0.994308,1
90846-8-0-0.wav,3.211075,1
91209-5-0-0.wav,0.0,0
91209-5-0-1.wav,0.0,0
91209-5-0-2.wav,0.0,0
91209-5-1-0.wav,0.0,0
91209-5-1-1.wav,0.0,0
91209-5-1-2.wav,0.0,0
91209-5-1-3.wav,0.0,0
91209-5-1-4.wav,0.0,0
91209-5-1-5.wav,0.0,0
91396-8-0-0.wav,10.386232,1
91396-8-0-1.wav,10.386232,1
91396-8-0-2.wav,9.246146,1
91396-8-0-3.wav,4.339965,1
91533-5-0-0.wav,0.744883,1
91533-5-0-1.wav,0.744659,1
91533-5-0-2.wav,0.0,0
91533-5-0-3.wav,0.0,0
9223-2-0-10.wav,-1.067355,0
9223-2-0-15.wav,1.428826,1
9223-2-0-17.wav,-1.067355,0
9223-2-0-2.wav,0.0,0
9223-2-0-4.wav,2.532787,1
9223-2-0-5.wav,0.0,0
9223-2-0-9.wav,0.0,0
93065-9-0-12.wav,-0.41513,0
93065-9-0-14.wav,0.0,0
93065-9-0-17.wav,0.0,0
93065-9-0-2.wav,0.340968,1
93065-9-0-4.wav,0.0,0
93065-9-0-7.wav,0.0,0
93139-6-0-0.wav,1.976757,1
93193-9-0-4.wav,0.0,0
93193-9-1-11.wav,3.079125,1
93193-9-1-18.wav,0.884718,1
93193-9-1-19.wav,2.686981,1
93193-9-1-22.wav,0.971781,1
93193-9-1-6.wav,0.997708,1
93567-8-0-0.wav,5.384116,1
93567-8-0-1.wav,2.507631,1
93567-8-0-10.wav,2.576214,1
93567-8-0-11.wav,2.921421,1
93567-8-0-12.wav,2.760706,1
93567-8-0-13.wav,2.758948,1
93567-8-0-14.wav,2.758948,1
93567-8-0-15.wav,7.122271,1
93567-8-0-16.wav,7.122271,1
93567-8-0-17.wav,5.467215,1
93567-8-0-18.wav,5.467215,1
93567-8-0-19.wav,7.122271,1
93567-8-0-2.wav,2.500492,1
93567-8-0-3.wav,5.427064,1
93567-8-0-4.wav,2.777666,1
93567-8-0-5.wav,2.769361,1
93567-8-0-6.wav,2.921421,1
93567-8-0-7.wav,2.531433,1
93567-8-0-8.wav,1.443627,1
93567-8-0-9.wav,4.274471,1
94020-8-0-0.wav,7.924574,1
94020-8-1-0.wav,9.279182,1
94182-9-0-0.wav,0.0,0
94182-9-0-10.wav,0.0,0
94182-9-0-16.wav,0.0,0
94182-9-0-20.wav,0.0,0
94182-9-0-23.wav,0.0,0
94182-9-0-25.wav,-2.065804,0
94182-9-0-9.wav,0.0,0
94401-1-0-0.wav,2.521415,1
94631-9-0-12.wav,0.0,0
94631-9-0-16.wav,-2.740245,0
94631-9-1-16.wav,-1.985659,0
94631-9-1-2.wav,-2.740245,0
94631-9-1-25.wav,-1.068738,0
94631-9-1-3.wav,-1.972562,0
94632-5-0-0.wav,0.340968,1
94632-5-0-10.wav,0.343048,1
94632-5-0-13.wav,0.340968,1
94632-5-0-14.wav,0.340968,1
94632-5-0-15.wav,0.340968,1
94632-5-0-2.wav,-0.423905,0
94632-5-0-21.wav,0.340968,1
94632-5-0-22.wav,0.340968,1
94632-5-0-25.wav,0.340968,1
94632-5-0-27.wav,0.0,0
94632-5-0-28.wav,0.0,0
94632-5-0-29.wav,0.340968,1
94632-5-0-31.wav,0.340968,1
94632-5-0-33.wav,0.365308,1
94632-5-0-34.wav,0.0,0
94632-5-0-6.wav,0.327183,1
94632-5-0-8.wav,0.327183,1
94632-5-0-9.wav,0.364516,1
94632-5-1-11.wav,0.340968,1
94632-5-1-13.wav,0.340968,1
94632-5-1-14.wav,0.338843,1
94632-5-1-17.wav,0.340968,1
94632-5-1-18.wav,0.340968,1
94632-5-1-19.wav,0.401117,1
94632-5-1-2.wav,0.340968,1
94632-5-1-23.wav,0.327183,1
94632-5-1-26.wav,0.0,0
94632-5-1-28.wav,0.379506,1
94632-5-1-30.wav,-0.350848,0
94632-5-1-7.wav,0.364516,1
94632-5-1-9.wav,0.340968,1
94636-8-0-0.wav,7.280578,1
94636-8-0-1.wav,5.368158,1
94636-8-0-10.wav,5.646721,1
94636-8-0-11.wav,8.9036,1
94636-8-0-12.wav,5.183008,1
94636-8-0-13.wav,8.626453,1
94636-8-0-14.wav,5.040551,1
94636-8-0-15.wav,5.122171,1
94636-8-0-16.wav,4.970796,1
94636-8-0-17.wav,5.735654,1
94636-8-0-18.wav,5.42718,1
94636-8-0-19.wav,0.0,0
94636-8-0-2.wav,4.279907,1
94636-8-0-20.wav,0.0,0
94636-8-0-21.wav,0.353883,1
94636-8-0-3.wav,4.421248,1
94636-8-0-4.wav,5.384031,1
94636-8-0-5.wav,9.03808,1
94636-8-0-6.wav,5.663183,1
94636-8-0-7.wav,5.401705,1
94636-8-0-8.wav,5.646721,1
94636-8-0-9.wav,5.646721,1
94710-5-0-0.wav,0.0,0
94710-5-0-1.wav,0.0,0
94710-5-0-2.wav,0.0,0
94710-5-0-3.wav,0.0,0
94710-5-1-0.wav,0.0,0
94868-1-0-0.wav,5.151352,1
94868-1-1-0.wav,5.554404,1
94868-1-2-0.wav,5.163858,1
95077-5-0-0.wav,0.0,0
95404-3-0-0.wav,2.345177,1
95404-3-0-1.wav,1.052548,1
95404-3-0-4.wav,0.0,0
95404-3-0-5.wav,2.330291,1
95532-3-0-0.wav,0.979165,1
95536-3-0-1.wav,2.550259,1
95536-3-0-2.wav,1.043594,1
95536-3-0-4.wav,2.591163,1
95536-3-0-5.wav,2.591163,1
95549-3-0-14.wav,2.212528,1
95549-3-0-20.wav,2.212528,1
95549-3-0-6.wav,0.984872,1
95549-3-0-7.wav,2.212528,1
95562-4-0-0.wav,0.0,0
95562-4-1-0.wav,1.659697,1
95562-4-2-0.wav,0.0,0
95562-4-3-0.wav,1.539826,1
95562-4-3-1.wav,0.0,0
96158-4-0-0.wav,0.0,0
96159-4-0-0.wav,0.0,0
96159-4-1-0.wav,0.0,0
96169-9-1-10.wav,0.0,0
96169-9-1-3.wav,0.0,0
96169-9-1-49.wav,0.0,0
96169-9-1-55.wav,0.0,0
96169-9-1-61.wav,0.0,0
96169-9-1-74.wav,0.0,0
96475-9-0-0.wav,0.0,0
96475-9-0-3.wav,0.0,0
96475-9-0-4.wav,0.0,0
96475-9-0-5.wav,0.0,0
96475-9-0-6.wav,0.0,0
96475-9-0-9.wav,3.062378,1
96657-8-0-0.wav,10.386232,1
96657-8-0-1.wav,5.387791,1
96657-8-0-2.wav,5.384031,1
96657-8-0-3.wav,5.365684,1
9674-1-0-0.wav,1.31692,1
9674-1-0-1.wav,1.179085,1
9674-1-0-2.wav,1.31692,1
96920-9-0-0.wav,-1.493648,0
96920-9-0-11.wav,0.356446,1
96920-9-0-13.wav,0.0,0
96920-9-0-2.wav,-2.065804,0
96920-9-0-3.wav,0.0,0
96920-9-0-8.wav,-2.740245,0
96921-9-0-1.wav,-0.363092,0
96921-9-0-11.wav,0.0,0
96921-9-0-17.wav,0.381857,1
96921-9-0-18.wav,0.381857,1
96921-9-0-4.wav,0.0,0
96921-9-0-9.wav,0.0,0
97193-3-0-0.wav,1.060171,1
97193-3-0-1.wav,0.914209,1
97193-3-0-4.wav,1.014536,1
97193-3-0-6.wav,0.867072,1
97317-2-0-22.wav,0.0,0
97317-2-0-23.wav,0.0,0
97317-2-0-25.wav,0.0,0
97317-2-0-28.wav,0.0,0
97317-2-0-34.wav,0.0,0
97317-2-0-36.wav,1.276693,1
97317-2-0-5.wav,0.0,0
97331-2-0-13.wav,0.743841,1
97331-2-0-17.wav,1.277432,1
97331-2-0-20.wav,2.640156,1
97331-2-0-35.wav,3.911822,1
97331-2-0-50.wav,2.647029,1
97331-2-0-55.wav,2.640156,1
97331-2-0-59.wav,1.428826,1
97331-2-0-98.wav,2.647029,1
97606-7-0-0.wav,0.0,0
97606-7-1-0.wav,0.0,0
97606-7-2-0.wav,0.0,0
97606-7-3-0.wav,0.0,0
97606-7-4-0.wav,0.0,0
97606-7-5-0.wav,0.0,0
97756-3-0-0.wav,0.963173,1
98202-9-0-10.wav,0.0,0
98202-9-0-4.wav,0.0,0
98202-9-0-7.wav,0.0,0
98202-9-1-20.wav,-0.710826,0
98202-9-1-27.wav,0.0,0
98202-9-1-5.wav,-0.363092,0
98223-7-0-0.wav,0.0,0
98223-7-1-0.wav,1.172968,1
98223-7-10-0.wav,1.243709,1
98223-7-2-0.wav,0.0,0
98223-7-3-0.wav,0.0,0
98223-7-4-0.wav,0.0,0
98223-7-5-0.wav,0.0,0
98223-7-6-0.wav,0.0,0
98223-7-7-0.wav,0.0,0
98223-7-8-0.wav,0.0,0
98223-7-9-0.wav,0.0,0
98263-9-0-1.wav,0.0,0
98263-9-0-10.wav,0.0,0
98263-9-0-22.wav,0.0,0
98263-9-0-24.wav,0.0,0
98263-9-0-33.wav,0.349601,1
98263-9-0-35.wav,0.0,0
98525-8-0-0.wav,4.461639,1
98536-8-0-0.wav,4.313193,1
98680-9-0-11.wav,0.0,0
98680-9-0-14.wav,0.0,0
98680-9-0-2.wav,0.0,0
98680-9-0-3.wav,0.0,0
98680-9-0-5.wav,0.0,0
98681-9-0-0.wav,-0.727138,0
98681-9-0-11.wav,-2.64111,0
98681-9-0-12.wav,0.0,0
98681-9-0-5.wav,-0.953881,0
98681-9-0-6.wav,0.0,0
98681-9-0-7.wav,1.742544,1
98859-7-0-0.wav,1.147293,1
98859-7-1-0.wav,0.0,0
98859-7-2-0.wav,0.0,0
98859-7-2-1.wav,0.0,0
98859-7-2-2.wav,1.172968,1
98859-7-2-3.wav,1.160701,1
98859-7-2-4.wav,0.0,0
98859-7-2-5.wav,0.0,0
99157-9-0-10.wav,0.0,0
99157-9-0-15.wav,0.388793,1
99157-9-0-16.wav,0.388793,1
99157-9-0-22.wav,-2.740245,0
99157-9-0-24.wav,0.0,0
99157-9-0-31.wav,-1.972562,0
99179-9-0-12.wav,0.0,0
99179-9-0-17.wav,0.0,0
99179-9-0-19.wav,0.0,0
99179-9-0-38.wav,-0.353062,0
99179-9-0-53.wav,0.335531,1
99179-9-0-58.wav,0.0,0
99180-9-0-0.wav,-1.166432,0
99180-9-0-2.wav,0.0,0
99180-9-0-36.wav,-0.745066,0
99180-9-0-48.wav,0.803542,1
99180-9-0-49.wav,0.0,0
99180-9-0-7.wav,0.803542,1
99185-3-0-0.wav,2.485426,1
99192-4-0-0.wav,0.0,0
99192-4-0-1.wav,0.0,0
99192-4-0-12.wav,0.0,0
99192-4-0-15.wav,0.0,0
99192-4-0-17.wav,0.0,0
99192-4-0-18.wav,0.0,0
99192-4-0-20.wav,1.23048,1
99192-4-0-24.wav,0.0,0
99192-4-0-26.wav,1.297528,1
99192-4-0-27.wav,1.306512,1
99192-4-0-28.wav,0.0,0
99192-4-0-3.wav,1.437759,1
99192-4-0-30.wav,0.0,0
99192-4-0-32.wav,1.297528,1
99192-4-0-33.wav,0.0,0
99192-4-0-38.wav,0.0,0
99192-4-0-40.wav,1.297528,1
99192-4-0-41.wav,1.142732,1
99192-4-0-43.wav,0.0,0
99192-4-0-47.wav,1.205926,1
99192-4-0-48.wav,0.0,0
99192-4-0-49.wav,0.0,0
99192-4-0-52.wav,0.0,0
99192-4-0-53.wav,0.0,0
99192-4-0-54.wav,0.0,0
99192-4-0-55.wav,1.727923,1
99192-4-0-7.wav,1.142732,1
99500-2-0-1.wav,0.0,0
99500-2-0-11.wav,-1.067355,0
99500-2-0-2.wav,0.0,0
99500-2-0-23.wav,0.0,0
99500-2-0-29.wav,1.224042,1
99500-2-0-39.wav,1.354315,1
99500-2-0-41.wav,3.56519,1
99500-2-0-50.wav,0.0,0
99710-9-0-11.wav,-0.353062,0
99710-9-0-12.wav,-0.353062,0
99710-9-0-16.wav,0.0,0
99710-9-0-2.wav,0.0,0
99710-9-0-5.wav,0.0,0
99710-9-0-6.wav,0.0,0
99812-1-0-0.wav,2.607098,1
99812-1-0-1.wav,5.571339,1
99812-1-0-2.wav,2.607098,1
99812-1-1-0.wav,2.512507,1
99812-1-2-0.wav,2.743125,1
99812-1-3-0.wav,2.712703,1
99812-1-4-0.wav,2.694749,1
99812-1-5-0.wav,2.504022,1
99812-1-6-0.wav,2.625423,1
