source_dataset,clip_id,audioset_segment_sec,original_category,danger_label,esc50_fold,caption
ESC-50,1-100032-A-0.wav,,dog,1,1,a dog is barking repeatedly and then barks twice
ESC-50,1-100038-A-14.wav,,chirping_birds,0,1,birds are chirping and singing in the background
ESC-50,1-100210-A-36.wav,,vacuum_cleaner,0,1,a vacuum cleaner is running and then it is turned on
ESC-50,1-100210-B-36.wav,,vacuum_cleaner,0,1,a vacuum cleaner is being used to cut something
ESC-50,1-101296-A-19.wav,,thunderstorm,0,1,thunder rumbles in the distance as rain falls
ESC-50,1-101296-B-19.wav,,thunderstorm,0,1,thunder is rumbling in the distance and a thunderstorm is in the background
ESC-50,1-101336-A-30.wav,,door_wood_knock,0,1,a person is knocking on a wooden door and then tapping on a hard surface
ESC-50,1-101404-A-34.wav,,can_opening,0,1,someone is opening and closing a can of soda
ESC-50,1-103298-A-9.wav,,crow,0,1,a bird is squawking loudly while other birds are chirping in the background
ESC-50,1-103995-A-30.wav,,door_wood_knock,0,1,a person is knocking on a door five times
ESC-50,1-103999-A-30.wav,,door_wood_knock,0,1,a person is knocking on a door five times
ESC-50,1-104089-A-22.wav,,clapping,0,1,a large group of people are clapping and applauding
ESC-50,1-104089-B-22.wav,,clapping,0,1,a large group of people are clapping and applauding
ESC-50,1-105224-A-22.wav,,clapping,0,1,a crowd of people are clapping and applauding
ESC-50,1-110389-A-0.wav,,dog,1,1,a dog is barking and growling at a consistent rate
ESC-50,1-110537-A-22.wav,,clapping,0,1,a crowd of people are clapping and applauding loudly
ESC-50,1-115521-A-19.wav,,thunderstorm,0,1,thunder rolls in the distance and then fades away
ESC-50,1-115545-A-48.wav,,fireworks,0,1,fireworks are going off in the distance
ESC-50,1-115545-B-48.wav,,fireworks,0,1,fireworks are going off in the distance
ESC-50,1-115545-C-48.wav,,fireworks,0,1,a gun is fired in the distance and then more gunshots go off in the background
ESC-50,1-115546-A-48.wav,,fireworks,0,1,fireworks are going off in the distance
ESC-50,1-115920-A-22.wav,,clapping,0,1,a large group of people are clapping and applauding
ESC-50,1-115920-B-22.wav,,clapping,0,1,a crowd of people are clapping and applauding
ESC-50,1-115921-A-22.wav,,clapping,0,1,a crowd of people clapping and applauding at a steady pace
ESC-50,1-116765-A-41.wav,,chainsaw,1,1,a person is using a saw to cut wood
ESC-50,1-11687-A-47.wav,,airplane,0,1,an airplane is flying over a runway and getting ready to take off
ESC-50,1-118206-A-31.wav,,mouse_click,0,1,a person is tapping on a piece of wood
ESC-50,1-118559-A-17.wav,,pouring_water,0,1,water is being poured into a container at a steady pace
ESC-50,1-119125-A-45.wav,,train,0,1,a train is passing by on the tracks and the wind is blowing
ESC-50,1-121951-A-8.wav,,sheep,0,1,a sheep is bleating and birds are chirping in the background
ESC-50,1-12653-A-15.wav,,water_drops,0,1,water is dripping from a faucet into a sink
ESC-50,1-12654-A-15.wav,,water_drops,0,1,water is dripping from a faucet into a sink
ESC-50,1-12654-B-15.wav,,water_drops,0,1,water is dripping from a faucet into a sink
ESC-50,1-13571-A-46.wav,,church_bells,0,1,church bells are ringing loudly in a large room
ESC-50,1-13572-A-46.wav,,church_bells,0,1,church bells are ringing loudly in the background
ESC-50,1-13613-A-37.wav,,clock_alarm,0,1,a machine is making a high pitched noise
ESC-50,1-137296-A-16.wav,,wind,0,1,wind blows in the background as a car drives by
ESC-50,1-137-A-32.wav,,keyboard_typing,0,1,a person typing on a keyboard and types on a typewriter
ESC-50,1-14262-A-37.wav,,clock_alarm,0,1,an alarm clock is ringing loudly and then stops
ESC-50,1-155858-A-25.wav,,footsteps,0,1,someone is walking on a hard surface with shoes
ESC-50,1-155858-B-25.wav,,footsteps,0,1,someone is walking on a hard surface and shoes are moving across the floor
ESC-50,1-155858-C-25.wav,,footsteps,0,1,a person is walking on a hard surface
ESC-50,1-155858-D-25.wav,,footsteps,0,1,a person is walking on a hard surface
ESC-50,1-155858-E-25.wav,,footsteps,0,1,a person is walking on a hard surface
ESC-50,1-155858-F-25.wav,,footsteps,0,1,someone is walking on a hard surface with shoes
ESC-50,1-15689-A-4.wav,,frog,0,1,frogs are croaking in the background with one bird in the foreground
ESC-50,1-15689-B-4.wav,,frog,0,1,frogs are croaking in the background
ESC-50,1-160563-A-48.wav,,fireworks,0,1,fireworks are exploding in the distance and then a gun is fired
ESC-50,1-160563-B-48.wav,,fireworks,0,1,fireworks are going off in the distance
ESC-50,1-16568-A-3.wav,,cow,0,1,several cows are mooing in the distance
ESC-50,1-16746-A-15.wav,,water_drops,0,1,water is dripping from a faucet into a tub
ESC-50,1-17092-A-27.wav,,brushing_teeth,0,1,someone is brushing their teeth with a toothbrush
ESC-50,1-17092-B-27.wav,,brushing_teeth,0,1,someone is brushing their teeth with their mouth open
ESC-50,1-17124-A-43.wav,,car_horn,1,1,a car horn honks repeatedly and then gets louder as time goes on
ESC-50,1-17150-A-12.wav,,crackling_fire,0,1,a fire is crackling and popping as it burns
ESC-50,1-172649-A-40.wav,,helicopter,0,1,an airplane is flying overhead while a helicopter is in the background
ESC-50,1-172649-B-40.wav,,helicopter,0,1,an airplane is flying overhead while a helicopter is in the background
ESC-50,1-172649-C-40.wav,,helicopter,0,1,a helicopter is flying overhead with an airplane propeller is in the background
ESC-50,1-172649-D-40.wav,,helicopter,0,1,a helicopter is flying overhead and a plane flies over the sky
ESC-50,1-172649-E-40.wav,,helicopter,0,1,a helicopter is flying overhead and a plane flies over the sky
ESC-50,1-172649-F-40.wav,,helicopter,0,1,a helicopter is flying overhead and a plane flies over the sky
ESC-50,1-17295-A-29.wav,,drinking_sipping,0,1,someone is drinking water from a container to make their mouth open
ESC-50,1-17367-A-10.wav,,rain,0,1,rain is pouring down and thunder is rumbling in the background
ESC-50,1-17565-A-12.wav,,crackling_fire,0,1,a fire crackling and popping as it crackles in the background
ESC-50,1-17585-A-7.wav,,insects,0,1,birds are chirping and bees are buzzing in the background
ESC-50,1-17742-A-12.wav,,crackling_fire,0,1,a fire is crackling and popping as it burns
ESC-50,1-17808-A-12.wav,,crackling_fire,0,1,a fire crackles in the background as a campfire burns
ESC-50,1-17808-B-12.wav,,crackling_fire,0,1,a fire crackles and pops in the distance
ESC-50,1-1791-A-26.wav,,laughing,0,1,a person is laughing and making a lot of noise
ESC-50,1-17970-A-4.wav,,frog,0,1,a frog is croaking and birds are chirping in the background
ESC-50,1-18074-A-6.wav,,hen,0,1,a chicken is clucking and flapping its wings
ESC-50,1-18074-B-6.wav,,hen,0,1,a chicken is clucking and flapping its wings
ESC-50,1-181071-A-40.wav,,helicopter,0,1,a helicopter is flying over the sky as it is ready to take off
ESC-50,1-181071-B-40.wav,,helicopter,0,1,a helicopter is flying overhead and getting closer and farther away
ESC-50,1-18527-A-44.wav,,engine,0,1,an engine is idling and a vehicle drives by
ESC-50,1-18527-B-44.wav,,engine,0,1,a truck is driving on a road with a heavy engine
ESC-50,1-18631-A-23.wav,,breathing,0,1,a person is breathing heavily and steadily in the background
ESC-50,1-18655-A-31.wav,,mouse_click,0,1,a person is clicking a ball against a wall
ESC-50,1-187207-A-20.wav,,crying_baby,1,1,a baby cries and a child speaks and a woman laughs
ESC-50,1-18755-A-4.wav,,frog,0,1,frogs are croaking and ducks are quacking in the background
ESC-50,1-18755-B-4.wav,,frog,0,1,a frog is croaking and frogs croak in the night
ESC-50,1-18757-A-4.wav,,frog,0,1,frogs are croaking and other animals are making noises
ESC-50,1-18810-A-49.wav,,hand_saw,0,1,a person is using a piece of wood
ESC-50,1-19026-A-43.wav,,car_horn,1,1,a car horn is being blown over and over again
ESC-50,1-19111-A-24.wav,,coughing,1,1,a man coughs and then laughs and then starts coughing again
ESC-50,1-19118-A-24.wav,,coughing,1,1,a person is coughing then coughs again and again
ESC-50,1-19501-A-7.wav,,insects,0,1,a bee is buzzing around and birds are chirping in the background
ESC-50,1-196660-A-8.wav,,sheep,0,1,a sheep bleats loudly and a cow moos in the background
ESC-50,1-196660-B-8.wav,,sheep,0,1,a sheep bleats loudly in the background
ESC-50,1-19840-A-36.wav,,vacuum_cleaner,0,1,a machine is running at a constant speed and steady
ESC-50,1-19872-A-36.wav,,vacuum_cleaner,0,1,a vacuum cleaner is being used in the background
ESC-50,1-19872-B-36.wav,,vacuum_cleaner,0,1,a vacuum cleaner is running at a constant speed
ESC-50,1-19898-A-41.wav,,chainsaw,1,1,a chainsaw is revved up and then started again
ESC-50,1-19898-B-41.wav,,chainsaw,1,1,a chainsaw is cutting through a piece of wood
ESC-50,1-19898-C-41.wav,,chainsaw,1,1,a chainsaw is cutting through a piece of wood
ESC-50,1-20133-A-39.wav,,glass_breaking,1,1,glass bottles are being thrown into a pile of pieces
ESC-50,1-202111-A-3.wav,,cow,0,1,a cow is mooing in the foreground with other birds chirping in the background
ESC-50,1-20545-A-28.wav,,snoring,0,1,a person is snoring very loudly and slowly
ESC-50,1-20736-A-18.wav,,toilet_flush,0,1,a toilet is flushed and water is running
ESC-50,1-208757-A-2.wav,,pig,0,1,a pig is oinking in the background and a man is grunting in the foreground
ESC-50,1-208757-B-2.wav,,pig,0,1,a pig is oinking in the background as a man is speaking
ESC-50,1-208757-C-2.wav,,pig,0,1,a pig is oinking in the background and a man is speaking in the foreground
ESC-50,1-208757-D-2.wav,,pig,0,1,pigs oinking in the background as a pig oinks
ESC-50,1-208757-E-2.wav,,pig,0,1,a pig is oinking in the background and a dog is growling
ESC-50,1-211527-A-20.wav,,crying_baby,1,1,a baby is crying and making noises in the background
ESC-50,1-211527-B-20.wav,,crying_baby,1,1,a baby is crying and laughing with a child speaking in the background
ESC-50,1-211527-C-20.wav,,crying_baby,1,1,a small dog is crying and whining in the background
ESC-50,1-21189-A-10.wav,,rain,0,1,rain is falling down on the roof of a house
ESC-50,1-21421-A-46.wav,,church_bells,0,1,church bells are ringing in the tower
ESC-50,1-21896-A-35.wav,,washing_machine,0,1,a machine is running at a constant speed and then stops
ESC-50,1-21934-A-38.wav,,clock_tick,0,1,a clock is ticking very slowly at a steady pace
ESC-50,1-21935-A-38.wav,,clock_tick,0,1,a clock is ticking very loud and steady
ESC-50,1-223162-A-25.wav,,footsteps,0,1,a person is knocking on a wooden surface at a consistent rate
ESC-50,1-22694-A-20.wav,,crying_baby,1,1,a baby is crying for a dozen seconds
ESC-50,1-22694-B-20.wav,,crying_baby,1,1,a baby is crying and making noises in the background
ESC-50,1-22804-A-46.wav,,church_bells,0,1,church bells are ringing in the tower
ESC-50,1-22882-A-44.wav,,engine,0,1,an engine is idling and then it starts to idle
ESC-50,1-23094-A-15.wav,,water_drops,0,1,water drips into a metal sink and echoes in the background
ESC-50,1-23094-B-15.wav,,water_drops,0,1,water drips from a faucet into a metal container
ESC-50,1-23222-A-19.wav,,thunderstorm,0,1,thunder claps and lightning strike as rain falls in the distance
ESC-50,1-23222-B-19.wav,,thunderstorm,0,1,thunder rolls in the distance and then fades away
ESC-50,1-23706-A-49.wav,,hand_saw,0,1,a saw is cutting through a piece of wood
ESC-50,1-23996-A-35.wav,,washing_machine,0,1,a machine is running at a constant speed
ESC-50,1-23996-B-35.wav,,washing_machine,0,1,a machine is running at a constant speed and volume
ESC-50,1-24074-A-43.wav,,car_horn,1,1,a car horn is honking in the background
ESC-50,1-24076-A-43.wav,,car_horn,1,1,a car horn honks and a vehicle drives by
ESC-50,1-24524-A-19.wav,,thunderstorm,0,1,thunder claps in the distance as rain pours down
ESC-50,1-24524-B-19.wav,,thunderstorm,0,1,thunder rolls in the distance as rain falls
ESC-50,1-24524-C-19.wav,,thunderstorm,0,1,thunder rumbles in the distance as rain falls
ESC-50,1-24796-A-47.wav,,airplane,0,1,an airplane is flying over the sky overhead
ESC-50,1-254507-A-43.wav,,car_horn,1,1,a car horn honks and then a vehicle drives by
ESC-50,1-25777-A-48.wav,,fireworks,0,1,fireworks are going off in the distance
ESC-50,1-25781-A-48.wav,,fireworks,0,1,fireworks are exploding in the sky and the match is lit
ESC-50,1-260640-A-2.wav,,pig,0,1,a pig oinking in the background as a person is grunting in the foreground
ESC-50,1-260640-B-2.wav,,pig,0,1,pigs oinking in the background and a pig oinks
ESC-50,1-260640-C-2.wav,,pig,0,1,a pig oinking in the background as it is snorting and pigs oink
ESC-50,1-26143-A-21.wav,,sneezing,1,1,a person coughs sniffs repeatedly and then sneezes twice
ESC-50,1-26176-A-43.wav,,car_horn,1,1,a car horn honks repeatedly while people talk in the background
ESC-50,1-26177-A-43.wav,,car_horn,1,1,a car horn honks repeatedly while cars drive by in the background
ESC-50,1-26188-A-30.wav,,door_wood_knock,0,1,a person is knocking on a door five times
ESC-50,1-26222-A-10.wav,,rain,0,1,rain is pouring down on the roof of a house
ESC-50,1-26806-A-1.wav,,rooster,0,1,a chicken is crowing and a rooster crows in the distance
ESC-50,1-27165-A-35.wav,,washing_machine,0,1,a machine is running at a constant speed and then it is turned off
ESC-50,1-27166-A-35.wav,,washing_machine,0,1,a saw is being used to cut a piece of wood
ESC-50,1-27403-A-28.wav,,snoring,0,1,a person is snoring loudly and consistently in the background
ESC-50,1-27405-A-28.wav,,snoring,0,1,a person is snoring very loudly and slowly
ESC-50,1-27724-A-1.wav,,rooster,0,1,a chicken is crowing and a bird is chirping in the background
ESC-50,1-28005-A-18.wav,,toilet_flush,0,1,a toilet flushes and water drains and then flushed
ESC-50,1-28135-A-11.wav,,sea_waves,0,1,waves are crashing against the shore and the wind is blowing
ESC-50,1-28135-B-11.wav,,sea_waves,0,1,waves are crashing against the shore and the wind is blowing
ESC-50,1-28808-A-43.wav,,car_horn,1,1,a car horn is honking while traffic horns are blaring in the background
ESC-50,1-29532-A-16.wav,,wind,0,1,a teapot is whistling shrilly as the wind is blowing
ESC-50,1-29561-A-10.wav,,rain,0,1,rain is falling on a tin roof and then it is raining
ESC-50,1-29680-A-21.wav,,sneezing,1,1,a person is grunting and groaning in pain
ESC-50,1-30039-A-26.wav,,laughing,0,1,a group of people are laughing and talking in the background
ESC-50,1-30043-A-26.wav,,laughing,0,1,a group of people are laughing and talking
ESC-50,1-30214-A-18.wav,,toilet_flush,0,1,a toilet is flushed and then the water is turned off
ESC-50,1-30226-A-0.wav,,dog,1,1,a dog is barking and a person is walking on a hard surface
ESC-50,1-30344-A-0.wav,,dog,1,1,a dog is barking loudly at a steady pace
ESC-50,1-30709-A-23.wav,,breathing,0,1,a person is breathing heavily and steadily in the background
ESC-50,1-30709-B-23.wav,,breathing,0,1,a person is breathing heavily in a large room
ESC-50,1-30709-C-23.wav,,breathing,0,1,a person is breathing heavily and steadily in a rhythmic breath
ESC-50,1-30830-A-24.wav,,coughing,1,1,a person coughs five times and then coughing again
ESC-50,1-31251-A-6.wav,,hen,0,1,a chicken is clucking while birds are chirping in the background
ESC-50,1-31251-B-6.wav,,hen,0,1,a chicken is clucking while birds are chirping in the background
ESC-50,1-31482-A-42.wav,,siren,1,1,an alarm is going off while people are talking in the background
ESC-50,1-31482-B-42.wav,,siren,1,1,a siren is blaring while people are talking in the background
ESC-50,1-31748-A-21.wav,,sneezing,1,1,a person sniffs repeatedly and then blows a few times
ESC-50,1-31836-A-4.wav,,frog,0,1,a bird is chirping and a duck is quacking in the background
ESC-50,1-31836-B-4.wav,,frog,0,1,frogs are croaking and insects are chirping in the background
ESC-50,1-32318-A-0.wav,,dog,1,1,a dog is barking and growling at a medium pitch
ESC-50,1-32373-A-35.wav,,washing_machine,0,1,a machine is running at a constant speed
ESC-50,1-32373-B-35.wav,,washing_machine,0,1,a machine is running at a constant speed
ESC-50,1-32579-A-29.wav,,drinking_sipping,0,1,bubbles are being blown into a liquid and then the water is splashed around
ESC-50,1-33658-A-26.wav,,laughing,0,1,a baby is laughing and another person is giggling
ESC-50,1-34094-A-5.wav,,cat,0,1,a cat is meowing and making a loud noise in the background
ESC-50,1-34094-B-5.wav,,cat,0,1,a cat is meowing and making a high pitched noise
ESC-50,1-34119-A-1.wav,,rooster,0,1,a chicken is crowing and a rooster crows
ESC-50,1-34119-B-1.wav,,rooster,0,1,a chicken is crowing and a rooster crows
ESC-50,1-34495-A-14.wav,,chirping_birds,0,1,birds are chirping and singing in the background
ESC-50,1-34497-A-14.wav,,chirping_birds,0,1,birds are chirping in the background while a waterfall is flowing in the distance
ESC-50,1-34853-A-37.wav,,clock_alarm,0,1,an alarm is going off and beeping in the background
ESC-50,1-35687-A-38.wav,,clock_tick,0,1,a clock is ticking very slowly and steadily
ESC-50,1-36164-A-26.wav,,laughing,0,1,a baby is laughing and making a lot of noise
ESC-50,1-36164-B-26.wav,,laughing,0,1,a baby is laughing and a person is giggling
ESC-50,1-36393-A-23.wav,,breathing,0,1,a person is grunting and groaning in pain
ESC-50,1-36397-A-23.wav,,breathing,0,1,a person is breathing heavily and blowing their nose at the same time
ESC-50,1-36400-A-23.wav,,breathing,0,1,a man is grunting and groaning in pain
ESC-50,1-36402-A-23.wav,,breathing,0,1,a person is breathing heavily and loudly in their nose
ESC-50,1-36929-A-47.wav,,airplane,0,1,a boat is moving through the water and the wind is blowing
ESC-50,1-37226-A-29.wav,,drinking_sipping,0,1,a person is breathing heavily into a glass jar
ESC-50,1-38559-A-14.wav,,chirping_birds,0,1,birds are chirping and a bird is singing in the background
ESC-50,1-38560-A-14.wav,,chirping_birds,0,1,birds are chirping and singing in the distance
ESC-50,1-39835-A-9.wav,,crow,0,1,a bird is squawking loudly in the background with other birds chirping in the foreground
ESC-50,1-39835-B-9.wav,,crow,0,1,a bird is squawking loudly in the background with other birds chirping in the foreground
ESC-50,1-39901-A-11.wav,,sea_waves,0,1,water is flowing in a stream and splashing in a pool
ESC-50,1-39901-B-11.wav,,sea_waves,0,1,water is splashing in the ocean waves are crashing against the shore
ESC-50,1-39923-A-1.wav,,rooster,0,1,a chicken is clucking and flapping its wings
ESC-50,1-39937-A-28.wav,,snoring,0,1,a person is snoring very loudly in the background
ESC-50,1-40154-A-46.wav,,church_bells,0,1,church bells are ringing in the tower
ESC-50,1-40621-A-28.wav,,snoring,0,1,a person is snoring very loudly and consistently
ESC-50,1-40730-A-1.wav,,rooster,0,1,a chicken is crowing and clucking while other birds are chirping in the background
ESC-50,1-40967-A-28.wav,,snoring,0,1,a person is breathing heavily in the background
ESC-50,1-41615-A-34.wav,,can_opening,0,1,a person is tapping on a hard surface with a knife
ESC-50,1-4211-A-12.wav,,crackling_fire,0,1,a fire is burning and crackling and popping as it burns
ESC-50,1-42139-A-38.wav,,clock_tick,0,1,a person is tapping on a table with a pencil
ESC-50,1-43382-A-1.wav,,rooster,0,1,a chicken is clucking and flapping its wings
ESC-50,1-43760-A-11.wav,,sea_waves,0,1,water is flowing in a stream and splashing over rocks
ESC-50,1-43764-A-34.wav,,can_opening,0,1,someone is opening and closing a knife with a sharp thumb
ESC-50,1-43807-A-47.wav,,airplane,0,1,an airplane is flying overhead and a helicopter is in the background
ESC-50,1-43807-B-47.wav,,airplane,0,1,an airplane is flying overhead with a propeller in the background
ESC-50,1-43807-C-47.wav,,airplane,0,1,an airplane is flying overhead and a helicopter is in the distance
ESC-50,1-43807-D-47.wav,,airplane,0,1,a plane is flying overhead and getting ready to take off
ESC-50,1-44831-A-1.wav,,rooster,0,1,a chicken is crowing and birds are chirping in the background
ESC-50,1-45641-A-27.wav,,brushing_teeth,0,1,someone is brushing their teeth with a toothbrush
ESC-50,1-45645-A-31.wav,,mouse_click,0,1,a light switch is turned on and off with a clicking noise
ESC-50,1-46040-A-14.wav,,chirping_birds,0,1,birds are chirping and a bird is singing in the background
ESC-50,1-46272-A-12.wav,,crackling_fire,0,1,a fire is burning and crackling as it is raining
ESC-50,1-46274-A-18.wav,,toilet_flush,0,1,a toilet is flushed and water is flushing
ESC-50,1-46353-A-49.wav,,hand_saw,0,1,a saw is cutting through a piece of wood
ESC-50,1-46744-A-36.wav,,vacuum_cleaner,0,1,a machine is running and then it is turned off
ESC-50,1-46938-A-7.wav,,insects,0,1,bees are buzzing loudly in the background
ESC-50,1-46938-B-7.wav,,insects,0,1,a swarm of bees are buzzing around a hive
ESC-50,1-47250-A-41.wav,,chainsaw,1,1,a chainsaw is cutting through a piece of wood
ESC-50,1-47250-B-41.wav,,chainsaw,1,1,a chainsaw is cutting through a piece of wood
ESC-50,1-47273-A-21.wav,,sneezing,1,1,a person coughs sniffs repeatedly and then sneezes twice
ESC-50,1-47274-A-21.wav,,sneezing,1,1,a person is sneezing twice and then blows their nose
ESC-50,1-47709-A-16.wav,,wind,0,1,the wind is blowing very strongly and very hard
ESC-50,1-47714-A-16.wav,,wind,0,1,the wind is blowing very strongly and getting louder
ESC-50,1-47819-A-5.wav,,cat,0,1,a cat is meowing and purring
ESC-50,1-47819-B-5.wav,,cat,0,1,a cat meowing and crying at a steady pace
ESC-50,1-47819-C-5.wav,,cat,0,1,a cat is meowing and crying at a steady pace
ESC-50,1-47923-A-28.wav,,snoring,0,1,a person is snoring very loudly and steadily
ESC-50,1-48298-A-46.wav,,church_bells,0,1,church bells are ringing in a large room
ESC-50,1-48413-A-38.wav,,clock_tick,0,1,a clock is ticking very loud and steady
ESC-50,1-49098-A-35.wav,,washing_machine,0,1,a machine is running and then stops and then starts again
ESC-50,1-49409-A-8.wav,,sheep,0,1,a sheep is bleating and a goat bleats
ESC-50,1-49409-B-8.wav,,sheep,0,1,a sheep is bleating loudly and a goat bleats
ESC-50,1-50060-A-10.wav,,rain,0,1,rain is pouring down on the roof of a house
ESC-50,1-50454-A-44.wav,,engine,0,1,an engine is idling and then it starts up
ESC-50,1-50455-A-44.wav,,engine,0,1,an engine is idling and then it idles and then starts again
ESC-50,1-50623-A-15.wav,,water_drops,0,1,water is dripping from a faucet into a sink
ESC-50,1-50625-A-17.wav,,pouring_water,0,1,water is being poured into a glass jar and then more liquid is being filled with a container
ESC-50,1-50661-A-44.wav,,engine,0,1,a large diesel engine is idling and vibrating
ESC-50,1-50688-A-17.wav,,pouring_water,0,1,water is being poured into a glass jar
ESC-50,1-51035-A-16.wav,,wind,0,1,the wind is blowing and the rain is pouring down
ESC-50,1-51036-A-16.wav,,wind,0,1,the wind is blowing and the rain is pouring down
ESC-50,1-51037-A-16.wav,,wind,0,1,waves are crashing on the shore and the wind is blowing
ESC-50,1-51147-A-25.wav,,footsteps,0,1,a person is typing on a typewriter and the water is dripping into the sink
ESC-50,1-51170-A-18.wav,,toilet_flush,0,1,a toilet flushes and water drains and then the flushing of the tank refills
ESC-50,1-51433-A-17.wav,,pouring_water,0,1,water is being poured into a container that is filled with liquid
ESC-50,1-51436-A-17.wav,,pouring_water,0,1,liquid is poured into a glass jar and then more water is pouring into a container
ESC-50,1-51805-A-33.wav,,door_wood_creaks,0,1,a creaky door is being opened and closed repeatedly
ESC-50,1-51805-B-33.wav,,door_wood_creaks,0,1,a squeaky door is being opened and closed repeatedly
ESC-50,1-51805-C-33.wav,,door_wood_creaks,0,1,a squeaky door is being opened and closed repeatedly
ESC-50,1-51805-D-33.wav,,door_wood_creaks,0,1,a squeaky door is being opened and closed repeatedly
ESC-50,1-51805-E-33.wav,,door_wood_creaks,0,1,a creaky door is being opened and closed repeatedly
ESC-50,1-51805-F-33.wav,,door_wood_creaks,0,1,a creaky door is slowly opened and closed repeatedly
ESC-50,1-51805-G-33.wav,,door_wood_creaks,0,1,a creaky door is slowly opened and closed repeatedly
ESC-50,1-51805-H-33.wav,,door_wood_creaks,0,1,a creaky door is repeatedly opened and closed several times
ESC-50,1-52266-A-24.wav,,coughing,1,1,a person is coughing then coughs five times
ESC-50,1-52290-A-30.wav,,door_wood_knock,0,1,a person is knocking on a door five times
ESC-50,1-52323-A-24.wav,,coughing,1,1,a person coughs five times and then coughing then clearing their throat
ESC-50,1-53444-A-28.wav,,snoring,0,1,a person is snoring very loudly and consistently
ESC-50,1-53467-A-47.wav,,airplane,0,1,an airplane is flying overhead and getting ready to take off
ESC-50,1-53501-A-32.wav,,keyboard_typing,0,1,a person is typing on a keyboard and the computer mouse clicks
ESC-50,1-53663-A-24.wav,,coughing,1,1,a person coughs five times and then coughing again
ESC-50,1-53670-A-18.wav,,toilet_flush,0,1,a toilet is flushed and water is running
ESC-50,1-54065-A-45.wav,,train,0,1,a train is passing by on a railroad track
ESC-50,1-54065-B-45.wav,,train,0,1,a subway train is passing by on the tracks
ESC-50,1-54084-A-42.wav,,siren,1,1,a siren is blaring and a civil defense emergency vehicle is going off
ESC-50,1-54505-A-21.wav,,sneezing,1,1,a person is breathing heavily and then sneezing twice
ESC-50,1-54747-A-46.wav,,church_bells,0,1,church bells are ringing in the tower
ESC-50,1-54752-A-18.wav,,toilet_flush,0,1,a toilet is flushed and then the water is turned on
ESC-50,1-54918-A-14.wav,,chirping_birds,0,1,birds are chirping and singing in the distance
ESC-50,1-54918-B-14.wav,,chirping_birds,0,1,birds are chirping and singing in the distance
ESC-50,1-54958-A-10.wav,,rain,0,1,rain is pouring down on the roof of a house
ESC-50,1-56233-A-9.wav,,crow,0,1,a bird is squawking loudly in the background
ESC-50,1-56234-A-9.wav,,crow,0,1,a crow caws in the background while a bird chirps in the foreground
ESC-50,1-56269-A-18.wav,,toilet_flush,0,1,a toilet is flushed and water is running
ESC-50,1-56270-A-29.wav,,drinking_sipping,0,1,a person is plopping down a bottle with their mouth
ESC-50,1-56311-A-10.wav,,rain,0,1,rain is falling on the roof of a house
ESC-50,1-56380-A-5.wav,,cat,0,1,a cat is meowing and crying at a steady pace
ESC-50,1-56380-B-5.wav,,cat,0,1,a cat is meowing repeatedly and then purring again
ESC-50,1-56907-A-46.wav,,church_bells,0,1,church bells are ringing in the tower
ESC-50,1-57163-A-38.wav,,clock_tick,0,1,a clock is ticking and a pendulum is clicking
ESC-50,1-57316-A-13.wav,,crickets,0,1,a cricket is chirping and a snake is rattling
ESC-50,1-57318-A-13.wav,,crickets,0,1,crickets are chirping in the background and a car drives by
ESC-50,1-57795-A-8.wav,,sheep,0,1,a sheep bleats and a cow moos once in the background
ESC-50,1-58277-A-3.wav,,cow,0,1,a cow is mooing and a man is speaking
ESC-50,1-58792-A-24.wav,,coughing,1,1,a person coughs five times and sneezes twice
ESC-50,1-58846-A-34.wav,,can_opening,0,1,a person is using a shovel to dig into the ground
ESC-50,1-58923-A-27.wav,,brushing_teeth,0,1,someone is brushing their teeth with a toothbrush
ESC-50,1-58923-B-27.wav,,brushing_teeth,0,1,someone is brushing their teeth with a toothbrush
ESC-50,1-59102-A-13.wav,,crickets,0,1,crickets are chirping and insects are making noise in the background
ESC-50,1-59324-A-21.wav,,sneezing,1,1,a person is sneezing twice and then coughs
ESC-50,1-59513-A-0.wav,,dog,1,1,a dog is barking loudly and consistently in the background
ESC-50,1-5996-A-6.wav,,hen,0,1,a chicken is clucking and a rooster is crowing
ESC-50,1-60460-A-36.wav,,vacuum_cleaner,0,1,a vacuum cleaner is running in the background
ESC-50,1-60676-A-34.wav,,can_opening,0,1,a person is using a shovel to dig into the air
ESC-50,1-60997-A-20.wav,,crying_baby,1,1,a baby is crying for a dozen seconds
ESC-50,1-60997-B-20.wav,,crying_baby,1,1,a baby is crying and making a loud noise
ESC-50,1-61212-A-32.wav,,keyboard_typing,0,1,a person is typing on a keyboard and types on a typewriter
ESC-50,1-61221-A-17.wav,,pouring_water,0,1,someone is pouring water into a container of liquid
ESC-50,1-61252-A-11.wav,,sea_waves,0,1,waves crash against the shore and the ocean tide is crashing
ESC-50,1-61261-A-44.wav,,engine,0,1,an engine is idling and revving up and down
ESC-50,1-61534-A-27.wav,,brushing_teeth,0,1,a person is eating with their mouth open
ESC-50,1-62509-A-45.wav,,train,0,1,a train is passing by on a railroad track
ESC-50,1-62565-A-44.wav,,engine,0,1,a motorcycle engine is idling and revving up
ESC-50,1-62594-A-32.wav,,keyboard_typing,0,1,a person is typing on a computer keyboard while talking in the background
ESC-50,1-62849-A-38.wav,,clock_tick,0,1,a person is using a shovel to cut up and down
ESC-50,1-62850-A-38.wav,,clock_tick,0,1,a clock ticks as it is ticking in the background
ESC-50,1-63679-A-24.wav,,coughing,1,1,a person coughing and clearing their throat and coughs
ESC-50,1-63871-A-10.wav,,rain,0,1,rain is pouring down on a roof and a car is driving by
ESC-50,1-64398-A-41.wav,,chainsaw,1,1,a chainsaw is started up and then revved up and then cuts off
ESC-50,1-64398-B-41.wav,,chainsaw,1,1,a chainsaw is cutting through a piece of wood
ESC-50,1-64473-A-45.wav,,train,0,1,a train is passing by on a railroad track
ESC-50,1-65483-A-13.wav,,crickets,0,1,crickets are chirping and insects are buzzing in the background
ESC-50,1-67033-A-37.wav,,clock_alarm,0,1,an alarm clock is beeping loudly and then it stops
ESC-50,1-67152-A-17.wav,,pouring_water,0,1,water is being poured into a container at a steady pace
ESC-50,1-67230-A-29.wav,,drinking_sipping,0,1,a person is snoring loudly and slowly with their mouth open
ESC-50,1-67432-A-27.wav,,brushing_teeth,0,1,someone is brushing their teeth with a toothbrush
ESC-50,1-68628-A-27.wav,,brushing_teeth,0,1,someone is brushing their teeth with their mouth open
ESC-50,1-68670-A-34.wav,,can_opening,0,1,a person is tapping a ball against a wall
ESC-50,1-68734-A-34.wav,,can_opening,0,1,a person is tapping a ball against a wall
ESC-50,1-69165-A-34.wav,,can_opening,0,1,a gun is being shot several times over and over again
ESC-50,1-69422-A-3.wav,,cow,0,1,a man is speaking in the foreground with a cow mooing in the background
ESC-50,1-69641-A-3.wav,,cow,0,1,a cow is mooing and a person is breathing in the background
ESC-50,1-69760-A-16.wav,,wind,0,1,a heavy rain storm is coming down on the side of a highway
ESC-50,1-70300-A-45.wav,,train,0,1,a train is passing by on the tracks and a horn is blowing
ESC-50,1-7057-A-12.wav,,crackling_fire,0,1,a fire burns and crackles as it is crackling
ESC-50,1-71030-A-6.wav,,hen,0,1,a chicken is clucking and chickens are crowing
ESC-50,1-72195-A-37.wav,,clock_alarm,0,1,a beeping sound is being made with a high pitched beep
ESC-50,1-72195-B-37.wav,,clock_alarm,0,1,an alarm clock is beeping and going off
ESC-50,1-72229-A-6.wav,,hen,0,1,a chicken is clucking while birds are chirping in the background
ESC-50,1-72229-B-6.wav,,hen,0,1,a chicken is clucking while other birds are chirping in the background
ESC-50,1-72695-A-26.wav,,laughing,0,1,a person is laughing with their mouth open
ESC-50,1-73123-A-26.wav,,laughing,0,1,a person is laughing and making a lot of noises
ESC-50,1-73585-A-7.wav,,insects,0,1,bees are buzzing loudly in the background as a bee flies buzz around
ESC-50,1-74517-A-37.wav,,clock_alarm,0,1,an alarm clock is beeping and going off
ESC-50,1-7456-A-13.wav,,crickets,0,1,crickets are chirping and insects are making noise in the background
ESC-50,1-75162-A-9.wav,,crow,0,1,a group of crows are squawking loudly with one another
ESC-50,1-75189-A-7.wav,,insects,0,1,a bee buzzing around a hive and bees buzz in the background
ESC-50,1-75190-A-8.wav,,sheep,0,1,a sheep bleats loudly in the background
ESC-50,1-76831-A-42.wav,,siren,1,1,a police car siren is blaring and a vehicle is passing by
ESC-50,1-76831-B-42.wav,,siren,1,1,a police car siren is blaring with sirens in the background
ESC-50,1-76831-C-42.wav,,siren,1,1,a police siren is blaring with a car alarm in the background
ESC-50,1-76831-D-42.wav,,siren,1,1,a police siren is blaring and a car is passing by
ESC-50,1-76831-E-42.wav,,siren,1,1,a police siren is blaring with a car alarm in the background
ESC-50,1-77160-A-3.wav,,cow,0,1,several cows are mooing and a cow moos in the background
ESC-50,1-77241-A-3.wav,,cow,0,1,several cows are mooing and getting louder as time goes on
ESC-50,1-79113-A-5.wav,,cat,0,1,a cat is meowing and purring
ESC-50,1-79146-A-29.wav,,drinking_sipping,0,1,bubbles are being blown into a straw then the liquid is squeezed out of the container
ESC-50,1-79220-A-17.wav,,pouring_water,0,1,water is being poured into a glass at a steady pace
ESC-50,1-79236-A-36.wav,,vacuum_cleaner,0,1,a vacuum cleaner is being used to cut up a hair dryer
ESC-50,1-79711-A-32.wav,,keyboard_typing,0,1,a person is typing on a keyboard and types on a typewriter
ESC-50,1-7973-A-7.wav,,insects,0,1,a bee is buzzing loudly and then stops
ESC-50,1-7974-A-49.wav,,hand_saw,0,1,someone is using a piece of wood with a saw
ESC-50,1-7974-B-49.wav,,hand_saw,0,1,a person is using a piece of wood
ESC-50,1-80785-A-7.wav,,insects,0,1,a bee buzzing around a swarm of bees
ESC-50,1-80840-A-13.wav,,crickets,0,1,crickets are chirping in the night with insects buzzing in the background
ESC-50,1-80841-A-13.wav,,crickets,0,1,crickets chirp in the background as a steady wind blows
ESC-50,1-81001-A-30.wav,,door_wood_knock,0,1,someone is knocking on a door five times
ESC-50,1-81001-B-30.wav,,door_wood_knock,0,1,someone is knocking on a wooden door five times
ESC-50,1-81269-A-3.wav,,cow,0,1,a cow is mooing and birds are chirping in the background
ESC-50,1-81851-A-31.wav,,mouse_click,0,1,a person is typing on a keyboard with a mouse
ESC-50,1-81883-A-21.wav,,sneezing,1,1,a person is sneezing twice and then coughs again
ESC-50,1-82817-A-30.wav,,door_wood_knock,0,1,a person is knocking on a door five times
ESC-50,1-84393-A-32.wav,,keyboard_typing,0,1,a person is typing on a keyboard with a pencil
ESC-50,1-84536-A-39.wav,,glass_breaking,1,1,glass is broken by a person breaking a bottle and then a metal object is dropped onto another hard surface
ESC-50,1-84704-A-39.wav,,glass_breaking,1,1,glass bottles are broken and thrown onto the ground
ESC-50,1-84705-A-39.wav,,glass_breaking,1,1,someone is throwing glass against the ground repeatedly
ESC-50,1-85123-A-31.wav,,mouse_click,0,1,a person is typing on a computer keyboard
ESC-50,1-85168-A-39.wav,,glass_breaking,1,1,glass is broken into a pile of metal
ESC-50,1-85184-A-39.wav,,glass_breaking,1,1,a glass bottle is broken by a few times
ESC-50,1-85362-A-0.wav,,dog,1,1,a dog is barking and dogs bark in the background
ESC-50,1-85909-A-29.wav,,drinking_sipping,0,1,a person is drinking water from a bottle
ESC-50,1-87565-A-29.wav,,drinking_sipping,0,1,a person is burping and making a fart noise
ESC-50,1-88409-A-45.wav,,train,0,1,a train is passing by while people are talking in the background
ESC-50,1-88409-B-45.wav,,train,0,1,a train is passing by on a railroad tracks
ESC-50,1-88574-A-8.wav,,sheep,0,1,a sheep is bleating loudly while birds are chirping in the background
ESC-50,1-88807-A-39.wav,,glass_breaking,1,1,keys are being moved around in a glass jar
ESC-50,1-90797-A-15.wav,,water_drops,0,1,water is dripping into a basin and down a drain
ESC-50,1-91359-A-11.wav,,sea_waves,0,1,waves are crashing against the shore and the wind is blowing
ESC-50,1-91359-B-11.wav,,sea_waves,0,1,cars are driving by on a wet road
ESC-50,1-94036-A-22.wav,,clapping,0,1,a large group of people are clapping and applauding
ESC-50,1-94231-A-32.wav,,keyboard_typing,0,1,a person is typing on a keyboard that is clicking it back and forth
ESC-50,1-94231-B-32.wav,,keyboard_typing,0,1,someone is typing on a keyboard and types on a computer
ESC-50,1-95563-A-31.wav,,mouse_click,0,1,a person is tapping on a computer keyboard
ESC-50,1-96890-A-37.wav,,clock_alarm,0,1,an alarm is going off and then it beeps again
ESC-50,1-96950-A-9.wav,,crow,0,1,a group of crows are squawking with one another in the background
ESC-50,1-96950-B-9.wav,,crow,0,1,a large group of crows are squawking loudly
ESC-50,1-97392-A-0.wav,,dog,1,1,a dog is barking loudly and sporadically
ESC-50,1-97793-A-31.wav,,mouse_click,0,1,someone is clicking a piece of wood with a knife
ESC-50,1-977-A-39.wav,,glass_breaking,1,1,a glass bottle is broken by a few times
ESC-50,1-9841-A-13.wav,,crickets,0,1,crickets chirp in the background as a car drives by
ESC-50,1-9886-A-49.wav,,hand_saw,0,1,a person is using a saw to cut a piece of wood
ESC-50,1-9887-A-49.wav,,hand_saw,0,1,a person is using a wrench on a piece of metal
ESC-50,1-9887-B-49.wav,,hand_saw,0,1,a person is using a saw to cut wood
ESC-50,1-99958-A-31.wav,,mouse_click,0,1,a person is tapping on a piece of wood
ESC-50,2-100648-A-43.wav,,car_horn,1,2,a car horn is honking while traffic is passing by
ESC-50,2-100786-A-1.wav,,rooster,0,2,a chicken is clucking and flapping its wings
ESC-50,2-101676-A-10.wav,,rain,0,2,rain is pouring down onto a roof and falling down
ESC-50,2-102414-A-17.wav,,pouring_water,0,2,a person is pouring a liquid into a glass
ESC-50,2-102414-B-17.wav,,pouring_water,0,2,water is being poured into a container at a steady pace
ESC-50,2-102414-C-17.wav,,pouring_water,0,2,a liquid is poured into a container and then becomes louder as time goes on
ESC-50,2-102414-D-17.wav,,pouring_water,0,2,water is being poured into a container at a steady pace
ESC-50,2-102414-E-17.wav,,pouring_water,0,2,a liquid is poured into a container that is filled with water
ESC-50,2-102414-F-17.wav,,pouring_water,0,2,water is being poured into a container at a steady pace
ESC-50,2-102414-G-17.wav,,pouring_water,0,2,water is being poured into a container at a steady pace
ESC-50,2-102435-A-37.wav,,clock_alarm,0,2,a fishing reel is being wound up and spun on a table
ESC-50,2-102567-A-35.wav,,washing_machine,0,2,a motor is running and a machine is operating
ESC-50,2-102567-B-35.wav,,washing_machine,0,2,a machine is running at a constant speed and then stops
ESC-50,2-102567-C-35.wav,,washing_machine,0,2,a motor is running and a machine is operating
ESC-50,2-102567-D-35.wav,,washing_machine,0,2,a machine is running and making a loud noise
ESC-50,2-102568-A-35.wav,,washing_machine,0,2,a machine is running at a constant speed
ESC-50,2-102581-A-29.wav,,drinking_sipping,0,2,a large object is being thrown into a container
ESC-50,2-102581-B-29.wav,,drinking_sipping,0,2,a person is making a lot of noise with their mouth open
ESC-50,2-102852-A-11.wav,,sea_waves,0,2,waves are crashing against the shore and splashing against the beach
ESC-50,2-103423-A-3.wav,,cow,0,2,several cows are mooing in the foreground
ESC-50,2-103424-A-3.wav,,cow,0,2,several cows are mooing and a cow moos once
ESC-50,2-103426-A-3.wav,,cow,0,2,a cow is mooing and it gets louder and more frequent as time goes on
ESC-50,2-103427-A-3.wav,,cow,0,2,a large group of cows are mooing in the foreground
ESC-50,2-103428-A-3.wav,,cow,0,2,a large group of cows are mooing in the background
ESC-50,2-104105-A-19.wav,,thunderstorm,0,2,thunder rumbles and rain falls in the distance
ESC-50,2-104105-B-19.wav,,thunderstorm,0,2,thunder rumbles and lightning claps in the distance
ESC-50,2-104168-A-32.wav,,keyboard_typing,0,2,someone is typing on a keyboard and types on a typewriter
ESC-50,2-104475-A-37.wav,,clock_alarm,0,2,an alarm is going off in the distance
ESC-50,2-104476-A-37.wav,,clock_alarm,0,2,a beeping alarm is going off in the background
ESC-50,2-104877-A-3.wav,,cow,0,2,a cow moos a group of cows are mooing and people are talking in the background
ESC-50,2-104952-A-16.wav,,wind,0,2,the wind is blowing and thunder is rumbling in the background
ESC-50,2-104952-B-16.wav,,wind,0,2,the wind is blowing very strongly and strong winds blow
ESC-50,2-105270-A-47.wav,,airplane,0,2,a helicopter flies overhead and then fades away
ESC-50,2-106014-A-44.wav,,engine,0,2,a machine is running at a constant speed
ESC-50,2-106015-A-44.wav,,engine,0,2,a motor is running and a motorcycle engine is idling
ESC-50,2-106015-B-44.wav,,engine,0,2,a motor is running and a motorcycle engine is idling
ESC-50,2-106019-A-13.wav,,crickets,0,2,crickets are chirping and insects are buzzing in the night
ESC-50,2-106072-A-36.wav,,vacuum_cleaner,0,2,a vacuum cleaner is running at a constant speed
ESC-50,2-106073-A-36.wav,,vacuum_cleaner,0,2,a machine is running at a constant speed and high pressure
ESC-50,2-106486-A-44.wav,,engine,0,2,a motor is running and vibrating consistently and steadily
ESC-50,2-106487-A-44.wav,,engine,0,2,a motor is running and a vehicle engine is idling
ESC-50,2-106849-A-47.wav,,airplane,0,2,an airplane is flying overhead with a plane in the sky
ESC-50,2-106881-A-39.wav,,glass_breaking,1,2,a person is walking on a gravel path
ESC-50,2-107228-A-44.wav,,engine,0,2,a motorcycle engine is running at a steady pace
ESC-50,2-107228-B-44.wav,,engine,0,2,a person is running a motorcycle and the engine is revved up and down
ESC-50,2-107351-A-20.wav,,crying_baby,1,2,a baby is crying and making loud noises
ESC-50,2-107351-B-20.wav,,crying_baby,1,2,a baby is crying and making loud noises
ESC-50,2-108017-A-24.wav,,coughing,1,2,a person is coughing then coughs five times
ESC-50,2-108760-A-14.wav,,chirping_birds,0,2,birds are chirping and singing in the distance
ESC-50,2-108760-B-14.wav,,chirping_birds,0,2,birds are chirping in the background while a plane is flying overhead
ESC-50,2-108761-A-14.wav,,chirping_birds,0,2,birds are chirping and singing in the background
ESC-50,2-108763-A-9.wav,,crow,0,2,a group of crows are squawking and cawing in the background
ESC-50,2-108766-A-9.wav,,crow,0,2,a crow caws in the background while other birds chirp in the distance
ESC-50,2-108767-A-9.wav,,crow,0,2,a bird is squawking loudly in the background
ESC-50,2-108767-B-9.wav,,crow,0,2,a crow caws in the background while a bird is cawing in the distance
ESC-50,2-108767-C-9.wav,,crow,0,2,a crow caws in the background while a bird chirps in the foreground
ESC-50,2-109231-A-9.wav,,crow,0,2,a bird is squawking loudly while other birds are chirping in the background
ESC-50,2-109231-B-9.wav,,crow,0,2,a large flock of birds are squawking and cawing in the forest
ESC-50,2-109231-C-9.wav,,crow,0,2,a bird squawks continuously while other birds chirp in the background
ESC-50,2-109316-A-32.wav,,keyboard_typing,0,2,a person is typing on a keyboard and types on a typewriter
ESC-50,2-109371-A-16.wav,,wind,0,2,the wind is blowing very strongly and strong winds blow
ESC-50,2-109371-B-16.wav,,wind,0,2,the wind is blowing very strong and howling in the background
ESC-50,2-109371-C-16.wav,,wind,0,2,a car is driving on a road with a high speed
ESC-50,2-109371-D-16.wav,,wind,0,2,a car is driving down the road with the windows rolled down
ESC-50,2-109374-A-16.wav,,wind,0,2,a fan is running in the background while a low hum is in the distance
ESC-50,2-109505-A-21.wav,,sneezing,1,2,a man coughs five times and sniffs repeatedly
ESC-50,2-109759-A-26.wav,,laughing,0,2,a person is laughing and breathing while they are coughing
ESC-50,2-109759-B-26.wav,,laughing,0,2,a person is laughing with their mouth open and then they laugh
ESC-50,2-110010-A-5.wav,,cat,0,2,a cat meowing and crying at a steady pace
ESC-50,2-110011-A-5.wav,,cat,0,2,a cat meowing and crying at a steady pace
ESC-50,2-110417-A-28.wav,,snoring,0,2,a person is snoring very loudly and consistently
ESC-50,2-110417-B-28.wav,,snoring,0,2,a person is snoring very loudly at a consistent rate
ESC-50,2-110613-A-13.wav,,crickets,0,2,a cricket is chirping with a high pitch
ESC-50,2-110614-A-8.wav,,sheep,0,2,a sheep bleats loudly in the background
ESC-50,2-110614-B-8.wav,,sheep,0,2,a sheep bleats loudly in the background
ESC-50,2-112213-A-39.wav,,glass_breaking,1,2,glass bottles are breaking and broken against each other
ESC-50,2-112213-B-39.wav,,glass_breaking,1,2,a glass bottle is broken and breaking against a rocky surface
ESC-50,2-114254-A-30.wav,,door_wood_knock,0,2,a person is knocking on a wooden door which gets louder and then softer
ESC-50,2-114280-A-0.wav,,dog,1,2,a dog is barking loudly at a steady pace
ESC-50,2-114587-A-0.wav,,dog,1,2,a dog is barking and growling at a medium pitch
ESC-50,2-114609-A-28.wav,,snoring,0,2,a person is snoring very slowly and steadily
ESC-50,2-114609-B-28.wav,,snoring,0,2,a person is snoring very loudly in a large room
ESC-50,2-116400-A-0.wav,,dog,1,2,a dog is barking loudly at a consistent rate
ESC-50,2-117116-A-37.wav,,clock_alarm,0,2,an alarm is beeping loudly and then it stops
ESC-50,2-117271-A-0.wav,,dog,1,2,a dog barking and dogs bark in the background
ESC-50,2-117330-A-28.wav,,snoring,0,2,a person is snoring very loudly and steadily
ESC-50,2-117615-A-48.wav,,fireworks,0,2,fireworks are exploding in the distance in the sky
ESC-50,2-117615-B-48.wav,,fireworks,0,2,fireworks are going off in the distance
ESC-50,2-117615-C-48.wav,,fireworks,0,2,fireworks are going off in the distance
ESC-50,2-117615-D-48.wav,,fireworks,0,2,fireworks are going off in the distance
ESC-50,2-117615-E-48.wav,,fireworks,0,2,fireworks are going off in the distance
ESC-50,2-117616-A-48.wav,,fireworks,0,2,fireworks are going off in the distance and then more frequent as time goes on
ESC-50,2-117617-A-48.wav,,fireworks,0,2,fireworks are going off in the distance
ESC-50,2-117625-A-10.wav,,rain,0,2,rain is falling on the roof of a house
ESC-50,2-117795-A-3.wav,,cow,0,2,several cows are mooing in the background
ESC-50,2-117795-B-3.wav,,cow,0,2,several cows are mooing loudly in the background
ESC-50,2-118072-A-0.wav,,dog,1,2,a dog is barking loudly and sporadically
ESC-50,2-118104-A-21.wav,,sneezing,1,2,a person coughs five times and then sniffs repeatedly
ESC-50,2-118459-A-32.wav,,keyboard_typing,0,2,someone is typing on a typewriter and types on a keyboard
ESC-50,2-118459-B-32.wav,,keyboard_typing,0,2,someone is typing on a typewriter and types on a keyboard
ESC-50,2-118624-A-30.wav,,door_wood_knock,0,2,a person is knocking on a door five times
ESC-50,2-118625-A-30.wav,,door_wood_knock,0,2,a person is knocking on a door five times
ESC-50,2-118817-A-32.wav,,keyboard_typing,0,2,a person is typing on a keyboard and types on a computer
ESC-50,2-118964-A-0.wav,,dog,1,2,a dog is barking repeatedly and then barks twice
ESC-50,2-119102-A-21.wav,,sneezing,1,2,a person is sneezing twice and then blows their nose
ESC-50,2-119139-A-31.wav,,mouse_click,0,2,a person is using a manual typewriter to make a clinking sound
ESC-50,2-119161-A-8.wav,,sheep,0,2,a sheep is bleating and birds are chirping in the background
ESC-50,2-119161-B-8.wav,,sheep,0,2,a sheep bleats and birds chirp in the background
ESC-50,2-119161-C-8.wav,,sheep,0,2,a sheep bleats loudly while other birds chirp in the background
ESC-50,2-119748-A-38.wav,,clock_tick,0,2,a person is walking around in a large room
ESC-50,2-120218-A-30.wav,,door_wood_knock,0,2,a person is knocking on a door five times
ESC-50,2-120218-B-30.wav,,door_wood_knock,0,2,a person is knocking on a door but then knocks on the wood
ESC-50,2-120333-A-32.wav,,keyboard_typing,0,2,a person is typing on a keyboard and types on a hard surface
ESC-50,2-120586-A-6.wav,,hen,0,2,a chicken is clucking and flapping its wings
ESC-50,2-120587-A-6.wav,,hen,0,2,a chicken is clucking and flapping its wings
ESC-50,2-121909-A-35.wav,,washing_machine,0,2,a machine is running at a constant speed
ESC-50,2-121978-A-29.wav,,drinking_sipping,0,2,a person is chewing on a hard surface with some objects in the background
ESC-50,2-122066-A-45.wav,,train,0,2,a train is passing by on a railroad track
ESC-50,2-122066-B-45.wav,,train,0,2,a train is passing by on a railroad track
ESC-50,2-122067-A-45.wav,,train,0,2,a train is passing by on a railroad track
ESC-50,2-122067-B-45.wav,,train,0,2,a train is passing by on a railroad track
ESC-50,2-122104-A-0.wav,,dog,1,2,a dog is barking loudly at a consistent rate
ESC-50,2-122104-B-0.wav,,dog,1,2,a dog is barking loudly at a consistent rate
ESC-50,2-122616-A-14.wav,,chirping_birds,0,2,birds are chirping and singing in the background
ESC-50,2-122763-A-29.wav,,drinking_sipping,0,2,a person is drinking water from a container to make a lot of bubbles
ESC-50,2-122763-B-29.wav,,drinking_sipping,0,2,a person is drinking water from a bottle and then they laugh their nose then they reach their throat
ESC-50,2-122820-A-36.wav,,vacuum_cleaner,0,2,a hair dryer is running at a high speed
ESC-50,2-122820-B-36.wav,,vacuum_cleaner,0,2,a hair dryer is being used to cut something
ESC-50,2-123712-A-33.wav,,door_wood_creaks,0,2,someone is rocking back and forth on a wooden chair
ESC-50,2-123896-A-24.wav,,coughing,1,2,a person coughs five times and then coughing then clearing their throat
ESC-50,2-124564-A-15.wav,,water_drops,0,2,water dripping from a faucet into a tub
ESC-50,2-124662-A-11.wav,,sea_waves,0,2,waves are crashing against the shore and splashing against the beach
ESC-50,2-125520-A-43.wav,,car_horn,1,2,a car horn is being blown at different speeds
ESC-50,2-125821-A-13.wav,,crickets,0,2,a cricket is chirping and the water is flowing
ESC-50,2-125875-A-13.wav,,crickets,0,2,crickets are chirping and people are talking in the background
ESC-50,2-125966-A-11.wav,,sea_waves,0,2,water is splashing in a stream and a person is swimming
ESC-50,2-126433-A-17.wav,,pouring_water,0,2,water is poured into a container and then pouring into a cup
ESC-50,2-126756-A-29.wav,,drinking_sipping,0,2,a man coughs five times and then a woman laughs
ESC-50,2-127108-A-38.wav,,clock_tick,0,2,a clock is ticking very slowly at a steady pace
ESC-50,2-127109-A-6.wav,,hen,0,2,a chicken is clucking and flapping its wings
ESC-50,2-128465-A-43.wav,,car_horn,1,2,a car horn honks while cars drive by in the background
ESC-50,2-128465-B-43.wav,,car_horn,1,2,a car horn is blaring and traffic is passing by
ESC-50,2-128631-A-21.wav,,sneezing,1,2,a man coughs five times and sneezes twice
ESC-50,2-130245-A-34.wav,,can_opening,0,2,someone is opening and closing a lid of a can
ESC-50,2-130978-A-21.wav,,sneezing,1,2,a person is sneezing twice and then blows their nose again
ESC-50,2-130979-A-21.wav,,sneezing,1,2,a person is sneezing twice and then blows their nose
ESC-50,2-131943-A-38.wav,,clock_tick,0,2,a clock is ticking very slowly and then stops
ESC-50,2-132157-A-11.wav,,sea_waves,0,2,water is splashing in the ocean waves are crashing
ESC-50,2-132157-B-11.wav,,sea_waves,0,2,waves crash against the shore and the wind blows
ESC-50,2-133863-A-11.wav,,sea_waves,0,2,waves are crashing against the shore and splashing the ocean
ESC-50,2-133889-A-30.wav,,door_wood_knock,0,2,a person is knocking on a door five times
ESC-50,2-134049-A-6.wav,,hen,0,2,a chicken is clucking while other birds are chirping in the background
ESC-50,2-134700-A-38.wav,,clock_tick,0,2,a clock is ticking and clicking back and forth
ESC-50,2-134915-A-30.wav,,door_wood_knock,0,2,a person is knocking on a door at a steady pace
ESC-50,2-135649-A-45.wav,,train,0,2,a train is passing by on a railroad track
ESC-50,2-135649-B-45.wav,,train,0,2,a train is passing by on a railroad track
ESC-50,2-135649-C-45.wav,,train,0,2,a subway train is passing by on the tracks
ESC-50,2-135728-A-38.wav,,clock_tick,0,2,a clock is ticking very slowly and steadily
ESC-50,2-135860-A-49.wav,,hand_saw,0,2,a person is using a saw to cut wood
ESC-50,2-137162-A-11.wav,,sea_waves,0,2,waves crash against the shore and the ocean wave crashes into the beach
ESC-50,2-138257-A-31.wav,,mouse_click,0,2,a person is typing on a keyboard that is clicking it back and forth
ESC-50,2-138465-A-43.wav,,car_horn,1,2,a car drives by and a siren blares in the distance
ESC-50,2-139748-A-15.wav,,water_drops,0,2,water drips into a metal container at a steady pace
ESC-50,2-139748-B-15.wav,,water_drops,0,2,water drips into a metal container at a steady pace
ESC-50,2-139749-A-15.wav,,water_drops,0,2,water is dripping from a faucet into a sink
ESC-50,2-140147-A-38.wav,,clock_tick,0,2,a clock is ticking back and forth in a rhythmic pattern
ESC-50,2-140841-A-30.wav,,door_wood_knock,0,2,a person is knocking on a door five times
ESC-50,2-141563-A-39.wav,,glass_breaking,1,2,glass is broken by a large amount of metal is repeatedly thrown into a pile
ESC-50,2-141584-A-38.wav,,clock_tick,0,2,a clock is ticking very slowly at a steady pace
ESC-50,2-141681-A-36.wav,,vacuum_cleaner,0,2,a vacuum cleaner is running at a constant speed
ESC-50,2-141681-B-36.wav,,vacuum_cleaner,0,2,a vacuum cleaner is running at a high speed
ESC-50,2-141682-A-36.wav,,vacuum_cleaner,0,2,a vacuum cleaner is turned on and then it cuts off
ESC-50,2-141682-B-36.wav,,vacuum_cleaner,0,2,a machine is running at a constant speed
ESC-50,2-144031-A-34.wav,,can_opening,0,2,someone is opening and closing a knife with a shovel
ESC-50,2-144137-A-43.wav,,car_horn,1,2,a car horn honks repeatedly in a steady pace
ESC-50,2-146877-A-31.wav,,mouse_click,0,2,a person is typing on a keyboard and clicking it
ESC-50,2-146877-B-31.wav,,mouse_click,0,2,a person is typing on a keyboard and clicking it
ESC-50,2-151079-A-20.wav,,crying_baby,1,2,a baby is crying and making a loud squeaking sound
ESC-50,2-152895-A-31.wav,,mouse_click,0,2,a person is tapping on a piece of wood
ESC-50,2-152964-A-31.wav,,mouse_click,0,2,a person is typing on a computer keyboard
ESC-50,2-153388-A-31.wav,,mouse_click,0,2,a person is using a manual typewriter to fix it
ESC-50,2-154688-A-31.wav,,mouse_click,0,2,a person is typing on a keyboard that is clicking it back and forth
ESC-50,2-155801-A-11.wav,,sea_waves,0,2,waves are crashing on the shore and the wind is blowing
ESC-50,2-157488-A-6.wav,,hen,0,2,a chicken is clucking and flapping its wings
ESC-50,2-158746-A-2.wav,,pig,0,2,a pig oinking in the background as it is snorting and roaring
ESC-50,2-158746-B-2.wav,,pig,0,2,a pig is oinking in the background as it is snorting and pigs are grunting
ESC-50,2-158746-C-2.wav,,pig,0,2,a pig is snorting as crickets chirp in the background
ESC-50,2-158746-D-2.wav,,pig,0,2,a pig is snorting as it is oinking in the background
ESC-50,2-160128-A-7.wav,,insects,0,2,bees are buzzing and insects are chirping in the background
ESC-50,2-160888-A-47.wav,,airplane,0,2,a vehicle is driving on the road with a loud engine
ESC-50,2-165801-A-48.wav,,fireworks,0,2,fireworks are going off in the distance
ESC-50,2-166644-A-2.wav,,pig,0,2,a pig oinking in the background and a dog growling
ESC-50,2-166644-B-2.wav,,pig,0,2,a pig is oinking in the background as a dog is growling
ESC-50,2-166644-C-2.wav,,pig,0,2,a pig is oinking in the background as a person is in the foreground
ESC-50,2-173559-A-39.wav,,glass_breaking,1,2,glass bottles are thrown into a pile of objects
ESC-50,2-173607-A-39.wav,,glass_breaking,1,2,a man is speaking while glass is broken by a metal object
ESC-50,2-173618-A-39.wav,,glass_breaking,1,2,glass shatters and metal objects clank against another hard surface
ESC-50,2-182508-A-8.wav,,sheep,0,2,a crow cawing loudly and a sheep bleats in the background
ESC-50,2-182508-B-8.wav,,sheep,0,2,a sheep bleats loudly in the background
ESC-50,2-184077-A-49.wav,,hand_saw,0,2,a person is sawing wood with a saw in the background
ESC-50,2-18766-A-12.wav,,crackling_fire,0,2,a fire crackling and popping as it burns and crackles
ESC-50,2-18766-B-12.wav,,crackling_fire,0,2,a fire crackling and popping as it burns and crackles
ESC-50,2-188822-A-40.wav,,helicopter,0,2,an airplane is flying overhead while the wind is blowing
ESC-50,2-188822-B-40.wav,,helicopter,0,2,an airplane is flying overhead while a plane is passing by
ESC-50,2-188822-C-40.wav,,helicopter,0,2,a helicopter is flying overhead with an airplane propeller plane is taking off
ESC-50,2-188822-D-40.wav,,helicopter,0,2,an airplane is flying overhead and a helicopter is in the sky
ESC-50,2-196688-A-8.wav,,sheep,0,2,a sheep bleats and a cow moos in the background
ESC-50,2-205966-A-16.wav,,wind,0,2,cars are driving by on a highway in the distance
ESC-50,2-209471-A-25.wav,,footsteps,0,2,a person is walking on a hard surface and people are talking in the background
ESC-50,2-209472-A-25.wav,,footsteps,0,2,a person is walking on a wooden floor with heavy boots
ESC-50,2-209473-A-25.wav,,footsteps,0,2,a person is walking on a hard floor with heavy boots
ESC-50,2-209474-A-25.wav,,footsteps,0,2,a person is walking on a hard surface with heavy boots
ESC-50,2-209475-A-25.wav,,footsteps,0,2,a person is walking on a hard surface
ESC-50,2-209476-A-25.wav,,footsteps,0,2,a person is walking on a hard surface
ESC-50,2-209477-A-25.wav,,footsteps,0,2,a person is walking on a hard surface
ESC-50,2-209478-A-25.wav,,footsteps,0,2,a person is walking on a hardwood floor
ESC-50,2-250710-A-39.wav,,glass_breaking,1,2,a person is throwing glass against the ground with a spoon and then picking it to the dishes
ESC-50,2-25292-A-22.wav,,clapping,0,2,a crowd of people are clapping and cheering
ESC-50,2-25293-A-22.wav,,clapping,0,2,a crowd of people are clapping and cheering at a steady pace
ESC-50,2-262579-A-45.wav,,train,0,2,a train is passing by on a railroad track
ESC-50,2-28314-A-12.wav,,crackling_fire,0,2,a fire is burning and crackling and popping as it burns
ESC-50,2-28314-B-12.wav,,crackling_fire,0,2,a fire crackles and pops in the distance
ESC-50,2-30322-A-12.wav,,crackling_fire,0,2,a fire is burning and crackling and popping as it burns
ESC-50,2-30322-B-12.wav,,crackling_fire,0,2,a fire crackles and pops in the distance
ESC-50,2-32515-A-4.wav,,frog,0,2,a frog is croaking and frogs croak in the background
ESC-50,2-32515-B-4.wav,,frog,0,2,frogs are croaking and crickets are chirping in the night
ESC-50,2-32515-C-4.wav,,frog,0,2,frogs are croaking in the background and a frog is quacking
ESC-50,2-32515-D-4.wav,,frog,0,2,frogs are croaking in the background and a frog is quacking
ESC-50,2-32834-A-4.wav,,frog,0,2,frogs are croaking in the night
ESC-50,2-37806-A-40.wav,,helicopter,0,2,a helicopter is flying over the sky and the engine is running
ESC-50,2-37806-B-40.wav,,helicopter,0,2,a helicopter is flying overhead while a plane is in the background
ESC-50,2-37806-C-40.wav,,helicopter,0,2,a helicopter is flying overhead and getting ready to takeoff
ESC-50,2-37806-D-40.wav,,helicopter,0,2,a helicopter is flying overhead and a plane is taking off
ESC-50,2-37870-A-2.wav,,pig,0,2,pigs oinking in the background as a pig oinks in the foreground
ESC-50,2-39441-A-19.wav,,thunderstorm,0,2,thunder rumbles in the distance as rain falls
ESC-50,2-39443-A-19.wav,,thunderstorm,0,2,thunder rolls in the distance and then fades away
ESC-50,2-39443-B-19.wav,,thunderstorm,0,2,thunder rolls in the distance as rain pours down
ESC-50,2-39945-A-19.wav,,thunderstorm,0,2,thunder claps in the distance and then lightning strike
ESC-50,2-39945-B-19.wav,,thunderstorm,0,2,thunder claps in the distance as rain falls
ESC-50,2-39945-C-19.wav,,thunderstorm,0,2,thunder claps in the distance and then lightning strike
ESC-50,2-42101-A-43.wav,,car_horn,1,2,a car horn honks while cars drive by in the background
ESC-50,2-43802-A-42.wav,,siren,1,2,a siren is blaring and emergency sirens are sounding in the background
ESC-50,2-43806-A-42.wav,,siren,1,2,a police car with a siren is going off
ESC-50,2-50665-A-20.wav,,crying_baby,1,2,a baby cries loudly and another child screams in the background
ESC-50,2-50666-A-20.wav,,crying_baby,1,2,a baby is crying and babbling while a child is speaking in the background
ESC-50,2-50667-A-41.wav,,chainsaw,1,2,a chainsaw is cutting through a piece of wood
ESC-50,2-50667-B-41.wav,,chainsaw,1,2,a chainsaw is cutting wood with a saw
ESC-50,2-50668-A-41.wav,,chainsaw,1,2,a chainsaw is cutting through a piece of wood
ESC-50,2-50668-B-41.wav,,chainsaw,1,2,a chainsaw is cutting through a piece of wood
ESC-50,2-50774-A-23.wav,,breathing,0,2,a person is breathing heavily and steadily in the background
ESC-50,2-51173-A-35.wav,,washing_machine,0,2,a machine is running and then it is turned on
ESC-50,2-51630-A-49.wav,,hand_saw,0,2,a person is sawing wood with a saw
ESC-50,2-51630-B-49.wav,,hand_saw,0,2,a saw is being used in a piece of wood
ESC-50,2-52001-A-28.wav,,snoring,0,2,a person is snoring very loudly at a consistent rate
ESC-50,2-52001-B-28.wav,,snoring,0,2,a person is snoring very loudly and steadily
ESC-50,2-52085-A-4.wav,,frog,0,2,frogs are croaking in the background and a frog is quacking
ESC-50,2-52085-B-4.wav,,frog,0,2,frogs are croaking in the background and a frog is quacking
ESC-50,2-52789-A-4.wav,,frog,0,2,a group of birds are chirping and a rooster is crowing
ESC-50,2-54086-A-43.wav,,car_horn,1,2,a car horn is being blown over and over
ESC-50,2-54961-A-23.wav,,breathing,0,2,a person is breathing heavily in their sleep in and out
ESC-50,2-54962-A-23.wav,,breathing,0,2,a person is making a loud roaring sound
ESC-50,2-56926-A-46.wav,,church_bells,0,2,church bells are ringing loudly in the tower
ESC-50,2-57191-A-46.wav,,church_bells,0,2,church bells are ringing loudly in a tower
ESC-50,2-57733-A-22.wav,,clapping,0,2,a large group of people are clapping and applauding
ESC-50,2-59241-A-35.wav,,washing_machine,0,2,a machine is running at a constant speed
ESC-50,2-59321-A-49.wav,,hand_saw,0,2,someone is sawing a piece of wood with a saw
ESC-50,2-59565-A-46.wav,,church_bells,0,2,church bells are ringing loudly in the tower
ESC-50,2-59566-A-46.wav,,church_bells,0,2,church bells are ringing loudly in the background
ESC-50,2-60180-A-49.wav,,hand_saw,0,2,a saw is being used to cut a piece of wood
ESC-50,2-60180-B-49.wav,,hand_saw,0,2,a person is using a saw to cut wood
ESC-50,2-60791-A-26.wav,,laughing,0,2,a group of people are laughing and talking in a large room
ESC-50,2-60794-A-26.wav,,laughing,0,2,a large group of people are laughing and clapping
ESC-50,2-60795-A-26.wav,,laughing,0,2,a large group of people are laughing and talking
ESC-50,2-60900-A-22.wav,,clapping,0,2,a crowd of people are clapping and cheering
ESC-50,2-61311-A-12.wav,,crackling_fire,0,2,a person is tapping on wood with a stick and popping sounds in the background
ESC-50,2-61618-A-46.wav,,church_bells,0,2,church bells are ringing in the tower
ESC-50,2-62226-A-26.wav,,laughing,0,2,a group of people are laughing and talking
ESC-50,2-64332-A-18.wav,,toilet_flush,0,2,a toilet flushes and water drains and then the flushing of the tank refills
ESC-50,2-64962-A-15.wav,,water_drops,0,2,water is dripping from a faucet into a metal container
ESC-50,2-64963-A-15.wav,,water_drops,0,2,water is dripping from a faucet into a metal container
ESC-50,2-65484-A-18.wav,,toilet_flush,0,2,a toilet is flushed and the water is running
ESC-50,2-65747-A-12.wav,,crackling_fire,0,2,a fire crackling and popping as it burns
ESC-50,2-65750-A-1.wav,,rooster,0,2,a chicken is crowing and birds are chirping in the background
ESC-50,2-66205-A-23.wav,,breathing,0,2,a person is breathing heavily while another woman is whispering
ESC-50,2-66637-A-20.wav,,crying_baby,1,2,a baby is crying and cooing while another person is coughing in the background
ESC-50,2-66637-B-20.wav,,crying_baby,1,2,a baby is crying and cooing while another person is coughing in the background
ESC-50,2-67422-A-18.wav,,toilet_flush,0,2,a toilet is flushed and water is running
ESC-50,2-68391-A-41.wav,,chainsaw,1,2,a chainsaw is cutting through a piece of wood
ESC-50,2-68391-B-41.wav,,chainsaw,1,2,a chainsaw is cutting through a piece of wood
ESC-50,2-68595-A-15.wav,,water_drops,0,2,water is dripping into a metal container that echoes in the background
ESC-50,2-68595-B-15.wav,,water_drops,0,2,water is dripping from a faucet into a sink
ESC-50,2-69131-A-5.wav,,cat,0,2,a cat is meowing and making a kitten meows at the same time
ESC-50,2-69131-B-5.wav,,cat,0,2,a cat is meowing and making a loud noise
ESC-50,2-70052-A-42.wav,,siren,1,2,a siren is blaring and a police whistle is blowing
ESC-50,2-70052-B-42.wav,,siren,1,2,a police car with a siren going off
ESC-50,2-70280-A-18.wav,,toilet_flush,0,2,a toilet flushes and water drains and flushing
ESC-50,2-70344-A-33.wav,,door_wood_creaks,0,2,a machine gun is fired repeatedly and then stops
ESC-50,2-70366-A-33.wav,,door_wood_creaks,0,2,a door is creaking as it is opened and closed
ESC-50,2-70367-A-33.wav,,door_wood_creaks,0,2,a creaky door is creaking as it is opened and closed
ESC-50,2-70936-A-42.wav,,siren,1,2,a siren is blaring and a police car is driving by
ESC-50,2-70938-A-42.wav,,siren,1,2,a siren goes off and gets louder as time passes
ESC-50,2-70939-A-42.wav,,siren,1,2,a siren is blaring and a police car alarm is going off
ESC-50,2-71162-A-1.wav,,rooster,0,2,a chicken is clucking and crowing while other birds are chirping in the background
ESC-50,2-72268-A-6.wav,,hen,0,2,a chicken is clucking while birds are chirping in the background
ESC-50,2-72547-A-14.wav,,chirping_birds,0,2,a bird is chirping and making a lot of noise
ESC-50,2-72547-B-14.wav,,chirping_birds,0,2,birds are chirping and singing in the background
ESC-50,2-72547-C-14.wav,,chirping_birds,0,2,birds are chirping in the background while a bird is singing
ESC-50,2-72547-D-14.wav,,chirping_birds,0,2,birds are chirping in the background while a person is walking on a hard surface
ESC-50,2-72677-A-18.wav,,toilet_flush,0,2,a toilet is flushed and water is flushing
ESC-50,2-72688-A-42.wav,,siren,1,2,a civil defense siren is blaring and it gets louder
ESC-50,2-72970-A-10.wav,,rain,0,2,rain is falling on the roof of a house
ESC-50,2-73027-A-10.wav,,rain,0,2,rain is pouring down on the roof of a house
ESC-50,2-7321-A-33.wav,,door_wood_creaks,0,2,a person is walking on a hard surface and then a door opens and closes
ESC-50,2-73260-A-10.wav,,rain,0,2,rain falling on the roof of a house
ESC-50,2-73544-A-27.wav,,brushing_teeth,0,2,a person is brushing their teeth with their mouth
ESC-50,2-74361-A-47.wav,,airplane,0,2,an airplane is flying overhead while a plane is taking off
ESC-50,2-74977-A-18.wav,,toilet_flush,0,2,a toilet is flushed and water is running
ESC-50,2-75726-A-6.wav,,hen,0,2,a chicken is clucking while other birds are chirping in the background
ESC-50,2-76408-A-22.wav,,clapping,0,2,a person is clapping their hands at a steady pace
ESC-50,2-76408-B-22.wav,,clapping,0,2,hands are clapping and clacking on a hard surface
ESC-50,2-76408-C-22.wav,,clapping,0,2,a person is clapping their hands at a steady pace
ESC-50,2-76408-D-22.wav,,clapping,0,2,a person is clapping their hands at a steady pace
ESC-50,2-76868-A-6.wav,,hen,0,2,a chicken is clucking while other birds are chirping in the background
ESC-50,2-77346-A-46.wav,,church_bells,0,2,church bells are ringing in the tower
ESC-50,2-77347-A-46.wav,,church_bells,0,2,church bells are ringing loudly in a large room
ESC-50,2-77945-A-41.wav,,chainsaw,1,2,a chainsaw is revved up and then cuts through a material
ESC-50,2-77945-B-41.wav,,chainsaw,1,2,a chainsaw is cutting through a piece of wood
ESC-50,2-78381-A-46.wav,,church_bells,0,2,a bell is ringing and people are talking in the background
ESC-50,2-78562-A-37.wav,,clock_alarm,0,2,an alarm clock is ringing loudly and very loud
ESC-50,2-78562-B-37.wav,,clock_alarm,0,2,an alarm clock is ringing loudly and very loud
ESC-50,2-78651-A-44.wav,,engine,0,2,a motorcycle engine is running at a steady pace
ESC-50,2-78781-A-47.wav,,airplane,0,2,an airplane is flying overhead with a plane in the sky
ESC-50,2-78799-A-47.wav,,airplane,0,2,a car is driving on a road with cars passing by in the background
ESC-50,2-79769-A-26.wav,,laughing,0,2,a person is laughing and making a lot of laughter
ESC-50,2-79775-A-26.wav,,laughing,0,2,a person is laughing with their mouth open and then they laugh
ESC-50,2-80313-A-28.wav,,snoring,0,2,a person is snoring very loudly and steadily
ESC-50,2-80482-A-20.wav,,crying_baby,1,2,a baby is crying for a long time
ESC-50,2-80844-A-13.wav,,crickets,0,2,crickets are chirping and insects are buzzing in the background
ESC-50,2-81112-A-34.wav,,can_opening,0,2,someone is opening and closing a match and then they are being lit
ESC-50,2-81190-A-34.wav,,can_opening,0,2,a person is using a shovel to dig into the air
ESC-50,2-81270-A-1.wav,,rooster,0,2,a chicken is clucking and flapping its wings
ESC-50,2-81731-A-10.wav,,rain,0,2,water drips onto a hard surface and hits the ground
ESC-50,2-81970-A-7.wav,,insects,0,2,a bee is buzzing around a hive
ESC-50,2-81970-B-7.wav,,insects,0,2,a bee is buzzing around a hive
ESC-50,2-81970-C-7.wav,,insects,0,2,a bee is buzzing loudly and slowly but gets louder
ESC-50,2-82071-A-27.wav,,brushing_teeth,0,2,a person is writing on a piece of paper with a marker
ESC-50,2-82077-A-7.wav,,insects,0,2,a very loud buzzing sound is being played
ESC-50,2-82274-A-5.wav,,cat,0,2,a cat is meowing and making noises in the background
ESC-50,2-82274-B-5.wav,,cat,0,2,a cat is meowing and purring
ESC-50,2-82367-A-10.wav,,rain,0,2,rain is falling down onto the roof of a house
ESC-50,2-82455-A-23.wav,,breathing,0,2,a person is breathing heavily in a large room
ESC-50,2-82538-A-21.wav,,sneezing,1,2,a person is sneezing twice and then blows their nose again
ESC-50,2-83270-A-13.wav,,crickets,0,2,a high pitched alarm is going off at a steady pace
ESC-50,2-83536-A-27.wav,,brushing_teeth,0,2,someone is brushing their teeth with a toothbrush
ESC-50,2-83667-A-34.wav,,can_opening,0,2,someone is opening and closing a lid of a container
ESC-50,2-83688-A-34.wav,,can_opening,0,2,a lighter is being opened and closed over and over again
ESC-50,2-83934-A-5.wav,,cat,0,2,a cat is meowing and a person is walking through the grass
ESC-50,2-83934-B-5.wav,,cat,0,2,a cat is meowing and purring
ESC-50,2-84693-A-49.wav,,hand_saw,0,2,someone is sawing a piece of wood with a saw
ESC-50,2-84943-A-18.wav,,toilet_flush,0,2,a toilet flushes and water drains and then stops
ESC-50,2-84965-A-23.wav,,breathing,0,2,a person is breathing heavily in the air
ESC-50,2-85139-A-13.wav,,crickets,0,2,crickets are chirping and insects are buzzing in the night
ESC-50,2-85292-A-24.wav,,coughing,1,2,a person coughs five times and then coughing and clearing their throat
ESC-50,2-85434-A-27.wav,,brushing_teeth,0,2,someone is brushing their teeth with a toothbrush
ESC-50,2-85471-A-34.wav,,can_opening,0,2,someone is opening and closing a lighter repeatedly
ESC-50,2-85945-A-18.wav,,toilet_flush,0,2,a toilet is flushed and water is running
ESC-50,2-86160-A-27.wav,,brushing_teeth,0,2,someone is brushing their teeth with a toothbrush
ESC-50,2-87282-A-34.wav,,can_opening,0,2,someone is opening a can of soda can and then closing it
ESC-50,2-87412-A-24.wav,,coughing,1,2,a person coughs five times and then coughing again
ESC-50,2-87780-A-33.wav,,door_wood_creaks,0,2,a person is rocking back and forth on a creaky wooden door
ESC-50,2-87781-A-10.wav,,rain,0,2,rain is falling down onto the roof of a house
ESC-50,2-87794-A-24.wav,,coughing,1,2,a person is coughing then coughs again and again
ESC-50,2-87795-A-24.wav,,coughing,1,2,a person coughs sniffs repeatedly and then sneezes twice
ESC-50,2-87799-A-24.wav,,coughing,1,2,a person coughs five times and then coughing again
ESC-50,2-88724-A-38.wav,,clock_tick,0,2,a clock is ticking very slowly and then stops
ESC-50,2-89516-A-37.wav,,clock_alarm,0,2,an alarm is ringing loudly and stops for a minute
ESC-50,2-91912-A-33.wav,,door_wood_creaks,0,2,a person is rocking back and forth in a wooden chair
ESC-50,2-91912-B-33.wav,,door_wood_creaks,0,2,a creaky wooden door is creaking back and forth
ESC-50,2-92627-A-27.wav,,brushing_teeth,0,2,someone is brushing their teeth with a toothbrush
ESC-50,2-92978-A-29.wav,,drinking_sipping,0,2,water is dripping from a tap onto a hard surface
ESC-50,2-93030-A-21.wav,,sneezing,1,2,a person coughs five times and sniffs repeatedly
ESC-50,2-94230-A-27.wav,,brushing_teeth,0,2,someone is brushing their teeth with a toothbrush
ESC-50,2-94807-A-29.wav,,drinking_sipping,0,2,a person is drinking water from a bottle
ESC-50,2-95035-A-1.wav,,rooster,0,2,a chicken is clucking and flapping its wings
ESC-50,2-95258-A-1.wav,,rooster,0,2,a chicken is clucking and flapping its wings
ESC-50,2-95258-B-1.wav,,rooster,0,2,a chicken is clucking and flapping its wings
ESC-50,2-95567-A-23.wav,,breathing,0,2,a person is breathing heavily in the background
ESC-50,2-96033-A-13.wav,,crickets,0,2,a cricket is chirping in the background and a bird is singing
ESC-50,2-96063-A-37.wav,,clock_alarm,0,2,an alarm clock is going off and then stops
ESC-50,2-96460-A-1.wav,,rooster,0,2,a chicken is crowing and a rooster crows
ESC-50,2-96654-A-47.wav,,airplane,0,2,an airplane is flying overhead with a jet airliner passing by
ESC-50,2-96904-A-27.wav,,brushing_teeth,0,2,a person is brushing their teeth with their mouth
ESC-50,2-98392-A-23.wav,,breathing,0,2,a large group of people are grunting and groaning in pain
ESC-50,2-98676-A-24.wav,,coughing,1,2,a person coughs five times and then coughing
ESC-50,2-98866-A-47.wav,,airplane,0,2,an airplane is flying over head on the runway
ESC-50,2-99795-A-32.wav,,keyboard_typing,0,2,a person is typing on a keyboard quickly
ESC-50,2-99796-A-32.wav,,keyboard_typing,0,2,a person is typing quickly on a piece of paper
ESC-50,2-99955-A-7.wav,,insects,0,2,a person is making a buzzing sound with their mouth
ESC-50,2-99955-B-7.wav,,insects,0,2,a bee is buzzing loudly and slowly but gets louder
ESC-50,2-99955-C-7.wav,,insects,0,2,a bee is buzzing loudly and consistently but it is pretty fast
ESC-50,3-100018-A-18.wav,,toilet_flush,0,3,a toilet is flushed and then stops and then drains again
ESC-50,3-100024-A-27.wav,,brushing_teeth,0,3,someone is brushing their teeth with a toothbrush
ESC-50,3-100024-B-27.wav,,brushing_teeth,0,3,someone is brushing their teeth with a toothbrush
ESC-50,3-101381-A-33.wav,,door_wood_creaks,0,3,a creaky wooden door is creaking back and forth
ESC-50,3-101381-B-33.wav,,door_wood_creaks,0,3,a wooden door is creaking as it is slowly opened and closed
ESC-50,3-102583-A-49.wav,,hand_saw,0,3,someone is sawing through a piece of wood
ESC-50,3-102583-B-49.wav,,hand_saw,0,3,someone is sawing through a piece of wood
ESC-50,3-102583-C-49.wav,,hand_saw,0,3,someone is sawing a piece of wood with a saw
ESC-50,3-102908-A-4.wav,,frog,0,3,a frog is croaking and frogs are quacking in the background
ESC-50,3-103050-A-19.wav,,thunderstorm,0,3,thunder rumbles in the distance as a storm rolls by
ESC-50,3-103051-A-19.wav,,thunderstorm,0,3,thunder rumbles in the distance as rain pours down
ESC-50,3-103051-B-19.wav,,thunderstorm,0,3,thunder rolls in the distance and then fades away
ESC-50,3-103051-C-19.wav,,thunderstorm,0,3,thunder claps in the distance as it rains
ESC-50,3-103401-A-33.wav,,door_wood_creaks,0,3,a creaky door is creaking as it is being opened and closed
ESC-50,3-103401-B-33.wav,,door_wood_creaks,0,3,a wooden door is creaking back and forth slowly
ESC-50,3-103401-C-33.wav,,door_wood_creaks,0,3,a rocking chair is slowly creaking back and forth
ESC-50,3-103401-D-33.wav,,door_wood_creaks,0,3,a creaky wooden door is creaking back and forth
ESC-50,3-103597-A-25.wav,,footsteps,0,3,a person is walking on a hard surface with a broom
ESC-50,3-103598-A-25.wav,,footsteps,0,3,a person is walking on a gravel path
ESC-50,3-103599-A-25.wav,,footsteps,0,3,a person is walking on a gravel path at a steady pace
ESC-50,3-103599-B-25.wav,,footsteps,0,3,a person is walking through the snow covered with leaves
ESC-50,3-104632-A-12.wav,,crackling_fire,0,3,a man is speaking while people are talking in the background
ESC-50,3-104761-A-7.wav,,insects,0,3,insects are buzzing and a bee is making noise
ESC-50,3-104761-B-7.wav,,insects,0,3,insects are buzzing and a fly buzzes around
ESC-50,3-104958-A-12.wav,,crackling_fire,0,3,a fire is crackling and popping as it burns
ESC-50,3-105235-A-7.wav,,insects,0,3,a bee flies buzzing and birds chirping in the background
ESC-50,3-105236-A-7.wav,,insects,0,3,a bee is buzzing and birds are chirping in the background
ESC-50,3-107123-A-26.wav,,laughing,0,3,a baby is laughing and making a loud laughter
ESC-50,3-107219-A-1.wav,,rooster,0,3,a chicken is clucking and flapping its wings
ESC-50,3-108160-A-23.wav,,breathing,0,3,a person is breathing heavily and steadily in the background
ESC-50,3-108451-A-17.wav,,pouring_water,0,3,water is being poured into a container at a steady pace
ESC-50,3-108451-B-17.wav,,pouring_water,0,3,a liquid is poured into a container and then a person is pouring a drink
ESC-50,3-108677-A-18.wav,,toilet_flush,0,3,a toilet is flushed and then the water is turned on
ESC-50,3-108791-A-18.wav,,toilet_flush,0,3,a toilet is flushed two times and then stops
ESC-50,3-110536-A-26.wav,,laughing,0,3,a baby is laughing and crying for a moment before another woman laughs
ESC-50,3-110913-A-7.wav,,insects,0,3,bees are buzzing around a hive and flies buzz
ESC-50,3-110913-B-7.wav,,insects,0,3,a bee buzzing around a hive and flies away
ESC-50,3-110913-C-7.wav,,insects,0,3,bees are buzzing around a hive and people are talking in the background
ESC-50,3-110913-D-7.wav,,insects,0,3,a bee buzzing loudly and flies buzz around
ESC-50,3-111102-A-46.wav,,church_bells,0,3,church bells are ringing in a large room
ESC-50,3-111102-B-46.wav,,church_bells,0,3,church bells are ringing in a town square bell tower
ESC-50,3-112356-A-18.wav,,toilet_flush,0,3,a toilet is flushed and the water is flushing
ESC-50,3-112397-A-9.wav,,crow,0,3,birds are chirping and cawing in the forest
ESC-50,3-112522-A-27.wav,,brushing_teeth,0,3,someone is brushing their teeth with a toothbrush
ESC-50,3-112557-A-23.wav,,breathing,0,3,a person is breathing heavily and steadily in the background
ESC-50,3-112557-B-23.wav,,breathing,0,3,a person is breathing heavily and steadily in the background
ESC-50,3-115382-A-44.wav,,engine,0,3,a motorcycle engine revs and accelerates and then speeds up again
ESC-50,3-115387-A-47.wav,,airplane,0,3,a plane flies overhead while birds chirp in the background
ESC-50,3-115387-B-47.wav,,airplane,0,3,an airplane is flying overhead and getting ready to takeoff
ESC-50,3-115387-C-47.wav,,airplane,0,3,a helicopter flies overhead as a plane is flying
ESC-50,3-116135-A-1.wav,,rooster,0,3,a chicken is clucking and flapping its wings
ESC-50,3-117293-A-9.wav,,crow,0,3,birds are chirping in the background while a bird is cawing in the distance
ESC-50,3-117504-A-16.wav,,wind,0,3,a machine is running at a constant speed and steady
ESC-50,3-117504-B-16.wav,,wind,0,3,the wind is blowing and the rain is hitting the ground
ESC-50,3-117793-A-37.wav,,clock_alarm,0,3,a phone rings repeatedly and then stops for a few seconds
ESC-50,3-117883-A-37.wav,,clock_alarm,0,3,an alarm beeps and then it stops beeping and then it is turned off
ESC-50,3-118059-A-18.wav,,toilet_flush,0,3,a toilet is flushed and then the water is turned off
ESC-50,3-118069-A-27.wav,,brushing_teeth,0,3,someone is brushing their teeth with a toothbrush
ESC-50,3-118069-B-27.wav,,brushing_teeth,0,3,someone is brushing their teeth with a toothbrush
ESC-50,3-118194-A-33.wav,,door_wood_creaks,0,3,a creaky door is creaking as it is slowly opened and closed
ESC-50,3-118487-A-26.wav,,laughing,0,3,a baby is laughing and making a loud laughter
ESC-50,3-118656-A-41.wav,,chainsaw,1,3,a chainsaw is cutting through a piece of wood
ESC-50,3-118657-A-41.wav,,chainsaw,1,3,a chainsaw is revved up and then started again
ESC-50,3-118657-B-41.wav,,chainsaw,1,3,a chainsaw is cutting through a piece of wood
ESC-50,3-118658-A-41.wav,,chainsaw,1,3,a chainsaw is started up and then revved up and down
ESC-50,3-118658-B-41.wav,,chainsaw,1,3,a chainsaw is cutting through a piece of wood
ESC-50,3-118972-A-41.wav,,chainsaw,1,3,a chainsaw is started up and then revved up and down
ESC-50,3-118972-B-41.wav,,chainsaw,1,3,a chainsaw is started and then revved up and down
ESC-50,3-119120-A-48.wav,,fireworks,0,3,fireworks are going off in the distance
ESC-50,3-119120-B-48.wav,,fireworks,0,3,fireworks are going off in the distance
ESC-50,3-119120-C-48.wav,,fireworks,0,3,fireworks are going off in the distance
ESC-50,3-119120-D-48.wav,,fireworks,0,3,fireworks are exploding in the sky and the firecrackers are going off
ESC-50,3-119120-E-48.wav,,fireworks,0,3,fireworks are exploding in the sky and the firecrackers are going off
ESC-50,3-119455-A-44.wav,,engine,0,3,a motorcycle engine is idling and then it gets louder
ESC-50,3-119459-A-26.wav,,laughing,0,3,a person is laughing with their mouth open
ESC-50,3-120526-A-37.wav,,clock_alarm,0,3,a beeping sound is being made with a high pitched beep
ESC-50,3-120526-B-37.wav,,clock_alarm,0,3,an alarm clock is beeping and going off
ESC-50,3-120644-A-12.wav,,crackling_fire,0,3,a fire is crackling and popping as it burns
ESC-50,3-121348-A-9.wav,,crow,0,3,a crow caws in the background as a bird squawks continuously
ESC-50,3-122110-A-46.wav,,church_bells,0,3,church bells are ringing in the tower
ESC-50,3-123086-A-28.wav,,snoring,0,3,a person is snoring very loudly and consistently
ESC-50,3-123224-A-19.wav,,thunderstorm,0,3,thunder rumbles and rain falls as it rains
ESC-50,3-124376-A-3.wav,,cow,0,3,a cow cows moo as the wind chimes are mooing in the background
ESC-50,3-124376-B-3.wav,,cow,0,3,a cow mooing cows moo louder as the wind blows in the background
ESC-50,3-124600-A-19.wav,,thunderstorm,0,3,thunder rumbles in the distance as rain falls
ESC-50,3-124795-A-28.wav,,snoring,0,3,a person is snoring very slowly and then quickly
ESC-50,3-124925-A-9.wav,,crow,0,3,a crow caws in the background as a bird squawks continuously
ESC-50,3-124958-A-28.wav,,snoring,0,3,a person is snoring very loudly and steadily
ESC-50,3-125418-A-24.wav,,coughing,1,3,a person coughs five times and then coughing again
ESC-50,3-125548-A-32.wav,,keyboard_typing,0,3,typing on a keyboard typewriter is typed on a computer
ESC-50,3-126113-A-26.wav,,laughing,0,3,a large group of people are laughing and making a lot of noises
ESC-50,3-126358-A-3.wav,,cow,0,3,several cows are mooing in the background
ESC-50,3-126358-B-3.wav,,cow,0,3,several cows are mooing in the background
ESC-50,3-126391-A-27.wav,,brushing_teeth,0,3,someone is brushing their teeth with a toothbrush
ESC-50,3-126391-B-27.wav,,brushing_teeth,0,3,someone is brushing their teeth vigorously with a toothbrush
ESC-50,3-127874-A-17.wav,,pouring_water,0,3,water is pouring into a container and then poured into a glass
ESC-50,3-127890-A-9.wav,,crow,0,3,a large flock of birds are squawking loudly in the background
ESC-50,3-127890-B-9.wav,,crow,0,3,a bird is squawking loudly in the background and a crow cawing
ESC-50,3-127890-C-9.wav,,crow,0,3,a large flock of birds are squawking loudly in the background
ESC-50,3-128160-A-44.wav,,engine,0,3,a motor is running and a motorcycle engine is idling
ESC-50,3-128512-A-47.wav,,airplane,0,3,a plane is flying overhead and a helicopter is in the distance
ESC-50,3-128512-B-47.wav,,airplane,0,3,a car is driving down the road with the window open
ESC-50,3-129264-A-9.wav,,crow,0,3,a large flock of birds call out to one another in the background
ESC-50,3-129338-A-13.wav,,crickets,0,3,crickets are chirping and insects are making noise in the background
ESC-50,3-129678-A-13.wav,,crickets,0,3,crickets are chirping and insects are buzzing in the night
ESC-50,3-130330-A-22.wav,,clapping,0,3,a group of people are clapping their hands
ESC-50,3-130998-A-28.wav,,snoring,0,3,a person is snoring in the background while a man is speaking in the foreground
ESC-50,3-130998-B-28.wav,,snoring,0,3,a person is snoring loudly in the background
ESC-50,3-131943-A-37.wav,,clock_alarm,0,3,an alarm clock is ringing loudly in a high pitched tone
ESC-50,3-132340-A-37.wav,,clock_alarm,0,3,an alarm is going off and a bell is ringing
ESC-50,3-132601-A-24.wav,,coughing,1,3,a person is coughing then coughs five times
ESC-50,3-132747-A-26.wav,,laughing,0,3,a baby is laughing and cooing while another person is coughing
ESC-50,3-132830-A-32.wav,,keyboard_typing,0,3,someone is typing on a keyboard and types on a typewriter
ESC-50,3-132852-A-10.wav,,rain,0,3,rain is falling on the roof of a house
ESC-50,3-133977-A-29.wav,,drinking_sipping,0,3,a person is taking a basketball on the ground
ESC-50,3-134049-A-1.wav,,rooster,0,3,a chicken is clucking and flapping its wings
ESC-50,3-134699-A-16.wav,,wind,0,3,birds are chirping and cars are driving by in the distance
ESC-50,3-134699-B-16.wav,,wind,0,3,the wind is blowing and waves are crashing on the beach
ESC-50,3-134699-C-16.wav,,wind,0,3,a bird is chirping and cars are driving by on the road
ESC-50,3-134802-A-13.wav,,crickets,0,3,a cricket is chirping and crickets are singing in the background
ESC-50,3-135469-A-35.wav,,washing_machine,0,3,a machine is running and making noise in the background
ESC-50,3-135650-A-45.wav,,train,0,3,a train is passing by on a railroad track
ESC-50,3-135650-B-45.wav,,train,0,3,a train is moving on a railroad tracks and its brakes are squealing
ESC-50,3-136288-A-0.wav,,dog,1,3,a dog is barking loudly and sporadically in the distance
ESC-50,3-136451-A-45.wav,,train,0,3,a train is passing by on a railroad track
ESC-50,3-136608-A-16.wav,,wind,0,3,the wind is blowing and birds are chirping in the background
ESC-50,3-137152-A-1.wav,,rooster,0,3,a chicken is clucking while other birds are chirping in the background
ESC-50,3-138114-A-22.wav,,clapping,0,3,a crowd of people are clapping and applauding
ESC-50,3-138212-A-45.wav,,train,0,3,a train is passing by on a railroad track
ESC-50,3-139109-A-46.wav,,church_bells,0,3,church bells are ringing in a town square bell tower
ESC-50,3-139331-A-27.wav,,brushing_teeth,0,3,someone is brushing their teeth with a toothbrush
ESC-50,3-139958-A-37.wav,,clock_alarm,0,3,a bell is ringing loudly and then stops again
ESC-50,3-140199-A-8.wav,,sheep,0,3,a sheep bleats and a goat bleating in the background
ESC-50,3-140199-B-8.wav,,sheep,0,3,a sheep bleats loudly in the background
ESC-50,3-140199-C-8.wav,,sheep,0,3,a sheep bleats loudly in the background
ESC-50,3-140199-D-8.wav,,sheep,0,3,a sheep bleats loudly in the background
ESC-50,3-140323-A-29.wav,,drinking_sipping,0,3,a person is drinking water from a bottle
ESC-50,3-140774-A-10.wav,,rain,0,3,the wind is blowing very hard and the rain is hitting the ground
ESC-50,3-141240-A-44.wav,,engine,0,3,a car engine is revved up and then started again
ESC-50,3-141240-B-44.wav,,engine,0,3,a motor is started and then revved up and then starts again
ESC-50,3-141559-A-45.wav,,train,0,3,a train is passing by on a railroad track
ESC-50,3-141684-A-21.wav,,sneezing,1,3,a man coughs five times and then sneezes twice
ESC-50,3-142005-A-10.wav,,rain,0,3,rain is pouring down and thunder is rumbling in the background
ESC-50,3-142006-A-10.wav,,rain,0,3,rain is pouring down on the roof of a house
ESC-50,3-142349-A-17.wav,,pouring_water,0,3,water is being poured into a container at a steady pace
ESC-50,3-142593-A-38.wav,,clock_tick,0,3,a person is typing on a keyboard that is not in the background
ESC-50,3-142601-A-21.wav,,sneezing,1,3,a person is sneezing twice with a few short pauses
ESC-50,3-142604-A-24.wav,,coughing,1,3,a person coughs five times and then coughing again
ESC-50,3-142605-A-21.wav,,sneezing,1,3,a person is breathing heavily and then sneezing twice
ESC-50,3-143119-A-21.wav,,sneezing,1,3,a man coughs five times and sneezes twice
ESC-50,3-143560-A-47.wav,,airplane,0,3,a plane is flying overhead and getting ready to take off
ESC-50,3-143562-A-47.wav,,airplane,0,3,an airplane is flying overhead and getting ready to take off
ESC-50,3-143929-A-10.wav,,rain,0,3,rain is falling on a roof and a car passes by
ESC-50,3-143933-A-38.wav,,clock_tick,0,3,a clock is ticking very slowly and steadily
ESC-50,3-144028-A-0.wav,,dog,1,3,a dog is barking loudly at the same time
ESC-50,3-144106-A-32.wav,,keyboard_typing,0,3,someone is typing on a keyboard and types on a typewriter
ESC-50,3-144120-A-32.wav,,keyboard_typing,0,3,a person is typing on a keyboard that is being typed on
ESC-50,3-144128-A-23.wav,,breathing,0,3,a person is breathing heavily and steadily in the background
ESC-50,3-144128-B-23.wav,,breathing,0,3,a person is breathing heavily and steadily in the background
ESC-50,3-144253-A-29.wav,,drinking_sipping,0,3,a person is chewing on a crunchy surface with their mouth open
ESC-50,3-144259-A-29.wav,,drinking_sipping,0,3,a person is chewing on a crunchy surface with their mouth open
ESC-50,3-144510-A-30.wav,,door_wood_knock,0,3,a person is knocking on a door five times
ESC-50,3-144692-A-21.wav,,sneezing,1,3,a person blows air out of their nose then sniffs repeatedly
ESC-50,3-144827-A-11.wav,,sea_waves,0,3,waves are crashing against the shore on the beach
ESC-50,3-144827-B-11.wav,,sea_waves,0,3,waves are crashing against the shore and the ocean wave crashes against the shoreline
ESC-50,3-144891-A-19.wav,,thunderstorm,0,3,thunder rumbles in the distance as rain pours down
ESC-50,3-144891-B-19.wav,,thunderstorm,0,3,thunder claps in the distance as rain falls
ESC-50,3-145382-A-1.wav,,rooster,0,3,a chicken is crowing and a rooster crows
ESC-50,3-145387-A-29.wav,,drinking_sipping,0,3,a person is drinking water from a container to make a lot of bubbles
ESC-50,3-145487-A-24.wav,,coughing,1,3,a person is coughing then they are laughing and getting louder
ESC-50,3-145577-A-43.wav,,car_horn,1,3,a car horn honks repeatedly and then a vehicle drives by
ESC-50,3-145719-A-17.wav,,pouring_water,0,3,water is being poured into a glass jar
ESC-50,3-145774-A-12.wav,,crackling_fire,0,3,a fire is crackling and popping as it burns
ESC-50,3-146033-A-13.wav,,crickets,0,3,crickets chirp in the background as a cricket is chirping
ESC-50,3-146186-A-44.wav,,engine,0,3,a motor is running and a motorcycle engine is idling in the background
ESC-50,3-146697-A-43.wav,,car_horn,1,3,cars are driving by on a busy street
ESC-50,3-146873-A-24.wav,,coughing,1,3,a person coughs five times and then coughing again
ESC-50,3-146964-A-5.wav,,cat,0,3,a cat is purring and meowing loudly at a steady pace
ESC-50,3-146965-A-5.wav,,cat,0,3,a cat is purring and meowing at the same time
ESC-50,3-146972-A-5.wav,,cat,0,3,a cat is purring and meowing loudly and consistently
ESC-50,3-147342-A-34.wav,,can_opening,0,3,a person is using a shovel to dig up and down the ground
ESC-50,3-147343-A-34.wav,,can_opening,0,3,a knife is being sharpened on a hard surface
ESC-50,3-147965-A-12.wav,,crackling_fire,0,3,a fire is burning and crackling as it cooks
ESC-50,3-148297-A-37.wav,,clock_alarm,0,3,a beeping sound is being made with a high pitch
ESC-50,3-148330-A-21.wav,,sneezing,1,3,a man coughs five times and sniffs repeatedly
ESC-50,3-148932-A-34.wav,,can_opening,0,3,someone is opening and closing a can of soda
ESC-50,3-149042-A-24.wav,,coughing,1,3,a person is grunting and groaning in pain
ESC-50,3-149189-A-1.wav,,rooster,0,3,a chicken is clucking and flapping its wings
ESC-50,3-149448-A-17.wav,,pouring_water,0,3,water is poured into a glass jar and then a liquid is pouring into a cup
ESC-50,3-149465-A-22.wav,,clapping,0,3,a large group of people are clapping and applauding
ESC-50,3-150231-A-21.wav,,sneezing,1,3,a person is sneezing twice and then coughs again
ESC-50,3-150363-A-38.wav,,clock_tick,0,3,a clock is ticking very slowly and steadily
ESC-50,3-150979-A-40.wav,,helicopter,0,3,the wind is blowing and the rain is hitting the ground
ESC-50,3-150979-B-40.wav,,helicopter,0,3,a helicopter is flying overhead and getting farther away
ESC-50,3-150979-C-40.wav,,helicopter,0,3,a motorcycle is driving by and the wind is blowing
ESC-50,3-151080-A-20.wav,,crying_baby,1,3,a baby is crying and making a loud noise
ESC-50,3-151081-A-20.wav,,crying_baby,1,3,a baby is crying and making loud noises
ESC-50,3-151081-B-20.wav,,crying_baby,1,3,a baby is crying and making infant noises
ESC-50,3-151089-A-30.wav,,door_wood_knock,0,3,a person is knocking on a door five times
ESC-50,3-151206-A-23.wav,,breathing,0,3,a person is breathing heavily and deliberately
ESC-50,3-151212-A-24.wav,,coughing,1,3,a person coughs five times and then coughing again
ESC-50,3-151213-A-24.wav,,coughing,1,3,a person coughs five times and then burps again
ESC-50,3-151255-A-28.wav,,snoring,0,3,a person is snoring very loudly and steadily
ESC-50,3-151269-A-35.wav,,washing_machine,0,3,a washing machine is running at a constant speed
ESC-50,3-151273-A-35.wav,,washing_machine,0,3,a washing machine is running in the background
ESC-50,3-151557-A-28.wav,,snoring,0,3,a person is snoring in the background while a man is breathing in the foreground
ESC-50,3-151557-B-28.wav,,snoring,0,3,a person is snoring very loudly and steadily
ESC-50,3-152007-A-20.wav,,crying_baby,1,3,a baby is crying and making a loud squeaking sound
ESC-50,3-152007-B-20.wav,,crying_baby,1,3,a baby is crying and making loud noises
ESC-50,3-152007-C-20.wav,,crying_baby,1,3,a baby is crying and making a loud babbling sound
ESC-50,3-152007-D-20.wav,,crying_baby,1,3,a baby cries loudly and another child screams in the background
ESC-50,3-152007-E-20.wav,,crying_baby,1,3,a baby is crying and making infant noises
ESC-50,3-152020-A-36.wav,,vacuum_cleaner,0,3,a vacuum cleaner is being used to cut up and down
ESC-50,3-152020-B-36.wav,,vacuum_cleaner,0,3,a machine is running at a constant speed and high pressure
ESC-50,3-152020-C-36.wav,,vacuum_cleaner,0,3,a vacuum cleaner is being used to cut up and down
ESC-50,3-152039-A-3.wav,,cow,0,3,several cows are mooing and people are talking in the background
ESC-50,3-152039-B-3.wav,,cow,0,3,several cows are mooing and people are talking in the background
ESC-50,3-152594-A-30.wav,,door_wood_knock,0,3,a person is knocking on a door at a steady pace
ESC-50,3-152912-A-26.wav,,laughing,0,3,a person is laughing with their mouth open and then they laugh
ESC-50,3-152997-A-26.wav,,laughing,0,3,a person is laughing and talking while they laugh their nose
ESC-50,3-153057-A-43.wav,,car_horn,1,3,a car horn honks and then a vehicle drives by
ESC-50,3-153444-A-32.wav,,keyboard_typing,0,3,someone is typing on a keyboard and types on a typewriter
ESC-50,3-154378-A-30.wav,,door_wood_knock,0,3,a person is knocking on a wooden door then they knock on a table
ESC-50,3-154439-A-17.wav,,pouring_water,0,3,water is being poured into a glass jar
ESC-50,3-154758-A-44.wav,,engine,0,3,an engine is idling and then it starts to idle
ESC-50,3-154781-A-32.wav,,keyboard_typing,0,3,a person types on a keyboard typing on a typewriter
ESC-50,3-154926-A-40.wav,,helicopter,0,3,a helicopter flies overhead and then fades away
ESC-50,3-154926-B-40.wav,,helicopter,0,3,an airplane is flying overhead and getting ready to take off
ESC-50,3-154957-A-1.wav,,rooster,0,3,a chicken is clucking and flapping its wings
ESC-50,3-155130-A-43.wav,,car_horn,1,3,a car horn honks three times and then a vehicle drives by
ESC-50,3-155234-A-43.wav,,car_horn,1,3,a horn honks while people talk in the background
ESC-50,3-155312-A-0.wav,,dog,1,3,a dog is barking loudly at a medium pitch
ESC-50,3-155556-A-31.wav,,mouse_click,0,3,a person is tapping on a piece of wood
ESC-50,3-155568-A-32.wav,,keyboard_typing,0,3,someone is typing on a keyboard with a pencil
ESC-50,3-155570-A-32.wav,,keyboard_typing,0,3,a person is typing on a keyboard and types on a computer
ESC-50,3-155577-A-14.wav,,chirping_birds,0,3,birds are chirping and singing in the trees
ESC-50,3-155578-A-14.wav,,chirping_birds,0,3,birds are chirping and singing in the background
ESC-50,3-155579-A-14.wav,,chirping_birds,0,3,birds are chirping and singing in the background
ESC-50,3-155583-A-14.wav,,chirping_birds,0,3,birds are chirping in the background while a bird is singing
ESC-50,3-155584-A-14.wav,,chirping_birds,0,3,birds are chirping and singing in the background
ESC-50,3-155642-A-11.wav,,sea_waves,0,3,waves are crashing against the shore and the wind is blowing
ESC-50,3-155642-B-11.wav,,sea_waves,0,3,waves crash against the shore and the wind blows
ESC-50,3-155659-A-34.wav,,can_opening,0,3,someone is opening and closing a can of soda
ESC-50,3-155766-A-13.wav,,crickets,0,3,crickets chirp in the background as the wind blows
ESC-50,3-156391-A-35.wav,,washing_machine,0,3,a machine is running at a constant speed and volume
ESC-50,3-156393-A-35.wav,,washing_machine,0,3,a machine is running at a constant speed and volume
ESC-50,3-156558-A-21.wav,,sneezing,1,3,a man coughs five times and then sneezes twice
ESC-50,3-156581-A-14.wav,,chirping_birds,0,3,birds are chirping in the background and a bird is singing
ESC-50,3-156581-B-14.wav,,chirping_birds,0,3,birds are chirping in the background and a bird is singing
ESC-50,3-156907-A-15.wav,,water_drops,0,3,someone is tapping their fingers on a table with a gradual increase in pitch
ESC-50,3-157149-A-10.wav,,rain,0,3,rain is pouring down on the roof of a house
ESC-50,3-157187-A-12.wav,,crackling_fire,0,3,a fire is burning and crackling as it burns
ESC-50,3-157487-A-10.wav,,rain,0,3,rain is falling down onto a roof and a car passes by
ESC-50,3-157492-A-45.wav,,train,0,3,a subway train is passing by on a railroad track
ESC-50,3-157615-A-10.wav,,rain,0,3,a heavy rain is falling down on a roof
ESC-50,3-157695-A-0.wav,,dog,1,3,a dog is barking and growling at a steady pace
ESC-50,3-158056-A-31.wav,,mouse_click,0,3,a person is typing on a computer keyboard repeatedly
ESC-50,3-158056-B-31.wav,,mouse_click,0,3,a person is tapping on a piece of wood
ESC-50,3-158476-A-12.wav,,crackling_fire,0,3,a fire is crackling and popping as it burns
ESC-50,3-159346-A-36.wav,,vacuum_cleaner,0,3,a machine is running at a constant speed and volume
ESC-50,3-159346-B-36.wav,,vacuum_cleaner,0,3,an electric saw is being used to cut something
ESC-50,3-159347-A-36.wav,,vacuum_cleaner,0,3,a vacuum cleaner is being used to cut a piece of machinery
ESC-50,3-159347-B-36.wav,,vacuum_cleaner,0,3,a vacuum cleaner is turned on and then it starts up and begins to run
ESC-50,3-159348-A-36.wav,,vacuum_cleaner,0,3,a vacuum cleaner is being used in the background
ESC-50,3-159445-A-45.wav,,train,0,3,a subway train is passing by on a railroad track
ESC-50,3-159445-B-45.wav,,train,0,3,a train is passing by on the tracks and the wheels are squealing
ESC-50,3-160119-A-15.wav,,water_drops,0,3,water is dripping into a basin and down a drain
ESC-50,3-160993-A-3.wav,,cow,0,3,several cows are mooing in the distance
ESC-50,3-161010-A-43.wav,,car_horn,1,3,a car horn honks while cars drive by in the distance
ESC-50,3-161500-A-17.wav,,pouring_water,0,3,water is pouring from a faucet into a container
ESC-50,3-162786-A-13.wav,,crickets,0,3,crickets are chirping and a cricket is singing in the background
ESC-50,3-163288-A-1.wav,,rooster,0,3,a chicken is clucking and flapping its wings
ESC-50,3-163459-A-0.wav,,dog,1,3,a dog is barking loudly and sporadically
ESC-50,3-163607-A-13.wav,,crickets,0,3,the wind is blowing and the birds are chirping in the background
ESC-50,3-163607-B-13.wav,,crickets,0,3,the wind is blowing and a bird is chirping in the background
ESC-50,3-163727-A-3.wav,,cow,0,3,several cows are mooing and a cow moos in the background
ESC-50,3-164120-A-11.wav,,sea_waves,0,3,waves are crashing against the shore and the ocean wave breaks
ESC-50,3-164216-A-6.wav,,hen,0,3,a chicken is clucking and flapping its wings
ESC-50,3-164216-B-6.wav,,hen,0,3,a chicken is clucking and flapping its wings
ESC-50,3-164216-C-6.wav,,hen,0,3,a chicken is clucking and flapping its wings
ESC-50,3-164592-A-15.wav,,water_drops,0,3,someone is blowing bubbles into a container of water
ESC-50,3-164593-A-15.wav,,water_drops,0,3,a person is using a faucet to wash their hands
ESC-50,3-164594-A-15.wav,,water_drops,0,3,a person is splashing water into a container of liquid
ESC-50,3-164595-A-15.wav,,water_drops,0,3,a person is splashing around in water with their mouth open
ESC-50,3-164630-A-11.wav,,sea_waves,0,3,water is flowing in a stream and splashing against rocks
ESC-50,3-164688-A-38.wav,,clock_tick,0,3,a ticking clock ticks as the second hand of a pendulum is clicking
ESC-50,3-165856-A-41.wav,,chainsaw,1,3,a chainsaw is cutting through a piece of wood
ESC-50,3-166125-A-23.wav,,breathing,0,3,a person is breathing heavily in their nose at a consistent rate
ESC-50,3-166125-B-23.wav,,breathing,0,3,a person is breathing heavily in their nose at a consistent rate
ESC-50,3-166324-A-15.wav,,water_drops,0,3,someone is tapping on a metal object with a stick
ESC-50,3-166326-A-15.wav,,water_drops,0,3,water drips into a metal container and a popping sound echoes in the background
ESC-50,3-166422-A-11.wav,,sea_waves,0,3,waves crash against the shore and the ocean tide splashes
ESC-50,3-166546-A-34.wav,,can_opening,0,3,a person is using a shovel to dig up and down
ESC-50,3-166546-B-34.wav,,can_opening,0,3,a person is using a knife to dig up and down
ESC-50,3-167096-A-31.wav,,mouse_click,0,3,a person is typing on a computer keyboard and making clicking noises in the background
ESC-50,3-169907-A-29.wav,,drinking_sipping,0,3,a person is eating crunchy food and chewing chips
ESC-50,3-170002-A-34.wav,,can_opening,0,3,someone is opening and closing a knife with a scraper
ESC-50,3-170015-A-0.wav,,dog,1,3,a dog is barking and a woman is speaking
ESC-50,3-170312-A-31.wav,,mouse_click,0,3,a person is using a wrench on a piece of paper
ESC-50,3-170377-A-38.wav,,clock_tick,0,3,a clock is ticking very loudly and consistently
ESC-50,3-170383-A-38.wav,,clock_tick,0,3,a clock is ticking and a pendulum ticks
ESC-50,3-170574-A-30.wav,,door_wood_knock,0,3,someone is knocking on a door five times at different speeds
ESC-50,3-170851-A-31.wav,,mouse_click,0,3,a person is tapping on a keyboard that is popping in the background
ESC-50,3-171012-A-38.wav,,clock_tick,0,3,a clock is ticking very slowly and steadily
ESC-50,3-171041-A-38.wav,,clock_tick,0,3,a clock is ticking very loud and steady
ESC-50,3-171281-A-6.wav,,hen,0,3,a chicken is clucking while other birds are chirping in the background
ESC-50,3-171937-A-34.wav,,can_opening,0,3,a lighter is being used to cut something
ESC-50,3-172179-A-31.wav,,mouse_click,0,3,a person is tapping on a wooden surface with a rhythmic clacking
ESC-50,3-172881-A-48.wav,,fireworks,0,3,fireworks are exploding in the sky and the firecrackers are going off in the distance
ESC-50,3-172922-A-48.wav,,fireworks,0,3,fireworks are going off in the distance
ESC-50,3-174840-A-43.wav,,car_horn,1,3,a car alarm goes off while a man is speaking
ESC-50,3-174866-A-29.wav,,drinking_sipping,0,3,a person is walking on a hard surface
ESC-50,3-177082-A-22.wav,,clapping,0,3,a crowd of people are clapping and applauding
ESC-50,3-177083-A-22.wav,,clapping,0,3,a large group of people are clapping and applauding
ESC-50,3-178096-A-6.wav,,hen,0,3,a chicken is clucking and a rooster is crowing
ESC-50,3-180147-A-30.wav,,door_wood_knock,0,3,a person is knocking on a door five times
ESC-50,3-180256-A-0.wav,,dog,1,3,a dog is barking loudly and sporadically
ESC-50,3-180977-A-0.wav,,dog,1,3,a dog is barking and growling at a medium pitch
ESC-50,3-181132-A-14.wav,,chirping_birds,0,3,birds are chirping and singing in the background
ESC-50,3-181278-A-22.wav,,clapping,0,3,a crowd of people are clapping and cheering
ESC-50,3-182023-A-30.wav,,door_wood_knock,0,3,someone is knocking on a door five times at a consistent rate
ESC-50,3-182025-A-30.wav,,door_wood_knock,0,3,a person is knocking on a door five times
ESC-50,3-182710-A-35.wav,,washing_machine,0,3,a washing machine is running in a factory
ESC-50,3-182710-B-35.wav,,washing_machine,0,3,a machine is running and then stops and then starts again
ESC-50,3-185313-A-31.wav,,mouse_click,0,3,a person is typing on a keyboard and writing on a piece of paper
ESC-50,3-185456-A-29.wav,,drinking_sipping,0,3,a person is drinking water from a bottle and breathing in the background
ESC-50,3-187549-A-6.wav,,hen,0,3,a chicken is clucking while birds are chirping in the background
ESC-50,3-187549-B-6.wav,,hen,0,3,a chicken is clucking and flapping its wings
ESC-50,3-187710-A-11.wav,,sea_waves,0,3,waves are crashing against the shore and the wind is blowing
ESC-50,3-188390-A-6.wav,,hen,0,3,a chicken is clucking while birds are chirping in the background
ESC-50,3-188726-A-35.wav,,washing_machine,0,3,a motor is running and a motorcycle engine is idling
ESC-50,3-193767-A-47.wav,,airplane,0,3,an airplane is flying overhead and getting ready to take off
ESC-50,3-197408-A-8.wav,,sheep,0,3,a sheep bleats loudly in the background
ESC-50,3-197408-B-8.wav,,sheep,0,3,a sheep bleats loudly in the background
ESC-50,3-197408-C-8.wav,,sheep,0,3,a sheep bleats loudly in the background as a goat baas in the foreground
ESC-50,3-197435-A-22.wav,,clapping,0,3,a person is clapping their hands together in a steady rhythm
ESC-50,3-197435-B-22.wav,,clapping,0,3,the clapping of a clap of the hands of a person
ESC-50,3-203371-A-39.wav,,glass_breaking,1,3,a person is breaking a glass bottle and hitting the ground
ESC-50,3-203373-A-39.wav,,glass_breaking,1,3,glass is broken by a person breaking and smashing a rocky surface
ESC-50,3-203374-A-39.wav,,glass_breaking,1,3,glass is broken by a person breaking a metal object
ESC-50,3-203375-A-39.wav,,glass_breaking,1,3,a glass bottle is thrown into a pile of metal
ESC-50,3-203377-A-39.wav,,glass_breaking,1,3,glass is broken by a person breaking and hitting the ground
ESC-50,3-20861-A-8.wav,,sheep,0,3,a large group of people are making noises in the background
ESC-50,3-208820-A-49.wav,,hand_saw,0,3,a metal object is being dragged across a hard surface
ESC-50,3-216280-A-39.wav,,glass_breaking,1,3,glass is broken by a few times and then a metal object is dropped onto another hard surface
ESC-50,3-216281-A-39.wav,,glass_breaking,1,3,glass is broken by a person breaking and hitting the ground repeatedly
ESC-50,3-216284-A-39.wav,,glass_breaking,1,3,glass is broken by a person breaking and hitting the ground repeatedly
ESC-50,3-233151-A-2.wav,,pig,0,3,a horse is snorting as it is neighing loudly
ESC-50,3-243726-A-43.wav,,car_horn,1,3,a train horn blows and a car honks its whistle
ESC-50,3-246513-A-16.wav,,wind,0,3,wind is blowing at a steady pace in the background
ESC-50,3-246513-B-16.wav,,wind,0,3,the wind is blowing and the rain is hitting the ground
ESC-50,3-249913-A-25.wav,,footsteps,0,3,a person is walking on a hard surface while birds are chirping in the background
ESC-50,3-251617-A-48.wav,,fireworks,0,3,a gun is fired in the distance and then a second shot occurs
ESC-50,3-253081-A-2.wav,,pig,0,3,a pig oinking in the background as a man is speaking
ESC-50,3-253084-A-2.wav,,pig,0,3,a pig is oinking in the background
ESC-50,3-253084-B-2.wav,,pig,0,3,a pig oinking in the background as it is snorting
ESC-50,3-253084-C-2.wav,,pig,0,3,a pig oinking in the background as it is snorting
ESC-50,3-253084-D-2.wav,,pig,0,3,a pig is oinking in the background
ESC-50,3-253084-E-2.wav,,pig,0,3,a pig is oinking in the background
ESC-50,3-257858-A-2.wav,,pig,0,3,a pig is oinking in the background
ESC-50,3-259622-A-44.wav,,engine,0,3,an engine is idling and then it starts to idle
ESC-50,3-51376-A-42.wav,,siren,1,3,a civil defense siren is blaring with a high pitch
ESC-50,3-51731-A-42.wav,,siren,1,3,a siren is blaring and a police car passes by
ESC-50,3-51731-B-42.wav,,siren,1,3,a police siren is blaring and a vehicle is passing by
ESC-50,3-51909-A-42.wav,,siren,1,3,a civil defense siren is blaring and getting louder
ESC-50,3-51909-B-42.wav,,siren,1,3,a civil defense siren is blaring and getting louder
ESC-50,3-58772-A-42.wav,,siren,1,3,a civil defense siren is going off and getting louder
ESC-50,3-62878-A-42.wav,,siren,1,3,a siren is blaring and a police car is passing by
ESC-50,3-62878-B-42.wav,,siren,1,3,a police car siren is blaring and it gets louder as it passes
ESC-50,3-65748-A-12.wav,,crackling_fire,0,3,a fire is crackling and popping as it burns
ESC-50,3-68630-A-40.wav,,helicopter,0,3,an airplane is flying overhead and a helicopter is in the background
ESC-50,3-68630-B-40.wav,,helicopter,0,3,an airplane is flying overhead and a helicopter is in the distance
ESC-50,3-68630-C-40.wav,,helicopter,0,3,an airplane is flying overhead and getting ready to take off
ESC-50,3-70962-A-4.wav,,frog,0,3,a frog is croaking with other birds chirping in the background
ESC-50,3-70962-B-4.wav,,frog,0,3,a bird is chirping and a frog is croaking in the background
ESC-50,3-70962-C-4.wav,,frog,0,3,frogs are croaking and crickets are chirping in the background
ESC-50,3-71964-A-4.wav,,frog,0,3,frogs are croaking in the background and a frog croaks
ESC-50,3-71964-B-4.wav,,frog,0,3,frogs are croaking in the background and a frog is quacking
ESC-50,3-71964-C-4.wav,,frog,0,3,frogs are croaking in the background and a frog is quacking
ESC-50,3-83527-A-4.wav,,frog,0,3,frogs are croaking and crickets are chirping in the night
ESC-50,3-87936-A-46.wav,,church_bells,0,3,church bells are ringing loudly in a large room
ESC-50,3-87936-B-46.wav,,church_bells,0,3,church bells are ringing in the tower
ESC-50,3-92637-A-18.wav,,toilet_flush,0,3,a toilet is flushed and the water is flushing
ESC-50,3-93010-A-18.wav,,toilet_flush,0,3,a toilet is flushed and water is running
ESC-50,3-94342-A-25.wav,,footsteps,0,3,a person is walking through leaves through a wooded area
ESC-50,3-94343-A-25.wav,,footsteps,0,3,a person is walking on a gravel path at a steady pace
ESC-50,3-94344-A-25.wav,,footsteps,0,3,a person is walking through the snow and leaves
ESC-50,3-94355-A-33.wav,,door_wood_creaks,0,3,a creaky door is creaking as it is opened and closed
ESC-50,3-95694-A-5.wav,,cat,0,3,a cat is meowing and crying at a steady pace
ESC-50,3-95695-A-5.wav,,cat,0,3,a cat meowing and crying at a steady pace
ESC-50,3-95695-B-5.wav,,cat,0,3,a cat is meowing and crying at a steady pace
ESC-50,3-95697-A-5.wav,,cat,0,3,a cat is meowing and crying at a steady pace
ESC-50,3-95698-A-5.wav,,cat,0,3,a cat is meowing and crying at the same time
ESC-50,3-96606-A-49.wav,,hand_saw,0,3,a person is sawing wood with a saw
ESC-50,3-96606-B-49.wav,,hand_saw,0,3,a person is using a saw with a piece of wood
ESC-50,3-97909-A-49.wav,,hand_saw,0,3,a person is sawing wood with a saw
ESC-50,3-97909-B-49.wav,,hand_saw,0,3,a person is sawing a piece of wood
ESC-50,3-98193-A-46.wav,,church_bells,0,3,church bells are ringing loudly in the tower
ESC-50,3-98771-A-18.wav,,toilet_flush,0,3,a toilet is flushed and the water is running
ESC-50,3-98869-A-46.wav,,church_bells,0,3,church bells are ringing loudly in the tower
ESC-50,4-102844-A-49.wav,,hand_saw,0,4,a person is sawing wood with a saw
ESC-50,4-102844-B-49.wav,,hand_saw,0,4,a person is sawing wood with a saw
ESC-50,4-102844-C-49.wav,,hand_saw,0,4,a person is sawing wood with a saw
ESC-50,4-102871-A-42.wav,,siren,1,4,a siren is blaring and a vehicle is passing by
ESC-50,4-107117-A-33.wav,,door_wood_creaks,0,4,a creaky door is creaking loudly and slowly creaks
ESC-50,4-107120-A-33.wav,,door_wood_creaks,0,4,a creaky door is being opened and closed repeatedly
ESC-50,4-107122-A-33.wav,,door_wood_creaks,0,4,a creaky door is being opened and closed repeatedly
ESC-50,4-108352-A-33.wav,,door_wood_creaks,0,4,a squeaky door is being opened and closed repeatedly
ESC-50,4-111671-A-42.wav,,siren,1,4,a siren is blaring and a police car is driving by
ESC-50,4-111671-B-42.wav,,siren,1,4,a police car siren is blaring and it gets closer and louder
ESC-50,4-117627-A-25.wav,,footsteps,0,4,a person is walking on a gravel path
ESC-50,4-117630-A-25.wav,,footsteps,0,4,a person is walking on a gravel path in the snow
ESC-50,4-119647-A-48.wav,,fireworks,0,4,fireworks are going off in the distance
ESC-50,4-119647-B-48.wav,,fireworks,0,4,fireworks are exploding in the distance and then a match is lit
ESC-50,4-119647-C-48.wav,,fireworks,0,4,fireworks are going off in the distance at night
ESC-50,4-119647-D-48.wav,,fireworks,0,4,fireworks are going off in the distance
ESC-50,4-119648-A-48.wav,,fireworks,0,4,fireworks are exploding in the distance in the sky
ESC-50,4-119648-B-48.wav,,fireworks,0,4,fireworks are exploding in the distance in the sky
ESC-50,4-119648-C-48.wav,,fireworks,0,4,fireworks are going off in the distance
ESC-50,4-119648-D-48.wav,,fireworks,0,4,fireworks are going off in the distance
ESC-50,4-119720-A-18.wav,,toilet_flush,0,4,a toilet is flushed and the water is flushing
ESC-50,4-120160-A-5.wav,,cat,0,4,a cat is meowing and making noises in the background
ESC-50,4-121532-A-42.wav,,siren,1,4,a civil defense siren is going off and getting higher in pitch
ESC-50,4-123680-A-18.wav,,toilet_flush,0,4,a toilet is flushed and water is flushing
ESC-50,4-125070-A-19.wav,,thunderstorm,0,4,thunder claps in the distance as rain falls
ESC-50,4-125071-A-19.wav,,thunderstorm,0,4,thunder rolls in the distance and then fades away
ESC-50,4-125072-A-19.wav,,thunderstorm,0,4,thunder claps in the distance and then fades away
ESC-50,4-125072-B-19.wav,,thunderstorm,0,4,thunder rolls in the distance as rain pours down
ESC-50,4-125825-A-46.wav,,church_bells,0,4,church bells are ringing loudly in a melody
ESC-50,4-125825-B-46.wav,,church_bells,0,4,church bells are ringing loudly and consistently but at a steady rate
ESC-50,4-125929-A-40.wav,,helicopter,0,4,a helicopter is flying overhead while a propeller is in the background
ESC-50,4-126046-A-18.wav,,toilet_flush,0,4,a toilet is flushed and then the water is poured into a container
ESC-50,4-126532-A-18.wav,,toilet_flush,0,4,a toilet flushes and water drains and then it is flushed
ESC-50,4-128659-A-33.wav,,door_wood_creaks,0,4,a creaky rocking chair is creaking back and forth
ESC-50,4-130584-A-4.wav,,frog,0,4,a group of frogs are croaking with each other
ESC-50,4-130891-A-7.wav,,insects,0,4,a bee is buzzing loudly and then stops for a long time
ESC-50,4-132383-A-2.wav,,pig,0,4,a pig is oinking while a man is speaking in the background
ESC-50,4-132383-B-2.wav,,pig,0,4,a pig is oinking in the background as it is snorting
ESC-50,4-132803-A-26.wav,,laughing,0,4,a baby is laughing and cooing while another person is coughing in the background
ESC-50,4-132810-A-26.wav,,laughing,0,4,a baby is laughing and making noise with their mouth open
ESC-50,4-132816-A-26.wav,,laughing,0,4,a baby is crying and laughing and screaming
ESC-50,4-132839-A-33.wav,,door_wood_creaks,0,4,a creaky door is creaking as it is being opened and closed
ESC-50,4-133047-A-5.wav,,cat,0,4,a cat is meowing and purring at a steady pace
ESC-50,4-133047-B-5.wav,,cat,0,4,a cat is meowing and crying at the same time
ESC-50,4-133047-C-5.wav,,cat,0,4,a cat is meowing and crying at a steady pace
ESC-50,4-133674-A-26.wav,,laughing,0,4,a person is laughing and making a loud roaring sound
ESC-50,4-133895-A-7.wav,,insects,0,4,a person is using a shovel to write on a piece of paper
ESC-50,4-135439-A-18.wav,,toilet_flush,0,4,a toilet is flushed two times and then the water is turned off
ESC-50,4-136381-A-9.wav,,crow,0,4,a crow caws in the background as a bird squawks continuously
ESC-50,4-138344-A-9.wav,,crow,0,4,birds are chirping and cawing in the background
ESC-50,4-140034-A-46.wav,,church_bells,0,4,church bells are ringing loudly in the tower
ESC-50,4-141365-A-18.wav,,toilet_flush,0,4,a toilet is flushed and the water is running
ESC-50,4-143118-A-7.wav,,insects,0,4,a bee is buzzing around and a person is walking on a hard surface
ESC-50,4-143118-B-7.wav,,insects,0,4,a buzzing sound is followed by a loud buzz and a few people talking in the background
ESC-50,4-144083-A-16.wav,,wind,0,4,the wind is blowing and cars are passing by in the distance
ESC-50,4-144083-B-16.wav,,wind,0,4,wind is blowing and birds are chirping in the background
ESC-50,4-144083-C-16.wav,,wind,0,4,the wind is blowing very strong and howling in the trees
ESC-50,4-144085-A-16.wav,,wind,0,4,a siren is blaring in the distance and then it speeds up
ESC-50,4-144468-A-27.wav,,brushing_teeth,0,4,someone is brushing their teeth with a toothbrush
ESC-50,4-144468-B-27.wav,,brushing_teeth,0,4,a person is brushing their teeth with their mouth
ESC-50,4-145006-A-18.wav,,toilet_flush,0,4,a toilet is flushed and water is running
ESC-50,4-145081-A-9.wav,,crow,0,4,a bird is squawking loudly and another crow caws in the background
ESC-50,4-146200-A-36.wav,,vacuum_cleaner,0,4,a machine is running at a constant speed and volume
ESC-50,4-147240-A-2.wav,,pig,0,4,a pig is oinking in the background
ESC-50,4-147240-B-2.wav,,pig,0,4,a pig oinking in the background while a man is speaking in the foreground
ESC-50,4-147657-A-46.wav,,church_bells,0,4,church bells ring in the distance as cars drive by
ESC-50,4-147658-A-46.wav,,church_bells,0,4,church bells are ringing loudly in a large room
ESC-50,4-149294-A-41.wav,,chainsaw,1,4,a chainsaw is cutting through a piece of wood
ESC-50,4-149294-B-41.wav,,chainsaw,1,4,a chainsaw is cutting through a piece of wood
ESC-50,4-149940-A-5.wav,,cat,0,4,a cat is meowing and crying at the same time
ESC-50,4-149940-B-5.wav,,cat,0,4,a cat is meowing and making noises in the background
ESC-50,4-150364-A-46.wav,,church_bells,0,4,church bells are ringing loudly in a tower
ESC-50,4-150364-B-46.wav,,church_bells,0,4,church bells are ringing loudly in a tower
ESC-50,4-151242-A-37.wav,,clock_alarm,0,4,an alarm clock is beeping and going off
ESC-50,4-152958-A-18.wav,,toilet_flush,0,4,a toilet is flushed and water is running
ESC-50,4-152995-A-24.wav,,coughing,1,4,a person coughs five times and then coughing again
ESC-50,4-154405-A-27.wav,,brushing_teeth,0,4,a person is brushing their teeth with their mouth
ESC-50,4-154405-B-27.wav,,brushing_teeth,0,4,someone is brushing their teeth with a toothbrush
ESC-50,4-154443-A-24.wav,,coughing,1,4,a person is coughing then burps again and again
ESC-50,4-154793-A-4.wav,,frog,0,4,frogs are croaking and crickets are chirping in the night
ESC-50,4-155650-A-24.wav,,coughing,1,4,a person coughs five times and then coughing again
ESC-50,4-155650-B-24.wav,,coughing,1,4,a person coughs five times then coughing then clearing their throat
ESC-50,4-155670-A-26.wav,,laughing,0,4,a group of people are laughing and talking in the background
ESC-50,4-156227-A-9.wav,,crow,0,4,a crow caws in the background while a bird chirps in the foreground
ESC-50,4-156827-A-46.wav,,church_bells,0,4,church bells are ringing in the tower
ESC-50,4-156843-A-21.wav,,sneezing,1,4,a person coughs five times and then burps again
ESC-50,4-156844-A-21.wav,,sneezing,1,4,a woman coughs sniffs repeatedly and then sneezes twice
ESC-50,4-156993-A-19.wav,,thunderstorm,0,4,thunder rumbles and rain falls as a thunderstorm roars in the background
ESC-50,4-157296-A-24.wav,,coughing,1,4,a person coughing and coughs as they laugh and cough
ESC-50,4-157297-A-21.wav,,sneezing,1,4,a man coughs five times and sneezes twice
ESC-50,4-157611-A-41.wav,,chainsaw,1,4,a motorcycle is revving up and down the road
ESC-50,4-157611-B-41.wav,,chainsaw,1,4,a motor is running at a constant speed and a motorcycle is revving up
ESC-50,4-158653-A-32.wav,,keyboard_typing,0,4,someone is typing on a keyboard and types on a typewriter
ESC-50,4-159426-A-9.wav,,crow,0,4,a crow caws in the background while a bird squawks continuously
ESC-50,4-159609-A-14.wav,,chirping_birds,0,4,birds are chirping and singing in the distance
ESC-50,4-159609-B-14.wav,,chirping_birds,0,4,birds are chirping and singing in the distance
ESC-50,4-160036-A-33.wav,,door_wood_creaks,0,4,a person is rocking back and forth in a large room
ESC-50,4-160036-B-33.wav,,door_wood_creaks,0,4,a creaky door is creaking as it is slowly opened and closed
ESC-50,4-160999-A-10.wav,,rain,0,4,rain is falling on a tin roof top of a house
ESC-50,4-161099-A-47.wav,,airplane,0,4,a plane is flying overhead while birds are chirping in the background
ESC-50,4-161099-B-47.wav,,airplane,0,4,an airplane is flying overhead with a plane propeller in the sky
ESC-50,4-161100-A-47.wav,,airplane,0,4,an airplane is flying overhead and getting ready to take off
ESC-50,4-161103-A-47.wav,,airplane,0,4,an airplane is flying overhead and getting ready to take off
ESC-50,4-161105-A-47.wav,,airplane,0,4,an airplane is flying overhead while a helicopter is in the background
ESC-50,4-161105-B-47.wav,,airplane,0,4,an airplane is flying overhead and getting ready to take off
ESC-50,4-161127-A-10.wav,,rain,0,4,a heavy rain is falling down on a roof
ESC-50,4-161303-A-5.wav,,cat,0,4,a cat meowing and crying at a steady pace
ESC-50,4-161303-B-5.wav,,cat,0,4,a cat is meowing and crying at a steady pace
ESC-50,4-161519-A-19.wav,,thunderstorm,0,4,thunder claps in the distance as birds chirp in the background
ESC-50,4-161579-A-40.wav,,helicopter,0,4,a helicopter flies overhead and then fades away
ESC-50,4-161579-B-40.wav,,helicopter,0,4,a helicopter is flying overhead and getting closer and farther away
ESC-50,4-163264-A-10.wav,,rain,0,4,rain is falling down on a roof and down a gutter
ESC-50,4-163606-A-16.wav,,wind,0,4,wind blows in the background as a strong breeze is blowing
ESC-50,4-163608-B-16.wav,,wind,0,4,the wind is blowing and waves are crashing on the shore
ESC-50,4-163609-A-16.wav,,wind,0,4,the wind is blowing very strong and gusts strongly
ESC-50,4-163609-B-16.wav,,wind,0,4,the wind is blowing very strong and gusts strongly
ESC-50,4-163697-A-13.wav,,crickets,0,4,a cricket is chirping and crickets are singing in the background
ESC-50,4-164021-A-1.wav,,rooster,0,4,a chicken is clucking and flapping its wings
ESC-50,4-164064-A-1.wav,,rooster,0,4,a chicken is clucking and flapping its wings
ESC-50,4-164064-B-1.wav,,rooster,0,4,a chicken is clucking and flapping its wings
ESC-50,4-164064-C-1.wav,,rooster,0,4,a chicken is clucking and flapping its wings
ESC-50,4-164206-A-10.wav,,rain,0,4,rain is pouring down on the roof of a house
ESC-50,4-164243-A-26.wav,,laughing,0,4,a group of people are laughing and talking and giggling
ESC-50,4-164661-A-12.wav,,crackling_fire,0,4,a fire is burning and crackling and popping as it burns
ESC-50,4-164661-B-12.wav,,crackling_fire,0,4,a fire is crackling and popping as it burns
ESC-50,4-164859-A-1.wav,,rooster,0,4,a chicken is clucking and flapping its wings
ESC-50,4-165606-A-45.wav,,train,0,4,a subway train is passing by on the tracks and people are talking
ESC-50,4-165791-A-45.wav,,train,0,4,a train is passing by on the tracks in the distance
ESC-50,4-165791-B-45.wav,,train,0,4,a train is passing by on a railroad track
ESC-50,4-165813-A-19.wav,,thunderstorm,0,4,thunder rumbles in the distance as rain pours down
ESC-50,4-165813-B-19.wav,,thunderstorm,0,4,thunder claps in the distance and then fades away
ESC-50,4-165823-A-41.wav,,chainsaw,1,4,a chainsaw is cutting through a piece of wood
ESC-50,4-165823-B-41.wav,,chainsaw,1,4,a chainsaw is revved up and then cuts through the grass
ESC-50,4-165845-A-45.wav,,train,0,4,a train is moving along a railroad track
ESC-50,4-165845-B-45.wav,,train,0,4,a train is moving along a track making a clacking sound
ESC-50,4-165933-A-45.wav,,train,0,4,a train is moving along a bumpy road
ESC-50,4-166661-A-10.wav,,rain,0,4,rain is falling down onto the roof of a house
ESC-50,4-167063-A-11.wav,,sea_waves,0,4,waves are crashing against the shore and the wind is blowing
ESC-50,4-167063-B-11.wav,,sea_waves,0,4,waves are crashing against the shore and splashing the ocean
ESC-50,4-167063-C-11.wav,,sea_waves,0,4,waves are crashing and splashing against the shore
ESC-50,4-167077-A-20.wav,,crying_baby,1,4,a baby is crying for a moment and over again
ESC-50,4-167077-B-20.wav,,crying_baby,1,4,a baby is crying and making infant noises
ESC-50,4-167077-C-20.wav,,crying_baby,1,4,a baby is crying and making infant noises
ESC-50,4-167155-A-32.wav,,keyboard_typing,0,4,someone is typing on a keyboard and types on a typewriter
ESC-50,4-167571-A-26.wav,,laughing,0,4,a person is laughing and making loud noises with their mouth
ESC-50,4-167642-A-21.wav,,sneezing,1,4,a person is sneezing twice and then coughs
ESC-50,4-168155-A-15.wav,,water_drops,0,4,water is dripping from a faucet into a tub
ESC-50,4-168446-A-45.wav,,train,0,4,a train is passing by on a railroad track
ESC-50,4-168868-A-17.wav,,pouring_water,0,4,water is being poured into a container filled with liquid
ESC-50,4-169127-A-41.wav,,chainsaw,1,4,a chainsaw is started up and then revved up again
ESC-50,4-169127-B-41.wav,,chainsaw,1,4,a chainsaw is cutting through a piece of wood
ESC-50,4-169508-A-37.wav,,clock_alarm,0,4,an alarm is ringing loudly and stops for a minute
ESC-50,4-169726-A-24.wav,,coughing,1,4,a person coughs five times and then burps again
ESC-50,4-170078-A-1.wav,,rooster,0,4,a chicken is clucking and flapping its wings
ESC-50,4-170247-A-12.wav,,crackling_fire,0,4,a fire is burning and crackling and popping as it burns
ESC-50,4-170247-B-12.wav,,crackling_fire,0,4,a fire is burning and crackling as it burns
ESC-50,4-171207-A-12.wav,,crackling_fire,0,4,water is dripping from a faucet into a metal container
ESC-50,4-171396-A-24.wav,,coughing,1,4,a person coughs five times and then burps again
ESC-50,4-171519-A-21.wav,,sneezing,1,4,a person coughs five times and sneezes twice
ESC-50,4-171652-A-44.wav,,engine,0,4,a chainsaw is cutting through a piece of wood
ESC-50,4-171706-A-23.wav,,breathing,0,4,a person is snoring loudly in a large room
ESC-50,4-171823-A-13.wav,,crickets,0,4,crickets are chirping and insects are buzzing in the night
ESC-50,4-172143-A-13.wav,,crickets,0,4,a cricket is chirping in the background with crickets in the foreground
ESC-50,4-172180-A-32.wav,,keyboard_typing,0,4,a person is typing on a keyboard and making clicking sounds
ESC-50,4-172366-A-37.wav,,clock_alarm,0,4,an alarm clock is beeping and going off
ESC-50,4-172377-A-17.wav,,pouring_water,0,4,water is being poured into a container that is filled with liquid
ESC-50,4-172500-A-27.wav,,brushing_teeth,0,4,a person is using a piece of paper with a pencil
ESC-50,4-172500-B-27.wav,,brushing_teeth,0,4,a person is brushing their teeth with their mouth
ESC-50,4-172500-C-27.wav,,brushing_teeth,0,4,a dog is barking and growling at a fast pace
ESC-50,4-172500-D-27.wav,,brushing_teeth,0,4,a person writes on a piece of paper with a marker
ESC-50,4-172732-A-36.wav,,vacuum_cleaner,0,4,a machine is running at a constant speed and steady
ESC-50,4-172733-A-36.wav,,vacuum_cleaner,0,4,a machine is running at a high speed and steady
ESC-50,4-172734-A-36.wav,,vacuum_cleaner,0,4,a vacuum cleaner is turned on and then it starts up and begins to run
ESC-50,4-172736-A-36.wav,,vacuum_cleaner,0,4,a machine is running at a constant speed and then it is raining
ESC-50,4-172736-B-36.wav,,vacuum_cleaner,0,4,a vacuum cleaner is running at a constant speed
ESC-50,4-172742-A-32.wav,,keyboard_typing,0,4,a person is typing on a keyboard with a pencil
ESC-50,4-173865-A-9.wav,,crow,0,4,a bird is squawking loudly in the background
ESC-50,4-173865-B-9.wav,,crow,0,4,a crow caws in the background as other birds chirp in the distance
ESC-50,4-174797-A-15.wav,,water_drops,0,4,a person is hitting the ground with a hammer
ESC-50,4-174860-A-3.wav,,cow,0,4,a cow is mooing and a man is speaking in the background
ESC-50,4-174860-B-3.wav,,cow,0,4,several cows are mooing and a cow moos in the background
ESC-50,4-175000-A-40.wav,,helicopter,0,4,a helicopter is flying in the sky and getting closer and louder
ESC-50,4-175000-B-40.wav,,helicopter,0,4,a helicopter is flying in the sky and getting farther away
ESC-50,4-175000-C-40.wav,,helicopter,0,4,a helicopter is flying overhead while a plane is in the distance
ESC-50,4-175025-A-34.wav,,can_opening,0,4,a person is using a shovel to dig up and down
ESC-50,4-175845-A-43.wav,,car_horn,1,4,a car honks its horn as it drives by
ESC-50,4-175846-A-43.wav,,car_horn,1,4,a car horn honks repeatedly and then a vehicle drives by
ESC-50,4-175855-A-43.wav,,car_horn,1,4,a car horn honks three times and then a vehicle drives by
ESC-50,4-175856-A-43.wav,,car_horn,1,4,a car horn honks and then a vehicle drives by
ESC-50,4-175945-A-38.wav,,clock_tick,0,4,a clock is ticking and a person is laughing
ESC-50,4-176631-A-43.wav,,car_horn,1,4,a car is driving and honking its horn
ESC-50,4-176638-A-43.wav,,car_horn,1,4,a car horn is being blown over and over again
ESC-50,4-176914-A-23.wav,,breathing,0,4,a person is breathing heavily in the air
ESC-50,4-177243-A-32.wav,,keyboard_typing,0,4,someone is typing on a keyboard with a pencil
ESC-50,4-177250-A-10.wav,,rain,0,4,rain is pouring down on the roof of a house
ESC-50,4-177835-A-24.wav,,coughing,1,4,a person coughs five times and then coughing then sneezing again
ESC-50,4-178402-A-43.wav,,car_horn,1,4,a car horn is blown over and over again
ESC-50,4-178881-A-45.wav,,train,0,4,a train is passing by on a railroad track
ESC-50,4-179836-A-34.wav,,can_opening,0,4,someone is opening and closing a can of soda
ESC-50,4-179984-A-38.wav,,clock_tick,0,4,a clock is ticking in a rhythmic pattern
ESC-50,4-180337-A-28.wav,,snoring,0,4,a person is snoring very loudly and steadily
ESC-50,4-180380-A-10.wav,,rain,0,4,rain is falling down on the roof of a house
ESC-50,4-180453-A-17.wav,,pouring_water,0,4,someone is pouring water into a glass jar and then they are poured into a cup
ESC-50,4-181035-A-38.wav,,clock_tick,0,4,a clock is ticking very loudly and consistently
ESC-50,4-181286-A-10.wav,,rain,0,4,rain is falling down on the roof of a house
ESC-50,4-181362-A-13.wav,,crickets,0,4,crickets chirp in the background as a cricket chirps
ESC-50,4-181563-A-12.wav,,crackling_fire,0,4,a fire crackles and pops in the background as a campfire burns
ESC-50,4-181599-A-26.wav,,laughing,0,4,a baby is laughing and making noise in the background
ESC-50,4-181628-A-17.wav,,pouring_water,0,4,water is poured into a container filled with liquid
ESC-50,4-181707-A-32.wav,,keyboard_typing,0,4,a person is typing on a keyboard and types on a typewriter
ESC-50,4-181708-A-32.wav,,keyboard_typing,0,4,someone is typing on a keyboard and types on a typewriter
ESC-50,4-181865-A-38.wav,,clock_tick,0,4,a clock is ticking very slowly at a steady pace
ESC-50,4-181955-A-3.wav,,cow,0,4,a cow mooing cows moo in the background
ESC-50,4-181955-B-3.wav,,cow,0,4,several cows are mooing in the background
ESC-50,4-181955-C-3.wav,,cow,0,4,a cow mooing cows moo loudly in the background
ESC-50,4-181999-A-36.wav,,vacuum_cleaner,0,4,a machine is running at a high speed and volume
ESC-50,4-182034-A-30.wav,,door_wood_knock,0,4,a person is knocking on a door five times
ESC-50,4-182039-A-30.wav,,door_wood_knock,0,4,a person is knocking on a door five times
ESC-50,4-182041-A-30.wav,,door_wood_knock,0,4,a person is knocking on a door five times
ESC-50,4-182314-A-7.wav,,insects,0,4,bees are buzzing around and birds are chirping in the background
ESC-50,4-182314-B-7.wav,,insects,0,4,a swarm of bees are buzzing around a hive
ESC-50,4-182368-A-12.wav,,crackling_fire,0,4,the wind is blowing and the rain is hitting the ground
ESC-50,4-182369-A-12.wav,,crackling_fire,0,4,a fire is burning and crackling as it burns
ESC-50,4-182395-A-0.wav,,dog,1,4,a dog is barking repeatedly and then barks twice
ESC-50,4-182613-A-11.wav,,sea_waves,0,4,waves are crashing on the beach and the ocean wave crashes
ESC-50,4-182613-B-11.wav,,sea_waves,0,4,ocean waves crash against the shore and the wind blows
ESC-50,4-182795-A-14.wav,,chirping_birds,0,4,birds are chirping and singing in the trees
ESC-50,4-182839-A-17.wav,,pouring_water,0,4,water is pouring into a container and draining down a drain
ESC-50,4-183487-A-1.wav,,rooster,0,4,a chicken is clucking and flapping its wings
ESC-50,4-183882-A-28.wav,,snoring,0,4,a person is snoring very loudly in the background
ESC-50,4-183882-B-28.wav,,snoring,0,4,a person is snoring very loudly and consistently in the background
ESC-50,4-183992-A-0.wav,,dog,1,4,a dog is barking loudly and sporadically
ESC-50,4-184235-A-28.wav,,snoring,0,4,a person is snoring very slowly and steadily
ESC-50,4-184237-A-28.wav,,snoring,0,4,a person is snoring very loudly in their sleep
ESC-50,4-184434-A-21.wav,,sneezing,1,4,a person coughs five times and sneezes twice
ESC-50,4-184575-A-0.wav,,dog,1,4,a dog is barking loudly at a steady pace
ESC-50,4-185415-A-21.wav,,sneezing,1,4,a person coughs five times and then burps again
ESC-50,4-185575-A-20.wav,,crying_baby,1,4,a baby is crying and a person is coughing
ESC-50,4-185575-B-20.wav,,crying_baby,1,4,a baby is crying and babbling while another person is coughing in the background
ESC-50,4-185575-C-20.wav,,crying_baby,1,4,a baby is crying and laughing with a child
ESC-50,4-185613-A-32.wav,,keyboard_typing,0,4,a person is typing on a keyboard with keys in the background
ESC-50,4-185619-A-21.wav,,sneezing,1,4,a man coughs five times and then sneezes twice
ESC-50,4-186518-A-30.wav,,door_wood_knock,0,4,a person is knocking on a door five times
ESC-50,4-186693-A-17.wav,,pouring_water,0,4,water is being poured into a glass jar
ESC-50,4-186935-A-44.wav,,engine,0,4,an engine is idling and then it starts to idle
ESC-50,4-186936-A-44.wav,,engine,0,4,a motorcycle engine is idling and then it starts to idle
ESC-50,4-186938-A-44.wav,,engine,0,4,an engine is started and then revved again and again
ESC-50,4-186940-A-44.wav,,engine,0,4,a truck is idling and then it gets louder as it drives away
ESC-50,4-186962-A-44.wav,,engine,0,4,a motorcycle engine is idling and getting closer and louder as it gets farther away
ESC-50,4-187284-A-30.wav,,door_wood_knock,0,4,a person is knocking on a door five times
ESC-50,4-187384-A-34.wav,,can_opening,0,4,a person is using a shovel to dig up and down again
ESC-50,4-187504-A-17.wav,,pouring_water,0,4,water is being poured into a container at a steady pace
ESC-50,4-187504-B-17.wav,,pouring_water,0,4,water is poured into a container filled with liquid
ESC-50,4-187769-A-14.wav,,chirping_birds,0,4,birds are chirping and singing in the background
ESC-50,4-187769-B-14.wav,,chirping_birds,0,4,birds are chirping and tweeting in the background
ESC-50,4-188003-A-34.wav,,can_opening,0,4,a person is tapping on something with a spoon and then the lid is closed
ESC-50,4-188033-A-38.wav,,clock_tick,0,4,a person is tapping on a wall repeatedly
ESC-50,4-188191-A-29.wav,,drinking_sipping,0,4,a person is snoring heavily and then they are burping
ESC-50,4-188191-B-29.wav,,drinking_sipping,0,4,someone is pouring a drink into a cup
ESC-50,4-188191-C-29.wav,,drinking_sipping,0,4,water is being poured into a container and then gulped down the drain
ESC-50,4-188287-A-9.wav,,crow,0,4,a crow caws in the background as a bird chirps in the foreground
ESC-50,4-188293-A-15.wav,,water_drops,0,4,water dripping from a faucet into a basin and down a drain
ESC-50,4-188293-B-15.wav,,water_drops,0,4,water dripping from a faucet into a metal container
ESC-50,4-188595-A-29.wav,,drinking_sipping,0,4,a person is breathing heavily while they are drinking water
ESC-50,4-188703-A-8.wav,,sheep,0,4,a sheep bleats loudly in the background as birds chirp in the distance
ESC-50,4-188703-B-8.wav,,sheep,0,4,a sheep bleats and birds chirp in the background
ESC-50,4-188703-C-8.wav,,sheep,0,4,a sheep is bleating and birds are chirping in the background
ESC-50,4-188703-D-8.wav,,sheep,0,4,a sheep is bleating while birds are chirping in the background
ESC-50,4-188878-A-30.wav,,door_wood_knock,0,4,a person is knocking on a door five times
ESC-50,4-189332-A-37.wav,,clock_alarm,0,4,an alarm clock is beeping and going off
ESC-50,4-189828-A-22.wav,,clapping,0,4,a crowd of people clapping and applauding at the same time
ESC-50,4-189830-A-22.wav,,clapping,0,4,a crowd of people are clapping and cheering
ESC-50,4-189832-A-22.wav,,clapping,0,4,a crowd of people are clapping and applauding
ESC-50,4-189832-B-22.wav,,clapping,0,4,a crowd of people are clapping and applauding
ESC-50,4-189833-A-22.wav,,clapping,0,4,a large crowd of people clapping and applauding
ESC-50,4-189836-A-22.wav,,clapping,0,4,a crowd of people clapping and applauding in a large room
ESC-50,4-189838-A-22.wav,,clapping,0,4,a crowd of people are clapping and applauding
ESC-50,4-191015-A-43.wav,,car_horn,1,4,cars are passing by and a car horn is honking
ESC-50,4-191246-A-7.wav,,insects,0,4,a bee is buzzing around and a fly buzzes
ESC-50,4-191246-B-7.wav,,insects,0,4,a person holding a plastic bag of paper
ESC-50,4-191297-A-28.wav,,snoring,0,4,a person is snoring very loudly and consistently
ESC-50,4-191327-A-38.wav,,clock_tick,0,4,a clock is ticking back and forth
ESC-50,4-191687-A-0.wav,,dog,1,4,a dog is barking loudly and sporadically
ESC-50,4-192068-A-31.wav,,mouse_click,0,4,a person is typing on a computer keyboard
ESC-50,4-192236-A-0.wav,,dog,1,4,a dog is barking loudly at a steady pace
ESC-50,4-193480-A-40.wav,,helicopter,0,4,a helicopter is flying overhead and a plane is taking off
ESC-50,4-193480-B-40.wav,,helicopter,0,4,a helicopter is flying overhead and a plane is passing by
ESC-50,4-194246-A-13.wav,,crickets,0,4,crickets chirp in the background as a steady wind blows
ESC-50,4-194680-A-36.wav,,vacuum_cleaner,0,4,a vacuum cleaner is being turned on and off
ESC-50,4-194711-A-38.wav,,clock_tick,0,4,a clock is ticking and the alarm is going off
ESC-50,4-194754-A-0.wav,,dog,1,4,a dog is barking loudly at a steady pace
ESC-50,4-194808-A-29.wav,,drinking_sipping,0,4,a person is breathing heavily and then another man coughs
ESC-50,4-194979-A-25.wav,,footsteps,0,4,a person is walking through the snow wearing boots
ESC-50,4-194981-A-25.wav,,footsteps,0,4,a person is walking on a hard surface at a steady pace
ESC-50,4-195305-A-31.wav,,mouse_click,0,4,a person is typing on a keyboard and the mouse is clicking it back and forth
ESC-50,4-195451-A-44.wav,,engine,0,4,an engine is idling and then it starts to idle
ESC-50,4-195497-A-11.wav,,sea_waves,0,4,waves are crashing against the shore and the ocean is splashing
ESC-50,4-195497-B-11.wav,,sea_waves,0,4,waves crash against the shore and the ocean tide splashes
ESC-50,4-195707-A-13.wav,,crickets,0,4,crickets are chirping and insects are making noise in the background
ESC-50,4-195805-A-13.wav,,crickets,0,4,crickets are chirping in the background as a train passes by
ESC-50,4-196671-A-8.wav,,sheep,0,4,a sheep bleats and a goat bleating in the background
ESC-50,4-196671-B-8.wav,,sheep,0,4,a sheep bleats and a goat bleating in the background
ESC-50,4-196672-A-8.wav,,sheep,0,4,a sheep bleats loudly while people talk in the background
ESC-50,4-197103-A-6.wav,,hen,0,4,a chicken is clucking and flapping its wings
ESC-50,4-197454-A-28.wav,,snoring,0,4,a person is snoring very loudly and consistently
ESC-50,4-197454-B-28.wav,,snoring,0,4,a person is snoring very loudly and consistently in the background
ESC-50,4-197871-A-15.wav,,water_drops,0,4,water is dripping from a faucet into a metal container
ESC-50,4-198025-A-23.wav,,breathing,0,4,a person is breathing heavily in the air
ESC-50,4-198360-A-49.wav,,hand_saw,0,4,a person is using a saw with a piece of wood
ESC-50,4-198360-B-49.wav,,hand_saw,0,4,a person is using a saw with a piece of wood
ESC-50,4-198360-C-49.wav,,hand_saw,0,4,someone is using a piece of wood with a saw
ESC-50,4-198841-A-37.wav,,clock_alarm,0,4,an alarm clock is ringing loudly and then stops
ESC-50,4-198962-A-25.wav,,footsteps,0,4,a person is walking on a wooden floor wearing shoes
ESC-50,4-198962-B-25.wav,,footsteps,0,4,a person is walking on a wooden floor wearing shoes
ESC-50,4-198965-A-38.wav,,clock_tick,0,4,a clock is ticking very slowly and steadily
ESC-50,4-199261-A-0.wav,,dog,1,4,a dog is barking loudly and consistently but at another bird is chirping in the
ESC-50,4-200330-A-6.wav,,hen,0,4,a chicken is clucking and flapping a rooster crowing
ESC-50,4-200330-B-6.wav,,hen,0,4,a chicken is clucking while birds are chirping in the background
ESC-50,4-201300-A-31.wav,,mouse_click,0,4,a person is typing on a computer keyboard
ESC-50,4-201800-A-31.wav,,mouse_click,0,4,a person is tapping on a piece of wood
ESC-50,4-201988-A-44.wav,,engine,0,4,a motor is running and a motorcycle engine is revving
ESC-50,4-202298-A-31.wav,,mouse_click,0,4,a person is tapping on a wooden object with a clicking noise in the background
ESC-50,4-202749-A-13.wav,,crickets,0,4,crickets are chirping and insects are making noise in the background
ESC-50,4-204115-A-39.wav,,glass_breaking,1,4,a person is throwing glass against the ground repeatedly
ESC-50,4-204119-A-39.wav,,glass_breaking,1,4,a glass bottle is broken and breaking against a hard surface
ESC-50,4-204121-A-39.wav,,glass_breaking,1,4,glass is broken by a few pieces of metal
ESC-50,4-204123-A-39.wav,,glass_breaking,1,4,glass is broken by a person breaking a hard object and then another man speaks
ESC-50,4-204202-A-29.wav,,drinking_sipping,0,4,someone is drinking water from a bottle and breathing heavily
ESC-50,4-204612-A-31.wav,,mouse_click,0,4,a person is tapping on a piece of wood
ESC-50,4-204618-A-11.wav,,sea_waves,0,4,waves are crashing against the shore and seagulls are squawking
ESC-50,4-204683-A-31.wav,,mouse_click,0,4,a person is clicking a mouse and tapping on a keyboard
ESC-50,4-204684-A-37.wav,,clock_alarm,0,4,an alarm clock is ringing loudly and very slowly
ESC-50,4-204777-A-39.wav,,glass_breaking,1,4,a glass shatters and breaking and then the breaks and then the sound is broken
ESC-50,4-204777-B-39.wav,,glass_breaking,1,4,a glass bottle is broken and breaking against another hard surface
ESC-50,4-204777-C-39.wav,,glass_breaking,1,4,a glass bottle is broken and breaking against a hard surface
ESC-50,4-204830-A-6.wav,,hen,0,4,a chicken is clucking and flapping its wings
ESC-50,4-205526-A-23.wav,,breathing,0,4,a person is breathing heavily and steadily in the background
ESC-50,4-205526-B-23.wav,,breathing,0,4,a person is breathing heavily and steadily in the background
ESC-50,4-205738-A-22.wav,,clapping,0,4,a large group of people are clapping and applauding
ESC-50,4-207116-A-23.wav,,breathing,0,4,a person is breathing heavily in their breath
ESC-50,4-207124-A-0.wav,,dog,1,4,a dog is barking loudly at a steady pace
ESC-50,4-208021-A-1.wav,,rooster,0,4,a chicken is crowing and a rooster crows
ESC-50,4-209536-A-37.wav,,clock_alarm,0,4,an alarm clock is ringing loudly and then stops
ESC-50,4-209698-A-37.wav,,clock_alarm,0,4,a telephone rings three times and then stops for a moment before ringing again
ESC-50,4-210000-A-23.wav,,breathing,0,4,a person is breathing heavily in their sleep in and out
ESC-50,4-210000-B-23.wav,,breathing,0,4,a person is breathing heavily in their sleep in and out
ESC-50,4-210309-A-31.wav,,mouse_click,0,4,a person is typing on a computer keyboard
ESC-50,4-210593-A-29.wav,,drinking_sipping,0,4,a person is drinking water from a container to make a lot of noise
ESC-50,4-211502-A-30.wav,,door_wood_knock,0,4,a person is hammering on a piece of wood
ESC-50,4-212604-A-15.wav,,water_drops,0,4,water drips from a faucet into a sink and then a low hum is followed by a few clicks
ESC-50,4-212604-B-15.wav,,water_drops,0,4,water is dripping from a faucet into a tub
ESC-50,4-212604-C-15.wav,,water_drops,0,4,water is dripping from a faucet at a steady pace
ESC-50,4-212698-A-39.wav,,glass_breaking,1,4,glass is broken by a person breaking and hitting the ground
ESC-50,4-212728-A-34.wav,,can_opening,0,4,a person is using a knife to clean something
ESC-50,4-213193-A-29.wav,,drinking_sipping,0,4,someone is drinking water from a container to make a lot of bubbling noise
ESC-50,4-213915-A-3.wav,,cow,0,4,a cow mooing cows moo loudly in the background
ESC-50,4-213915-B-3.wav,,cow,0,4,several cows are mooing in the background
ESC-50,4-213915-C-3.wav,,cow,0,4,a cow mooing cows moo loudly in the background
ESC-50,4-215635-A-34.wav,,can_opening,0,4,a person is tapping on a wooden object with a stick then banging on it
ESC-50,4-216211-A-14.wav,,chirping_birds,0,4,a bird is chirping in the foreground with a lot of birds in the background
ESC-50,4-216349-A-34.wav,,can_opening,0,4,someone is opening and closing a plastic bottle
ESC-50,4-218199-A-35.wav,,washing_machine,0,4,a washing machine is running while a fan is blowing
ESC-50,4-218199-B-35.wav,,washing_machine,0,4,a washing machine is running in the background
ESC-50,4-218199-C-35.wav,,washing_machine,0,4,a machine is running at a constant speed and then it stops
ESC-50,4-218199-D-35.wav,,washing_machine,0,4,a machine is running at a constant speed and then stops
ESC-50,4-218199-E-35.wav,,washing_machine,0,4,water is running in a sink and a machine is in the background
ESC-50,4-218199-F-35.wav,,washing_machine,0,4,a washing machine is running in the background while a fan is operating
ESC-50,4-218199-G-35.wav,,washing_machine,0,4,water is running in a sink and a machine is in the background
ESC-50,4-218199-H-35.wav,,washing_machine,0,4,a high pitched squeak is followed by a loud screeching noise
ESC-50,4-218304-A-25.wav,,footsteps,0,4,a person is walking on a gravel path
ESC-50,4-218304-B-25.wav,,footsteps,0,4,a person is walking on a gravel path
ESC-50,4-223125-A-14.wav,,chirping_birds,0,4,birds are chirping and singing while cars are driving by
ESC-50,4-223127-A-14.wav,,chirping_birds,0,4,birds are chirping and singing in the background
ESC-50,4-232495-A-6.wav,,hen,0,4,a chicken is clucking and a rooster is crowing
ESC-50,4-234644-A-2.wav,,pig,0,4,pigs oinking in the background as a pig oinks
ESC-50,4-234879-A-6.wav,,hen,0,4,a chicken is clucking and flapping its wings
ESC-50,4-244318-A-6.wav,,hen,0,4,a chicken is clucking and flapping its wings
ESC-50,4-250864-A-8.wav,,sheep,0,4,a sheep is bleating loudly while other birds are chirping in the background
ESC-50,4-250869-A-2.wav,,pig,0,4,a pig oinking in the background as a man is speaking in the foreground
ESC-50,4-250869-B-2.wav,,pig,0,4,a pig is oinking loudly in the background
ESC-50,4-250869-C-2.wav,,pig,0,4,a cat is meowing and growling and making noises in the background
ESC-50,4-251645-A-49.wav,,hand_saw,0,4,a person is sawing wood with a brush saw
ESC-50,4-251645-B-49.wav,,hand_saw,0,4,a person is sawing through a piece of wood
ESC-50,4-251959-A-47.wav,,airplane,0,4,a jet aircraft flies overhead and then speeds up
ESC-50,4-253649-A-6.wav,,hen,0,4,a chicken is making a lot of noises
ESC-50,4-255371-A-47.wav,,airplane,0,4,a plane is flying overhead while a helicopter is passing by
ESC-50,4-261068-A-30.wav,,door_wood_knock,0,4,a person is knocking on a door five times
ESC-50,4-264453-A-34.wav,,can_opening,0,4,a person is using a shovel to dig up and down the ground
ESC-50,4-59579-A-20.wav,,crying_baby,1,4,a baby is crying for a long time
ESC-50,4-59579-B-20.wav,,crying_baby,1,4,a baby is crying for a moment and over again
ESC-50,4-67358-A-42.wav,,siren,1,4,a siren is going off and then it gets louder and closer
ESC-50,4-80761-A-42.wav,,siren,1,4,a siren goes off and gets louder as time passes
ESC-50,4-90014-A-42.wav,,siren,1,4,a siren is sounding in the background as a vehicle drives by
ESC-50,4-90014-B-42.wav,,siren,1,4,a police car with a siren is blaring and traffic noise in the background
ESC-50,4-99193-A-4.wav,,frog,0,4,frogs are croaking and ducks are quacking in the background
ESC-50,4-99193-B-4.wav,,frog,0,4,a frog is quacking and frogs are croaking in the background
ESC-50,4-99644-A-4.wav,,frog,0,4,a bird squawks continuously while other birds chirp in the background
ESC-50,4-99644-B-4.wav,,frog,0,4,frogs are croaking and crickets are chirping in the night
ESC-50,4-99644-C-4.wav,,frog,0,4,frogs are croaking in the night and crickets are chirping
ESC-50,4-99644-D-4.wav,,frog,0,4,frogs are croaking and birds are chirping in the background
ESC-50,5-103415-A-2.wav,,pig,0,5,pigs oinking in the background as a sheep bleats in the distance
ESC-50,5-103416-A-2.wav,,pig,0,5,a large animal is making a very loud noise
ESC-50,5-103418-A-2.wav,,pig,0,5,a dog is barking and growling at a consistent rate
ESC-50,5-103420-A-2.wav,,pig,0,5,a baby cries loudly and another bird squawks continuously
ESC-50,5-103421-A-2.wav,,pig,0,5,a pig is grunting and oinking in the background
ESC-50,5-103422-A-2.wav,,pig,0,5,a pig is oinking in the background
ESC-50,5-117118-A-42.wav,,siren,1,5,a civil defense siren is going off in a high pitch
ESC-50,5-117120-A-42.wav,,siren,1,5,a siren is blaring and then it gets louder
ESC-50,5-117122-A-42.wav,,siren,1,5,a civil defense siren is going off and getting louder
ESC-50,5-117250-A-2.wav,,pig,0,5,a pig oinks loudly and then it is oinking
ESC-50,5-117773-A-16.wav,,wind,0,5,a car is driving down the road with the window open
ESC-50,5-127990-A-2.wav,,pig,0,5,a pig oinking in the background and a dog growling
ESC-50,5-133989-A-42.wav,,siren,1,5,a siren is blaring and a civil defense emergency vehicle is passing by
ESC-50,5-133989-B-42.wav,,siren,1,5,a siren is blaring and a civil defense emergency vehicle is passing by
ESC-50,5-141683-A-35.wav,,washing_machine,0,5,a machine is running at a constant speed
ESC-50,5-147297-A-27.wav,,brushing_teeth,0,5,a person is brushing their teeth vigorously with their mouth
ESC-50,5-150409-A-42.wav,,siren,1,5,a siren is going off and a horn is blaring in the background
ESC-50,5-151085-A-20.wav,,crying_baby,1,5,a baby is crying and making loud noises
ESC-50,5-156026-A-4.wav,,frog,0,5,a duck is quacking loudly and another bird is chirping in the background
ESC-50,5-156026-B-4.wav,,frog,0,5,a frog is croaking with other ducks quacking in the background
ESC-50,5-156026-C-4.wav,,frog,0,5,a frog is croaking with other birds chirping in the background
ESC-50,5-156026-D-4.wav,,frog,0,5,a duck is quacking loudly while other birds are chirping in the background
ESC-50,5-156698-A-18.wav,,toilet_flush,0,5,a toilet is flushed and water is running
ESC-50,5-156999-A-19.wav,,thunderstorm,0,5,thunder claps in the distance as rain falls
ESC-50,5-156999-B-19.wav,,thunderstorm,0,5,thunder is rumbling in the distance as a storm rolls in the sky
ESC-50,5-156999-C-19.wav,,thunderstorm,0,5,a large explosion is followed by thunder and lightning explosions
ESC-50,5-156999-D-19.wav,,thunderstorm,0,5,a strong wind is blowing and thunder is rumbling in the distance
ESC-50,5-156999-E-19.wav,,thunderstorm,0,5,fireworks are going off in the distance as thunder roars in the background
ESC-50,5-157204-A-16.wav,,wind,0,5,the wind is howling and whistling loudly as it blows
ESC-50,5-157204-B-16.wav,,wind,0,5,the wind is blowing and whistling loudly in the background
ESC-50,5-160551-A-42.wav,,siren,1,5,a police siren is blaring with traffic noise in the background
ESC-50,5-160614-A-48.wav,,fireworks,0,5,fireworks are going off in the distance and exploding
ESC-50,5-160614-B-48.wav,,fireworks,0,5,fireworks are exploding in the sky and the firecrackers are going off
ESC-50,5-160614-C-48.wav,,fireworks,0,5,fireworks are going off in the distance and exploding
ESC-50,5-160614-D-48.wav,,fireworks,0,5,fireworks are going off in the distance and exploding
ESC-50,5-160614-E-48.wav,,fireworks,0,5,fireworks are going off in the distance and then a match is lit
ESC-50,5-160614-F-48.wav,,fireworks,0,5,fireworks are exploding in the sky and the firecrackers are going off
ESC-50,5-160614-G-48.wav,,fireworks,0,5,fireworks are going off in the distance
ESC-50,5-160614-H-48.wav,,fireworks,0,5,fireworks are exploding in the sky and the firecrackers are going off
ESC-50,5-161270-A-33.wav,,door_wood_creaks,0,5,a creaky wooden door is creaking as it is slowly opened and closed
ESC-50,5-161270-B-33.wav,,door_wood_creaks,0,5,an electric guitar is being played with a high pitch
ESC-50,5-169983-A-5.wav,,cat,0,5,a cat meowing and crying at a steady pace
ESC-50,5-170338-A-41.wav,,chainsaw,1,5,a race car is revving its engine and revved up
ESC-50,5-170338-B-41.wav,,chainsaw,1,5,a chainsaw is revved up and revving up and down
ESC-50,5-171118-A-26.wav,,laughing,0,5,a group of people are laughing and talking
ESC-50,5-171653-A-41.wav,,chainsaw,1,5,someone is using a chainsaw to cut up and down
ESC-50,5-172299-A-5.wav,,cat,0,5,a cat is meowing and crying at the same time
ESC-50,5-172639-A-5.wav,,cat,0,5,a cat is meowing repeatedly and then it gets louder
ESC-50,5-173568-A-33.wav,,door_wood_creaks,0,5,a squeaky door is being opened and closed repeatedly
ESC-50,5-177034-A-18.wav,,toilet_flush,0,5,a toilet is flushed and the water is running
ESC-50,5-177614-A-5.wav,,cat,0,5,a cat is meowing and crying at a steady pace
ESC-50,5-177779-A-33.wav,,door_wood_creaks,0,5,a door is slowly creaking back and forth repeatedly
ESC-50,5-177957-A-40.wav,,helicopter,0,5,a car engine is running and a vehicle is driving in the background
ESC-50,5-177957-B-40.wav,,helicopter,0,5,a machine is running at a constant speed and volume
ESC-50,5-177957-C-40.wav,,helicopter,0,5,a helicopter is flying in the sky and the propeller is spinning around
ESC-50,5-177957-D-40.wav,,helicopter,0,5,a helicopter is flying in the sky and the propeller is spinning
ESC-50,5-177957-E-40.wav,,helicopter,0,5,a motor is running at a constant speed and volume
ESC-50,5-178997-A-24.wav,,coughing,1,5,a person coughs five times and then coughing again
ESC-50,5-179294-A-46.wav,,church_bells,0,5,church bells are ringing in the tower
ESC-50,5-179496-A-16.wav,,wind,0,5,a train approaches and then passes by on the tracks
ESC-50,5-179496-B-16.wav,,wind,0,5,the wind is howling and whistling loudly in the distance
ESC-50,5-179860-A-43.wav,,car_horn,1,5,a car horn honks and a vehicle drives by
ESC-50,5-179863-A-43.wav,,car_horn,1,5,a car alarm is sounding in the background while traffic is moving in the distance
ESC-50,5-179865-A-43.wav,,car_horn,1,5,a car horn honks and a vehicle drives by
ESC-50,5-179866-A-43.wav,,car_horn,1,5,a car horn honks three times then a vehicle drives by
ESC-50,5-179868-A-43.wav,,car_horn,1,5,a horn is blown at the same time while people are talking in the background
ESC-50,5-180156-A-43.wav,,car_horn,1,5,cars are honking at each other on a busy street
ESC-50,5-180156-B-43.wav,,car_horn,1,5,cars are honking while traffic is passing by in the background
ESC-50,5-180156-C-43.wav,,car_horn,1,5,a car horn honks while cars honk and horns beep in the background
ESC-50,5-180229-A-27.wav,,brushing_teeth,0,5,someone is brushing teeth with a toothbrush
ESC-50,5-181458-A-33.wav,,door_wood_creaks,0,5,a creaky door is being opened and closed repeatedly
ESC-50,5-181766-A-10.wav,,rain,0,5,rain is falling down onto the roof of a house
ESC-50,5-181977-A-35.wav,,washing_machine,0,5,a machine is running and then it is turned on and off
ESC-50,5-182007-A-36.wav,,vacuum_cleaner,0,5,a machine is running at a constant speed and air is moving in the background
ESC-50,5-182010-A-36.wav,,vacuum_cleaner,0,5,a machine is running at a constant speed and air is moving in the background
ESC-50,5-182012-A-36.wav,,vacuum_cleaner,0,5,a machine is running at a constant speed and then it is turned off
ESC-50,5-182404-A-18.wav,,toilet_flush,0,5,a toilet is flushed two times and then the water is turned off
ESC-50,5-184323-A-42.wav,,siren,1,5,a civil defense siren is blaring with a high pitched whistle
ESC-50,5-184871-A-24.wav,,coughing,1,5,a person coughs five times and then coughing again
ESC-50,5-185516-A-27.wav,,brushing_teeth,0,5,someone is brushing their teeth with a toothbrush
ESC-50,5-185579-A-41.wav,,chainsaw,1,5,a chainsaw is cutting through a piece of wood
ESC-50,5-185579-B-41.wav,,chainsaw,1,5,a chainsaw is cutting through a piece of wood
ESC-50,5-185908-A-18.wav,,toilet_flush,0,5,a toilet flushes and water drains and then flushing
ESC-50,5-186924-A-12.wav,,crackling_fire,0,5,a fire is burning and crackling and popping as it burns
ESC-50,5-187201-A-4.wav,,frog,0,5,frogs are croaking and crickets are chirping in the background
ESC-50,5-187201-B-4.wav,,frog,0,5,frogs are croaking and birds are chirping in the background
ESC-50,5-187444-A-33.wav,,door_wood_creaks,0,5,a creaky door is creaking as it is slowly opened and closed
ESC-50,5-187979-A-21.wav,,sneezing,1,5,a person coughs five times and sniffs repeatedly
ESC-50,5-188365-A-36.wav,,vacuum_cleaner,0,5,a high pressure washer sprays water at a constant rate
ESC-50,5-188495-A-19.wav,,thunderstorm,0,5,thunder rumbles in the distance as it rains
ESC-50,5-188606-A-33.wav,,door_wood_creaks,0,5,a door is creaking as it is slowly opened and closed
ESC-50,5-188655-A-10.wav,,rain,0,5,rain is falling down onto the roof of a house
ESC-50,5-188716-A-46.wav,,church_bells,0,5,church bells are ringing loudly in a melody
ESC-50,5-188796-A-45.wav,,train,0,5,a train is passing by on a railroad track
ESC-50,5-188945-A-45.wav,,train,0,5,a train is passing by on a railroad track
ESC-50,5-189212-A-12.wav,,crackling_fire,0,5,a fire is crackling and popping as it burns
ESC-50,5-189237-A-12.wav,,crackling_fire,0,5,a fire crackles and pops in a fireplace
ESC-50,5-189795-A-4.wav,,frog,0,5,a frog is croaking and frogs croak in the background
ESC-50,5-191131-A-40.wav,,helicopter,0,5,an airplane is flying overhead while the wind is blowing in the background
ESC-50,5-191497-A-33.wav,,door_wood_creaks,0,5,a squeaky door is being opened and closed repeatedly
ESC-50,5-192191-A-19.wav,,thunderstorm,0,5,thunder rumbles in the distance as rain pours down
ESC-50,5-193339-A-10.wav,,rain,0,5,rain is pouring down on the roof of a house
ESC-50,5-193473-A-12.wav,,crackling_fire,0,5,a fire burns and crackles in the background as a campfire is burning
ESC-50,5-193473-B-12.wav,,crackling_fire,0,5,a fire is burning and crackling and popping as it burns
ESC-50,5-194533-A-21.wav,,sneezing,1,5,a person coughs sniffs repeatedly and then blows their nose
ESC-50,5-194892-A-10.wav,,rain,0,5,rain is pouring down on a roof and falling on the ground
ESC-50,5-194899-A-3.wav,,cow,0,5,several cows are mooing and a cow moos in the background
ESC-50,5-194899-B-3.wav,,cow,0,5,several cows are mooing in the background
ESC-50,5-194899-C-3.wav,,cow,0,5,several cows are mooing in the background
ESC-50,5-194899-D-3.wav,,cow,0,5,a large group of cows are mooing in the background
ESC-50,5-194930-A-1.wav,,rooster,0,5,a chicken is clucking and flapping its wings
ESC-50,5-194930-B-1.wav,,rooster,0,5,a chicken is clucking while a rooster is crowing
ESC-50,5-194932-A-7.wav,,insects,0,5,a bee is buzzing around a hive
ESC-50,5-195517-A-7.wav,,insects,0,5,a bee is buzzing around and making a lot of noise
ESC-50,5-195518-A-7.wav,,insects,0,5,a bee is buzzing around in a circular motion
ESC-50,5-195557-A-19.wav,,thunderstorm,0,5,thunder claps in the distance as rain pours down
ESC-50,5-195710-A-10.wav,,rain,0,5,rain falls steadily and drips onto the ground
ESC-50,5-197118-A-45.wav,,train,0,5,a train is chugging down the tracks and steam is hissing
ESC-50,5-197121-A-45.wav,,train,0,5,a train is passing by on a railroad track
ESC-50,5-197121-B-45.wav,,train,0,5,a train is passing by on a railroad track
ESC-50,5-197446-A-7.wav,,insects,0,5,bees are buzzing around a bee hive
ESC-50,5-197913-A-18.wav,,toilet_flush,0,5,a toilet is flushed and water is flushing
ESC-50,5-197988-A-46.wav,,church_bells,0,5,church bells are ringing in the background while a bell is rung
ESC-50,5-198278-A-7.wav,,insects,0,5,a swarm of bees are buzzing around a hive
ESC-50,5-198278-B-7.wav,,insects,0,5,a swarm of bees are buzzing around a hive
ESC-50,5-198278-C-7.wav,,insects,0,5,a swarm of bees are buzzing around a hive
ESC-50,5-198321-A-10.wav,,rain,0,5,rain is pouring down on the roof of a house
ESC-50,5-198373-A-46.wav,,church_bells,0,5,church bells are ringing loudly in a tower
ESC-50,5-198411-A-20.wav,,crying_baby,1,5,a baby is crying and making a loud squeaking sound
ESC-50,5-198411-B-20.wav,,crying_baby,1,5,a baby is crying and laughing with other sounds in the background
ESC-50,5-198411-C-20.wav,,crying_baby,1,5,a baby is crying and making noises in the background
ESC-50,5-198411-D-20.wav,,crying_baby,1,5,a baby is crying and making a loud noise
ESC-50,5-198411-E-20.wav,,crying_baby,1,5,a baby is crying and making infant noises
ESC-50,5-198411-F-20.wav,,crying_baby,1,5,a baby is crying and screaming in a small room
ESC-50,5-198411-G-20.wav,,crying_baby,1,5,a baby is crying and making noise in the background
ESC-50,5-198600-A-45.wav,,train,0,5,a train is passing by on a railroad track
ESC-50,5-198891-A-8.wav,,sheep,0,5,a sheep is bleating and birds are chirping in the background
ESC-50,5-198891-B-8.wav,,sheep,0,5,a sheep is bleating loudly while birds are chirping in the background
ESC-50,5-198891-C-8.wav,,sheep,0,5,a sheep is bleating and birds are chirping in the background
ESC-50,5-198891-D-8.wav,,sheep,0,5,a sheep bleats and a goat bleating in the background
ESC-50,5-199284-A-45.wav,,train,0,5,a train is passing by on a railroad track
ESC-50,5-199284-B-45.wav,,train,0,5,a train is passing by on a railroad track
ESC-50,5-200329-A-8.wav,,sheep,0,5,a sheep is bleating loudly while other animals are making noises in the background
ESC-50,5-200329-B-8.wav,,sheep,0,5,a sheep is bleating in the background and a goat bleats in the foreground
ESC-50,5-200329-C-8.wav,,sheep,0,5,a sheep bleats loudly in the background
ESC-50,5-200334-A-1.wav,,rooster,0,5,a chicken is crowing and clucking while other birds are chirping in the background
ESC-50,5-200334-B-1.wav,,rooster,0,5,a chicken is crowing and clucking while other birds are chirping in the background
ESC-50,5-200339-A-1.wav,,rooster,0,5,a chicken is crowing and a rooster crows
ESC-50,5-200461-A-11.wav,,sea_waves,0,5,waves crash against the shore on the beach
ESC-50,5-200461-B-11.wav,,sea_waves,0,5,waves are crashing against the shore and the wind is blowing
ESC-50,5-201170-A-46.wav,,church_bells,0,5,church bells are ringing in the tower
ESC-50,5-201172-A-46.wav,,church_bells,0,5,church bells are ringing in the tower
ESC-50,5-201194-A-38.wav,,clock_tick,0,5,a clock is ticking and a pendulum is clicking
ESC-50,5-201274-A-21.wav,,sneezing,1,5,a man coughs five times and then burps again
ESC-50,5-201664-A-18.wav,,toilet_flush,0,5,a toilet flushes and water drains and then the flushing of the tank
ESC-50,5-202020-A-18.wav,,toilet_flush,0,5,a toilet is flushed two times and then flushes
ESC-50,5-202220-A-21.wav,,sneezing,1,5,a person coughs five times and then sneezes twice
ESC-50,5-202540-A-18.wav,,toilet_flush,0,5,a toilet is flushed and the water is turned on
ESC-50,5-202795-A-3.wav,,cow,0,5,a cow moos loudly in the background as time goes on
ESC-50,5-202898-A-10.wav,,rain,0,5,water is pouring down and splashing on a roof
ESC-50,5-203128-A-0.wav,,dog,1,5,a dog is barking loudly at a steady pace
ESC-50,5-203128-B-0.wav,,dog,1,5,a dog is barking loudly at a steady pace
ESC-50,5-203739-A-10.wav,,rain,0,5,rain is falling down onto the roof of a house
ESC-50,5-204114-A-29.wav,,drinking_sipping,0,5,a person is eating crunchy food and chewing loudly
ESC-50,5-204352-A-13.wav,,crickets,0,5,crickets are chirping and insects are buzzing in the night
ESC-50,5-204352-B-13.wav,,crickets,0,5,crickets are chirping and insects are buzzing in the night
ESC-50,5-204604-A-24.wav,,coughing,1,5,a person coughs five times and then coughing again
ESC-50,5-204741-A-46.wav,,church_bells,0,5,birds are chirping and a bell is ringing in the background
ESC-50,5-205090-A-32.wav,,keyboard_typing,0,5,a person is typing on a keyboard with a pencil
ESC-50,5-205589-A-17.wav,,pouring_water,0,5,water is being poured into a container at a steady pace
ESC-50,5-205589-B-17.wav,,pouring_water,0,5,water is pouring into a container that is filled with liquid
ESC-50,5-205898-A-40.wav,,helicopter,0,5,an airplane is flying overhead and getting ready to take off
ESC-50,5-207681-A-24.wav,,coughing,1,5,a person coughs five times and then coughing again
ESC-50,5-207781-A-17.wav,,pouring_water,0,5,water is being poured into a container at a steady pace
ESC-50,5-207811-A-35.wav,,washing_machine,0,5,a machine is running at a constant speed and steady
ESC-50,5-207811-B-35.wav,,washing_machine,0,5,a machine is running at a constant speed and a motor is in the background
ESC-50,5-207836-A-29.wav,,drinking_sipping,0,5,a person is eating and chewing on a hard surface
ESC-50,5-207836-B-29.wav,,drinking_sipping,0,5,a person is using a knife on a piece of wood
ESC-50,5-207836-C-29.wav,,drinking_sipping,0,5,a person is drinking water from a bottle and then pouring it into a cup
ESC-50,5-207836-D-29.wav,,drinking_sipping,0,5,a person is drinking water from a bottle and then burping
ESC-50,5-208030-A-0.wav,,dog,1,5,a dog is barking and growling at a steady pace
ESC-50,5-208624-A-38.wav,,clock_tick,0,5,a clock is ticking very slowly and steadily
ESC-50,5-208761-A-24.wav,,coughing,1,5,a person coughs five times and then coughing then clearing their throat
ESC-50,5-208810-A-11.wav,,sea_waves,0,5,waves are crashing against the shore and splashing against the beach
ESC-50,5-208810-B-11.wav,,sea_waves,0,5,waves are crashing against the shore and splashing against the beach
ESC-50,5-209698-A-38.wav,,clock_tick,0,5,a person is clicking a mouse and making a squeaking sound
ESC-50,5-209719-A-24.wav,,coughing,1,5,a man coughs five times and then burps again
ESC-50,5-209833-A-38.wav,,clock_tick,0,5,a clock is ticking and a pendulum is clicking
ESC-50,5-209989-A-22.wav,,clapping,0,5,a crowd of people are clapping and applauding at a steady pace
ESC-50,5-209992-A-44.wav,,engine,0,5,an engine is idling while a motor is running
ESC-50,5-209992-B-44.wav,,engine,0,5,a large diesel engine is idling and vibrating
ESC-50,5-210540-A-13.wav,,crickets,0,5,crickets are chirping and insects are buzzing in the night
ESC-50,5-210571-A-38.wav,,clock_tick,0,5,a clock is ticking very fast and steady
ESC-50,5-210612-A-37.wav,,clock_alarm,0,5,an alarm is going off with a high pitch
ESC-50,5-211197-A-24.wav,,coughing,1,5,a person coughs five times and then coughing then clearing their throat
ESC-50,5-211408-A-37.wav,,clock_alarm,0,5,an alarm clock is ringing loudly and very slowly
ESC-50,5-212050-A-27.wav,,brushing_teeth,0,5,a person is using a toothbrush with a brush
ESC-50,5-212054-A-36.wav,,vacuum_cleaner,0,5,a vacuum cleaner is being used to cut something
ESC-50,5-212059-A-36.wav,,vacuum_cleaner,0,5,a vacuum cleaner is being used to cut something
ESC-50,5-212181-A-38.wav,,clock_tick,0,5,a clock is ticking very slowly at a steady pace
ESC-50,5-212454-A-0.wav,,dog,1,5,a dog is barking loudly at a steady pace
ESC-50,5-212730-A-17.wav,,pouring_water,0,5,a liquid is poured into a glass and then gulped down a drain
ESC-50,5-212734-A-17.wav,,pouring_water,0,5,liquid is poured into a glass jar and then it is filled with water
ESC-50,5-212736-A-17.wav,,pouring_water,0,5,water is being poured into a glass jar
ESC-50,5-213077-A-11.wav,,sea_waves,0,5,waves crash against the shore and the wind blows
ESC-50,5-213293-A-23.wav,,breathing,0,5,a person is breathing heavily and steadily in their nose
ESC-50,5-213802-A-12.wav,,crackling_fire,0,5,a machine is running at a constant speed and volume
ESC-50,5-213836-A-9.wav,,crow,0,5,a crow caws in the background while other birds chirp in the distance
ESC-50,5-213836-B-9.wav,,crow,0,5,a group of crows are squawking loudly in the background
ESC-50,5-213836-C-9.wav,,crow,0,5,a large flock of crows are cawing loudly
ESC-50,5-213836-D-9.wav,,crow,0,5,a group of crows are squawking loudly and cawing
ESC-50,5-213855-A-0.wav,,dog,1,5,dogs are barking and people are talking in the background
ESC-50,5-214362-A-17.wav,,pouring_water,0,5,liquid is poured into a glass jar and then pouring water into a cup
ESC-50,5-214759-A-5.wav,,cat,0,5,a cat is meowing and purring
ESC-50,5-214759-B-5.wav,,cat,0,5,a cat is meowing and making kitten noises
ESC-50,5-214869-A-9.wav,,crow,0,5,a group of crows are squawking loudly in the background
ESC-50,5-215005-A-32.wav,,keyboard_typing,0,5,a person is typing on a keyboard and types of paper
ESC-50,5-215172-A-13.wav,,crickets,0,5,crickets chirp in the background as a cricket is chirping
ESC-50,5-215179-A-13.wav,,crickets,0,5,crickets chirp in the background as a car drives by
ESC-50,5-215445-A-47.wav,,airplane,0,5,the wind is blowing very strongly and getting stronger
ESC-50,5-215447-A-47.wav,,airplane,0,5,the wind is blowing very strongly and a plane is flying overhead
ESC-50,5-215449-A-47.wav,,airplane,0,5,a plane is flying overhead with a sonic jet airliner
ESC-50,5-215634-A-17.wav,,pouring_water,0,5,a liquid is poured into a container and then a glass is filled with water
ESC-50,5-215658-A-12.wav,,crackling_fire,0,5,a fire is crackling and popping as it burns
ESC-50,5-215658-B-12.wav,,crackling_fire,0,5,rain is falling on the roof of a house
ESC-50,5-216131-A-32.wav,,keyboard_typing,0,5,a person is typing on a keyboard that is rapid
ESC-50,5-216213-A-13.wav,,crickets,0,5,crickets are chirping and insects are making noise in the background
ESC-50,5-216214-A-13.wav,,crickets,0,5,a cricket is chirping and crickets are singing in the background
ESC-50,5-216216-A-13.wav,,crickets,0,5,crickets are chirping and insects are buzzing in the night
ESC-50,5-216368-A-28.wav,,snoring,0,5,a person is snoring very loudly and consistently
ESC-50,5-216370-A-41.wav,,chainsaw,1,5,a chainsaw is started up and then revved up and down
ESC-50,5-216370-B-41.wav,,chainsaw,1,5,a chainsaw is being revved up and started up
ESC-50,5-217158-A-0.wav,,dog,1,5,a dog is barking loudly at a medium pitch
ESC-50,5-217186-A-16.wav,,wind,0,5,the wind is blowing and the cars are passing by
ESC-50,5-217186-B-16.wav,,wind,0,5,the wind is howling and blowing very loudly
ESC-50,5-217186-C-16.wav,,wind,0,5,the wind is howling and whistling loudly in the distance
ESC-50,5-218196-A-27.wav,,brushing_teeth,0,5,someone is brushing their teeth with a toothbrush
ESC-50,5-218196-B-27.wav,,brushing_teeth,0,5,someone is brushing their teeth with a toothbrush
ESC-50,5-218494-A-22.wav,,clapping,0,5,a large group of people are clapping and cheering
ESC-50,5-218980-A-30.wav,,door_wood_knock,0,5,a person is knocking on a door five times
ESC-50,5-218981-A-30.wav,,door_wood_knock,0,5,a person is hitting a piece of wood with a hammer
ESC-50,5-219044-A-46.wav,,church_bells,0,5,church bells are ringing in the background
ESC-50,5-219242-A-37.wav,,clock_alarm,0,5,an alarm clock is beeping loudly and then stops
ESC-50,5-219242-B-37.wav,,clock_alarm,0,5,an alarm clock is beeping loudly and then stops
ESC-50,5-219318-A-31.wav,,mouse_click,0,5,someone is typing on a keyboard with a pencil
ESC-50,5-219342-A-38.wav,,clock_tick,0,5,a clock is ticking very slowly and then slows down
ESC-50,5-219379-A-11.wav,,sea_waves,0,5,waves crash against the shore and the ocean wave crashes
ESC-50,5-219379-B-11.wav,,sea_waves,0,5,waves are crashing against the shore and the ocean is splashing
ESC-50,5-219379-C-11.wav,,sea_waves,0,5,waves are crashing against the shore and the ocean is splashing
ESC-50,5-220026-A-21.wav,,sneezing,1,5,a person is sneezing twice and then coughs again
ESC-50,5-220027-A-21.wav,,sneezing,1,5,a person is sneezing twice and then coughs
ESC-50,5-220939-A-27.wav,,brushing_teeth,0,5,a person is brushing their teeth with their mouth open
ESC-50,5-220955-A-40.wav,,helicopter,0,5,a plane is flying overhead while a person is breathing in the background
ESC-50,5-221518-A-21.wav,,sneezing,1,5,a person is sneezing twice and then coughs again
ESC-50,5-221528-A-39.wav,,glass_breaking,1,5,glass is broken and breaking against a rocky surface
ESC-50,5-221529-A-39.wav,,glass_breaking,1,5,glass is broken by a few pieces of metal
ESC-50,5-221567-A-22.wav,,clapping,0,5,a crowd of people are clapping and cheering
ESC-50,5-221568-A-22.wav,,clapping,0,5,a crowd of people are clapping and cheering
ESC-50,5-221593-A-21.wav,,sneezing,1,5,a person is sneezing twice and then blows their nose
ESC-50,5-221878-A-34.wav,,can_opening,0,5,someone is opening and closing a lid of a container
ESC-50,5-221950-A-22.wav,,clapping,0,5,a group of people are clapping and applauding
ESC-50,5-222041-A-9.wav,,crow,0,5,birds are squawking and cawing in the forest
ESC-50,5-222524-A-41.wav,,chainsaw,1,5,a machine is running at a constant speed and then it stops
ESC-50,5-222894-A-32.wav,,keyboard_typing,0,5,typing on a keyboard is being typed on
ESC-50,5-223099-A-32.wav,,keyboard_typing,0,5,a person is typing on a keyboard with a pencil
ESC-50,5-223099-B-32.wav,,keyboard_typing,0,5,a person is typing on a keyboard and types on a computer
ESC-50,5-223103-A-31.wav,,mouse_click,0,5,a person is tapping their fingers on a keyboard
ESC-50,5-223176-A-37.wav,,clock_alarm,0,5,an alarm is going off and then it beeps again
ESC-50,5-223317-A-31.wav,,mouse_click,0,5,a person is typing on a computer keyboard
ESC-50,5-223810-A-35.wav,,washing_machine,0,5,a machine is running and grinding against a metal surface
ESC-50,5-231551-A-36.wav,,vacuum_cleaner,0,5,a vacuum cleaner is turned on and then it is switched on and off
ESC-50,5-231762-A-0.wav,,dog,1,5,a dog is barking loudly and sporadically
ESC-50,5-232272-A-44.wav,,engine,0,5,a motor is running and a motorcycle engine is idling
ESC-50,5-232802-A-31.wav,,mouse_click,0,5,a person is using a manual typewriter to write something
ESC-50,5-232816-A-23.wav,,breathing,0,5,a person is breathing heavily in the distance and then starts to breath
ESC-50,5-233019-A-31.wav,,mouse_click,0,5,a person is writing on a piece of paper with a pencil
ESC-50,5-233160-A-1.wav,,rooster,0,5,a chicken is clucking and flapping its wings
ESC-50,5-233260-A-23.wav,,breathing,0,5,a person is breathing heavily in the background
ESC-50,5-233312-A-28.wav,,snoring,0,5,a person is snoring very loudly and slowly
ESC-50,5-233605-A-39.wav,,glass_breaking,1,5,a person is hammering a gun off a wall repeatedly
ESC-50,5-233607-A-39.wav,,glass_breaking,1,5,a person is hammering a metal object onto another hard surface
ESC-50,5-233645-A-37.wav,,clock_alarm,0,5,a beeping sound is being made with a high pitched beep
ESC-50,5-233787-A-7.wav,,insects,0,5,a buzzing sound is being made with a high pitch
ESC-50,5-234145-A-28.wav,,snoring,0,5,a person is snoring loudly and consistently in the background
ESC-50,5-234247-A-37.wav,,clock_alarm,0,5,an alarm clock is beeping while a machine is going off
ESC-50,5-234263-A-25.wav,,footsteps,0,5,a person is walking on a hard surface at a steady pace
ESC-50,5-234335-A-23.wav,,breathing,0,5,a person is breathing heavily in their sleep in and deliberately
ESC-50,5-234855-A-25.wav,,footsteps,0,5,someone is walking on a hard surface at a steady pace
ESC-50,5-234879-A-1.wav,,rooster,0,5,a chicken is clucking and flapping its wings
ESC-50,5-234879-B-1.wav,,rooster,0,5,a chicken is crowing and clucking while birds are chirping in the background
ESC-50,5-234923-A-32.wav,,keyboard_typing,0,5,a person is typing on a typewriter and types on a keyboard
ESC-50,5-235507-A-44.wav,,engine,0,5,a large diesel engine is idling and vibrating
ESC-50,5-235593-A-23.wav,,breathing,0,5,a person is breathing heavily in their breath
ESC-50,5-235644-A-30.wav,,door_wood_knock,0,5,someone is knocking on a door five times at a consistent rate
ESC-50,5-235671-A-38.wav,,clock_tick,0,5,a clock is ticking very slowly and steadily
ESC-50,5-235874-A-28.wav,,snoring,0,5,a person is snoring very loudly and slowly
ESC-50,5-235893-A-28.wav,,snoring,0,5,a person is snoring very loudly in the background
ESC-50,5-235956-A-47.wav,,airplane,0,5,an airplane is flying overhead and getting ready to take off
ESC-50,5-236288-A-28.wav,,snoring,0,5,a person is snoring very loudly and steadily
ESC-50,5-236299-A-34.wav,,can_opening,0,5,a person is using a shovel to dig up and down
ESC-50,5-237315-A-31.wav,,mouse_click,0,5,a person is typing on a keyboard with a clicking sound in the background
ESC-50,5-237499-A-4.wav,,frog,0,5,a frog is croaking with other frogs and crickets chirping in the background
ESC-50,5-237795-A-34.wav,,can_opening,0,5,a person is using a knife to sharpen a piece of metal
ESC-50,5-238021-A-35.wav,,washing_machine,0,5,a machine is running at a constant speed and volume
ESC-50,5-238492-A-23.wav,,breathing,0,5,a person is breathing heavily while walking on a hard surface
ESC-50,5-238926-A-31.wav,,mouse_click,0,5,a person is typing on a computer keyboard
ESC-50,5-238938-A-27.wav,,brushing_teeth,0,5,someone is brushing their teeth with their mouth
ESC-50,5-240671-A-44.wav,,engine,0,5,a motor is running and a motorcycle engine is idling
ESC-50,5-241846-A-15.wav,,water_drops,0,5,water is being poured from a faucet into a tub
ESC-50,5-242490-A-14.wav,,chirping_birds,0,5,birds are chirping and tweeting in the background
ESC-50,5-242491-A-14.wav,,chirping_birds,0,5,birds are chirping and tweeting in the background
ESC-50,5-242492-A-3.wav,,cow,0,5,several cows are mooing and a cow moos once
ESC-50,5-242711-A-9.wav,,crow,0,5,a bird is squawking loudly and another crow caws in the background
ESC-50,5-242932-A-26.wav,,laughing,0,5,a baby is laughing and cooing while another person is coughing in the background
ESC-50,5-242932-B-26.wav,,laughing,0,5,a baby is laughing and a person is giggling
ESC-50,5-243025-A-25.wav,,footsteps,0,5,a person is walking on a gravel path
ESC-50,5-243036-A-29.wav,,drinking_sipping,0,5,bubbles are being blown into a straw then liquid is poured into a container
ESC-50,5-243448-A-14.wav,,chirping_birds,0,5,birds are chirping in the trees and the wind is blowing
ESC-50,5-243449-A-14.wav,,chirping_birds,0,5,a cricket is chirping and a car is passing by
ESC-50,5-243450-A-14.wav,,chirping_birds,0,5,birds are chirping and singing in the background
ESC-50,5-243459-A-14.wav,,chirping_birds,0,5,a bird is chirping and whistling loudly in the background
ESC-50,5-243459-B-14.wav,,chirping_birds,0,5,birds are chirping and singing in the background
ESC-50,5-243635-A-29.wav,,drinking_sipping,0,5,a person is drinking water from a bottle
ESC-50,5-243773-A-44.wav,,engine,0,5,an engine is idling and then it starts to idle
ESC-50,5-243773-B-44.wav,,engine,0,5,an engine is idling and then it starts to idle
ESC-50,5-243783-A-44.wav,,engine,0,5,an engine is idling and then it starts to idle
ESC-50,5-244178-A-32.wav,,keyboard_typing,0,5,a person is typing on a keyboard and types on a typewriter
ESC-50,5-244310-A-25.wav,,footsteps,0,5,a person is walking through the snow and the wind is blowing
ESC-50,5-244315-A-6.wav,,hen,0,5,a chicken is clucking and chickens are making a rooster crowing
ESC-50,5-244315-B-6.wav,,hen,0,5,a chicken is clucking and chickens are making a rooster crowing
ESC-50,5-244315-C-6.wav,,hen,0,5,a chicken is clucking and flapping a rooster crowing
ESC-50,5-244327-A-34.wav,,can_opening,0,5,a person is using a shovel to dig up and down
ESC-50,5-244459-A-28.wav,,snoring,0,5,a person is snoring loudly and consistently in the background
ESC-50,5-244526-A-26.wav,,laughing,0,5,a baby laughs and a man starts laughing and laugh and a woman coughs
ESC-50,5-244651-A-31.wav,,mouse_click,0,5,a person is clicking a piece of wood
ESC-50,5-244933-A-34.wav,,can_opening,0,5,a person is tapping on a table with a tool
ESC-50,5-245040-A-35.wav,,washing_machine,0,5,a printer is printing a page at a steady pace
ESC-50,5-248341-A-6.wav,,hen,0,5,a chicken is clucking and flapping its wings
ESC-50,5-248341-B-6.wav,,hen,0,5,a chicken is clucking and flapping its wings
ESC-50,5-248341-C-6.wav,,hen,0,5,a chicken is clucking and flapping its wings
ESC-50,5-249748-A-28.wav,,snoring,0,5,a person is snoring very loudly and slowly
ESC-50,5-249937-A-22.wav,,clapping,0,5,a crowd of people clapping and applauding loudly
ESC-50,5-250026-A-30.wav,,door_wood_knock,0,5,someone is knocking on a door five times and then knocks three more urgent
ESC-50,5-250026-B-30.wav,,door_wood_knock,0,5,a person is knocking on a door and then they knock on a hard surface
ESC-50,5-250258-A-49.wav,,hand_saw,0,5,a person is using a marker on a piece of wood
ESC-50,5-250629-A-37.wav,,clock_alarm,0,5,an alarm clock is beeping and going off
ESC-50,5-250753-A-34.wav,,can_opening,0,5,a person is opening a door and then closing it and then a man speaks
ESC-50,5-251426-A-30.wav,,door_wood_knock,0,5,a person is knocking on a door five times
ESC-50,5-251426-B-30.wav,,door_wood_knock,0,5,someone is knocking on a door five times at different speeds
ESC-50,5-251489-A-24.wav,,coughing,1,5,a person coughs five times and then burps again
ESC-50,5-251957-A-47.wav,,airplane,0,5,a jet aircraft flies overhead as it passes by
ESC-50,5-251962-A-47.wav,,airplane,0,5,a jet flies by and then it speeds up
ESC-50,5-251963-A-47.wav,,airplane,0,5,a jet flies overhead and then fades into the air
ESC-50,5-251971-A-47.wav,,airplane,0,5,an airplane is flying overhead with a high pitch
ESC-50,5-252248-A-34.wav,,can_opening,0,5,a person is using a knife to sharpen their mouth open and then closing it
ESC-50,5-253085-A-3.wav,,cow,0,5,several cows are mooing and birds are chirping in the background
ESC-50,5-253085-B-3.wav,,cow,0,5,several cows are mooing and a cow moos in the distance
ESC-50,5-253094-A-49.wav,,hand_saw,0,5,a person is sawing wood with a saw
ESC-50,5-253094-B-49.wav,,hand_saw,0,5,a person is using a saw to cut wood
ESC-50,5-253094-C-49.wav,,hand_saw,0,5,a person is sawing wood with a saw
ESC-50,5-253094-D-49.wav,,hand_saw,0,5,a person is sawing wood with a saw
ESC-50,5-253101-A-49.wav,,hand_saw,0,5,a person is using a saw with a piece of wood
ESC-50,5-253101-B-49.wav,,hand_saw,0,5,a saw is cutting through a piece of wood
ESC-50,5-253101-C-49.wav,,hand_saw,0,5,a saw is being used with a piece of wood
ESC-50,5-253534-A-26.wav,,laughing,0,5,a baby is laughing and making a loud laughter
ESC-50,5-254160-A-22.wav,,clapping,0,5,a crowd of people are clapping and cheering
ESC-50,5-254832-A-15.wav,,water_drops,0,5,water dripping from a faucet into a tub
ESC-50,5-254832-B-15.wav,,water_drops,0,5,water dripping from a faucet into a tub
ESC-50,5-256452-A-5.wav,,cat,0,5,a cat is meowing and crying at a steady pace
ESC-50,5-256512-A-30.wav,,door_wood_knock,0,5,a person is knocking on a door five times
ESC-50,5-257349-A-15.wav,,water_drops,0,5,water is being poured from a pitcher into a container
ESC-50,5-257642-A-39.wav,,glass_breaking,1,5,a person is breaking a glass bottle cap on a hard surface
ESC-50,5-257839-A-14.wav,,chirping_birds,0,5,a variety of different birds are chirping and singing
ESC-50,5-259169-A-5.wav,,cat,0,5,a cat meowing and crying at a steady pace
ESC-50,5-259180-A-15.wav,,water_drops,0,5,water is dripping from a faucet into a sink
ESC-50,5-259514-A-26.wav,,laughing,0,5,a person is laughing and breathing heavily while they laugh their nose followed by a man sneezing
ESC-50,5-259640-A-29.wav,,drinking_sipping,0,5,a person is coughing and clearing their throat
ESC-50,5-260011-A-34.wav,,can_opening,0,5,someone is opening and closing a can of soda
ESC-50,5-260164-A-23.wav,,breathing,0,5,a person is breathing heavily in and out of their breath
ESC-50,5-260432-A-39.wav,,glass_breaking,1,5,glass is broken by a person breaking a metal object and then a car door
ESC-50,5-260433-A-39.wav,,glass_breaking,1,5,keys are being thrown into a glass jar
ESC-50,5-260434-A-39.wav,,glass_breaking,1,5,glass bottles are broken into a pile of times
ESC-50,5-260875-A-35.wav,,washing_machine,0,5,a machine is running at a constant speed
ESC-50,5-261325-A-9.wav,,crow,0,5,a group of crows are squawking and cawing loudly
ESC-50,5-261433-A-15.wav,,water_drops,0,5,water is being poured into a container at a steady pace
ESC-50,5-261439-A-15.wav,,water_drops,0,5,a person is drinking water from a faucet into a tub
ESC-50,5-261464-A-23.wav,,breathing,0,5,a person is breathing heavily in the background
ESC-50,5-262641-A-15.wav,,water_drops,0,5,water is dripping from a faucet into a basin and a bird is chirping in the background
ESC-50,5-262957-A-22.wav,,clapping,0,5,a large crowd of people are clapping and cheering
ESC-50,5-263490-A-25.wav,,footsteps,0,5,a person is walking on a hard surface and a horse walks by
ESC-50,5-263491-A-25.wav,,footsteps,0,5,a person is walking on a gravel path at a steady pace
ESC-50,5-263501-A-25.wav,,footsteps,0,5,a person is walking on a gravel path at a steady pace
ESC-50,5-263775-A-26.wav,,laughing,0,5,a person is breathing heavily and then they are laughing
ESC-50,5-263775-B-26.wav,,laughing,0,5,a person is laughing and screaming loudly
ESC-50,5-263831-A-6.wav,,hen,0,5,a chicken is clucking while other birds are chirping in the background
ESC-50,5-263831-B-6.wav,,hen,0,5,a chicken is clucking and flapping its wings
ESC-50,5-263902-A-36.wav,,vacuum_cleaner,0,5,a vacuum cleaner is running at a constant speed
ESC-50,5-51149-A-25.wav,,footsteps,0,5,a person is walking on a wooden floor and then they are knocking on the door
ESC-50,5-61635-A-8.wav,,sheep,0,5,a sheep is bleating and a man is speaking in the background
ESC-50,5-9032-A-0.wav,,dog,1,5,a bird is chirping and making squeaking sounds
UrbanSound8K,46656-6-0-0.wav,,gun_shot,1,,a gun is being fired in the distance
UrbanSound8K,135527-6-14-3.wav,,gun_shot,1,,a gun is fired in the distance and then a match is lit
UrbanSound8K,135526-6-2-0.wav,,gun_shot,1,,fireworks are going off in the distance as a gun is fired
UrbanSound8K,25039-6-1-0.wav,,gun_shot,1,,a gun is fired in the distance and a person is firing a gunshot
UrbanSound8K,135528-6-4-2.wav,,gun_shot,1,,a gun is fired in the distance and then a match is lit
UrbanSound8K,174282-6-2-0.wav,,gun_shot,1,,a gun is fired in the distance and a bird is chirping in the background
UrbanSound8K,135544-6-3-0.wav,,gun_shot,1,,a gun is fired in the distance and a man is speaking
UrbanSound8K,145683-6-5-0.wav,,gun_shot,1,,fireworks are exploding in the distance in the sky
UrbanSound8K,24631-6-0-0.wav,,gun_shot,1,,a bird is chirping in the background while a soft wind is blowing
UrbanSound8K,148827-6-4-0.wav,,gun_shot,1,,a gun is being fired in a gunshots
UrbanSound8K,163460-6-0-0.wav,,gun_shot,1,,a gun is fired and gunshots in the distance
UrbanSound8K,135527-6-14-9.wav,,gun_shot,1,,a gun is being fired in the distance
UrbanSound8K,157207-6-10-0.wav,,gun_shot,1,,a gun is being fired at a distance
UrbanSound8K,135528-6-4-0.wav,,gun_shot,1,,a gun is fired in the distance and a gunshot is firing
UrbanSound8K,157207-6-3-0.wav,,gun_shot,1,,a gun is fired in the distance and then a shot is followed by a
UrbanSound8K,197318-6-5-0.wav,,gun_shot,1,,a gun is being fired at a consistent pace
UrbanSound8K,102305-6-0-0.wav,,gun_shot,1,,a gun is fired repeatedly in the distance
UrbanSound8K,162435-6-3-0.wav,,gun_shot,1,,a gun is fired and gunshots firing shots and a gunshot is being shot
UrbanSound8K,52357-6-0-0.wav,,gun_shot,1,,a gun shot gunshots fireworks shooting shots in the distance
UrbanSound8K,145608-6-2-0.wav,,gun_shot,1,,a gun is fired in the distance with a shot in the background
UrbanSound8K,135526-6-0-0.wav,,gun_shot,1,,a gun is fired in the distance with a loud explosion in the background
UrbanSound8K,159702-6-5-0.wav,,gun_shot,1,,a gun is fired in a dozen gunshots
UrbanSound8K,135544-6-17-0.wav,,gun_shot,1,,a gun is fired in the distance and then gunshots are firing
UrbanSound8K,174282-6-0-0.wav,,gun_shot,1,,a gun is fired in the distance and then a shot is followed by a
UrbanSound8K,174290-6-1-0.wav,,gun_shot,1,,a gun is fired in the distance with a slight echo
UrbanSound8K,148837-6-0-0.wav,,gun_shot,1,,a gun is fired in the distance with a slight echo in the background
UrbanSound8K,162434-6-0-0.wav,,gun_shot,1,,a gun is being fired repeatedly and hit several times
UrbanSound8K,159709-6-0-0.wav,,gun_shot,1,,a gun is fired in the distance and a person is firing a gunshots
UrbanSound8K,159708-6-6-0.wav,,gun_shot,1,,a gun is being fired in the distance
UrbanSound8K,84254-6-0-0.wav,,gun_shot,1,,a gun is fired repeatedly in the distance
UrbanSound8K,135527-6-10-0.wav,,gun_shot,1,,fireworks are exploding in the sky in the distance
UrbanSound8K,145611-6-3-0.wav,,gun_shot,1,,a gun is fired in the distance and a gunshot is firing
UrbanSound8K,135527-6-4-0.wav,,gun_shot,1,,a gun is fired in the distance as a car passes by
UrbanSound8K,76091-6-1-0.wav,,gun_shot,1,,a gun is being fired in a rapid gunshots
UrbanSound8K,197320-6-2-0.wav,,gun_shot,1,,a gun is being fired at a consistent pace
UrbanSound8K,145683-6-0-0.wav,,gun_shot,1,,fireworks are going off in the distance
UrbanSound8K,135544-6-0-0.wav,,gun_shot,1,,a gun is fired in the distance as a car passes by
UrbanSound8K,135526-6-9-0.wav,,gun_shot,1,,a gun is being fired repeatedly in the distance
UrbanSound8K,157207-6-1-0.wav,,gun_shot,1,,a gun is fired repeatedly in the distance
UrbanSound8K,159702-6-1-0.wav,,gun_shot,1,,a gun is fired in a dozen gunshots firing shots
AudioSet,1LTxZ2aNytc,30.0-40.0,screaming,1,,a group of people are laughing and screaming while a baby is crying
AudioSet,BFqHyCoypfM,16.0-26.0,screaming,1,,a person is screaming and making a loud scream
AudioSet,C4YMjmJ7tt4,90.0-100.0,screaming,1,,a man is speaking and a child is screaming
AudioSet,QDW_uCMnMMU,0.0-8.0,screaming,1,,a large group of people are screaming loudly
AudioSet,a59ivTlYoNk,310.0-320.0,screaming,1,,a man is speaking and a baby is crying
AudioSet,dfsvT5xImNg,80.0-90.0,screaming,1,,a child is screaming and yelling while other people are talking in the background
AudioSet,nRMmafPUAEU,80.0-90.0,screaming,1,,a woman is speaking and a child is crying
AudioSet,-QSNQGKiGT4,260.0-270.0,screaming,1,,a baby is crying and a man is speaking
AudioSet,9ZBR-dTCPrg,80.0-90.0,screaming,1,,a man is speaking and then a gun is fired repeatedly
AudioSet,CeIiAEQTbhY,0.0-5.0,screaming,1,,a person is screaming loudly in a large room
AudioSet,VxuMKb5CKI0,30.0-40.0,screaming,1,,a person is screaming loudly in a large room
AudioSet,aslxfM0T8No,10.0-20.0,screaming,1,,a person is screaming loudly in a large group
AudioSet,dhKZgvg9b14,50.0-60.0,screaming,1,,a large group of people are screaming loudly
AudioSet,h86zLS_6M9Y,250.0-260.0,screaming,1,,a man is shouting and screaming while another person is yelling
AudioSet,jzAufWvuXEk,60.0-70.0,screaming,1,,a child is screaming while a baby is crying in the background
AudioSet,l3DJ2MJ5CzY,20.0-30.0,screaming,1,,a man is screaming and shouting while another person is yelling in the background
AudioSet,myWiV_HMXtc,10.0-20.0,screaming,1,,a large group of people are screaming loudly
AudioSet,n08qMfFB_UM,190.0-200.0,screaming,1,,a group of children are laughing and screaming while playing in the background
