source_dataset,bag_id,included_in_evaluation,exclusion_reason,source_video_name,label_raw,official_class_codes,official_classes,segment_index,start_seconds,end_seconds,duration_seconds,target_audio_name,risk_class,y_true,caption_task,caption,caption_logprob,top_tags,top_tag_probs,status,error_message
XD-Violence,Bad.Boys.1995__#01-11-55_01-12-40_label_G-B2-B6,True,,Bad.Boys.1995__#01-11-55_01-12-40_label_G-B2-B6.mp4,G-B2-B6,G|B2|B6,explosion|shooting|car accident,0,6.541667,7.5,0.958333,Bad.Boys.1995__#01-11-55_01-12-40_label_G-B2-B6__seg0000_6.542-7.500.wav,danger risk,1,clotho,a video game sound is being played with a gun shot and then a loud,-1.7981865406036377,"Whack, thwack | Smash, crash",0.016 | 0.0002 | 0.0 | 0.0001 | 0.0,ok,
XD-Violence,Bad.Boys.1995__#01-11-55_01-12-40_label_G-B2-B6,True,,Bad.Boys.1995__#01-11-55_01-12-40_label_G-B2-B6.mp4,G-B2-B6,G|B2|B6,explosion|shooting|car accident,1,7.708333,10.166667,2.458333,Bad.Boys.1995__#01-11-55_01-12-40_label_G-B2-B6__seg0001_7.708-10.167.wav,danger risk,1,clotho,a video game sound is being played with a machine gun firing,-1.6806929111480713,Music,0.0256 | 0.0004 | 0.0001 | 0.0006 | 0.0001,ok,
XD-Violence,Bad.Boys.1995__#01-11-55_01-12-40_label_G-B2-B6,True,,Bad.Boys.1995__#01-11-55_01-12-40_label_G-B2-B6.mp4,G-B2-B6,G|B2|B6,explosion|shooting|car accident,2,10.416667,15.0,4.583333,Bad.Boys.1995__#01-11-55_01-12-40_label_G-B2-B6__seg0002_10.417-15.000.wav,danger risk,1,clotho,a video game sound is being played with a loud explosion and explosions,-1.8204667568206787,"Music | Smash, crash",0.0687 | 0.0003 | 0.0001 | 0.0004 | 0.0001,ok,
XD-Violence,Bad.Boys.1995__#01-11-55_01-12-40_label_G-B2-B6,True,,Bad.Boys.1995__#01-11-55_01-12-40_label_G-B2-B6.mp4,G-B2-B6,G|B2|B6,explosion|shooting|car accident,3,24.25,33.75,9.5,Bad.Boys.1995__#01-11-55_01-12-40_label_G-B2-B6__seg0003_24.250-33.750.wav,danger risk,1,clotho,heavy explosions are followed by a loud explosion and whooshing,-1.625578761100769,Music | Eruption | Boom,0.0348 | 0.0001 | 0.0001 | 0.0005 | 0.0,ok,
XD-Violence,Bad.Boys.1995__#01-33-51_01-34-37_label_B2-0-0,True,,Bad.Boys.1995__#01-33-51_01-34-37_label_B2-0-0.mp4,B2-0-0,B2,shooting,0,2.375,27.916667,25.541667,Bad.Boys.1995__#01-33-51_01-34-37_label_B2-0-0__seg0000_2.375-27.917.wav,danger risk,1,clotho,a video game sound is being played with a machine gun shot and a man,-1.5944277048110962,"Music | Smash, crash",0.0959 | 0.0003 | 0.0003 | 0.0003 | 0.0001,ok,
XD-Violence,Bad.Boys.1995__#01-33-51_01-34-37_label_B2-0-0,True,,Bad.Boys.1995__#01-33-51_01-34-37_label_B2-0-0.mp4,B2-0-0,B2,shooting,1,30.333333,33.333333,3.0,Bad.Boys.1995__#01-33-51_01-34-37_label_B2-0-0__seg0001_30.333-33.333.wav,danger risk,1,clotho,a gun is fired repeatedly and then a video game is being played,-1.4942182302474976,Music,0.0183 | 0.0003 | 0.0001 | 0.0005 | 0.0,ok,
XD-Violence,Bad.Boys.II.2003__#00-06-42_00-10-00_label_B2-G-0,True,,Bad.Boys.II.2003__#00-06-42_00-10-00_label_B2-G-0.mp4,B2-G-0,B2|G,shooting|explosion,0,108.75,111.25,2.5,Bad.Boys.II.2003__#00-06-42_00-10-00_label_B2-G-0__seg0000_108.750-111.250.wav,danger risk,1,clotho,a machine gun is firing a video game sound and a person is shooting a,-1.7762954235076904,Music | Fusillade,0.1655 | 0.0006 | 0.0002 | 0.0009 | 0.0002,ok,
XD-Violence,Bad.Boys.II.2003__#00-06-42_00-10-00_label_B2-G-0,True,,Bad.Boys.II.2003__#00-06-42_00-10-00_label_B2-G-0.mp4,B2-G-0,B2|G,shooting|explosion,1,115.0,127.5,12.5,Bad.Boys.II.2003__#00-06-42_00-10-00_label_B2-G-0__seg0001_115.000-127.500.wav,danger risk,1,clotho,a machine gun is firing a video game and then a man is speaking,-1.7614073753356934,Music | Fusillade,0.0827 | 0.0007 | 0.0003 | 0.0009 | 0.0001,ok,
XD-Violence,Bad.Boys.II.2003__#00-06-42_00-10-00_label_B2-G-0,True,,Bad.Boys.II.2003__#00-06-42_00-10-00_label_B2-G-0.mp4,B2-G-0,B2|G,shooting|explosion,2,131.958333,179.583333,47.625,Bad.Boys.II.2003__#00-06-42_00-10-00_label_B2-G-0__seg0002_131.958-179.583.wav,danger risk,1,clotho,a gun is fired and a man is speaking,-1.3253682851791382,Speech | Music | Boom,0.7174 | 0.0004 | 0.0002 | 0.0004 | 0.0001,ok,
XD-Violence,Black.Hawk.Down.2001__#01-13-59_01-14-49_label_B2-0-0,True,,Black.Hawk.Down.2001__#01-13-59_01-14-49_label_B2-0-0.mp4,B2-0-0,B2,shooting,0,7.833333,49.583333,41.75,Black.Hawk.Down.2001__#01-13-59_01-14-49_label_B2-0-0__seg0000_7.833-49.583.wav,danger risk,1,clotho,a gun is fired and a man is speaking,-1.1653327941894531,"Speech | Gunshot, gunfire | Machine gun | Fusillade",0.6359 | 0.0012 | 0.0003 | 0.0011 | 0.0003,ok,
XD-Violence,Black.Hawk.Down.2001__#01-32-40_01-34-00_label_B4-0-0,True,,Black.Hawk.Down.2001__#01-32-40_01-34-00_label_B4-0-0.mp4,B4-0-0,B4,riot,0,0.0,11.208333,11.208333,Black.Hawk.Down.2001__#01-32-40_01-34-00_label_B4-0-0__seg0000_0.000-11.208.wav,danger risk,1,clotho,a crowd of people are cheering and yelling while a car drives by,-1.2988097667694092,Speech | Music,0.4761 | 0.0035 | 0.0008 | 0.0001 | 0.0016,ok,
XD-Violence,Black.Hawk.Down.2001__#01-32-40_01-34-00_label_B4-0-0,True,,Black.Hawk.Down.2001__#01-32-40_01-34-00_label_B4-0-0.mp4,B4-0-0,B4,riot,1,21.583333,36.75,15.166667,Black.Hawk.Down.2001__#01-32-40_01-34-00_label_B4-0-0__seg0001_21.583-36.750.wav,danger risk,1,clotho,a crowd of people are cheering and chanting,-1.2180815935134888,Speech | Music,0.6559 | 0.0229 | 0.0055 | 0.0008 | 0.006,ok,
XD-Violence,Black.Hawk.Down.2001__#01-32-40_01-34-00_label_B4-0-0,True,,Black.Hawk.Down.2001__#01-32-40_01-34-00_label_B4-0-0.mp4,B4-0-0,B4,riot,2,45.416667,49.166667,3.75,Black.Hawk.Down.2001__#01-32-40_01-34-00_label_B4-0-0__seg0002_45.417-49.167.wav,danger risk,1,clotho,a large crowd cheers and a man chants and a chant,-1.8257957696914675,Speech | Crowd | Music,0.5073 | 0.0599 | 0.0053 | 0.0006 | 0.0078,ok,
XD-Violence,Black.Hawk.Down.2001__#01-32-40_01-34-00_label_B4-0-0,True,,Black.Hawk.Down.2001__#01-32-40_01-34-00_label_B4-0-0.mp4,B4-0-0,B4,riot,3,50.833333,79.958333,29.125,Black.Hawk.Down.2001__#01-32-40_01-34-00_label_B4-0-0__seg0003_50.833-79.958.wav,danger risk,1,clotho,people are talking while music is playing in the background,-0.9638357758522034,Speech | Music,0.8855 | 0.0122 | 0.0005 | 0.0003 | 0.0027,ok,
XD-Violence,Black.Hawk.Down.2001__#01-42-58_01-43-58_label_G-0-0,True,,Black.Hawk.Down.2001__#01-42-58_01-43-58_label_G-0-0.mp4,G-0-0,G,explosion,0,16.916667,21.041667,4.125,Black.Hawk.Down.2001__#01-42-58_01-43-58_label_G-0-0__seg0000_16.917-21.042.wav,danger risk,1,clotho,a large explosion is followed by a loud explosions,-1.496959209442139,Explosion | Boom,0.0691 | 0.0001 | 0.0001 | 0.0004 | 0.0001,ok,
XD-Violence,Black.Hawk.Down.2001__#02-00-12_02-01-29_label_B2-0-0,True,,Black.Hawk.Down.2001__#02-00-12_02-01-29_label_B2-0-0.mp4,B2-0-0,B2,shooting,0,0.416667,60.416667,60.0,Black.Hawk.Down.2001__#02-00-12_02-01-29_label_B2-0-0__seg0000_0.417-60.417.wav,danger risk,1,clotho,a gun is fired and a man is speaking,-1.2056350708007812,"Speech | Music | Gunshot, gunfire | Machine gun | Fusillade",0.7574 | 0.0016 | 0.0004 | 0.0012 | 0.0004,ok,
XD-Violence,Black.Hawk.Down.2001__#02-00-12_02-01-29_label_B2-0-0,True,,Black.Hawk.Down.2001__#02-00-12_02-01-29_label_B2-0-0.mp4,B2-0-0,B2,shooting,1,60.416667,77.0,16.583333,Black.Hawk.Down.2001__#02-00-12_02-01-29_label_B2-0-0__seg0001_60.417-77.000.wav,danger risk,1,clotho,a man is speaking while a gun is fired and a machine is running,-1.252525806427002,Speech | Music | Fusillade | Boom,0.6747 | 0.0079 | 0.0011 | 0.0008 | 0.0018,ok,
XD-Violence,Braveheart.1995__#00-56-30_00-57-20_label_B1-0-0,True,,Braveheart.1995__#00-56-30_00-57-20_label_B1-0-0.mp4,B1-0-0,B1,fighting,0,0.0,15.0,15.0,Braveheart.1995__#00-56-30_00-57-20_label_B1-0-0__seg0000_0.000-15.000.wav,danger risk,1,clotho,a man is speaking while a dog is barking,-1.0680283308029177,Speech | Groan,0.778 | 0.0045 | 0.0002 | 0.0003 | 0.0007,ok,
XD-Violence,Braveheart.1995__#01-26-50_01-32-30_label_B1-0-0,True,,Braveheart.1995__#01-26-50_01-32-30_label_B1-0-0.mp4,B1-0-0,B1,fighting,0,42.125,102.125,60.0,Braveheart.1995__#01-26-50_01-32-30_label_B1-0-0__seg0000_42.125-102.125.wav,danger risk,1,clotho,a horse is neighing and a man is speaking,-1.1486120223999023,"Speech | Animal | Horse | Clip-clop | Neigh, whinny",0.7547 | 0.0002 | 0.0 | 0.0004 | 0.0,ok,
XD-Violence,Braveheart.1995__#01-26-50_01-32-30_label_B1-0-0,True,,Braveheart.1995__#01-26-50_01-32-30_label_B1-0-0.mp4,B1-0-0,B1,fighting,1,102.125,162.125,60.0,Braveheart.1995__#01-26-50_01-32-30_label_B1-0-0__seg0001_102.125-162.125.wav,danger risk,1,clotho,a person is walking on a hard surface and people are talking in the background,-1.3438249826431274,Speech | Horse | Clip-clop,0.5392 | 0.0011 | 0.0001 | 0.0001 | 0.0002,ok,
XD-Violence,Braveheart.1995__#01-26-50_01-32-30_label_B1-0-0,True,,Braveheart.1995__#01-26-50_01-32-30_label_B1-0-0.mp4,B1-0-0,B1,fighting,2,162.125,222.125,60.0,Braveheart.1995__#01-26-50_01-32-30_label_B1-0-0__seg0002_162.125-222.125.wav,danger risk,1,clotho,a horse is running and a man is speaking to a crowd of people,-1.406919240951538,Speech | Horse | Clip-clop,0.5039 | 0.0004 | 0.0001 | 0.0001 | 0.0001,ok,
XD-Violence,Braveheart.1995__#01-26-50_01-32-30_label_B1-0-0,True,,Braveheart.1995__#01-26-50_01-32-30_label_B1-0-0.mp4,B1-0-0,B1,fighting,3,222.125,282.125,60.0,Braveheart.1995__#01-26-50_01-32-30_label_B1-0-0__seg0003_222.125-282.125.wav,danger risk,1,clotho,a person is walking through a video game and people are talking and laughing,-1.3784319162368774,Speech | Horse | Clip-clop | Music,0.8396 | 0.0006 | 0.0001 | 0.0006 | 0.0001,ok,
XD-Violence,Braveheart.1995__#01-26-50_01-32-30_label_B1-0-0,True,,Braveheart.1995__#01-26-50_01-32-30_label_B1-0-0.mp4,B1-0-0,B1,fighting,4,282.125,313.125,31.0,Braveheart.1995__#01-26-50_01-32-30_label_B1-0-0__seg0004_282.125-313.125.wav,danger risk,1,clotho,a man is speaking while a horse is running and a person is walking,-1.3570964336395264,Speech | Music,0.7854 | 0.0006 | 0.0001 | 0.0029 | 0.0001,ok,
XD-Violence,Braveheart.1995__#02-05-34_02-06-40_label_B1-0-0,True,,Braveheart.1995__#02-05-34_02-06-40_label_B1-0-0.mp4,B1-0-0,B1,fighting,0,10.666667,65.833333,55.166667,Braveheart.1995__#02-05-34_02-06-40_label_B1-0-0__seg0000_10.667-65.833.wav,danger risk,1,clotho,a person is walking on a hard surface while a dog barks and a man,-1.3443586826324463,Speech | Animal | Clip-clop | Music,0.6006 | 0.0034 | 0.0005 | 0.0002 | 0.0005,ok,
XD-Violence,Braveheart.1995__#02-07-00_02-08-15_label_B1-0-0,True,,Braveheart.1995__#02-07-00_02-08-15_label_B1-0-0.mp4,B1-0-0,B1,fighting,0,18.75,25.0,6.25,Braveheart.1995__#02-07-00_02-08-15_label_B1-0-0__seg0000_18.750-25.000.wav,danger risk,1,clotho,a person is walking through a video game and a gun is fired and a,-1.5140517950057983,Speech | Clip-clop | Music,0.3144 | 0.0003 | 0.0002 | 0.0004 | 0.0002,ok,
XD-Violence,Braveheart.1995__#02-07-00_02-08-15_label_B1-0-0,True,,Braveheart.1995__#02-07-00_02-08-15_label_B1-0-0.mp4,B1-0-0,B1,fighting,1,42.791667,54.166667,11.375,Braveheart.1995__#02-07-00_02-08-15_label_B1-0-0__seg0001_42.792-54.167.wav,danger risk,1,clotho,a person is screaming while a man is yelling in the background,-1.2688993215560913,Groan | Music,0.0848 | 0.0016 | 0.0002 | 0.0002 | 0.0012,ok,
XD-Violence,Brick.Mansions.2014__#00-11-57_00-12-12_label_B2-0-0,True,,Brick.Mansions.2014__#00-11-57_00-12-12_label_B2-0-0.mp4,B2-0-0,B2,shooting,0,12.833333,14.083333,1.25,Brick.Mansions.2014__#00-11-57_00-12-12_label_B2-0-0__seg0000_12.833-14.083.wav,danger risk,1,clotho,a machine gun is being fired and then a door is slammed shut,-1.739786148071289,,0.0591 | 0.0002 | 0.0002 | 0.0006 | 0.0001,ok,
XD-Violence,Brick.Mansions.2014__#00-16-26_00-17-12_label_B1-0-0,True,,Brick.Mansions.2014__#00-16-26_00-17-12_label_B1-0-0.mp4,B1-0-0,B1,fighting,0,1.25,45.833333,44.583333,Brick.Mansions.2014__#00-16-26_00-17-12_label_B1-0-0__seg0000_1.250-45.833.wav,danger risk,1,clotho,a person is playing video game sounds and people are talking in the background,-1.3438246250152588,Speech | Music,0.6584 | 0.0008 | 0.0002 | 0.0006 | 0.0001,ok,
XD-Violence,Brick.Mansions.2014__#00-41-25_00-42-36_label_B1-0-0,True,,Brick.Mansions.2014__#00-41-25_00-42-36_label_B1-0-0.mp4,B1-0-0,B1,fighting,0,21.791667,25.416667,3.625,Brick.Mansions.2014__#00-41-25_00-42-36_label_B1-0-0__seg0000_21.792-25.417.wav,danger risk,1,clotho,a man is yelling and then a gun is fired,-1.519010066986084,"Speech | Music | Thump, thud",0.3131 | 0.0025 | 0.0003 | 0.0005 | 0.0006,ok,
XD-Violence,Brick.Mansions.2014__#00-41-25_00-42-36_label_B1-0-0,True,,Brick.Mansions.2014__#00-41-25_00-42-36_label_B1-0-0.mp4,B1-0-0,B1,fighting,1,37.5,70.833333,33.333333,Brick.Mansions.2014__#00-41-25_00-42-36_label_B1-0-0__seg0001_37.500-70.833.wav,danger risk,1,clotho,a man is speaking and a car is driving by,-1.67451274394989,"Speech | Bellow | Music | Thump, thud",0.3025 | 0.0008 | 0.0002 | 0.0003 | 0.0001,ok,
XD-Violence,Brick.Mansions.2014__#01-02-00_01-02-43_label_B2-0-0,True,,Brick.Mansions.2014__#01-02-00_01-02-43_label_B2-0-0.mp4,B2-0-0,B2,shooting,0,11.666667,22.916667,11.25,Brick.Mansions.2014__#01-02-00_01-02-43_label_B2-0-0__seg0000_11.667-22.917.wav,danger risk,1,clotho,a machine gun is firing and then a loud burst of a video game,-1.8286272287368772,,0.017 | 0.0003 | 0.0001 | 0.0003 | 0.0001,ok,
XD-Violence,Bullet.in.the.Head.1990__#00-17-20_00-18-55_label_B1-0-0,True,,Bullet.in.the.Head.1990__#00-17-20_00-18-55_label_B1-0-0.mp4,B1-0-0,B1,fighting,0,5.75,11.666667,5.916667,Bullet.in.the.Head.1990__#00-17-20_00-18-55_label_B1-0-0__seg0000_5.750-11.667.wav,danger risk,1,clotho,a man is speaking and then a gun is fired,-1.4779582023620603,Speech,0.5367 | 0.0035 | 0.0002 | 0.0003 | 0.0014,ok,
XD-Violence,Bullet.in.the.Head.1990__#00-17-20_00-18-55_label_B1-0-0,True,,Bullet.in.the.Head.1990__#00-17-20_00-18-55_label_B1-0-0.mp4,B1-0-0,B1,fighting,1,22.75,79.791667,57.041667,Bullet.in.the.Head.1990__#00-17-20_00-18-55_label_B1-0-0__seg0001_22.750-79.792.wav,danger risk,1,clotho,a man is speaking and then another person is screaming,-1.835506558418274,Speech | Music,0.4568 | 0.0031 | 0.0015 | 0.0002 | 0.0006,ok,
XD-Violence,Bullet.in.the.Head.1990__#00-23-31_00-24-40_label_G-0-0,True,,Bullet.in.the.Head.1990__#00-23-31_00-24-40_label_G-0-0.mp4,G-0-0,G,explosion,0,55.208333,58.333333,3.125,Bullet.in.the.Head.1990__#00-23-31_00-24-40_label_G-0-0__seg0000_55.208-58.333.wav,danger risk,1,clotho,a gun is fired repeatedly and then a large explosion occurs,-1.6087745428085327,Music,0.0332 | 0.0012 | 0.0004 | 0.0004 | 0.0002,ok,
XD-Violence,Bullet.in.the.Head.1990__#00-41-30_00-44-16_label_B4-G-0,True,,Bullet.in.the.Head.1990__#00-41-30_00-44-16_label_B4-G-0.mp4,B4-G-0,B4|G,riot|explosion,0,16.166667,76.166667,60.0,Bullet.in.the.Head.1990__#00-41-30_00-44-16_label_B4-G-0__seg0000_16.167-76.167.wav,danger risk,1,clotho,a man is shouting while a crowd cheers,-1.4812464714050293,Speech | Run,0.772 | 0.0059 | 0.0006 | 0.0015 | 0.0016,ok,
XD-Violence,Bullet.in.the.Head.1990__#00-41-30_00-44-16_label_B4-G-0,True,,Bullet.in.the.Head.1990__#00-41-30_00-44-16_label_B4-G-0.mp4,B4-G-0,B4|G,riot|explosion,1,76.166667,136.166667,60.0,Bullet.in.the.Head.1990__#00-41-30_00-44-16_label_B4-G-0__seg0001_76.167-136.167.wav,danger risk,1,clotho,a large group of people are shouting and yelling while a gun is fired,-1.1495702266693115,Speech | Music,0.4277 | 0.0007 | 0.0002 | 0.0007 | 0.0001,ok,
XD-Violence,Bullet.in.the.Head.1990__#00-41-30_00-44-16_label_B4-G-0,True,,Bullet.in.the.Head.1990__#00-41-30_00-44-16_label_B4-G-0.mp4,B4-G-0,B4|G,riot|explosion,2,136.166667,142.708333,6.541667,Bullet.in.the.Head.1990__#00-41-30_00-44-16_label_B4-G-0__seg0002_136.167-142.708.wav,danger risk,1,clotho,a musical instrument is playing a song and a horn is blown,-1.3450000286102295,Speech | Music,0.3293 | 0.0014 | 0.0002 | 0.0005 | 0.0003,ok,
XD-Violence,Bullet.in.the.Head.1990__#00-41-30_00-44-16_label_B4-G-0,True,,Bullet.in.the.Head.1990__#00-41-30_00-44-16_label_B4-G-0.mp4,B4-G-0,B4|G,riot|explosion,3,151.083333,152.833333,1.75,Bullet.in.the.Head.1990__#00-41-30_00-44-16_label_B4-G-0__seg0003_151.083-152.833.wav,danger risk,1,clotho,a gun is fired and a man is speaking,-1.7248380184173584,Music | Artillery fire,0.1422 | 0.0006 | 0.0002 | 0.0003 | 0.0,ok,
XD-Violence,Bullet.in.the.Head.1990__#01-26-30_01-27-34_label_B2-0-0,True,,Bullet.in.the.Head.1990__#01-26-30_01-27-34_label_B2-0-0.mp4,B2-0-0,B2,shooting,0,28.958333,34.166667,5.208333,Bullet.in.the.Head.1990__#01-26-30_01-27-34_label_B2-0-0__seg0000_28.958-34.167.wav,danger risk,1,clotho,a machine is running and a gun is fired and a person is shouting,-1.5497825145721436,Music,0.1634 | 0.0005 | 0.0004 | 0.0007 | 0.0001,ok,
XD-Violence,Bullet.in.the.Head.1990__#01-45-21_01-46-20_label_B2-0-0,True,,Bullet.in.the.Head.1990__#01-45-21_01-46-20_label_B2-0-0.mp4,B2-0-0,B2,shooting,0,16.666667,20.916667,4.25,Bullet.in.the.Head.1990__#01-45-21_01-46-20_label_B2-0-0__seg0000_16.667-20.917.wav,danger risk,1,clotho,a gun is fired repeatedly and a person is firing a video game,-1.3908283710479736,Speech | Music | Fusillade,0.4303 | 0.0014 | 0.0007 | 0.0014 | 0.0004,ok,
XD-Violence,Bullet.in.the.Head.1990__#02-02-00_02-05-22_label_B2-B6-G,True,,Bullet.in.the.Head.1990__#02-02-00_02-05-22_label_B2-B6-G.mp4,B2-B6-G,B2|B6|G,shooting|car accident|explosion,0,0.0,1.458333,1.458333,Bullet.in.the.Head.1990__#02-02-00_02-05-22_label_B2-B6-G__seg0000_0.000-1.458.wav,danger risk,1,clotho,a video game sound is being played with a gun shot and a car is,-1.8737772703170776,,0.0351 | 0.0002 | 0.0001 | 0.0002 | 0.0,ok,
XD-Violence,Bullet.in.the.Head.1990__#02-02-00_02-05-22_label_B2-B6-G,True,,Bullet.in.the.Head.1990__#02-02-00_02-05-22_label_B2-B6-G.mp4,B2-B6-G,B2|B6|G,shooting|car accident|explosion,1,8.458333,35.833333,27.375,Bullet.in.the.Head.1990__#02-02-00_02-05-22_label_B2-B6-G__seg0001_8.458-35.833.wav,danger risk,1,clotho,a man is speaking while a car is racing by and tires are squealing,-1.2964080572128296,Speech | Music | Vehicle | Car | Skidding,0.5144 | 0.0029 | 0.0012 | 0.0004 | 0.001,ok,
XD-Violence,Bullet.in.the.Head.1990__#02-02-00_02-05-22_label_B2-B6-G,True,,Bullet.in.the.Head.1990__#02-02-00_02-05-22_label_B2-B6-G.mp4,B2-B6-G,B2|B6|G,shooting|car accident|explosion,2,41.875,61.041667,19.166667,Bullet.in.the.Head.1990__#02-02-00_02-05-22_label_B2-B6-G__seg0002_41.875-61.042.wav,danger risk,1,clotho,a gun is being fired repeatedly while a man is speaking in the background,-1.225036859512329,Speech | Music | Vehicle | Car | Skidding,0.3436 | 0.0005 | 0.0002 | 0.0006 | 0.0001,ok,
XD-Violence,Bullet.in.the.Head.1990__#02-02-00_02-05-22_label_B2-B6-G,True,,Bullet.in.the.Head.1990__#02-02-00_02-05-22_label_B2-B6-G.mp4,B2-B6-G,B2|B6|G,shooting|car accident|explosion,3,88.75,99.166667,10.416667,Bullet.in.the.Head.1990__#02-02-00_02-05-22_label_B2-B6-G__seg0003_88.750-99.167.wav,danger risk,1,clotho,a machine gun is being fired repeatedly and then a car drives by,-1.6834275722503662,Music,0.046 | 0.0002 | 0.0001 | 0.0002 | 0.0001,ok,
XD-Violence,Bullet.in.the.Head.1990__#02-02-00_02-05-22_label_B2-B6-G,True,,Bullet.in.the.Head.1990__#02-02-00_02-05-22_label_B2-B6-G.mp4,B2-B6-G,B2|B6|G,shooting|car accident|explosion,4,119.166667,135.416667,16.25,Bullet.in.the.Head.1990__#02-02-00_02-05-22_label_B2-B6-G__seg0004_119.167-135.417.wav,danger risk,1,clotho,a machine gun is being fired and then a car drives by,-1.753734469413757,Music,0.0316 | 0.0005 | 0.0002 | 0.0001 | 0.0004,ok,
XD-Violence,Bullet.in.the.Head.1990__#02-02-00_02-05-22_label_B2-B6-G,True,,Bullet.in.the.Head.1990__#02-02-00_02-05-22_label_B2-B6-G.mp4,B2-B6-G,B2|B6|G,shooting|car accident|explosion,5,147.541667,181.083333,33.541667,Bullet.in.the.Head.1990__#02-02-00_02-05-22_label_B2-B6-G__seg0005_147.542-181.083.wav,danger risk,1,clotho,a car drives by and a man coughs while a vehicle accelerates and passes by,-1.4434398412704468,Music | Explosion | Eruption,0.0406 | 0.0003 | 0.0001 | 0.0004 | 0.0,ok,
XD-Violence,Casino.Royale.2006__#00-18-30_00-19-20_label_G-B2-0,True,,Casino.Royale.2006__#00-18-30_00-19-20_label_G-B2-0.mp4,G-B2-0,G|B2,explosion|shooting,0,10.875,24.166667,13.291667,Casino.Royale.2006__#00-18-30_00-19-20_label_G-B2-0__seg0000_10.875-24.167.wav,danger risk,1,clotho,a gun is fired and then a man is speaking,-1.3914610147476196,Boom,0.1292 | 0.0003 | 0.0003 | 0.0018 | 0.0001,ok,
XD-Violence,Casino.Royale.2006__#00-50-05_00-51-16_label_B1-B2-B6,True,,Casino.Royale.2006__#00-50-05_00-51-16_label_B1-B2-B6.mp4,B1-B2-B6,B1|B2|B6,fighting|shooting|car accident,0,1.791667,7.5,5.708333,Casino.Royale.2006__#00-50-05_00-51-16_label_B1-B2-B6__seg0000_1.792-7.500.wav,danger risk,1,clotho,a gun is being fired while a person is playing a video game,-1.4531797170639038,"Music | Arrow | Thump, thud",0.1397 | 0.0031 | 0.0015 | 0.0004 | 0.0033,ok,
XD-Violence,Casino.Royale.2006__#00-50-05_00-51-16_label_B1-B2-B6,True,,Casino.Royale.2006__#00-50-05_00-51-16_label_B1-B2-B6.mp4,B1-B2-B6,B1|B2|B6,fighting|shooting|car accident,1,15.958333,26.041667,10.083333,Casino.Royale.2006__#00-50-05_00-51-16_label_B1-B2-B6__seg0001_15.958-26.042.wav,danger risk,1,clotho,a police car siren is blaring and a man is speaking,-1.4360860586166382,Emergency vehicle | Police car (siren) | Ambulance (siren) | Siren,0.1767 | 0.0021 | 0.0002 | 0.0004 | 0.0005,ok,
XD-Violence,Casino.Royale.2006__#00-50-05_00-51-16_label_B1-B2-B6,True,,Casino.Royale.2006__#00-50-05_00-51-16_label_B1-B2-B6.mp4,B1-B2-B6,B1|B2|B6,fighting|shooting|car accident,2,29.25,34.583333,5.333333,Casino.Royale.2006__#00-50-05_00-51-16_label_B1-B2-B6__seg0002_29.250-34.583.wav,danger risk,1,clotho,a video game sound is being played with a machine gun firing and a man,-1.5937230587005615,Fusillade,0.2401 | 0.0007 | 0.0005 | 0.0011 | 0.0002,ok,
XD-Violence,Casino.Royale.2006__#00-50-05_00-51-16_label_B1-B2-B6,True,,Casino.Royale.2006__#00-50-05_00-51-16_label_B1-B2-B6.mp4,B1-B2-B6,B1|B2|B6,fighting|shooting|car accident,3,35.833333,41.916667,6.083333,Casino.Royale.2006__#00-50-05_00-51-16_label_B1-B2-B6__seg0003_35.833-41.917.wav,danger risk,1,clotho,a car drives by and a siren sounds as a vehicle passes by,-1.6509002447128296,Music,0.0495 | 0.0002 | 0.0001 | 0.0001 | 0.0001,ok,
XD-Violence,Casino.Royale.2006__#00-50-05_00-51-16_label_B1-B2-B6,True,,Casino.Royale.2006__#00-50-05_00-51-16_label_B1-B2-B6.mp4,B1-B2-B6,B1|B2|B6,fighting|shooting|car accident,4,44.416667,45.666667,1.25,Casino.Royale.2006__#00-50-05_00-51-16_label_B1-B2-B6__seg0004_44.417-45.667.wav,danger risk,1,clotho,a video game sound is being played with a gun shot and explosions,-1.8404701948165891,"Music | Whack, thwack | Smash, crash",0.0226 | 0.0001 | 0.0001 | 0.0002 | 0.0,ok,
XD-Violence,Casino.Royale.2006__#00-50-05_00-51-16_label_B1-B2-B6,True,,Casino.Royale.2006__#00-50-05_00-51-16_label_B1-B2-B6.mp4,B1-B2-B6,B1|B2|B6,fighting|shooting|car accident,5,63.625,68.083333,4.458333,Casino.Royale.2006__#00-50-05_00-51-16_label_B1-B2-B6__seg0005_63.625-68.083.wav,danger risk,1,clotho,a loud whooshing occurs and is followed by music,-1.6089191436767578,"Music | Explosion | Burst, pop",0.0505 | 0.0007 | 0.0003 | 0.0002 | 0.0002,ok,
XD-Violence,Casino.Royale.2006__#00-51-16_00-52-41_label_B1-B6-0,True,,Casino.Royale.2006__#00-51-16_00-52-41_label_B1-B6-0.mp4,B1-B6-0,B1|B6,fighting|car accident,0,1.541667,16.666667,15.125,Casino.Royale.2006__#00-51-16_00-52-41_label_B1-B6-0__seg0000_1.542-16.667.wav,danger risk,1,clotho,a video game is being played with a machine gun shots in the background,-1.252898931503296,Music,0.0708 | 0.0008 | 0.0002 | 0.0004 | 0.0003,ok,
XD-Violence,Casino.Royale.2006__#00-51-16_00-52-41_label_B1-B6-0,True,,Casino.Royale.2006__#00-51-16_00-52-41_label_B1-B6-0.mp4,B1-B6-0,B1|B6,fighting|car accident,1,40.708333,58.333333,17.625,Casino.Royale.2006__#00-51-16_00-52-41_label_B1-B6-0__seg0001_40.708-58.333.wav,danger risk,1,clotho,people are talking while music is playing in the background,-1.1209757328033447,Speech | Music,0.6846 | 0.0024 | 0.0006 | 0.0018 | 0.0009,ok,
XD-Violence,Casino.Royale.2006__#00-51-16_00-52-41_label_B1-B6-0,True,,Casino.Royale.2006__#00-51-16_00-52-41_label_B1-B6-0.mp4,B1-B6-0,B1|B6,fighting|car accident,2,66.25,73.0,6.75,Casino.Royale.2006__#00-51-16_00-52-41_label_B1-B6-0__seg0002_66.250-73.000.wav,danger risk,1,clotho,a video game sound is being played with a loud explosion,-1.6053060293197632,"Music | Smash, crash",0.0233 | 0.0004 | 0.0002 | 0.0003 | 0.0001,ok,
XD-Violence,Casino.Royale.2006__#01-17-29_01-17-46_label_B1-0-0,True,,Casino.Royale.2006__#01-17-29_01-17-46_label_B1-0-0.mp4,B1-0-0,B1,fighting,0,9.0,14.583333,5.583333,Casino.Royale.2006__#01-17-29_01-17-46_label_B1-0-0__seg0000_9.000-14.583.wav,danger risk,1,clotho,a man is speaking and then a gun is fired,-1.2338082790374756,"Speech | Music | Thump, thud",0.6627 | 0.0031 | 0.0031 | 0.0014 | 0.0006,ok,
XD-Violence,Casino.Royale.2006__#01-46-40_01-47-14_label_B6-0-0,True,,Casino.Royale.2006__#01-46-40_01-47-14_label_B6-0-0.mp4,B6-0-0,B6,car accident,0,8.208333,25.0,16.791667,Casino.Royale.2006__#01-46-40_01-47-14_label_B6-0-0__seg0000_8.208-25.000.wav,danger risk,1,clotho,a machine gun is being fired repeatedly and then a car drives by,-1.5187560319900513,Shatter,0.0378 | 0.0001 | 0.0003 | 0.0005 | 0.0002,ok,
XD-Violence,City.Of.Men.2007__#00-51-50_00-53-31_label_B2-0-0,True,,City.Of.Men.2007__#00-51-50_00-53-31_label_B2-0-0.mp4,B2-0-0,B2,shooting,0,10.583333,22.5,11.916667,City.Of.Men.2007__#00-51-50_00-53-31_label_B2-0-0__seg0000_10.583-22.500.wav,danger risk,1,clotho,a gun is fired and a man is speaking in the background,-1.354280948638916,Speech | Machine gun,0.6321 | 0.0007 | 0.0005 | 0.0009 | 0.0003,ok,
XD-Violence,City.Of.Men.2007__#00-51-50_00-53-31_label_B2-0-0,True,,City.Of.Men.2007__#00-51-50_00-53-31_label_B2-0-0.mp4,B2-0-0,B2,shooting,1,63.291667,64.375,1.083333,City.Of.Men.2007__#00-51-50_00-53-31_label_B2-0-0__seg0001_63.292-64.375.wav,danger risk,1,clotho,a gun is fired and a machine is firing,-1.990798592567444,,0.1209 | 0.0 | 0.0001 | 0.0002 | 0.0001,ok,
XD-Violence,City.Of.Men.2007__#00-57-37_00-58-27_label_B2-0-0,True,,City.Of.Men.2007__#00-57-37_00-58-27_label_B2-0-0.mp4,B2-0-0,B2,shooting,0,9.083333,11.666667,2.583333,City.Of.Men.2007__#00-57-37_00-58-27_label_B2-0-0__seg0000_9.083-11.667.wav,danger risk,1,clotho,glass bottles are broken and breaking as they are thrown into a metal container,-1.6592323780059814,Music,0.0945 | 0.0011 | 0.0001 | 0.0009 | 0.0003,ok,
XD-Violence,City.Of.Men.2007__#00-57-37_00-58-27_label_B2-0-0,True,,City.Of.Men.2007__#00-57-37_00-58-27_label_B2-0-0.mp4,B2-0-0,B2,shooting,1,36.791667,38.333333,1.541667,City.Of.Men.2007__#00-57-37_00-58-27_label_B2-0-0__seg0001_36.792-38.333.wav,danger risk,1,clotho,a machine gun is fired and a man is speaking,-1.739815592765808,Fusillade,0.1268 | 0.0004 | 0.0001 | 0.0007 | 0.0002,ok,
XD-Violence,City.Of.Men.2007__#01-17-27_01-17-59_label_B2-0-0,True,,City.Of.Men.2007__#01-17-27_01-17-59_label_B2-0-0.mp4,B2-0-0,B2,shooting,0,8.208333,16.416667,8.208333,City.Of.Men.2007__#01-17-27_01-17-59_label_B2-0-0__seg0000_8.208-16.417.wav,danger risk,1,clotho,a man is speaking while fireworks are exploding in the background,-1.0964040756225586,Speech | Fireworks,0.7633 | 0.0043 | 0.0007 | 0.0013 | 0.0016,ok,
XD-Violence,City.Of.Men.2007__#01-35-30_01-36-00_label_B2-0-0,True,,City.Of.Men.2007__#01-35-30_01-36-00_label_B2-0-0.mp4,B2-0-0,B2,shooting,0,5.625,11.041667,5.416667,City.Of.Men.2007__#01-35-30_01-36-00_label_B2-0-0__seg0000_5.625-11.042.wav,danger risk,1,clotho,a machine gun is firing and people are talking in the background,-1.4692593812942505,Speech | Machine gun,0.5549 | 0.0007 | 0.0002 | 0.0024 | 0.0002,ok,
XD-Violence,City.of.God.2002__#00-37-20_00-38-02_label_B5-0-0,True,,City.of.God.2002__#00-37-20_00-38-02_label_B5-0-0.mp4,B5-0-0,B5,abuse,0,22.083333,31.25,9.166667,City.of.God.2002__#00-37-20_00-38-02_label_B5-0-0__seg0000_22.083-31.250.wav,danger risk,1,clotho,a man is speaking while a metallic object is being moved across a hard surface,-1.0171022415161133,Speech | Music,0.5513 | 0.0024 | 0.0012 | 0.0016 | 0.0014,ok,
XD-Violence,City.of.God.2002__#00-40-16_00-41-30_label_B2-0-0,True,,City.of.God.2002__#00-40-16_00-41-30_label_B2-0-0.mp4,B2-0-0,B2,shooting,0,19.166667,20.416667,1.25,City.of.God.2002__#00-40-16_00-41-30_label_B2-0-0__seg0000_19.167-20.417.wav,danger risk,1,clotho,a gun is fired and gunshots and a gunshot is firing,-2.1330759525299072,,0.0266 | 0.0002 | 0.0001 | 0.0001 | 0.0,ok,
XD-Violence,City.of.God.2002__#00-40-16_00-41-30_label_B2-0-0,True,,City.of.God.2002__#00-40-16_00-41-30_label_B2-0-0.mp4,B2-0-0,B2,shooting,1,35.75,37.916667,2.166667,City.of.God.2002__#00-40-16_00-41-30_label_B2-0-0__seg0001_35.750-37.917.wav,danger risk,1,clotho,a gun is being fired and a person is shouting,-1.5834351778030396,,0.2109 | 0.0008 | 0.001 | 0.0008 | 0.0005,ok,
XD-Violence,City.of.God.2002__#00-40-16_00-41-30_label_B2-0-0,True,,City.of.God.2002__#00-40-16_00-41-30_label_B2-0-0.mp4,B2-0-0,B2,shooting,2,47.583333,55.416667,7.833333,City.of.God.2002__#00-40-16_00-41-30_label_B2-0-0__seg0002_47.583-55.417.wav,danger risk,1,clotho,a gun is fired and echoes in the distance,-1.1906983852386477,Speech,0.6027 | 0.0015 | 0.0004 | 0.0023 | 0.0007,ok,
XD-Violence,City.of.God.2002__#01-24-10_01-25-10_label_B2-0-0,True,,City.of.God.2002__#01-24-10_01-25-10_label_B2-0-0.mp4,B2-0-0,B2,shooting,0,14.166667,45.416667,31.25,City.of.God.2002__#01-24-10_01-25-10_label_B2-0-0__seg0000_14.167-45.417.wav,danger risk,1,clotho,a machine gun is fired and then a man is speaking,-1.392811894416809,Speech,0.4264 | 0.0006 | 0.0004 | 0.0018 | 0.0003,ok,
XD-Violence,City.of.God.2002__#01-52-20_01-54-32_label_B2-0-0,True,,City.of.God.2002__#01-52-20_01-54-32_label_B2-0-0.mp4,B2-0-0,B2,shooting,0,1.0,2.25,1.25,City.of.God.2002__#01-52-20_01-54-32_label_B2-0-0__seg0000_1.000-2.250.wav,danger risk,1,clotho,a gun is being fired and a machine is running,-1.9103889465332031,Music,0.092 | 0.0007 | 0.0003 | 0.0009 | 0.0002,ok,
XD-Violence,City.of.God.2002__#01-52-20_01-54-32_label_B2-0-0,True,,City.of.God.2002__#01-52-20_01-54-32_label_B2-0-0.mp4,B2-0-0,B2,shooting,1,24.375,25.458333,1.083333,City.of.God.2002__#01-52-20_01-54-32_label_B2-0-0__seg0001_24.375-25.458.wav,danger risk,1,clotho,a machine gun is being fired repeatedly and is being shot,-1.9674476385116575,Music,0.1077 | 0.0004 | 0.0001 | 0.0002 | 0.0001,ok,
XD-Violence,City.of.God.2002__#01-52-20_01-54-32_label_B2-0-0,True,,City.of.God.2002__#01-52-20_01-54-32_label_B2-0-0.mp4,B2-0-0,B2,shooting,2,120.5,131.958333,11.458333,City.of.God.2002__#01-52-20_01-54-32_label_B2-0-0__seg0002_120.500-131.958.wav,danger risk,1,clotho,a gun is fired and a man is speaking,-1.1717078685760498,Speech,0.5589 | 0.0012 | 0.0008 | 0.0036 | 0.0007,ok,
XD-Violence,Crank.Dircut.2006__#0-27-42_0-29-01_label_B1-0-0,True,,Crank.Dircut.2006__#0-27-42_0-29-01_label_B1-0-0.mp4,B1-0-0,B1,fighting,0,14.458333,18.541667,4.083333,Crank.Dircut.2006__#0-27-42_0-29-01_label_B1-0-0__seg0000_14.458-18.542.wav,danger risk,1,clotho,a man is speaking while a gun is being fired,-1.2407715320587158,"Speech | Music | Thump, thud",0.8427 | 0.0311 | 0.0021 | 0.0002 | 0.0019,ok,
XD-Violence,Crank.Dircut.2006__#0-27-42_0-29-01_label_B1-0-0,True,,Crank.Dircut.2006__#0-27-42_0-29-01_label_B1-0-0.mp4,B1-0-0,B1,fighting,1,23.333333,59.458333,36.125,Crank.Dircut.2006__#0-27-42_0-29-01_label_B1-0-0__seg0001_23.333-59.458.wav,danger risk,1,clotho,a man is speaking and then a gun is fired,-1.0684736967086792,Speech | Music,0.6752 | 0.0293 | 0.0023 | 0.0002 | 0.0017,ok,
XD-Violence,Crank.Dircut.2006__#0-27-42_0-29-01_label_B1-0-0,True,,Crank.Dircut.2006__#0-27-42_0-29-01_label_B1-0-0.mp4,B1-0-0,B1,fighting,2,78.583333,78.916667,0.333333,Crank.Dircut.2006__#0-27-42_0-29-01_label_B1-0-0__seg0002_78.583-78.917.wav,danger risk,1,clotho,a group of people are talking and playing a drum,-1.4653663635253906,Music,0.1009 | 0.0003 | 0.0001 | 0.0007 | 0.0001,ok,
XD-Violence,Deadpool.2.2018__#0-04-46_0-05-01_label_B2-0-0,True,,Deadpool.2.2018__#0-04-46_0-05-01_label_B2-0-0.mp4,B2-0-0,B2,shooting,0,4.708333,7.916667,3.208333,Deadpool.2.2018__#0-04-46_0-05-01_label_B2-0-0__seg0000_4.708-7.917.wav,danger risk,1,clotho,a machine gun is firing and a person is shooting a video game and a,-1.9564111232757568,Fusillade,0.1661 | 0.0004 | 0.0001 | 0.0012 | 0.0001,ok,
XD-Violence,Deadpool.2.2018__#0-04-46_0-05-01_label_B2-0-0,True,,Deadpool.2.2018__#0-04-46_0-05-01_label_B2-0-0.mp4,B2-0-0,B2,shooting,1,10.25,12.5,2.25,Deadpool.2.2018__#0-04-46_0-05-01_label_B2-0-0__seg0001_10.250-12.500.wav,danger risk,1,clotho,a man is speaking while a gun is fired,-1.3106276988983154,Speech | Music,0.3851 | 0.0007 | 0.0018 | 0.0015 | 0.0004,ok,
XD-Violence,Deadpool.2.2018__#0-50-30_0-51-20_label_B1-0-0,True,,Deadpool.2.2018__#0-50-30_0-51-20_label_B1-0-0.mp4,B1-0-0,B1,fighting,0,9.166667,13.333333,4.166667,Deadpool.2.2018__#0-50-30_0-51-20_label_B1-0-0__seg0000_9.167-13.333.wav,danger risk,1,clotho,a large group of people chant and cheer loudly,-1.389232516288757,,0.2996 | 0.0031 | 0.0002 | 0.0001 | 0.0002,ok,
XD-Violence,Deadpool.2.2018__#0-50-30_0-51-20_label_B1-0-0,True,,Deadpool.2.2018__#0-50-30_0-51-20_label_B1-0-0.mp4,B1-0-0,B1,fighting,1,22.833333,26.25,3.416667,Deadpool.2.2018__#0-50-30_0-51-20_label_B1-0-0__seg0001_22.833-26.250.wav,danger risk,1,clotho,a man is yelling while a gun is being fired,-1.3646944761276243,"Speech | Thump, thud",0.8349 | 0.0018 | 0.0003 | 0.0003 | 0.0005,ok,
XD-Violence,Deadpool.2.2018__#0-50-30_0-51-20_label_B1-0-0,True,,Deadpool.2.2018__#0-50-30_0-51-20_label_B1-0-0.mp4,B1-0-0,B1,fighting,2,34.875,46.875,12.0,Deadpool.2.2018__#0-50-30_0-51-20_label_B1-0-0__seg0002_34.875-46.875.wav,danger risk,1,clotho,a large group of people chant and whistle in the distance,-1.187695026397705,Speech | Music,0.4139 | 0.0007 | 0.0001 | 0.0001 | 0.0002,ok,
XD-Violence,Deadpool.2.2018__#01-03-09_01-03-54_label_B4-0-0,True,,Deadpool.2.2018__#01-03-09_01-03-54_label_B4-0-0.mp4,B4-0-0,B4,riot,0,16.25,25.333333,9.083333,Deadpool.2.2018__#01-03-09_01-03-54_label_B4-0-0__seg0000_16.250-25.333.wav,danger risk,1,clotho,a crowd of people are cheering and yelling,-1.2788755893707275,Speech | Crowd,0.3624 | 0.0028 | 0.0003 | 0.0002 | 0.0009,ok,
XD-Violence,Deadpool.2016__#0-18-58_0-19-20_label_B1-0-0,True,,Deadpool.2016__#0-18-58_0-19-20_label_B1-0-0.mp4,B1-0-0,B1,fighting,0,3.333333,5.416667,2.083333,Deadpool.2016__#0-18-58_0-19-20_label_B1-0-0__seg0000_3.333-5.417.wav,danger risk,1,clotho,a basketball is being bounced on a court and people are talking,-1.509033203125,Speech,0.4845 | 0.0006 | 0.0001 | 0.0005 | 0.0003,ok,
XD-Violence,Deadpool.2016__#0-18-58_0-19-20_label_B1-0-0,True,,Deadpool.2016__#0-18-58_0-19-20_label_B1-0-0.mp4,B1-0-0,B1,fighting,1,12.083333,21.25,9.166667,Deadpool.2016__#0-18-58_0-19-20_label_B1-0-0__seg0001_12.083-21.250.wav,danger risk,1,clotho,people are shouting and yelling while a gun is fired,-1.4834656715393066,"Speech | Music | Thump, thud",0.5421 | 0.0028 | 0.0006 | 0.001 | 0.0006,ok,
XD-Violence,Death.Proof.2007__#00-45-05_00-47-36_label_B5-0-0,True,,Death.Proof.2007__#00-45-05_00-47-36_label_B5-0-0.mp4,B5-0-0,B5,abuse,0,52.833333,66.666667,13.833333,Death.Proof.2007__#00-45-05_00-47-36_label_B5-0-0__seg0000_52.833-66.667.wav,danger risk,1,clotho,a car door is being opened and closed while a vehicle is racing by,-1.5438311100006104,Music | Vehicle | Car | Skidding,0.1096 | 0.0002 | 0.0001 | 0.0008 | 0.0,ok,
XD-Violence,Death.Proof.2007__#00-45-05_00-47-36_label_B5-0-0,True,,Death.Proof.2007__#00-45-05_00-47-36_label_B5-0-0.mp4,B5-0-0,B5,abuse,1,142.416667,143.75,1.333333,Death.Proof.2007__#00-45-05_00-47-36_label_B5-0-0__seg0001_142.417-143.750.wav,danger risk,1,clotho,a gun is being fired and a car is racing,-1.870825290679932,"Thump, thud",0.0272 | 0.0001 | 0.0001 | 0.0001 | 0.0,ok,
XD-Violence,Death.Proof.2007__#01-40-41_01-42-17_label_B5-B6-0,True,,Death.Proof.2007__#01-40-41_01-42-17_label_B5-B6-0.mp4,B5-B6-0,B5|B6,abuse|car accident,0,66.916667,69.416667,2.5,Death.Proof.2007__#01-40-41_01-42-17_label_B5-B6-0__seg0000_66.917-69.417.wav,danger risk,1,clotho,a gun is fired and then a car drives by,-1.4420593976974487,"Explosion | Burst, pop",0.0177 | 0.0001 | 0.0 | 0.0001 | 0.0,ok,
XD-Violence,Death.Proof.2007__#01-40-41_01-42-17_label_B5-B6-0,True,,Death.Proof.2007__#01-40-41_01-42-17_label_B5-B6-0.mp4,B5-B6-0,B5|B6,abuse|car accident,1,73.333333,86.25,12.916667,Death.Proof.2007__#01-40-41_01-42-17_label_B5-B6-0__seg0001_73.333-86.250.wav,danger risk,1,clotho,a car door is opening and closing as a man is speaking,-1.4472497701644895,Speech | Shatter,0.6215 | 0.0004 | 0.0003 | 0.0018 | 0.0001,ok,
XD-Violence,Desperado.1995__#00-16-48_00-18-52_label_B1-0-0,True,,Desperado.1995__#00-16-48_00-18-52_label_B1-0-0.mp4,B1-0-0,B1,fighting,0,1.666667,4.583333,2.916667,Desperado.1995__#00-16-48_00-18-52_label_B1-0-0__seg0000_1.667-4.583.wav,danger risk,1,clotho,a man is speaking and a crowd is cheering,-1.03030526638031,Speech,0.8933 | 0.0532 | 0.0018 | 0.0008 | 0.0105,ok,
XD-Violence,Desperado.1995__#00-16-48_00-18-52_label_B1-0-0,True,,Desperado.1995__#00-16-48_00-18-52_label_B1-0-0.mp4,B1-0-0,B1,fighting,1,6.666667,8.333333,1.666667,Desperado.1995__#00-16-48_00-18-52_label_B1-0-0__seg0001_6.667-8.333.wav,danger risk,1,clotho,a crowd of people are cheering and chanting,-1.2078092098236084,Speech,0.9036 | 0.0832 | 0.0015 | 0.0001 | 0.0191,ok,
XD-Violence,Desperado.1995__#00-16-48_00-18-52_label_B1-0-0,True,,Desperado.1995__#00-16-48_00-18-52_label_B1-0-0.mp4,B1-0-0,B1,fighting,2,32.75,33.541667,0.791667,Desperado.1995__#00-16-48_00-18-52_label_B1-0-0__seg0002_32.750-33.542.wav,danger risk,1,clotho,a gun is being fired and a person is screaming,-2.241360664367676,"Whack, thwack",0.0387 | 0.0001 | 0.0 | 0.0001 | 0.0,ok,
XD-Violence,Desperado.1995__#00-16-48_00-18-52_label_B1-0-0,True,,Desperado.1995__#00-16-48_00-18-52_label_B1-0-0.mp4,B1-0-0,B1,fighting,3,39.416667,84.583333,45.166667,Desperado.1995__#00-16-48_00-18-52_label_B1-0-0__seg0003_39.417-84.583.wav,danger risk,1,clotho,a man is yelling while a gun is fired and a crowd cheers,-1.3643951416015625,"Speech | Music | Whack, thwack",0.622 | 0.0057 | 0.0004 | 0.0002 | 0.0004,ok,
XD-Violence,Desperado.1995__#00-16-48_00-18-52_label_B1-0-0,True,,Desperado.1995__#00-16-48_00-18-52_label_B1-0-0.mp4,B1-0-0,B1,fighting,4,91.25,96.25,5.0,Desperado.1995__#00-16-48_00-18-52_label_B1-0-0__seg0004_91.250-96.250.wav,danger risk,1,clotho,a gun is fired and a man is shouting while a crowd of people are,-1.4590466022491455,Speech | Music | Boom,0.4303 | 0.0015 | 0.0001 | 0.0027 | 0.0002,ok,
XD-Violence,Desperado.1995__#00-38-36_00-39-21_label_B1-B2-0,True,,Desperado.1995__#00-38-36_00-39-21_label_B1-B2-0.mp4,B1-B2-0,B1|B2,fighting|shooting,0,13.541667,14.583333,1.041667,Desperado.1995__#00-38-36_00-39-21_label_B1-B2-0__seg0000_13.542-14.583.wav,danger risk,1,clotho,a gun is fired and a man is speaking,-1.4087129831314087,Speech,0.4257 | 0.0002 | 0.0009 | 0.0004 | 0.0002,ok,
XD-Violence,Desperado.1995__#00-38-36_00-39-21_label_B1-B2-0,True,,Desperado.1995__#00-38-36_00-39-21_label_B1-B2-0.mp4,B1-B2-0,B1|B2,fighting|shooting,1,15.875,20.75,4.875,Desperado.1995__#00-38-36_00-39-21_label_B1-B2-0__seg0001_15.875-20.750.wav,danger risk,1,clotho,a person is walking through a large open window and then a man speaks to,-1.5864990949630735,Music,0.0849 | 0.0035 | 0.0011 | 0.0 | 0.0001,ok,
XD-Violence,Desperado.1995__#00-38-36_00-39-21_label_B1-B2-0,True,,Desperado.1995__#00-38-36_00-39-21_label_B1-B2-0.mp4,B1-B2-0,B1|B2,fighting|shooting,2,22.125,23.75,1.625,Desperado.1995__#00-38-36_00-39-21_label_B1-B2-0__seg0002_22.125-23.750.wav,danger risk,1,clotho,a large metal object is being thrown into a pile,-1.4231953620910645,Music,0.076 | 0.0017 | 0.001 | 0.0001 | 0.0001,ok,
XD-Violence,Desperado.1995__#00-38-36_00-39-21_label_B1-B2-0,True,,Desperado.1995__#00-38-36_00-39-21_label_B1-B2-0.mp4,B1-B2-0,B1|B2,fighting|shooting,3,24.166667,29.166667,5.0,Desperado.1995__#00-38-36_00-39-21_label_B1-B2-0__seg0003_24.167-29.167.wav,danger risk,1,clotho,a person is playing video game sounds and then a door opens and closes,-1.503374695777893,Music,0.0597 | 0.0019 | 0.0009 | 0.0007 | 0.0001,ok,
XD-Violence,Desperado.1995__#01-14-11_01-17-28_label_B2-G-0,True,,Desperado.1995__#01-14-11_01-17-28_label_B2-G-0.mp4,B2-G-0,B2|G,shooting|explosion,0,34.916667,54.166667,19.25,Desperado.1995__#01-14-11_01-17-28_label_B2-G-0__seg0000_34.917-54.167.wav,danger risk,1,clotho,a machine gun is being fired repeatedly while a video game is being played,-1.42923903465271,Music | Fusillade,0.0393 | 0.0004 | 0.0005 | 0.0003 | 0.0003,ok,
XD-Violence,Desperado.1995__#01-14-11_01-17-28_label_B2-G-0,True,,Desperado.1995__#01-14-11_01-17-28_label_B2-G-0.mp4,B2-G-0,B2|G,shooting|explosion,1,110.0,120.833333,10.833333,Desperado.1995__#01-14-11_01-17-28_label_B2-G-0__seg0001_110.000-120.833.wav,danger risk,1,clotho,a gun is fired and a man is speaking,-1.3037172555923462,Speech | Music | Fusillade | Boom,0.342 | 0.0005 | 0.0013 | 0.0011 | 0.0003,ok,
XD-Violence,Desperado.1995__#01-14-11_01-17-28_label_B2-G-0,True,,Desperado.1995__#01-14-11_01-17-28_label_B2-G-0.mp4,B2-G-0,B2|G,shooting|explosion,2,123.208333,125.625,2.416667,Desperado.1995__#01-14-11_01-17-28_label_B2-G-0__seg0002_123.208-125.625.wav,danger risk,1,clotho,a gun is fired and then a loud explosion is followed by explosions,-1.7039263248443604,Music | Boom,0.0828 | 0.0002 | 0.0001 | 0.0005 | 0.0,ok,
XD-Violence,Desperado.1995__#01-14-11_01-17-28_label_B2-G-0,True,,Desperado.1995__#01-14-11_01-17-28_label_B2-G-0.mp4,B2-G-0,B2|G,shooting|explosion,3,137.916667,139.166667,1.25,Desperado.1995__#01-14-11_01-17-28_label_B2-G-0__seg0003_137.917-139.167.wav,danger risk,1,clotho,a gun is fired and a machine is running,-1.5030077695846558,Fusillade,0.0901 | 0.0004 | 0.0008 | 0.0009 | 0.0002,ok,
XD-Violence,Desperado.1995__#01-14-11_01-17-28_label_B2-G-0,True,,Desperado.1995__#01-14-11_01-17-28_label_B2-G-0.mp4,B2-G-0,B2|G,shooting|explosion,4,156.666667,178.75,22.083333,Desperado.1995__#01-14-11_01-17-28_label_B2-G-0__seg0004_156.667-178.750.wav,danger risk,1,clotho,a gun is fired repeatedly and a machine is running,-1.4493533372879028,"Music | Gunshot, gunfire | Machine gun | Fusillade",0.0465 | 0.0004 | 0.0003 | 0.0012 | 0.0002,ok,
XD-Violence,Desperado.1995__#01-14-11_01-17-28_label_B2-G-0,True,,Desperado.1995__#01-14-11_01-17-28_label_B2-G-0.mp4,B2-G-0,B2|G,shooting|explosion,5,186.583333,191.666667,5.083333,Desperado.1995__#01-14-11_01-17-28_label_B2-G-0__seg0005_186.583-191.667.wav,danger risk,1,clotho,a large explosions is going off and then a loud explosion is followed by a,-1.821096897125244,Music | Explosion | Eruption | Boom,0.0348 | 0.0002 | 0.0001 | 0.0004 | 0.0,ok,
XD-Violence,Election.2005__#00-47-57_00-50-54_label_B5-0-0,True,,Election.2005__#00-47-57_00-50-54_label_B5-0-0.mp4,B5-0-0,B5,abuse,0,7.083333,20.0,12.916667,Election.2005__#00-47-57_00-50-54_label_B5-0-0__seg0000_7.083-20.000.wav,danger risk,1,clotho,a man is speaking and then a person is breathing,-1.2887040376663208,Speech,0.4036 | 0.0095 | 0.0007 | 0.001 | 0.0003,ok,
XD-Violence,Election.2005__#00-47-57_00-50-54_label_B5-0-0,True,,Election.2005__#00-47-57_00-50-54_label_B5-0-0.mp4,B5-0-0,B5,abuse,1,50.791667,67.5,16.708333,Election.2005__#00-47-57_00-50-54_label_B5-0-0__seg0001_50.792-67.500.wav,danger risk,1,clotho,a man is speaking and then a door is opened and closed,-1.0893526077270508,"Speech | Walk, footsteps",0.5064 | 0.0008 | 0.0008 | 0.0005 | 0.0002,ok,
XD-Violence,Election.2005__#00-47-57_00-50-54_label_B5-0-0,True,,Election.2005__#00-47-57_00-50-54_label_B5-0-0.mp4,B5-0-0,B5,abuse,2,85.958333,89.583333,3.625,Election.2005__#00-47-57_00-50-54_label_B5-0-0__seg0002_85.958-89.583.wav,danger risk,1,clotho,a man is speaking and then a gun is fired,-1.1184486150741575,"Speech | Walk, footsteps",0.4735 | 0.0015 | 0.0002 | 0.0001 | 0.0,ok,
XD-Violence,Fast.Five.2011__#00-01-41_00-01-57_label_B6-0-0,True,,Fast.Five.2011__#00-01-41_00-01-57_label_B6-0-0.mp4,B6-0-0,B6,car accident,0,2.916667,12.916667,10.0,Fast.Five.2011__#00-01-41_00-01-57_label_B6-0-0__seg0000_2.917-12.917.wav,danger risk,1,clotho,a machine gun is being fired and a car is driving by,-1.8501282930374143,Music,0.055 | 0.0002 | 0.0001 | 0.0003 | 0.0001,ok,
XD-Violence,Fast.Five.2011__#00-32-05_00-32-24_label_B1-B2-0,True,,Fast.Five.2011__#00-32-05_00-32-24_label_B1-B2-0.mp4,B1-B2-0,B1|B2,fighting|shooting,0,4.333333,6.458333,2.125,Fast.Five.2011__#00-32-05_00-32-24_label_B1-B2-0__seg0000_4.333-6.458.wav,danger risk,1,clotho,a machine gun is firing and gunfire is fired and a video game sound is,-1.9530590772628784,Fusillade,0.0539 | 0.0002 | 0.0001 | 0.0007 | 0.0001,ok,
XD-Violence,Fast.Five.2011__#00-32-05_00-32-24_label_B1-B2-0,True,,Fast.Five.2011__#00-32-05_00-32-24_label_B1-B2-0.mp4,B1-B2-0,B1|B2,fighting|shooting,1,8.083333,15.0,6.916667,Fast.Five.2011__#00-32-05_00-32-24_label_B1-B2-0__seg0001_8.083-15.000.wav,danger risk,1,clotho,a machine gun is fired and a man is speaking,-1.5558998584747314,Music | Boom,0.282 | 0.0006 | 0.0005 | 0.0006 | 0.0002,ok,
XD-Violence,Fast.Five.2011__#00-32-56_00-33-26_label_B2-0-0,True,,Fast.Five.2011__#00-32-56_00-33-26_label_B2-0-0.mp4,B2-0-0,B2,shooting,0,6.458333,12.5,6.041667,Fast.Five.2011__#00-32-56_00-33-26_label_B2-0-0__seg0000_6.458-12.500.wav,danger risk,1,clotho,a machine gun is firing and a man is speaking,-1.3806657791137695,Speech | Fusillade,0.6748 | 0.0008 | 0.0005 | 0.0085 | 0.0004,ok,
XD-Violence,Fast.Five.2011__#00-32-56_00-33-26_label_B2-0-0,True,,Fast.Five.2011__#00-32-56_00-33-26_label_B2-0-0.mp4,B2-0-0,B2,shooting,1,18.75,28.583333,9.833333,Fast.Five.2011__#00-32-56_00-33-26_label_B2-0-0__seg0001_18.750-28.583.wav,danger risk,1,clotho,a gun is fired and a person is firing a machine guns,-1.4636470079421997,Machine gun | Fusillade,0.243 | 0.0007 | 0.0003 | 0.0021 | 0.0002,ok,
XD-Violence,Fast.Five.2011__#01-29-27_01-32-05_label_B1-0-0,True,,Fast.Five.2011__#01-29-27_01-32-05_label_B1-0-0.mp4,B1-0-0,B1,fighting,0,4.583333,64.583333,60.0,Fast.Five.2011__#01-29-27_01-32-05_label_B1-0-0__seg0000_4.583-64.583.wav,danger risk,1,clotho,a gun is fired and a man is speaking,-1.5715467929840088,"Speech | Music | Thump, thud",0.4766 | 0.0011 | 0.0005 | 0.0011 | 0.0004,ok,
XD-Violence,Fast.Five.2011__#01-29-27_01-32-05_label_B1-0-0,True,,Fast.Five.2011__#01-29-27_01-32-05_label_B1-0-0.mp4,B1-0-0,B1,fighting,1,64.583333,122.25,57.666667,Fast.Five.2011__#01-29-27_01-32-05_label_B1-0-0__seg0001_64.583-122.250.wav,danger risk,1,clotho,a man is yelling and then a gun is fired,-1.5141021013259888,"Speech | Music | Thump, thud",0.7558 | 0.002 | 0.0009 | 0.0009 | 0.0007,ok,
XD-Violence,Fast.Furious.2009__#00-21-06_00-21-57_label_B6-B2-0,True,,Fast.Furious.2009__#00-21-06_00-21-57_label_B6-B2-0.mp4,B6-B2-0,B6|B2,car accident|shooting,0,7.083333,24.958333,17.875,Fast.Furious.2009__#00-21-06_00-21-57_label_B6-B2-0__seg0000_7.083-24.958.wav,danger risk,1,clotho,music is playing and a gun is fired and then a car drives by,-1.5283266305923462,Music,0.0279 | 0.001 | 0.0005 | 0.0001 | 0.0004,ok,
XD-Violence,Fast.Furious.2009__#00-21-06_00-21-57_label_B6-B2-0,True,,Fast.Furious.2009__#00-21-06_00-21-57_label_B6-B2-0.mp4,B6-B2-0,B6|B2,car accident|shooting,1,48.75,49.75,1.0,Fast.Furious.2009__#00-21-06_00-21-57_label_B6-B2-0__seg0001_48.750-49.750.wav,danger risk,1,clotho,a gun is fired and a machine is firing,-1.8502871990203855,Fusillade,0.0327 | 0.0002 | 0.0001 | 0.0002 | 0.0,ok,
XD-Violence,Fast.Furious.2009__#00-25-59_00-26-25_label_B1-0-0,True,,Fast.Furious.2009__#00-25-59_00-26-25_label_B1-0-0.mp4,B1-0-0,B1,fighting,0,10.0,25.916667,15.916667,Fast.Furious.2009__#00-25-59_00-26-25_label_B1-0-0__seg0000_10.000-25.917.wav,danger risk,1,clotho,a man is speaking and then a door is opened and closed,-1.2476153373718262,Speech | Music | Shatter,0.9151 | 0.003 | 0.0013 | 0.0031 | 0.0015,ok,
XD-Violence,Fast.Furious.2009__#00-42-10_00-42-41_label_B6-0-0,True,,Fast.Furious.2009__#00-42-10_00-42-41_label_B6-0-0.mp4,B6-0-0,B6,car accident,0,1.458333,30.291667,28.833333,Fast.Furious.2009__#00-42-10_00-42-41_label_B6-0-0__seg0000_1.458-30.292.wav,danger risk,1,clotho,a car accelerates and a man speaks while a video game is being played,-1.491870999336243,Speech | Music | Vehicle | Car | Skidding,0.5683 | 0.0003 | 0.0003 | 0.0006 | 0.0002,ok,
XD-Violence,Fast.Furious.2009__#01-18-00_01-19-00_label_B2-B6-0,True,,Fast.Furious.2009__#01-18-00_01-19-00_label_B2-B6-0.mp4,B2-B6-0,B2|B6,shooting|car accident,0,28.791667,44.916667,16.125,Fast.Furious.2009__#01-18-00_01-19-00_label_B2-B6-0__seg0000_28.792-44.917.wav,danger risk,1,clotho,a machine gun is fired and a man is speaking,-1.354748249053955,Speech | Music | Fusillade,0.7383 | 0.0006 | 0.0002 | 0.0034 | 0.0002,ok,
XD-Violence,Fast.Furious.2009__#01-18-00_01-19-00_label_B2-B6-0,True,,Fast.Furious.2009__#01-18-00_01-19-00_label_B2-B6-0.mp4,B2-B6-0,B2|B6,shooting|car accident,1,47.708333,55.125,7.416667,Fast.Furious.2009__#01-18-00_01-19-00_label_B2-B6-0__seg0001_47.708-55.125.wav,danger risk,1,clotho,a man is speaking while a car is racing by,-1.3207415342330933,Speech | Music | Vehicle,0.6504 | 0.0008 | 0.0002 | 0.0005 | 0.0001,ok,
XD-Violence,Fast.Furious.2009__#01-29-10_01-29-55_label_B2-0-0,True,,Fast.Furious.2009__#01-29-10_01-29-55_label_B2-0-0.mp4,B2-0-0,B2,shooting,0,36.541667,44.083333,7.541667,Fast.Furious.2009__#01-29-10_01-29-55_label_B2-0-0__seg0000_36.542-44.083.wav,danger risk,1,clotho,a man is speaking while a machine gun is firing,-1.2053778171539309,Speech | Fusillade | Boom,0.7024 | 0.0005 | 0.0001 | 0.0017 | 0.0001,ok,
XD-Violence,Fast.Furious.6.2013__#00-45-40_00-47-13_label_B2-0-0,True,,Fast.Furious.6.2013__#00-45-40_00-47-13_label_B2-0-0.mp4,B2-0-0,B2,shooting,0,6.666667,12.291667,5.625,Fast.Furious.6.2013__#00-45-40_00-47-13_label_B2-0-0__seg0000_6.667-12.292.wav,danger risk,1,clotho,a machine gun is fired and a man is speaking,-1.2074402570724487,Speech | Music,0.6795 | 0.0016 | 0.0006 | 0.0004 | 0.0007,ok,
XD-Violence,Fast.Furious.6.2013__#00-45-40_00-47-13_label_B2-0-0,True,,Fast.Furious.6.2013__#00-45-40_00-47-13_label_B2-0-0.mp4,B2-0-0,B2,shooting,1,17.708333,24.166667,6.458333,Fast.Furious.6.2013__#00-45-40_00-47-13_label_B2-0-0__seg0001_17.708-24.167.wav,danger risk,1,clotho,a video game is being played with a machine gun shots in the background,-1.4392131567001345,Music,0.1181 | 0.0003 | 0.0004 | 0.0003 | 0.0002,ok,
XD-Violence,Fast.Furious.6.2013__#00-45-40_00-47-13_label_B2-0-0,True,,Fast.Furious.6.2013__#00-45-40_00-47-13_label_B2-0-0.mp4,B2-0-0,B2,shooting,2,29.166667,37.083333,7.916667,Fast.Furious.6.2013__#00-45-40_00-47-13_label_B2-0-0__seg0002_29.167-37.083.wav,danger risk,1,clotho,a machine gun is fired and a person is firing a video game,-1.546820878982544,Music | Fusillade,0.1832 | 0.0002 | 0.0002 | 0.0006 | 0.0003,ok,
XD-Violence,Fast.Furious.6.2013__#00-45-40_00-47-13_label_B2-0-0,True,,Fast.Furious.6.2013__#00-45-40_00-47-13_label_B2-0-0.mp4,B2-0-0,B2,shooting,3,41.041667,43.25,2.208333,Fast.Furious.6.2013__#00-45-40_00-47-13_label_B2-0-0__seg0003_41.042-43.250.wav,danger risk,1,clotho,a machine gun is firing and a video game is being shot and a person,-2.027737617492676,Fusillade,0.1512 | 0.0003 | 0.0001 | 0.0007 | 0.0002,ok,
XD-Violence,Fast.Furious.6.2013__#00-45-40_00-47-13_label_B2-0-0,True,,Fast.Furious.6.2013__#00-45-40_00-47-13_label_B2-0-0.mp4,B2-0-0,B2,shooting,4,49.166667,53.333333,4.166667,Fast.Furious.6.2013__#00-45-40_00-47-13_label_B2-0-0__seg0004_49.167-53.333.wav,danger risk,1,clotho,a machine gun is being fired and a person is firing a video game,-1.5696940422058103,Music,0.1845 | 0.0005 | 0.0004 | 0.001 | 0.0004,ok,
XD-Violence,Fast.Furious.6.2013__#00-45-40_00-47-13_label_B2-0-0,True,,Fast.Furious.6.2013__#00-45-40_00-47-13_label_B2-0-0.mp4,B2-0-0,B2,shooting,5,84.583333,91.25,6.666667,Fast.Furious.6.2013__#00-45-40_00-47-13_label_B2-0-0__seg0005_84.583-91.250.wav,danger risk,1,clotho,a video game is being played with a machine gun and a car drives by,-1.5003129243850708,Music | Fusillade,0.0959 | 0.0003 | 0.0002 | 0.0003 | 0.0001,ok,
XD-Violence,Fast.Furious.6.2013__#01-03-25_01-04-59_label_B1-0-0,True,,Fast.Furious.6.2013__#01-03-25_01-04-59_label_B1-0-0.mp4,B1-0-0,B1,fighting,0,19.166667,61.25,42.083333,Fast.Furious.6.2013__#01-03-25_01-04-59_label_B1-0-0__seg0000_19.167-61.250.wav,danger risk,1,clotho,a person is playing video game sounds and a gun is firing,-1.5211505889892578,"Speech | Music | Boom | Thump, thud",0.3386 | 0.0005 | 0.0004 | 0.0007 | 0.0003,ok,
XD-Violence,Fast.Furious.6.2013__#01-03-25_01-04-59_label_B1-0-0,True,,Fast.Furious.6.2013__#01-03-25_01-04-59_label_B1-0-0.mp4,B1-0-0,B1,fighting,1,64.583333,88.333333,23.75,Fast.Furious.6.2013__#01-03-25_01-04-59_label_B1-0-0__seg0001_64.583-88.333.wav,danger risk,1,clotho,a man is speaking and then a door is opened and closed,-0.9170469045639038,"Speech | Music | Thump, thud",0.8608 | 0.0302 | 0.0011 | 0.0001 | 0.0022,ok,
XD-Violence,Fast.Furious.6.2013__#01-38-33_01-39-20_label_B1-0-0,True,,Fast.Furious.6.2013__#01-38-33_01-39-20_label_B1-0-0.mp4,B1-0-0,B1,fighting,0,5.833333,7.083333,1.25,Fast.Furious.6.2013__#01-38-33_01-39-20_label_B1-0-0__seg0000_5.833-7.083.wav,danger risk,1,clotho,a large group of people are shouting and yelling,-1.4860570430755615,Music,0.1079 | 0.0005 | 0.0003 | 0.0002 | 0.0001,ok,
XD-Violence,Fast.Furious.6.2013__#01-38-33_01-39-20_label_B1-0-0,True,,Fast.Furious.6.2013__#01-38-33_01-39-20_label_B1-0-0.mp4,B1-0-0,B1,fighting,1,15.25,20.416667,5.166667,Fast.Furious.6.2013__#01-38-33_01-39-20_label_B1-0-0__seg0001_15.250-20.417.wav,danger risk,1,clotho,a man is speaking while a gun is fired in the background,-1.144381403923035,"Speech | Music | Thump, thud",0.3963 | 0.0056 | 0.001 | 0.0002 | 0.0018,ok,
XD-Violence,Fury.2014__#00-07-30_00-07-58_label_G-0-0,True,,Fury.2014__#00-07-30_00-07-58_label_G-0-0.mp4,G-0-0,G,explosion,0,5.208333,7.5,2.291667,Fury.2014__#00-07-30_00-07-58_label_G-0-0__seg0000_5.208-7.500.wav,danger risk,1,clotho,a gun is being fired repeatedly and is shot into the distance,-1.5103344917297363,Boom,0.0086 | 0.0002 | 0.0002 | 0.0003 | 0.0002,ok,
XD-Violence,Fury.2014__#00-07-30_00-07-58_label_G-0-0,True,,Fury.2014__#00-07-30_00-07-58_label_G-0-0.mp4,G-0-0,G,explosion,1,17.375,20.416667,3.041667,Fury.2014__#00-07-30_00-07-58_label_G-0-0__seg0001_17.375-20.417.wav,danger risk,1,clotho,a gun is fired and then a person is walking on a hard surface,-1.3542346954345703,Music | Boom,0.0223 | 0.0001 | 0.0001 | 0.0004 | 0.0001,ok,
XD-Violence,Fury.2014__#00-39-36_00-40-44_label_B1-B2-0,True,,Fury.2014__#00-39-36_00-40-44_label_B1-B2-0.mp4,B1-B2-0,B1|B2,fighting|shooting,0,3.25,59.333333,56.083333,Fury.2014__#00-39-36_00-40-44_label_B1-B2-0__seg0000_3.250-59.333.wav,danger risk,1,clotho,a man is speaking and then a gun is fired,-0.8760141134262085,Speech,0.7346 | 0.0127 | 0.0007 | 0.0003 | 0.0067,ok,
XD-Violence,Fury.2014__#00-39-36_00-40-44_label_B1-B2-0,True,,Fury.2014__#00-39-36_00-40-44_label_B1-B2-0.mp4,B1-B2-0,B1|B2,fighting|shooting,1,64.583333,65.625,1.041667,Fury.2014__#00-39-36_00-40-44_label_B1-B2-0__seg0001_64.583-65.625.wav,danger risk,1,clotho,a man is shouting and yelling while another person screams in the background,-1.4039126634597778,,0.2741 | 0.0016 | 0.0002 | 0.0001 | 0.0001,ok,
XD-Violence,Gladiator.2000__#01-10-27_01-11-59_label_B1-0-0,True,,Gladiator.2000__#01-10-27_01-11-59_label_B1-0-0.mp4,B1-0-0,B1,fighting,0,31.041667,69.291667,38.25,Gladiator.2000__#01-10-27_01-11-59_label_B1-0-0__seg0000_31.042-69.292.wav,danger risk,1,clotho,a large group of people are yelling and screaming,-1.542699098587036,"Music | Thump, thud",0.1135 | 0.0012 | 0.0004 | 0.0001 | 0.0003,ok,
XD-Violence,God.Bless.America.2011__#00-12-40_00-13-12_label_B2-0-0,True,,God.Bless.America.2011__#00-12-40_00-13-12_label_B2-0-0.mp4,B2-0-0,B2,shooting,0,5.083333,13.416667,8.333333,God.Bless.America.2011__#00-12-40_00-13-12_label_B2-0-0__seg0000_5.083-13.417.wav,danger risk,1,clotho,a gun is fired and a man is speaking,-1.240767240524292,Speech | Thunk,0.5473 | 0.0047 | 0.0008 | 0.0013 | 0.0003,ok,
XD-Violence,God.Bless.America.2011__#00-38-25_00-39-37_label_B2-B5-0,True,,God.Bless.America.2011__#00-38-25_00-39-37_label_B2-B5-0.mp4,B2-B5-0,B2|B5,shooting|abuse,0,4.583333,6.666667,2.083333,God.Bless.America.2011__#00-38-25_00-39-37_label_B2-B5-0__seg0000_4.583-6.667.wav,danger risk,1,clotho,a person is screaming loudly and then screams in the background,-1.863653540611267,"Speech | Inside, small room",0.7851 | 0.001 | 0.0013 | 0.0032 | 0.0002,ok,
XD-Violence,God.Bless.America.2011__#00-38-25_00-39-37_label_B2-B5-0,True,,God.Bless.America.2011__#00-38-25_00-39-37_label_B2-B5-0.mp4,B2-B5-0,B2|B5,shooting|abuse,1,12.5,23.333333,10.833333,God.Bless.America.2011__#00-38-25_00-39-37_label_B2-B5-0__seg0001_12.500-23.333.wav,danger risk,1,clotho,a person is playing a musical instrument while a door is opening and closing,-1.257618427276611,Music,0.1694 | 0.0005 | 0.0007 | 0.0049 | 0.0003,ok,
XD-Violence,God.Bless.America.2011__#00-38-25_00-39-37_label_B2-B5-0,True,,God.Bless.America.2011__#00-38-25_00-39-37_label_B2-B5-0.mp4,B2-B5-0,B2|B5,shooting|abuse,2,33.75,47.916667,14.166667,God.Bless.America.2011__#00-38-25_00-39-37_label_B2-B5-0__seg0002_33.750-47.917.wav,danger risk,1,clotho,a dog is barking and a person is walking in the background,-1.1402617692947388,Music,0.0632 | 0.0006 | 0.0002 | 0.0043 | 0.0002,ok,
XD-Violence,God.Bless.America.2011__#01-32-00_01-32-50_label_B2-0-0,True,,God.Bless.America.2011__#01-32-00_01-32-50_label_B2-0-0.mp4,B2-0-0,B2,shooting,0,5.083333,7.5,2.416667,God.Bless.America.2011__#01-32-00_01-32-50_label_B2-0-0__seg0000_5.083-7.500.wav,danger risk,1,clotho,a door is being opened and closed and a person screams,-1.6443567276000977,Speech,0.9114 | 0.0008 | 0.0009 | 0.0028 | 0.0004,ok,
XD-Violence,GoldenEye.1995__#00-10-00_00-10-40_label_G-0-0,True,,GoldenEye.1995__#00-10-00_00-10-40_label_G-0-0.mp4,G-0-0,G,explosion,0,25.875,38.333333,12.458333,GoldenEye.1995__#00-10-00_00-10-40_label_G-0-0__seg0000_25.875-38.333.wav,danger risk,1,clotho,a plane is flying overhead and getting louder as it passes by,-1.2658085823059082,"Music | Vehicle | Aircraft | Fixed-wing aircraft, airplane | Eruption",0.1154 | 0.0003 | 0.0 | 0.0006 | 0.0,ok,
XD-Violence,GoldenEye.1995__#00-24-53_00-25-06_label_B1-0-0,True,,GoldenEye.1995__#00-24-53_00-25-06_label_B1-0-0.mp4,B1-0-0,B1,fighting,0,3.125,11.25,8.125,GoldenEye.1995__#00-24-53_00-25-06_label_B1-0-0__seg0000_3.125-11.250.wav,danger risk,1,clotho,a person is playing video game sounds and a gun is fired,-1.5393704175949097,"Music | Thump, thud",0.2363 | 0.0008 | 0.0005 | 0.0008 | 0.0004,ok,
XD-Violence,GoldenEye.1995__#01-17-05_01-19-57_label_B2-B1-0,True,,GoldenEye.1995__#01-17-05_01-19-57_label_B2-B1-0.mp4,B2-B1-0,B2|B1,shooting|fighting,0,9.666667,10.833333,1.166667,GoldenEye.1995__#01-17-05_01-19-57_label_B2-B1-0__seg0000_9.667-10.833.wav,danger risk,1,clotho,a loud banging is followed by a gun firing,-1.7404617071151731,,0.1897 | 0.0001 | 0.0 | 0.0007 | 0.0,ok,
XD-Violence,GoldenEye.1995__#01-17-05_01-19-57_label_B2-B1-0,True,,GoldenEye.1995__#01-17-05_01-19-57_label_B2-B1-0.mp4,B2-B1-0,B2|B1,shooting|fighting,1,30.333333,41.25,10.916667,GoldenEye.1995__#01-17-05_01-19-57_label_B2-B1-0__seg0001_30.333-41.250.wav,danger risk,1,clotho,a gun is fired and a man is speaking,-1.5688382387161257,Music | Fusillade,0.1828 | 0.0006 | 0.0003 | 0.0009 | 0.0004,ok,
XD-Violence,GoldenEye.1995__#01-17-05_01-19-57_label_B2-B1-0,True,,GoldenEye.1995__#01-17-05_01-19-57_label_B2-B1-0.mp4,B2-B1-0,B2|B1,shooting|fighting,2,50.0,66.291667,16.291667,GoldenEye.1995__#01-17-05_01-19-57_label_B2-B1-0__seg0002_50.000-66.292.wav,danger risk,1,clotho,a video game is being played with a machine gun shots and a man is,-1.596273422241211,Music,0.2984 | 0.0005 | 0.0001 | 0.0011 | 0.0001,ok,
XD-Violence,GoldenEye.1995__#01-17-05_01-19-57_label_B2-B1-0,True,,GoldenEye.1995__#01-17-05_01-19-57_label_B2-B1-0.mp4,B2-B1-0,B2|B1,shooting|fighting,3,70.833333,73.541667,2.708333,GoldenEye.1995__#01-17-05_01-19-57_label_B2-B1-0__seg0003_70.833-73.542.wav,danger risk,1,clotho,a machine gun is firing and a video game is being shot and a man,-2.02822208404541,Music | Fusillade,0.1016 | 0.0002 | 0.0001 | 0.0006 | 0.0001,ok,
XD-Violence,GoldenEye.1995__#01-17-05_01-19-57_label_B2-B1-0,True,,GoldenEye.1995__#01-17-05_01-19-57_label_B2-B1-0.mp4,B2-B1-0,B2|B1,shooting|fighting,4,123.291667,141.75,18.458333,GoldenEye.1995__#01-17-05_01-19-57_label_B2-B1-0__seg0004_123.292-141.750.wav,danger risk,1,clotho,a machine gun is firing and a video game sound is being played,-1.4831886291503906,Music | Fusillade,0.075 | 0.0004 | 0.0002 | 0.0007 | 0.0001,ok,
XD-Violence,GoldenEye.1995__#01-17-05_01-19-57_label_B2-B1-0,True,,GoldenEye.1995__#01-17-05_01-19-57_label_B2-B1-0.mp4,B2-B1-0,B2|B1,shooting|fighting,5,151.291667,157.041667,5.75,GoldenEye.1995__#01-17-05_01-19-57_label_B2-B1-0__seg0005_151.292-157.042.wav,danger risk,1,clotho,a machine gun is firing and a video game sound is being played,-1.5328456163406372,Music | Fusillade,0.1234 | 0.0002 | 0.0001 | 0.0009 | 0.0001,ok,
XD-Violence,GoldenEye.1995__#01-17-05_01-19-57_label_B2-B1-0,True,,GoldenEye.1995__#01-17-05_01-19-57_label_B2-B1-0.mp4,B2-B1-0,B2|B1,shooting|fighting,6,166.458333,171.75,5.291667,GoldenEye.1995__#01-17-05_01-19-57_label_B2-B1-0__seg0006_166.458-171.750.wav,danger risk,1,clotho,a video game sound is being played with a loud explosion,-1.617625117301941,Music,0.0325 | 0.0008 | 0.0002 | 0.0002 | 0.0,ok,
XD-Violence,GoldenEye.1995__#02-02-15_02-02-47_label_B1-0-0,True,,GoldenEye.1995__#02-02-15_02-02-47_label_B1-0-0.mp4,B1-0-0,B1,fighting,0,4.166667,12.916667,8.75,GoldenEye.1995__#02-02-15_02-02-47_label_B1-0-0__seg0000_4.167-12.917.wav,danger risk,1,clotho,a man is grunting and groaning in a video game,-1.291659593582153,Groan,0.1833 | 0.0006 | 0.0001 | 0.0007 | 0.0002,ok,
XD-Violence,GoldenEye.1995__#02-02-15_02-02-47_label_B1-0-0,True,,GoldenEye.1995__#02-02-15_02-02-47_label_B1-0-0.mp4,B1-0-0,B1,fighting,1,15.833333,28.75,12.916667,GoldenEye.1995__#02-02-15_02-02-47_label_B1-0-0__seg0001_15.833-28.750.wav,danger risk,1,clotho,a man is speaking while a video game is being played in the background,-1.1429400444030762,Speech | Music | Boom,0.5535 | 0.0025 | 0.0001 | 0.0013 | 0.0001,ok,
XD-Violence,GoldenEye.1995__#02-03-40_02-04-13_label_G-0-0,True,,GoldenEye.1995__#02-03-40_02-04-13_label_G-0-0.mp4,G-0-0,G,explosion,0,2.666667,32.375,29.708333,GoldenEye.1995__#02-03-40_02-04-13_label_G-0-0__seg0000_2.667-32.375.wav,danger risk,1,clotho,a loud whooshing occurs followed by a large explosion and explosions,-1.4907870292663574,Music | Explosion | Boom,0.1145 | 0.0004 | 0.0001 | 0.0004 | 0.0001,ok,
XD-Violence,Haywire.2011__#00-03-51_00-05-12_label_B1-B2-0,True,,Haywire.2011__#00-03-51_00-05-12_label_B1-B2-0.mp4,B1-B2-0,B1|B2,fighting|shooting,0,10.875,33.208333,22.333333,Haywire.2011__#00-03-51_00-05-12_label_B1-B2-0__seg0000_10.875-33.208.wav,danger risk,1,clotho,a man is speaking and a dog is barking,-1.215108871459961,"Speech | Slap, smack",0.8458 | 0.003 | 0.0005 | 0.0091 | 0.0004,ok,
XD-Violence,Haywire.2011__#00-03-51_00-05-12_label_B1-B2-0,True,,Haywire.2011__#00-03-51_00-05-12_label_B1-B2-0.mp4,B1-B2-0,B1|B2,fighting|shooting,1,33.291667,33.75,0.458333,Haywire.2011__#00-03-51_00-05-12_label_B1-B2-0__seg0001_33.292-33.750.wav,danger risk,1,clotho,a gun is fired and a machine is firing,-1.6801143884658811,Fusillade,0.1259 | 0.0003 | 0.0001 | 0.0004 | 0.0001,ok,
XD-Violence,Haywire.2011__#00-03-51_00-05-12_label_B1-B2-0,True,,Haywire.2011__#00-03-51_00-05-12_label_B1-B2-0.mp4,B1-B2-0,B1|B2,fighting|shooting,2,36.333333,61.25,24.916667,Haywire.2011__#00-03-51_00-05-12_label_B1-B2-0__seg0002_36.333-61.250.wav,danger risk,1,clotho,a person is walking on a hard surface and people are talking in the background,-1.05314838886261,Speech,0.5134 | 0.0011 | 0.0003 | 0.0014 | 0.0003,ok,
XD-Violence,Haywire.2011__#00-16-07_00-16-49_label_B1-0-0,True,,Haywire.2011__#00-16-07_00-16-49_label_B1-0-0.mp4,B1-0-0,B1,fighting,0,6.375,26.666667,20.291667,Haywire.2011__#00-16-07_00-16-49_label_B1-0-0__seg0000_6.375-26.667.wav,danger risk,1,clotho,a person is walking on a hard surface and people are talking in the background,-1.057517647743225,"Speech | Slap, smack",0.8069 | 0.0042 | 0.0002 | 0.0059 | 0.0004,ok,
XD-Violence,Haywire.2011__#00-39-07_00-41-48_label_B1-B2-0,True,,Haywire.2011__#00-39-07_00-41-48_label_B1-B2-0.mp4,B1-B2-0,B1|B2,fighting|shooting,0,4.625,64.625,60.0,Haywire.2011__#00-39-07_00-41-48_label_B1-B2-0__seg0000_4.625-64.625.wav,danger risk,1,clotho,a person is walking on a hard surface and then a man speaks,-1.2206189632415771,Speech | Thunk,0.7087 | 0.0086 | 0.0032 | 0.0047 | 0.0009,ok,
XD-Violence,Haywire.2011__#00-39-07_00-41-48_label_B1-B2-0,True,,Haywire.2011__#00-39-07_00-41-48_label_B1-B2-0.mp4,B1-B2-0,B1|B2,fighting|shooting,1,64.625,89.125,24.5,Haywire.2011__#00-39-07_00-41-48_label_B1-B2-0__seg0001_64.625-89.125.wav,danger risk,1,clotho,a person is walking on a hard surface and people are talking in the background,-1.0163108110427856,"Speech | Thump, thud",0.7211 | 0.006 | 0.0023 | 0.0017 | 0.0008,ok,
XD-Violence,Haywire.2011__#00-39-07_00-41-48_label_B1-B2-0,True,,Haywire.2011__#00-39-07_00-41-48_label_B1-B2-0.mp4,B1-B2-0,B1|B2,fighting|shooting,2,102.458333,133.75,31.291667,Haywire.2011__#00-39-07_00-41-48_label_B1-B2-0__seg0002_102.458-133.750.wav,danger risk,1,clotho,a man is speaking and then another woman laughs,-1.3482484817504885,Speech | Shatter,0.8014 | 0.0043 | 0.0004 | 0.0015 | 0.0005,ok,
XD-Violence,Haywire.2011__#00-39-07_00-41-48_label_B1-B2-0,True,,Haywire.2011__#00-39-07_00-41-48_label_B1-B2-0.mp4,B1-B2-0,B1|B2,fighting|shooting,3,146.0,147.083333,1.083333,Haywire.2011__#00-39-07_00-41-48_label_B1-B2-0__seg0003_146.000-147.083.wav,danger risk,1,clotho,a gun is being fired repeatedly in a repeated fashion,-1.1660666465759275,Sound effect,0.0147 | 0.0001 | 0.0001 | 0.0002 | 0.0001,ok,
XD-Violence,Haywire.2011__#01-20-20_01-21-57_label_B1-0-0,True,,Haywire.2011__#01-20-20_01-21-57_label_B1-0-0.mp4,B1-0-0,B1,fighting,0,24.083333,84.083333,60.0,Haywire.2011__#01-20-20_01-21-57_label_B1-0-0__seg0000_24.083-84.083.wav,danger risk,1,clotho,a person is walking through the woods with a bird chirping in the background,-1.08907151222229,,0.2117 | 0.0002 | 0.0001 | 0.0006 | 0.0001,ok,
XD-Violence,Haywire.2011__#01-20-20_01-21-57_label_B1-0-0,True,,Haywire.2011__#01-20-20_01-21-57_label_B1-0-0.mp4,B1-0-0,B1,fighting,1,84.083333,92.708333,8.625,Haywire.2011__#01-20-20_01-21-57_label_B1-0-0__seg0001_84.083-92.708.wav,danger risk,1,clotho,a person is walking through the snow and the man is speaking,-1.2349988222122192,,0.159 | 0.0009 | 0.0003 | 0.0003 | 0.0001,ok,
XD-Violence,IP.Man.2.2010__#00-07-14_00-09-13_label_B1-0-0,True,,IP.Man.2.2010__#00-07-14_00-09-13_label_B1-0-0.mp4,B1-0-0,B1,fighting,0,24.125,30.916667,6.791667,IP.Man.2.2010__#00-07-14_00-09-13_label_B1-0-0__seg0000_24.125-30.917.wav,danger risk,1,clotho,a person is walking through a video game and then a man is speaking,-1.6902039051055908,"Music | Thump, thud",0.0474 | 0.0004 | 0.0004 | 0.0001 | 0.0,ok,
XD-Violence,IP.Man.2.2010__#00-07-14_00-09-13_label_B1-0-0,True,,IP.Man.2.2010__#00-07-14_00-09-13_label_B1-0-0.mp4,B1-0-0,B1,fighting,1,42.083333,56.25,14.166667,IP.Man.2.2010__#00-07-14_00-09-13_label_B1-0-0__seg0001_42.083-56.250.wav,danger risk,1,clotho,a person is walking through a video game and then a man is speaking,-1.6199394464492798,"Music | Thump, thud",0.1298 | 0.0002 | 0.0003 | 0.0001 | 0.0001,ok,
XD-Violence,IP.Man.2.2010__#00-07-14_00-09-13_label_B1-0-0,True,,IP.Man.2.2010__#00-07-14_00-09-13_label_B1-0-0.mp4,B1-0-0,B1,fighting,2,72.708333,77.916667,5.208333,IP.Man.2.2010__#00-07-14_00-09-13_label_B1-0-0__seg0002_72.708-77.917.wav,danger risk,1,clotho,a person is playing video game sounds and a gun is fired,-1.5686670541763306,"Music | Thump, thud",0.0625 | 0.0008 | 0.0005 | 0.0008 | 0.0001,ok,
XD-Violence,IP.Man.2.2010__#00-07-14_00-09-13_label_B1-0-0,True,,IP.Man.2.2010__#00-07-14_00-09-13_label_B1-0-0.mp4,B1-0-0,B1,fighting,3,83.125,91.25,8.125,IP.Man.2.2010__#00-07-14_00-09-13_label_B1-0-0__seg0003_83.125-91.250.wav,danger risk,1,clotho,a man is speaking and then a gun is fired,-1.4032468795776367,"Music | Thump, thud",0.1407 | 0.0004 | 0.0001 | 0.0001 | 0.0001,ok,
XD-Violence,IP.Man.2.2010__#01-35-55_01-39-11_label_B1-0-0,True,,IP.Man.2.2010__#01-35-55_01-39-11_label_B1-0-0.mp4,B1-0-0,B1,fighting,0,26.541667,31.166667,4.625,IP.Man.2.2010__#01-35-55_01-39-11_label_B1-0-0__seg0000_26.542-31.167.wav,danger risk,1,clotho,a horse is galloping on a hard surface while a person is walking on a,-1.392076849937439,Animal | Horse | Clip-clop | Music,0.0601 | 0.0005 | 0.0004 | 0.0004 | 0.0001,ok,
XD-Violence,IP.Man.2.2010__#01-35-55_01-39-11_label_B1-0-0,True,,IP.Man.2.2010__#01-35-55_01-39-11_label_B1-0-0.mp4,B1-0-0,B1,fighting,1,37.083333,47.916667,10.833333,IP.Man.2.2010__#01-35-55_01-39-11_label_B1-0-0__seg0001_37.083-47.917.wav,danger risk,1,clotho,a gun is fired and then a person is playing a video game,-1.610026240348816,"Music | Thump, thud",0.1678 | 0.0006 | 0.0006 | 0.0006 | 0.0002,ok,
XD-Violence,IP.Man.2.2010__#01-35-55_01-39-11_label_B1-0-0,True,,IP.Man.2.2010__#01-35-55_01-39-11_label_B1-0-0.mp4,B1-0-0,B1,fighting,2,106.833333,165.083333,58.25,IP.Man.2.2010__#01-35-55_01-39-11_label_B1-0-0__seg0002_106.833-165.083.wav,danger risk,1,clotho,music is playing and a gun is firing,-1.3642778396606443,Music | Boom,0.1859 | 0.0008 | 0.0009 | 0.0007 | 0.0002,ok,
XD-Violence,Ip.Man.2008__#00-46-51_00-47-30_label_B1-0-0,True,,Ip.Man.2008__#00-46-51_00-47-30_label_B1-0-0.mp4,B1-0-0,B1,fighting,0,12.916667,21.666667,8.75,Ip.Man.2008__#00-46-51_00-47-30_label_B1-0-0__seg0000_12.917-21.667.wav,danger risk,1,clotho,a person is playing video game sounds and a man is speaking,-1.5199458599090576,"Speech | Music | Thump, thud",0.5939 | 0.0047 | 0.0015 | 0.0002 | 0.0006,ok,
XD-Violence,Ip.Man.2008__#00-48-57_00-50-47_label_B1-0-0,True,,Ip.Man.2008__#00-48-57_00-50-47_label_B1-0-0.mp4,B1-0-0,B1,fighting,0,0.5,6.166667,5.666667,Ip.Man.2008__#00-48-57_00-50-47_label_B1-0-0__seg0000_0.500-6.167.wav,danger risk,1,clotho,a gun is fired while a man is speaking,-1.2971946001052856,"Speech | Music | Boom | Thump, thud",0.7214 | 0.003 | 0.0012 | 0.0005 | 0.0003,ok,
XD-Violence,Ip.Man.2008__#00-48-57_00-50-47_label_B1-0-0,True,,Ip.Man.2008__#00-48-57_00-50-47_label_B1-0-0.mp4,B1-0-0,B1,fighting,1,20.916667,30.416667,9.5,Ip.Man.2008__#00-48-57_00-50-47_label_B1-0-0__seg0001_20.917-30.417.wav,danger risk,1,clotho,a person is playing video game sounds and then a gun is fired,-1.618982195854187,"Music | Boom | Thump, thud | Rumble",0.1532 | 0.0009 | 0.0011 | 0.0001 | 0.0006,ok,
XD-Violence,Ip.Man.2008__#00-48-57_00-50-47_label_B1-0-0,True,,Ip.Man.2008__#00-48-57_00-50-47_label_B1-0-0.mp4,B1-0-0,B1,fighting,2,52.5,85.291667,32.791667,Ip.Man.2008__#00-48-57_00-50-47_label_B1-0-0__seg0002_52.500-85.292.wav,danger risk,1,clotho,a man is speaking and then a gun is fired,-1.1872490644454956,"Speech | Music | Boom | Thump, thud",0.6376 | 0.0063 | 0.0006 | 0.0001 | 0.0006,ok,
XD-Violence,Ip.Man.2008__#01-14-31_01-15-24_label_B1-0-0,True,,Ip.Man.2008__#01-14-31_01-15-24_label_B1-0-0.mp4,B1-0-0,B1,fighting,0,7.375,19.25,11.875,Ip.Man.2008__#01-14-31_01-15-24_label_B1-0-0__seg0000_7.375-19.250.wav,danger risk,1,clotho,a man is speaking and then a gun is fired,-1.5107567310333252,Speech | Music,0.3829 | 0.0048 | 0.0015 | 0.0001 | 0.0005,ok,
XD-Violence,Ip.Man.2008__#01-40-37_01-42-07_label_B4-0-0,True,,Ip.Man.2008__#01-40-37_01-42-07_label_B4-0-0.mp4,B4-0-0,B4,riot,0,4.375,61.75,57.375,Ip.Man.2008__#01-40-37_01-42-07_label_B4-0-0__seg0000_4.375-61.750.wav,danger risk,1,clotho,music is playing and a crowd is cheering,-1.167277693748474,Speech | Music,0.3016 | 0.0082 | 0.0005 | 0.0014 | 0.0008,ok,
XD-Violence,Ip.Man.3.2015__#00-17-51_00-18-51_label_B1-0-0,True,,Ip.Man.3.2015__#00-17-51_00-18-51_label_B1-0-0.mp4,B1-0-0,B1,fighting,0,0.0,6.041667,6.041667,Ip.Man.3.2015__#00-17-51_00-18-51_label_B1-0-0__seg0000_0.000-6.042.wav,danger risk,1,clotho,a man is speaking while a gun is fired in the background,-1.120389699935913,"Speech | Music | Thump, thud | Whack, thwack",0.4591 | 0.0042 | 0.0023 | 0.0001 | 0.0014,ok,
XD-Violence,Ip.Man.3.2015__#00-17-51_00-18-51_label_B1-0-0,True,,Ip.Man.3.2015__#00-17-51_00-18-51_label_B1-0-0.mp4,B1-0-0,B1,fighting,1,12.708333,19.583333,6.875,Ip.Man.3.2015__#00-17-51_00-18-51_label_B1-0-0__seg0001_12.708-19.583.wav,danger risk,1,clotho,a man is speaking and then a gun is fired,-1.251488447189331,"Speech | Music | Thump, thud",0.6698 | 0.0131 | 0.0149 | 0.0011 | 0.0094,ok,
XD-Violence,Ip.Man.3.2015__#00-44-45_00-45-08_label_B1-0-0,True,,Ip.Man.3.2015__#00-44-45_00-45-08_label_B1-0-0.mp4,B1-0-0,B1,fighting,0,8.041667,15.208333,7.166667,Ip.Man.3.2015__#00-44-45_00-45-08_label_B1-0-0__seg0000_8.042-15.208.wav,danger risk,1,clotho,a gun is being fired and a man is speaking,-1.5497894287109375,"Music | Thump, thud",0.2823 | 0.0024 | 0.0019 | 0.0002 | 0.0007,ok,
XD-Violence,Ip.Man.3.2015__#00-46-08_00-54-20_label_B1-0-0,True,,Ip.Man.3.2015__#00-46-08_00-54-20_label_B1-0-0.mp4,B1-0-0,B1,fighting,0,201.083333,206.833333,5.75,Ip.Man.3.2015__#00-46-08_00-54-20_label_B1-0-0__seg0000_201.083-206.833.wav,danger risk,1,clotho,a man is speaking and a video game is being played,-1.4042264223098757,"Speech | Music | Boom | Thump, thud",0.4699 | 0.0008 | 0.0013 | 0.0002 | 0.0004,ok,
XD-Violence,Ip.Man.3.2015__#00-46-08_00-54-20_label_B1-0-0,True,,Ip.Man.3.2015__#00-46-08_00-54-20_label_B1-0-0.mp4,B1-0-0,B1,fighting,1,210.416667,213.916667,3.5,Ip.Man.3.2015__#00-46-08_00-54-20_label_B1-0-0__seg0001_210.417-213.917.wav,danger risk,1,clotho,someone is playing video game sounds with a shovel,-1.7963035106658936,"Music | Thump, thud",0.0413 | 0.0007 | 0.0019 | 0.0005 | 0.0004,ok,
XD-Violence,Ip.Man.3.2015__#00-46-08_00-54-20_label_B1-0-0,True,,Ip.Man.3.2015__#00-46-08_00-54-20_label_B1-0-0.mp4,B1-0-0,B1,fighting,2,238.0,262.5,24.5,Ip.Man.3.2015__#00-46-08_00-54-20_label_B1-0-0__seg0002_238.000-262.500.wav,danger risk,1,clotho,a person is playing a video game while a man is speaking,-1.4770739078521729,"Music | Whack, thwack",0.1755 | 0.0056 | 0.0031 | 0.0002 | 0.0013,ok,
XD-Violence,Ip.Man.3.2015__#00-46-08_00-54-20_label_B1-0-0,True,,Ip.Man.3.2015__#00-46-08_00-54-20_label_B1-0-0.mp4,B1-0-0,B1,fighting,3,273.833333,333.833333,60.0,Ip.Man.3.2015__#00-46-08_00-54-20_label_B1-0-0__seg0003_273.833-333.833.wav,danger risk,1,clotho,a video game is being played in a large room,-1.4969898462295532,"Speech | Music | Thump, thud",0.5378 | 0.0025 | 0.001 | 0.0004 | 0.0004,ok,
XD-Violence,Ip.Man.3.2015__#00-46-08_00-54-20_label_B1-0-0,True,,Ip.Man.3.2015__#00-46-08_00-54-20_label_B1-0-0.mp4,B1-0-0,B1,fighting,4,333.833333,393.833333,60.0,Ip.Man.3.2015__#00-46-08_00-54-20_label_B1-0-0__seg0004_333.833-393.833.wav,danger risk,1,clotho,a group of people are shouting and yelling while music plays in the background,-1.0166841745376587,"Speech | Music | Whack, thwack | Smash, crash",0.6783 | 0.0145 | 0.0029 | 0.002 | 0.0015,ok,
XD-Violence,Ip.Man.3.2015__#00-46-08_00-54-20_label_B1-0-0,True,,Ip.Man.3.2015__#00-46-08_00-54-20_label_B1-0-0.mp4,B1-0-0,B1,fighting,5,393.833333,453.333333,59.5,Ip.Man.3.2015__#00-46-08_00-54-20_label_B1-0-0__seg0005_393.833-453.333.wav,danger risk,1,clotho,a man is speaking while a video game is being played,-1.258966088294983,Speech | Music,0.5873 | 0.0084 | 0.0049 | 0.0021 | 0.0017,ok,
XD-Violence,Ip.Man.3.2015__#00-46-08_00-54-20_label_B1-0-0,True,,Ip.Man.3.2015__#00-46-08_00-54-20_label_B1-0-0.mp4,B1-0-0,B1,fighting,6,476.666667,480.416667,3.75,Ip.Man.3.2015__#00-46-08_00-54-20_label_B1-0-0__seg0006_476.667-480.417.wav,danger risk,1,clotho,a video game is being played in a large room,-1.464120864868164,"Music | Smash, crash",0.0199 | 0.0019 | 0.0009 | 0.0003 | 0.0002,ok,
XD-Violence,Ip.Man.3.2015__#00-46-08_00-54-20_label_B1-0-0,True,,Ip.Man.3.2015__#00-46-08_00-54-20_label_B1-0-0.mp4,B1-0-0,B1,fighting,7,487.5,491.958333,4.458333,Ip.Man.3.2015__#00-46-08_00-54-20_label_B1-0-0__seg0007_487.500-491.958.wav,danger risk,1,clotho,a large group of people are yelling and screaming while music plays in the background,-1.1803122758865356,Speech | Music,0.4201 | 0.0056 | 0.0009 | 0.0002 | 0.0011,ok,
XD-Violence,Jason.Bourne.2016__#0-17-25_0-18-53_label_B4-0-0,True,,Jason.Bourne.2016__#0-17-25_0-18-53_label_B4-0-0.mp4,B4-0-0,B4,riot,0,3.541667,20.208333,16.666667,Jason.Bourne.2016__#0-17-25_0-18-53_label_B4-0-0__seg0000_3.542-20.208.wav,danger risk,1,clotho,a group of people chant and whistle in the crowd,-1.3175415992736816,Battle cry | Crowd,0.1124 | 0.0025 | 0.0005 | 0.0005 | 0.0004,ok,
XD-Violence,Jason.Bourne.2016__#0-17-25_0-18-53_label_B4-0-0,True,,Jason.Bourne.2016__#0-17-25_0-18-53_label_B4-0-0.mp4,B4-0-0,B4,riot,1,26.666667,53.333333,26.666667,Jason.Bourne.2016__#0-17-25_0-18-53_label_B4-0-0__seg0001_26.667-53.333.wav,danger risk,1,clotho,a crowd of people are cheering and yelling while music plays in the background,-1.0507562160491943,Speech | Crowd | Music,0.5039 | 0.0036 | 0.0009 | 0.0006 | 0.0008,ok,
XD-Violence,Jason.Bourne.2016__#0-17-25_0-18-53_label_B4-0-0,True,,Jason.Bourne.2016__#0-17-25_0-18-53_label_B4-0-0.mp4,B4-0-0,B4,riot,2,63.416667,81.25,17.833333,Jason.Bourne.2016__#0-17-25_0-18-53_label_B4-0-0__seg0002_63.417-81.250.wav,danger risk,1,clotho,people are shouting and yelling while music plays in the background,-1.089682698249817,Speech | Music,0.5692 | 0.0046 | 0.0006 | 0.0005 | 0.0008,ok,
XD-Violence,Jason.Bourne.2016__#0-29-48_0-30-29_label_B4-0-0,True,,Jason.Bourne.2016__#0-29-48_0-30-29_label_B4-0-0.mp4,B4-0-0,B4,riot,0,4.875,12.5,7.625,Jason.Bourne.2016__#0-29-48_0-30-29_label_B4-0-0__seg0000_4.875-12.500.wav,danger risk,1,clotho,a large group of people are yelling and screaming while music plays in the background,-1.1496742963790894,Speech | Music,0.4045 | 0.0007 | 0.0001 | 0.0003 | 0.0002,ok,
XD-Violence,Jason.Bourne.2016__#0-29-48_0-30-29_label_B4-0-0,True,,Jason.Bourne.2016__#0-29-48_0-30-29_label_B4-0-0.mp4,B4-0-0,B4,riot,1,20.833333,27.5,6.666667,Jason.Bourne.2016__#0-29-48_0-30-29_label_B4-0-0__seg0001_20.833-27.500.wav,danger risk,1,clotho,a car is revving and tires are racing and people are talking,-1.5559500455856323,Speech | Music | Vehicle,0.5165 | 0.0015 | 0.0002 | 0.0006 | 0.0004,ok,
XD-Violence,Jason.Bourne.2016__#0-50-20_0-50-30_label_G-0-0,True,,Jason.Bourne.2016__#0-50-20_0-50-30_label_G-0-0.mp4,G-0-0,G,explosion,0,0.5,3.208333,2.708333,Jason.Bourne.2016__#0-50-20_0-50-30_label_G-0-0__seg0000_0.500-3.208.wav,danger risk,1,clotho,a video game sound is being played with explosions and a car driving by,-1.5216619968414309,"Music | Whoosh, swoosh, swish",0.0188 | 0.0002 | 0.0001 | 0.0002 | 0.0001,ok,
XD-Violence,Kill.Bill.Vol.1.2003__#01-17-20_01-20-20_label_B1-0-0,True,,Kill.Bill.Vol.1.2003__#01-17-20_01-20-20_label_B1-0-0.mp4,B1-0-0,B1,fighting,0,76.458333,136.458333,60.0,Kill.Bill.Vol.1.2003__#01-17-20_01-20-20_label_B1-0-0__seg0000_76.458-136.458.wav,danger risk,1,clotho,a person is throwing a shovel against the ground,-1.52789306640625,,0.1174 | 0.0011 | 0.0011 | 0.0001 | 0.0001,ok,
XD-Violence,Kill.Bill.Vol.1.2003__#01-17-20_01-20-20_label_B1-0-0,True,,Kill.Bill.Vol.1.2003__#01-17-20_01-20-20_label_B1-0-0.mp4,B1-0-0,B1,fighting,1,136.458333,178.041667,41.583333,Kill.Bill.Vol.1.2003__#01-17-20_01-20-20_label_B1-0-0__seg0001_136.458-178.042.wav,danger risk,1,clotho,someone is opening and closing a glass jar with a shovel,-1.4634051322937012,"Shatter | Whack, thwack",0.1711 | 0.0006 | 0.0009 | 0.0005 | 0.0002,ok,
XD-Violence,Kill.Bill.Vol.1.2003__#01-21-39_01-26-55_label_B1-0-0,True,,Kill.Bill.Vol.1.2003__#01-21-39_01-26-55_label_B1-0-0.mp4,B1-0-0,B1,fighting,0,76.208333,136.208333,60.0,Kill.Bill.Vol.1.2003__#01-21-39_01-26-55_label_B1-0-0__seg0000_76.208-136.208.wav,danger risk,1,clotho,a man is yelling and then a gun is fired repeatedly,-1.5787009000778198,"Music | Shatter | Thump, thud | Whack, thwack",0.2998 | 0.0012 | 0.0008 | 0.0002 | 0.0001,ok,
XD-Violence,Kill.Bill.Vol.1.2003__#01-21-39_01-26-55_label_B1-0-0,True,,Kill.Bill.Vol.1.2003__#01-21-39_01-26-55_label_B1-0-0.mp4,B1-0-0,B1,fighting,1,136.208333,196.208333,60.0,Kill.Bill.Vol.1.2003__#01-21-39_01-26-55_label_B1-0-0__seg0001_136.208-196.208.wav,danger risk,1,clotho,a man is yelling while a metal object is being thrown into a container,-1.5051848888397217,"Speech | Music | Thump, thud | Whack, thwack",0.6092 | 0.0024 | 0.001 | 0.0002 | 0.0002,ok,
XD-Violence,Kill.Bill.Vol.1.2003__#01-21-39_01-26-55_label_B1-0-0,True,,Kill.Bill.Vol.1.2003__#01-21-39_01-26-55_label_B1-0-0.mp4,B1-0-0,B1,fighting,2,196.208333,256.208333,60.0,Kill.Bill.Vol.1.2003__#01-21-39_01-26-55_label_B1-0-0__seg0002_196.208-256.208.wav,danger risk,1,clotho,a person is playing video game sounds and a man is speaking,-1.4600965976715088,Music,0.2191 | 0.0017 | 0.0014 | 0.0005 | 0.0002,ok,
XD-Violence,Kill.Bill.Vol.1.2003__#01-21-39_01-26-55_label_B1-0-0,True,,Kill.Bill.Vol.1.2003__#01-21-39_01-26-55_label_B1-0-0.mp4,B1-0-0,B1,fighting,3,256.208333,285.583333,29.375,Kill.Bill.Vol.1.2003__#01-21-39_01-26-55_label_B1-0-0__seg0003_256.208-285.583.wav,danger risk,1,clotho,a person is playing with a shovel to make a sound and a dog barks,-1.4848556518554688,"Whack, thwack",0.0424 | 0.0004 | 0.0006 | 0.0017 | 0.0001,ok,
XD-Violence,Kill.Bill.Vol.1.2003__#01-26-56_01-28-18_label_B1-0-0,True,,Kill.Bill.Vol.1.2003__#01-26-56_01-28-18_label_B1-0-0.mp4,B1-0-0,B1,fighting,0,12.375,72.375,60.0,Kill.Bill.Vol.1.2003__#01-26-56_01-28-18_label_B1-0-0__seg0000_12.375-72.375.wav,danger risk,1,clotho,someone is opening a glass bottle and closing it with a lot of metal,-1.488514423370361,Speech | Thunk,0.3513 | 0.0013 | 0.0013 | 0.0005 | 0.0002,ok,
XD-Violence,Kill.Bill.Vol.1.2003__#01-26-56_01-28-18_label_B1-0-0,True,,Kill.Bill.Vol.1.2003__#01-26-56_01-28-18_label_B1-0-0.mp4,B1-0-0,B1,fighting,1,72.375,78.333333,5.958333,Kill.Bill.Vol.1.2003__#01-26-56_01-28-18_label_B1-0-0__seg0001_72.375-78.333.wav,danger risk,1,clotho,a group of people are shouting and yelling,-1.1172070503234863,Speech,0.6029 | 0.0127 | 0.0145 | 0.0002 | 0.0038,ok,
XD-Violence,Kill.Bill.Vol.2.2004__#0-25-20_0-26-20_label_B2-0-0,True,,Kill.Bill.Vol.2.2004__#0-25-20_0-26-20_label_B2-0-0.mp4,B2-0-0,B2,shooting,0,40.416667,42.083333,1.666667,Kill.Bill.Vol.2.2004__#0-25-20_0-26-20_label_B2-0-0__seg0000_40.417-42.083.wav,danger risk,1,clotho,a gun is fired then a shot is followed by a loud explosion and a,-1.5969308614730835,Boom,0.0792 | 0.0001 | 0.0001 | 0.0003 | 0.0001,ok,
XD-Violence,Kingsman.The.Golden.Circle.2017__#00-35-55_00-36-35_label_B1-0-0,True,,Kingsman.The.Golden.Circle.2017__#00-35-55_00-36-35_label_B1-0-0.mp4,B1-0-0,B1,fighting,0,11.958333,28.875,16.916667,Kingsman.The.Golden.Circle.2017__#00-35-55_00-36-35_label_B1-0-0__seg0000_11.958-28.875.wav,danger risk,1,clotho,a person is playing video game sounds and a man is speaking,-1.4493625164031982,"Music | Thump, thud",0.2804 | 0.0047 | 0.0014 | 0.0002 | 0.0007,ok,
XD-Violence,Kingsman.The.Golden.Circle.2017__#00-41-22_00-41-32_label_B2-0-0,True,,Kingsman.The.Golden.Circle.2017__#00-41-22_00-41-32_label_B2-0-0.mp4,B2-0-0,B2,shooting,0,0.583333,1.833333,1.25,Kingsman.The.Golden.Circle.2017__#00-41-22_00-41-32_label_B2-0-0__seg0000_0.583-1.833.wav,danger risk,1,clotho,a gun is fired repeatedly and then a machine is firing,-1.7165473699569702,Music | Fusillade,0.0159 | 0.0005 | 0.0001 | 0.0002 | 0.0001,ok,
XD-Violence,Kingsman.The.Secret.Service.2014__#00-22-10_00-23-10_label_B2-0-0,True,,Kingsman.The.Secret.Service.2014__#00-22-10_00-23-10_label_B2-0-0.mp4,B2-0-0,B2,shooting,0,0.0,9.583333,9.583333,Kingsman.The.Secret.Service.2014__#00-22-10_00-23-10_label_B2-0-0__seg0000_0.000-9.583.wav,danger risk,1,clotho,a person is playing video game sounds and then a gun is fired,-1.5212169885635376,Speech | Music,0.4483 | 0.0088 | 0.0056 | 0.001 | 0.0013,ok,
XD-Violence,Kingsman.The.Secret.Service.2014__#01-43-40_01-44-50_label_B2-G-0,True,,Kingsman.The.Secret.Service.2014__#01-43-40_01-44-50_label_B2-G-0.mp4,B2-G-0,B2|G,shooting|explosion,0,4.0,4.875,0.875,Kingsman.The.Secret.Service.2014__#01-43-40_01-44-50_label_B2-G-0__seg0000_4.000-4.875.wav,danger risk,1,clotho,a gun is fired repeatedly in the distance,-1.5171492099761963,Boom,0.0382 | 0.0003 | 0.0001 | 0.0001 | 0.0001,ok,
XD-Violence,Kingsman.The.Secret.Service.2014__#01-43-40_01-44-50_label_B2-G-0,True,,Kingsman.The.Secret.Service.2014__#01-43-40_01-44-50_label_B2-G-0.mp4,B2-G-0,B2|G,shooting|explosion,1,58.083333,59.916667,1.833333,Kingsman.The.Secret.Service.2014__#01-43-40_01-44-50_label_B2-G-0__seg0001_58.083-59.917.wav,danger risk,1,clotho,a machine gun is fired and a person is firing a video game,-1.5466810464859009,Music | Fusillade,0.1073 | 0.0006 | 0.0003 | 0.0007 | 0.0002,ok,
XD-Violence,Kingsman.The.Secret.Service.2014__#01-43-40_01-44-50_label_B2-G-0,True,,Kingsman.The.Secret.Service.2014__#01-43-40_01-44-50_label_B2-G-0.mp4,B2-G-0,B2|G,shooting|explosion,2,64.791667,65.833333,1.041667,Kingsman.The.Secret.Service.2014__#01-43-40_01-44-50_label_B2-G-0__seg0002_64.792-65.833.wav,danger risk,1,clotho,a machine gun is firing and gunshots and gunfire is being fired,-2.2441835403442383,Music | Fusillade,0.104 | 0.0002 | 0.0001 | 0.0005 | 0.0001,ok,
XD-Violence,Law.Abiding.Citizen.2009__#01-26-34_01-27-25_label_B2-0-0,True,,Law.Abiding.Citizen.2009__#01-26-34_01-27-25_label_B2-0-0.mp4,B2-0-0,B2,shooting,0,26.083333,41.25,15.166667,Law.Abiding.Citizen.2009__#01-26-34_01-27-25_label_B2-0-0__seg0000_26.083-41.250.wav,danger risk,1,clotho,a machine gun is being fired and a person is firing a video game and,-1.6750253438949585,"Gunshot, gunfire | Machine gun",0.1214 | 0.0006 | 0.0002 | 0.0008 | 0.0003,ok,
XD-Violence,Lord.of.War__#00-50-10_00-50-50_label_G-0-0,True,,Lord.of.War__#00-50-10_00-50-50_label_G-0-0.mp4,G-0-0,G,explosion,0,4.958333,9.583333,4.625,Lord.of.War__#00-50-10_00-50-50_label_G-0-0__seg0000_4.958-9.583.wav,danger risk,1,clotho,a large machine gun is being fired and then a door is slammed shut,-1.660930871963501,"Explosion | Burst, pop",0.0536 | 0.0001 | 0.0001 | 0.0003 | 0.0001,ok,
XD-Violence,Lord.of.War__#01-41-04_01-41-53_label_B1-0-0,True,,Lord.of.War__#01-41-04_01-41-53_label_B1-0-0.mp4,B1-0-0,B1,fighting,0,12.291667,13.25,0.958333,Lord.of.War__#01-41-04_01-41-53_label_B1-0-0__seg0000_12.292-13.250.wav,danger risk,1,clotho,people are talking while children are playing and adults are speaking,-1.1799964904785156,Speech | Music,0.7415 | 0.0084 | 0.0017 | 0.0027 | 0.0008,ok,
XD-Violence,Lord.of.War__#01-41-04_01-41-53_label_B1-0-0,True,,Lord.of.War__#01-41-04_01-41-53_label_B1-0-0.mp4,B1-0-0,B1,fighting,1,18.041667,19.458333,1.416667,Lord.of.War__#01-41-04_01-41-53_label_B1-0-0__seg0001_18.042-19.458.wav,danger risk,1,clotho,a group of people are talking and yelling to each other,-1.334987998008728,Music | Chop,0.1518 | 0.002 | 0.0006 | 0.0015 | 0.001,ok,
XD-Violence,Love.Death.and.Robots.S01E10__#0-01-00_0-02-13_label_B2-G-0,True,,Love.Death.and.Robots.S01E10__#0-01-00_0-02-13_label_B2-G-0.mp4,B2-G-0,B2|G,shooting|explosion,0,23.333333,25.0,1.666667,Love.Death.and.Robots.S01E10__#0-01-00_0-02-13_label_B2-G-0__seg0000_23.333-25.000.wav,danger risk,1,clotho,a video game sound is being played with a machine gun shot and then a,-1.7518116235733032,Music,0.0399 | 0.0003 | 0.0001 | 0.0002 | 0.0002,ok,
XD-Violence,Love.Death.and.Robots.S01E10__#0-01-00_0-02-13_label_B2-G-0,True,,Love.Death.and.Robots.S01E10__#0-01-00_0-02-13_label_B2-G-0.mp4,B2-G-0,B2|G,shooting|explosion,1,35.25,37.708333,2.458333,Love.Death.and.Robots.S01E10__#0-01-00_0-02-13_label_B2-G-0__seg0001_35.250-37.708.wav,danger risk,1,clotho,a video game sound is being played with a machine gun shot and a child,-1.8195700645446775,,0.139 | 0.0003 | 0.0002 | 0.0011 | 0.0001,ok,
XD-Violence,Love.Death.and.Robots.S01E10__#0-01-00_0-02-13_label_B2-G-0,True,,Love.Death.and.Robots.S01E10__#0-01-00_0-02-13_label_B2-G-0.mp4,B2-G-0,B2|G,shooting|explosion,2,43.75,53.958333,10.208333,Love.Death.and.Robots.S01E10__#0-01-00_0-02-13_label_B2-G-0__seg0002_43.750-53.958.wav,danger risk,1,clotho,a machine gun is being fired repeatedly and is firing,-1.5758548974990845,Music | Fusillade,0.042 | 0.0005 | 0.0003 | 0.0003 | 0.0003,ok,
XD-Violence,Love.Death.and.Robots.S01E13__#0-11-48_0-12-07_label_G-0-0,True,,Love.Death.and.Robots.S01E13__#0-11-48_0-12-07_label_G-0-0.mp4,G-0-0,G,explosion,0,2.5,10.0,7.5,Love.Death.and.Robots.S01E13__#0-11-48_0-12-07_label_G-0-0__seg0000_2.500-10.000.wav,danger risk,1,clotho,a large explosion is followed by a loud boom and then a gunshot,-1.6377179622650146,Eruption,0.0641 | 0.0004 | 0.0002 | 0.0006 | 0.0001,ok,
XD-Violence,Love.Death.and.Robots.S01E15__#0-05-38_0-06-18_label_G-0-0,True,,Love.Death.and.Robots.S01E15__#0-05-38_0-06-18_label_G-0-0.mp4,G-0-0,G,explosion,0,14.166667,17.916667,3.75,Love.Death.and.Robots.S01E15__#0-05-38_0-06-18_label_G-0-0__seg0000_14.167-17.917.wav,danger risk,1,clotho,a gun is fired and then a man is speaking,-1.6993595361709597,Explosion,0.1879 | 0.0005 | 0.0001 | 0.0008 | 0.0,ok,
XD-Violence,Mindhunters.2004__#01-19-00_01-20-05_label_B2-0-0,True,,Mindhunters.2004__#01-19-00_01-20-05_label_B2-0-0.mp4,B2-0-0,B2,shooting,0,0.0,15.625,15.625,Mindhunters.2004__#01-19-00_01-20-05_label_B2-0-0__seg0000_0.000-15.625.wav,danger risk,1,clotho,a machine gun is being shot and a video game sound is being played,-1.6805622577667236,Music,0.1982 | 0.0007 | 0.0006 | 0.0002 | 0.0004,ok,
XD-Violence,Mindhunters.2004__#01-19-00_01-20-05_label_B2-0-0,True,,Mindhunters.2004__#01-19-00_01-20-05_label_B2-0-0.mp4,B2-0-0,B2,shooting,1,22.75,25.166667,2.416667,Mindhunters.2004__#01-19-00_01-20-05_label_B2-0-0__seg0001_22.750-25.167.wav,danger risk,1,clotho,a machine gun is being fired and then a metal object is being moved,-1.8177027702331543,,0.0247 | 0.0002 | 0.0001 | 0.0004 | 0.0001,ok,
XD-Violence,Mission.Impossible.Fallout.2018__#00-31-21_00-32-50_label_B1-0-0,True,,Mission.Impossible.Fallout.2018__#00-31-21_00-32-50_label_B1-0-0.mp4,B1-0-0,B1,fighting,0,4.0,64.0,60.0,Mission.Impossible.Fallout.2018__#00-31-21_00-32-50_label_B1-0-0__seg0000_4.000-64.000.wav,danger risk,1,clotho,a man is speaking and then a gun is fired,-1.4789808988571167,"Speech | Music | Thump, thud | Inside, large room or hall",0.7201 | 0.0014 | 0.0009 | 0.001 | 0.0005,ok,
XD-Violence,Mission.Impossible.Fallout.2018__#00-31-21_00-32-50_label_B1-0-0,True,,Mission.Impossible.Fallout.2018__#00-31-21_00-32-50_label_B1-0-0.mp4,B1-0-0,B1,fighting,1,64.0,88.541667,24.541667,Mission.Impossible.Fallout.2018__#00-31-21_00-32-50_label_B1-0-0__seg0001_64.000-88.542.wav,danger risk,1,clotho,a person is walking on a hard surface and a man speaks,-1.3136420249938965,"Speech | Music | Inside, large room or hall",0.622 | 0.0033 | 0.0007 | 0.0011 | 0.0002,ok,
XD-Violence,Mission.Impossible.Fallout.2018__#00-39-18_00-40-36_label_B1-0-0,True,,Mission.Impossible.Fallout.2018__#00-39-18_00-40-36_label_B1-0-0.mp4,B1-0-0,B1,fighting,0,13.625,70.0,56.375,Mission.Impossible.Fallout.2018__#00-39-18_00-40-36_label_B1-0-0__seg0000_13.625-70.000.wav,danger risk,1,clotho,a crowd of people are shouting and yelling while a gun is fired,-1.2086503505706787,"Speech | Music | Thump, thud",0.8073 | 0.0045 | 0.0014 | 0.0008 | 0.0013,ok,
XD-Violence,Mission.Impossible.Fallout.2018__#02-03-50_02-04-35_label_B1-0-0,True,,Mission.Impossible.Fallout.2018__#02-03-50_02-04-35_label_B1-0-0.mp4,B1-0-0,B1,fighting,0,9.25,40.666667,31.416667,Mission.Impossible.Fallout.2018__#02-03-50_02-04-35_label_B1-0-0__seg0000_9.250-40.667.wav,danger risk,1,clotho,a man is speaking and then a gun is fired,-1.5221359729766846,"Speech | Music | Thump, thud",0.5051 | 0.0025 | 0.0012 | 0.0001 | 0.0015,ok,
XD-Violence,Mission.Impossible.Ghost.Protocol.2011__#00-01-18_00-01-40_label_B2-0-0,True,,Mission.Impossible.Ghost.Protocol.2011__#00-01-18_00-01-40_label_B2-0-0.mp4,B2-0-0,B2,shooting,0,2.625,8.333333,5.708333,Mission.Impossible.Ghost.Protocol.2011__#00-01-18_00-01-40_label_B2-0-0__seg0000_2.625-8.333.wav,danger risk,1,clotho,a gun is fired and a person is walking on a hard surface,-1.3293688297271729,Music,0.2889 | 0.0008 | 0.0006 | 0.0009 | 0.0001,ok,
XD-Violence,Mission.Impossible.Ghost.Protocol.2011__#00-01-18_00-01-40_label_B2-0-0,True,,Mission.Impossible.Ghost.Protocol.2011__#00-01-18_00-01-40_label_B2-0-0.mp4,B2-0-0,B2,shooting,1,15.458333,17.083333,1.625,Mission.Impossible.Ghost.Protocol.2011__#00-01-18_00-01-40_label_B2-0-0__seg0001_15.458-17.083.wav,danger risk,1,clotho,a machine gun is firing and a person is shooting a video game and a,-1.9239122867584229,Music,0.0323 | 0.0001 | 0.0001 | 0.0005 | 0.0,ok,
XD-Violence,Mission.Impossible.Ghost.Protocol.2011__#01-12-38_01-13-43_label_B1-0-0,True,,Mission.Impossible.Ghost.Protocol.2011__#01-12-38_01-13-43_label_B1-0-0.mp4,B1-0-0,B1,fighting,0,7.5,26.25,18.75,Mission.Impossible.Ghost.Protocol.2011__#01-12-38_01-13-43_label_B1-0-0__seg0000_7.500-26.250.wav,danger risk,1,clotho,a man is speaking and then a gun is fired,-1.2610492706298828,"Speech | Music | Shatter | Thump, thud",0.7951 | 0.0173 | 0.0066 | 0.0007 | 0.0069,ok,
XD-Violence,Mission.Impossible.Ghost.Protocol.2011__#01-12-38_01-13-43_label_B1-0-0,True,,Mission.Impossible.Ghost.Protocol.2011__#01-12-38_01-13-43_label_B1-0-0.mp4,B1-0-0,B1,fighting,1,45.25,46.75,1.5,Mission.Impossible.Ghost.Protocol.2011__#01-12-38_01-13-43_label_B1-0-0__seg0001_45.250-46.750.wav,danger risk,1,clotho,a person is playing basketball on a video game,-1.7439258098602295,"Music | Thump, thud",0.1395 | 0.0017 | 0.0002 | 0.0003 | 0.0001,ok,
XD-Violence,Mission.Impossible.Ghost.Protocol.2011__#01-12-38_01-13-43_label_B1-0-0,True,,Mission.Impossible.Ghost.Protocol.2011__#01-12-38_01-13-43_label_B1-0-0.mp4,B1-0-0,B1,fighting,2,52.5,57.916667,5.416667,Mission.Impossible.Ghost.Protocol.2011__#01-12-38_01-13-43_label_B1-0-0__seg0002_52.500-57.917.wav,danger risk,1,clotho,a person is playing video game sounds and a gun is fired,-1.5192604064941406,"Music | Thump, thud",0.0802 | 0.0012 | 0.0004 | 0.0004 | 0.0003,ok,
XD-Violence,Mission.Impossible.Ghost.Protocol.2011__#01-54-24_01-54-50_label_B1-0-0,True,,Mission.Impossible.Ghost.Protocol.2011__#01-54-24_01-54-50_label_B1-0-0.mp4,B1-0-0,B1,fighting,0,3.625,14.458333,10.833333,Mission.Impossible.Ghost.Protocol.2011__#01-54-24_01-54-50_label_B1-0-0__seg0000_3.625-14.458.wav,danger risk,1,clotho,a person is playing video game sounds and a gun is fired,-1.5000139474868774,"Music | Thump, thud",0.2344 | 0.0031 | 0.0027 | 0.0014 | 0.0017,ok,
XD-Violence,Mission.Impossible.Ghost.Protocol.2011__#01-56-52_01-57-03_label_B1-0-0,True,,Mission.Impossible.Ghost.Protocol.2011__#01-56-52_01-57-03_label_B1-0-0.mp4,B1-0-0,B1,fighting,0,2.25,5.0,2.75,Mission.Impossible.Ghost.Protocol.2011__#01-56-52_01-57-03_label_B1-0-0__seg0000_2.250-5.000.wav,danger risk,1,clotho,a gun is fired and a man is speaking,-1.4871399402618408,"Music | Thump, thud",0.1207 | 0.0005 | 0.0003 | 0.0001 | 0.0001,ok,
XD-Violence,Mission.Impossible.II.2000__#01-18-55_01-20-53_label_B2-0-0,True,,Mission.Impossible.II.2000__#01-18-55_01-20-53_label_B2-0-0.mp4,B2-0-0,B2,shooting,0,6.625,13.75,7.125,Mission.Impossible.II.2000__#01-18-55_01-20-53_label_B2-0-0__seg0000_6.625-13.750.wav,danger risk,1,clotho,a machine gun is fired and then a person is firing a video game,-1.60888671875,Music | Fusillade,0.0885 | 0.0003 | 0.0002 | 0.001 | 0.0001,ok,
XD-Violence,Mission.Impossible.II.2000__#01-25-08_01-25-31_label_B2-0-0,True,,Mission.Impossible.II.2000__#01-25-08_01-25-31_label_B2-0-0.mp4,B2-0-0,B2,shooting,0,0.375,4.875,4.5,Mission.Impossible.II.2000__#01-25-08_01-25-31_label_B2-0-0__seg0000_0.375-4.875.wav,danger risk,1,clotho,a machine gun is firing and a video game sound is being played,-1.581923484802246,Music | Boom,0.0328 | 0.0005 | 0.0001 | 0.0003 | 0.0001,ok,
XD-Violence,Mission.Impossible.II.2000__#01-29-30_01-29-44_label_B1-0-0,True,,Mission.Impossible.II.2000__#01-29-30_01-29-44_label_B1-0-0.mp4,B1-0-0,B1,fighting,0,5.666667,11.666667,6.0,Mission.Impossible.II.2000__#01-29-30_01-29-44_label_B1-0-0__seg0000_5.667-11.667.wav,danger risk,1,clotho,a person is walking on a hard surface and a man is speaking,-1.378746747970581,"Speech | Music | Thump, thud",0.3179 | 0.0047 | 0.0024 | 0.0005 | 0.0022,ok,
XD-Violence,Mission.Impossible.II.2000__#01-32-56_01-33-25_label_B1-0-0,True,,Mission.Impossible.II.2000__#01-32-56_01-33-25_label_B1-0-0.mp4,B1-0-0,B1,fighting,0,19.166667,25.0,5.833333,Mission.Impossible.II.2000__#01-32-56_01-33-25_label_B1-0-0__seg0000_19.167-25.000.wav,danger risk,1,clotho,a gun is being fired and a person is walking through the snow,-1.4108150005340576,,0.1084 | 0.0003 | 0.0001 | 0.0011 | 0.0001,ok,
XD-Violence,Mission.Impossible.II.2000__#01-38-25_01-38-41_label_B2-B5-0,True,,Mission.Impossible.II.2000__#01-38-25_01-38-41_label_B2-B5-0.mp4,B2-B5-0,B2|B5,shooting|abuse,0,5.416667,6.875,1.458333,Mission.Impossible.II.2000__#01-38-25_01-38-41_label_B2-B5-0__seg0000_5.417-6.875.wav,danger risk,1,clotho,a gun is fired and a door is being slammed,-1.8404461145401,Bang,0.1337 | 0.0004 | 0.0002 | 0.0026 | 0.0001,ok,
XD-Violence,Mission.Impossible.II.2000__#01-38-25_01-38-41_label_B2-B5-0,True,,Mission.Impossible.II.2000__#01-38-25_01-38-41_label_B2-B5-0.mp4,B2-B5-0,B2|B5,shooting|abuse,1,10.833333,12.291667,1.458333,Mission.Impossible.II.2000__#01-38-25_01-38-41_label_B2-B5-0__seg0001_10.833-12.292.wav,danger risk,1,clotho,a baby is crying and screaming loudly in a large room,-1.5143688917160034,,0.0767 | 0.0002 | 0.0001 | 0.0009 | 0.0,ok,
XD-Violence,Mission.Impossible.II.2000__#01-46-20_01-47-11_label_B2-B6-0,True,,Mission.Impossible.II.2000__#01-46-20_01-47-11_label_B2-B6-0.mp4,B2-B6-0,B2|B6,shooting|car accident,0,0.416667,2.333333,1.916667,Mission.Impossible.II.2000__#01-46-20_01-47-11_label_B2-B6-0__seg0000_0.417-2.333.wav,danger risk,1,clotho,a car is revving and a video game is being played,-1.9705559015274048,Vehicle,0.025 | 0.0001 | 0.0 | 0.0 | 0.0,ok,
XD-Violence,Mission.Impossible.II.2000__#01-46-20_01-47-11_label_B2-B6-0,True,,Mission.Impossible.II.2000__#01-46-20_01-47-11_label_B2-B6-0.mp4,B2-B6-0,B2|B6,shooting|car accident,1,3.5,5.625,2.125,Mission.Impossible.II.2000__#01-46-20_01-47-11_label_B2-B6-0__seg0001_3.500-5.625.wav,danger risk,1,clotho,a race car is racing through a track,-1.6556272506713867,Music | Vehicle | Car,0.0342 | 0.0001 | 0.0 | 0.0006 | 0.0,ok,
XD-Violence,Mission.Impossible.II.2000__#01-46-20_01-47-11_label_B2-B6-0,True,,Mission.Impossible.II.2000__#01-46-20_01-47-11_label_B2-B6-0.mp4,B2-B6-0,B2|B6,shooting|car accident,2,7.666667,17.208333,9.541667,Mission.Impossible.II.2000__#01-46-20_01-47-11_label_B2-B6-0__seg0002_7.667-17.208.wav,danger risk,1,clotho,a car engine revs and a vehicle drives by,-1.66887629032135,Car,0.0347 | 0.0001 | 0.0 | 0.0002 | 0.0001,ok,
XD-Violence,Mission.Impossible.II.2000__#01-46-20_01-47-11_label_B2-B6-0,True,,Mission.Impossible.II.2000__#01-46-20_01-47-11_label_B2-B6-0.mp4,B2-B6-0,B2|B6,shooting|car accident,3,25.333333,38.291667,12.958333,Mission.Impossible.II.2000__#01-46-20_01-47-11_label_B2-B6-0__seg0003_25.333-38.292.wav,danger risk,1,clotho,a race car is racing through the track and a man is speaking,-1.7216006517410278,Music | Vehicle | Car | Fusillade,0.0343 | 0.0002 | 0.0 | 0.0002 | 0.0001,ok,
XD-Violence,Mission.Impossible.III.2006__#00-19-56_00-20-26_label_B2-0-0,True,,Mission.Impossible.III.2006__#00-19-56_00-20-26_label_B2-0-0.mp4,B2-0-0,B2,shooting,0,0.791667,23.333333,22.541667,Mission.Impossible.III.2006__#00-19-56_00-20-26_label_B2-0-0__seg0000_0.792-23.333.wav,danger risk,1,clotho,a gun is fired and a man is speaking,-1.1836321353912354,"Speech | Music | Gunshot, gunfire | Fusillade",0.6681 | 0.0006 | 0.001 | 0.0006 | 0.0004,ok,
XD-Violence,Mission.Impossible.III.2006__#00-56-23_00-56-40_label_G-0-0,True,,Mission.Impossible.III.2006__#00-56-23_00-56-40_label_G-0-0.mp4,G-0-0,G,explosion,0,10.833333,15.125,4.291667,Mission.Impossible.III.2006__#00-56-23_00-56-40_label_G-0-0__seg0000_10.833-15.125.wav,danger risk,1,clotho,a loud whooshing occurs followed by a large explosion,-1.5741031169891355,Music | Explosion,0.0262 | 0.0001 | 0.0001 | 0.0001 | 0.0001,ok,
XD-Violence,Mission.Impossible.III.2006__#01-06-52_01-07-15_label_G-0-0,True,,Mission.Impossible.III.2006__#01-06-52_01-07-15_label_G-0-0.mp4,G-0-0,G,explosion,0,10.791667,14.416667,3.625,Mission.Impossible.III.2006__#01-06-52_01-07-15_label_G-0-0__seg0000_10.792-14.417.wav,danger risk,1,clotho,a large explosion is followed by a loud bang,-1.863674879074097,,0.031 | 0.0001 | 0.0003 | 0.0004 | 0.0002,ok,
XD-Violence,Mission.Impossible.III.2006__#01-54-02_01-54-40_label_B2-0-0,True,,Mission.Impossible.III.2006__#01-54-02_01-54-40_label_B2-0-0.mp4,B2-0-0,B2,shooting,0,8.583333,12.5,3.916667,Mission.Impossible.III.2006__#01-54-02_01-54-40_label_B2-0-0__seg0000_8.583-12.500.wav,danger risk,1,clotho,a machine gun is firing and gunfire is fired repeatedly,-1.86249840259552,"Gunshot, gunfire | Machine gun",0.0526 | 0.0002 | 0.0001 | 0.0005 | 0.0001,ok,
XD-Violence,Mission.Impossible.III.2006__#01-54-02_01-54-40_label_B2-0-0,True,,Mission.Impossible.III.2006__#01-54-02_01-54-40_label_B2-0-0.mp4,B2-0-0,B2,shooting,1,23.083333,30.625,7.541667,Mission.Impossible.III.2006__#01-54-02_01-54-40_label_B2-0-0__seg0001_23.083-30.625.wav,danger risk,1,clotho,a person is firing a gun in the distance,-1.3586952686309814,,0.0614 | 0.0003 | 0.0001 | 0.0002 | 0.0001,ok,
XD-Violence,Mission.Impossible.V.Rogue.Nation.2015__#00-14-40_00-17-12_label_B1-0-0,True,,Mission.Impossible.V.Rogue.Nation.2015__#00-14-40_00-17-12_label_B1-0-0.mp4,B1-0-0,B1,fighting,0,7.083333,9.25,2.166667,Mission.Impossible.V.Rogue.Nation.2015__#00-14-40_00-17-12_label_B1-0-0__seg0000_7.083-9.250.wav,danger risk,1,clotho,a gun is being fired repeatedly in a large room,-1.3229385614395142,"Thump, thud",0.0677 | 0.002 | 0.0002 | 0.0001 | 0.0006,ok,
XD-Violence,Mission.Impossible.V.Rogue.Nation.2015__#00-14-40_00-17-12_label_B1-0-0,True,,Mission.Impossible.V.Rogue.Nation.2015__#00-14-40_00-17-12_label_B1-0-0.mp4,B1-0-0,B1,fighting,1,16.458333,17.5,1.041667,Mission.Impossible.V.Rogue.Nation.2015__#00-14-40_00-17-12_label_B1-0-0__seg0001_16.458-17.500.wav,danger risk,1,clotho,a gun is being fired and a man is shouting,-1.7810046672821045,"Thump, thud",0.109 | 0.0015 | 0.0001 | 0.0002 | 0.0002,ok,
XD-Violence,Mission.Impossible.V.Rogue.Nation.2015__#00-14-40_00-17-12_label_B1-0-0,True,,Mission.Impossible.V.Rogue.Nation.2015__#00-14-40_00-17-12_label_B1-0-0.mp4,B1-0-0,B1,fighting,2,22.416667,23.25,0.833333,Mission.Impossible.V.Rogue.Nation.2015__#00-14-40_00-17-12_label_B1-0-0__seg0002_22.417-23.250.wav,danger risk,1,clotho,a gun is being fired and a person is walking,-1.6060184240341189,"Slam | Thump, thud",0.0912 | 0.0003 | 0.0002 | 0.0002 | 0.0001,ok,
XD-Violence,Mission.Impossible.V.Rogue.Nation.2015__#00-14-40_00-17-12_label_B1-0-0,True,,Mission.Impossible.V.Rogue.Nation.2015__#00-14-40_00-17-12_label_B1-0-0.mp4,B1-0-0,B1,fighting,3,60.208333,120.208333,60.0,Mission.Impossible.V.Rogue.Nation.2015__#00-14-40_00-17-12_label_B1-0-0__seg0003_60.208-120.208.wav,danger risk,1,clotho,a person is playing video game sounds and a gun is fired,-1.5212839841842651,"Speech | Music | Thump, thud",0.5225 | 0.0018 | 0.0011 | 0.0019 | 0.0011,ok,
XD-Violence,Mission.Impossible.V.Rogue.Nation.2015__#00-14-40_00-17-12_label_B1-0-0,True,,Mission.Impossible.V.Rogue.Nation.2015__#00-14-40_00-17-12_label_B1-0-0.mp4,B1-0-0,B1,fighting,4,120.208333,137.333333,17.125,Mission.Impossible.V.Rogue.Nation.2015__#00-14-40_00-17-12_label_B1-0-0__seg0004_120.208-137.333.wav,danger risk,1,clotho,a person is playing video game sounds and a gun is fired,-1.438506841659546,"Speech | Music | Fusillade | Thump, thud",0.4978 | 0.001 | 0.001 | 0.0023 | 0.001,ok,
XD-Violence,Mission.Impossible.V.Rogue.Nation.2015__#00-17-27_00-17-55_label_B2-0-0,True,,Mission.Impossible.V.Rogue.Nation.2015__#00-17-27_00-17-55_label_B2-0-0.mp4,B2-0-0,B2,shooting,0,19.833333,24.125,4.291667,Mission.Impossible.V.Rogue.Nation.2015__#00-17-27_00-17-55_label_B2-0-0__seg0000_19.833-24.125.wav,danger risk,1,clotho,a machine gun is fired and a person is firing a video game,-1.5520843267440796,Music,0.1899 | 0.0012 | 0.0003 | 0.0007 | 0.0001,ok,
XD-Violence,Mission.Impossible.V.Rogue.Nation.2015__#01-15-52_01-16-48_label_B6-B2-0,True,,Mission.Impossible.V.Rogue.Nation.2015__#01-15-52_01-16-48_label_B6-B2-0.mp4,B6-B2-0,B6|B2,car accident|shooting,0,3.5,9.0,5.5,Mission.Impossible.V.Rogue.Nation.2015__#01-15-52_01-16-48_label_B6-B2-0__seg0000_3.500-9.000.wav,danger risk,1,clotho,a car is racing and tires are squealing,-1.7416694164276123,"Vehicle | Car | Skidding | Race car, auto racing",0.0301 | 0.0001 | 0.0 | 0.0001 | 0.0,ok,
XD-Violence,Mission.Impossible.V.Rogue.Nation.2015__#01-15-52_01-16-48_label_B6-B2-0,True,,Mission.Impossible.V.Rogue.Nation.2015__#01-15-52_01-16-48_label_B6-B2-0.mp4,B6-B2-0,B6|B2,car accident|shooting,1,13.666667,16.958333,3.291667,Mission.Impossible.V.Rogue.Nation.2015__#01-15-52_01-16-48_label_B6-B2-0__seg0001_13.667-16.958.wav,danger risk,1,clotho,a machine gun is firing a video game and a man is speaking,-1.9073865413665767,Fusillade,0.2452 | 0.0005 | 0.0001 | 0.0023 | 0.0002,ok,
XD-Violence,Mission.Impossible.V.Rogue.Nation.2015__#01-15-52_01-16-48_label_B6-B2-0,True,,Mission.Impossible.V.Rogue.Nation.2015__#01-15-52_01-16-48_label_B6-B2-0.mp4,B6-B2-0,B6|B2,car accident|shooting,2,21.916667,41.458333,19.541667,Mission.Impossible.V.Rogue.Nation.2015__#01-15-52_01-16-48_label_B6-B2-0__seg0002_21.917-41.458.wav,danger risk,1,clotho,a man is speaking while a car is driving by,-1.451640009880066,Speech,0.7136 | 0.0018 | 0.0002 | 0.0006 | 0.0001,ok,
XD-Violence,Mission.Impossible.V.Rogue.Nation.2015__#01-19-48_01-20-20_label_B6-0-0,True,,Mission.Impossible.V.Rogue.Nation.2015__#01-19-48_01-20-20_label_B6-0-0.mp4,B6-0-0,B6,car accident,0,8.0,13.833333,5.833333,Mission.Impossible.V.Rogue.Nation.2015__#01-19-48_01-20-20_label_B6-0-0__seg0000_8.000-13.833.wav,danger risk,1,clotho,a machine gun is being fired and a person is firing a video game,-1.6493685245513916,Fusillade,0.2154 | 0.0004 | 0.0002 | 0.0005 | 0.0003,ok,
XD-Violence,Mission.Impossible.V.Rogue.Nation.2015__#01-54-23_01-55-10_label_B2-0-0,True,,Mission.Impossible.V.Rogue.Nation.2015__#01-54-23_01-55-10_label_B2-0-0.mp4,B2-0-0,B2,shooting,0,30.125,41.333333,11.208333,Mission.Impossible.V.Rogue.Nation.2015__#01-54-23_01-55-10_label_B2-0-0__seg0000_30.125-41.333.wav,danger risk,1,clotho,a gun is fired and a man is speaking to a crowd of people,-1.5902043581008911,Speech | Music,0.6665 | 0.0029 | 0.0004 | 0.002 | 0.0005,ok,
XD-Violence,New.Kids.Turbo.2010__#00-22-35_00-23-14_label_B1-0-0,True,,New.Kids.Turbo.2010__#00-22-35_00-23-14_label_B1-0-0.mp4,B1-0-0,B1,fighting,0,3.916667,5.583333,1.666667,New.Kids.Turbo.2010__#00-22-35_00-23-14_label_B1-0-0__seg0000_3.917-5.583.wav,danger risk,1,clotho,a man is speaking and then a gun is fired,-1.077728033065796,,0.2927 | 0.0013 | 0.0004 | 0.0001 | 0.0002,ok,
XD-Violence,New.Kids.Turbo.2010__#00-22-35_00-23-14_label_B1-0-0,True,,New.Kids.Turbo.2010__#00-22-35_00-23-14_label_B1-0-0.mp4,B1-0-0,B1,fighting,1,27.916667,30.875,2.958333,New.Kids.Turbo.2010__#00-22-35_00-23-14_label_B1-0-0__seg0001_27.917-30.875.wav,danger risk,1,clotho,a man is speaking while a gun is fired,-1.0446040630340576,Speech | Music,0.8809 | 0.0029 | 0.0006 | 0.0001 | 0.0005,ok,
XD-Violence,New.Kids.Turbo.2010__#00-50-13_00-50-34_label_B1-0-0,True,,New.Kids.Turbo.2010__#00-50-13_00-50-34_label_B1-0-0.mp4,B1-0-0,B1,fighting,0,14.333333,17.5,3.166667,New.Kids.Turbo.2010__#00-50-13_00-50-34_label_B1-0-0__seg0000_14.333-17.500.wav,danger risk,1,clotho,a person is walking on a hard surface,-1.5166957378387451,"Inside, large room or hall",0.0174 | 0.0004 | 0.0002 | 0.0003 | 0.0001,ok,
XD-Violence,Operation.Red.Sea.2018__#0-02-17_0-02-37_label_B2-0-0,True,,Operation.Red.Sea.2018__#0-02-17_0-02-37_label_B2-0-0.mp4,B2-0-0,B2,shooting,0,7.5,16.541667,9.041667,Operation.Red.Sea.2018__#0-02-17_0-02-37_label_B2-0-0__seg0000_7.500-16.542.wav,danger risk,1,clotho,a video game sound is being played with a machine gun shots in the background,-1.339890956878662,"Music | Smash, crash",0.032 | 0.0011 | 0.0003 | 0.0003 | 0.0001,ok,
XD-Violence,Operation.Red.Sea.2018__#0-16-06_0-16-46_label_G-0-0,True,,Operation.Red.Sea.2018__#0-16-06_0-16-46_label_G-0-0.mp4,G-0-0,G,explosion,0,26.25,32.25,6.0,Operation.Red.Sea.2018__#0-16-06_0-16-46_label_G-0-0__seg0000_26.250-32.250.wav,danger risk,1,clotho,a large amount of glass is breaking and crashing repeatedly,-1.6056209802627563,"Explosion | Burst, pop | Eruption",0.0395 | 0.0003 | 0.0001 | 0.0002 | 0.0001,ok,
XD-Violence,Operation.Red.Sea.2018__#0-25-36_0-26-03_label_G-0-0,True,,Operation.Red.Sea.2018__#0-25-36_0-26-03_label_G-0-0.mp4,G-0-0,G,explosion,0,24.375,25.833333,1.458333,Operation.Red.Sea.2018__#0-25-36_0-26-03_label_G-0-0__seg0000_24.375-25.833.wav,danger risk,1,clotho,a video game sound is being played with a machine gun,-1.6150169372558594,Music,0.0247 | 0.0002 | 0.0001 | 0.0002 | 0.0001,ok,
XD-Violence,Operation.Red.Sea.2018__#0-29-36_0-30-20_label_B2-G-0,True,,Operation.Red.Sea.2018__#0-29-36_0-30-20_label_B2-G-0.mp4,B2-G-0,B2|G,shooting|explosion,0,9.25,18.75,9.5,Operation.Red.Sea.2018__#0-29-36_0-30-20_label_B2-G-0__seg0000_9.250-18.750.wav,danger risk,1,clotho,a video game sound is being played with a machine gun shot and a man,-1.6059786081314087,Speech | Music,0.486 | 0.0006 | 0.0005 | 0.0008 | 0.0002,ok,
XD-Violence,Operation.Red.Sea.2018__#0-29-36_0-30-20_label_B2-G-0,True,,Operation.Red.Sea.2018__#0-29-36_0-30-20_label_B2-G-0.mp4,B2-G-0,B2|G,shooting|explosion,1,19.166667,22.208333,3.041667,Operation.Red.Sea.2018__#0-29-36_0-30-20_label_B2-G-0__seg0001_19.167-22.208.wav,danger risk,1,clotho,a video game sound is being played with heavy explosions,-1.4760459661483765,Music,0.014 | 0.0001 | 0.0001 | 0.0002 | 0.0001,ok,
XD-Violence,Operation.Red.Sea.2018__#0-56-26_0-57-10_label_G-0-0,True,,Operation.Red.Sea.2018__#0-56-26_0-57-10_label_G-0-0.mp4,G-0-0,G,explosion,0,13.75,17.916667,4.166667,Operation.Red.Sea.2018__#0-56-26_0-57-10_label_G-0-0__seg0000_13.750-17.917.wav,danger risk,1,clotho,a machine gun is fired and a man is speaking,-1.6685714721679688,Speech | Explosion | Eruption | Boom,0.6766 | 0.0006 | 0.0003 | 0.0018 | 0.0001,ok,
XD-Violence,Operation.Red.Sea.2018__#0-56-26_0-57-10_label_G-0-0,True,,Operation.Red.Sea.2018__#0-56-26_0-57-10_label_G-0-0.mp4,G-0-0,G,explosion,1,21.0,22.208333,1.208333,Operation.Red.Sea.2018__#0-56-26_0-57-10_label_G-0-0__seg0001_21.000-22.208.wav,danger risk,1,clotho,a loud explosion occurs followed by heavy explosions and a gunshot,-1.6416734457015991,Music | Bang,0.0143 | 0.0001 | 0.0001 | 0.0001 | 0.0,ok,
XD-Violence,Operation.Red.Sea.2018__#0-56-26_0-57-10_label_G-0-0,True,,Operation.Red.Sea.2018__#0-56-26_0-57-10_label_G-0-0.mp4,G-0-0,G,explosion,2,43.25,43.958333,0.708333,Operation.Red.Sea.2018__#0-56-26_0-57-10_label_G-0-0__seg0002_43.250-43.958.wav,danger risk,1,clotho,a large metal object is being hit repeatedly with a heavy explosions,-2.075167655944824,Music,0.011 | 0.0002 | 0.0 | 0.0001 | 0.0,ok,
XD-Violence,Operation.Red.Sea.2018__#01-20-58_01-22-00_label_B5-0-0,True,,Operation.Red.Sea.2018__#01-20-58_01-22-00_label_B5-0-0.mp4,B5-0-0,B5,abuse,0,52.958333,55.666667,2.708333,Operation.Red.Sea.2018__#01-20-58_01-22-00_label_B5-0-0__seg0000_52.958-55.667.wav,danger risk,1,clotho,a baby is crying and laughing while a man is speaking,-1.2264260053634644,Speech,0.8469 | 0.0054 | 0.0007 | 0.0006 | 0.0002,ok,
XD-Violence,Operation.Red.Sea.2018__#01-37-22_01-37-36_label_G-B2-0,True,,Operation.Red.Sea.2018__#01-37-22_01-37-36_label_G-B2-0.mp4,G-B2-0,G|B2,explosion|shooting,0,6.25,8.958333,2.708333,Operation.Red.Sea.2018__#01-37-22_01-37-36_label_G-B2-0__seg0000_6.250-8.958.wav,danger risk,1,clotho,a video game sound is being played with explosions and gunshots,-1.9102758169174197,Speech | Boom,0.4874 | 0.0005 | 0.0002 | 0.0012 | 0.0001,ok,
XD-Violence,Operation.Red.Sea.2018__#01-37-22_01-37-36_label_G-B2-0,True,,Operation.Red.Sea.2018__#01-37-22_01-37-36_label_G-B2-0.mp4,G-B2-0,G|B2,explosion|shooting,1,9.708333,11.458333,1.75,Operation.Red.Sea.2018__#01-37-22_01-37-36_label_G-B2-0__seg0001_9.708-11.458.wav,danger risk,1,clotho,a machine gun is firing and gunfire is fired and a video game sound is,-2.0218253135681152,Music,0.1169 | 0.0004 | 0.0001 | 0.0004 | 0.0001,ok,
XD-Violence,Quantum.Of.Solace.2008__#01-19-30_01-20-05_label_B1-0-0,True,,Quantum.Of.Solace.2008__#01-19-30_01-20-05_label_B1-0-0.mp4,B1-0-0,B1,fighting,0,5.458333,12.291667,6.833333,Quantum.Of.Solace.2008__#01-19-30_01-20-05_label_B1-0-0__seg0000_5.458-12.292.wav,danger risk,1,clotho,a machine gun is being fired and people are talking in the background,-1.32614004611969,"Music | Thump, thud",0.2488 | 0.0011 | 0.0007 | 0.0019 | 0.0004,ok,
XD-Violence,Quantum.Of.Solace.2008__#01-30-26_01-30-42_label_B2-B1-0,True,,Quantum.Of.Solace.2008__#01-30-26_01-30-42_label_B2-B1-0.mp4,B2-B1-0,B2|B1,shooting|fighting,0,1.25,2.291667,1.041667,Quantum.Of.Solace.2008__#01-30-26_01-30-42_label_B2-B1-0__seg0000_1.250-2.292.wav,danger risk,1,clotho,a machine gun is firing a gunshots and gunfire is fired,-1.8690423965454104,Fusillade,0.1008 | 0.0002 | 0.0001 | 0.0005 | 0.0001,ok,
XD-Violence,Quantum.Of.Solace.2008__#01-30-26_01-30-42_label_B2-B1-0,True,,Quantum.Of.Solace.2008__#01-30-26_01-30-42_label_B2-B1-0.mp4,B2-B1-0,B2|B1,shooting|fighting,1,4.75,6.0,1.25,Quantum.Of.Solace.2008__#01-30-26_01-30-42_label_B2-B1-0__seg0001_4.750-6.000.wav,danger risk,1,clotho,a large group of people are yelling and screaming in a video game,-1.8056942224502563,,0.0378 | 0.0002 | 0.0001 | 0.0002 | 0.0003,ok,
XD-Violence,Rush.Hour.1998.BluRay__#00-08-08_00-09-15_label_B2-B6-G,True,,Rush.Hour.1998.BluRay__#00-08-08_00-09-15_label_B2-B6-G.mp4,B2-B6-G,B2|B6|G,shooting|car accident|explosion,0,4.791667,7.25,2.458333,Rush.Hour.1998.BluRay__#00-08-08_00-09-15_label_B2-B6-G__seg0000_4.792-7.250.wav,danger risk,1,clotho,a gun is fired and a man is speaking,-1.6199544668197632,Speech | Music | Fusillade,0.5902 | 0.0013 | 0.0004 | 0.0012 | 0.0003,ok,
XD-Violence,Rush.Hour.1998.BluRay__#00-08-08_00-09-15_label_B2-B6-G,True,,Rush.Hour.1998.BluRay__#00-08-08_00-09-15_label_B2-B6-G.mp4,B2-B6-G,B2|B6|G,shooting|car accident|explosion,1,17.125,18.541667,1.416667,Rush.Hour.1998.BluRay__#00-08-08_00-09-15_label_B2-B6-G__seg0001_17.125-18.542.wav,danger risk,1,clotho,a video game sound is being played with a gun shot and then a car,-1.7724831104278564,Music,0.0266 | 0.0005 | 0.0004 | 0.0002 | 0.0001,ok,
XD-Violence,Rush.Hour.1998.BluRay__#00-08-08_00-09-15_label_B2-B6-G,True,,Rush.Hour.1998.BluRay__#00-08-08_00-09-15_label_B2-B6-G.mp4,B2-B6-G,B2|B6|G,shooting|car accident|explosion,2,19.041667,20.583333,1.541667,Rush.Hour.1998.BluRay__#00-08-08_00-09-15_label_B2-B6-G__seg0002_19.042-20.583.wav,danger risk,1,clotho,a car door is being opened and closed,-1.9811185598373413,Shatter,0.0558 | 0.0001 | 0.0 | 0.0003 | 0.0,ok,
XD-Violence,Rush.Hour.1998.BluRay__#00-08-08_00-09-15_label_B2-B6-G,True,,Rush.Hour.1998.BluRay__#00-08-08_00-09-15_label_B2-B6-G.mp4,B2-B6-G,B2|B6|G,shooting|car accident|explosion,3,24.75,25.833333,1.083333,Rush.Hour.1998.BluRay__#00-08-08_00-09-15_label_B2-B6-G__seg0003_24.750-25.833.wav,danger risk,1,clotho,a video game sound is being played with a gun firing and explosions,-1.855473637580872,Music | Fusillade,0.1066 | 0.002 | 0.0013 | 0.0031 | 0.0008,ok,
XD-Violence,Rush.Hour.1998.BluRay__#00-08-08_00-09-15_label_B2-B6-G,True,,Rush.Hour.1998.BluRay__#00-08-08_00-09-15_label_B2-B6-G.mp4,B2-B6-G,B2|B6|G,shooting|car accident|explosion,4,26.666667,34.583333,7.916667,Rush.Hour.1998.BluRay__#00-08-08_00-09-15_label_B2-B6-G__seg0004_26.667-34.583.wav,danger risk,1,clotho,a car drives by and a horn honks,-1.6341911554336548,Music | Vehicle,0.1735 | 0.0003 | 0.0001 | 0.0003 | 0.0001,ok,
XD-Violence,Rush.Hour.1998.BluRay__#00-08-08_00-09-15_label_B2-B6-G,True,,Rush.Hour.1998.BluRay__#00-08-08_00-09-15_label_B2-B6-G.mp4,B2-B6-G,B2|B6|G,shooting|car accident|explosion,5,41.666667,46.958333,5.291667,Rush.Hour.1998.BluRay__#00-08-08_00-09-15_label_B2-B6-G__seg0005_41.667-46.958.wav,danger risk,1,clotho,a gun is fired and a man is speaking,-1.1495879888534546,"Speech | Music | Gunshot, gunfire | Fusillade",0.5453 | 0.0008 | 0.0004 | 0.001 | 0.0001,ok,
XD-Violence,Rush.Hour.1998.BluRay__#00-08-08_00-09-15_label_B2-B6-G,True,,Rush.Hour.1998.BluRay__#00-08-08_00-09-15_label_B2-B6-G.mp4,B2-B6-G,B2|B6|G,shooting|car accident|explosion,6,52.0,60.208333,8.208333,Rush.Hour.1998.BluRay__#00-08-08_00-09-15_label_B2-B6-G__seg0006_52.000-60.208.wav,danger risk,1,clotho,a machine is running and breaking glass shatters and then a metal object is dropped,-1.9835695028305051,"Music | Explosion | Burst, pop",0.0243 | 0.0003 | 0.0002 | 0.0004 | 0.0002,ok,
XD-Violence,Rush.Hour.1998.BluRay__#00-11-05_00-12-10_label_B2-B1-0,True,,Rush.Hour.1998.BluRay__#00-11-05_00-12-10_label_B2-B1-0.mp4,B2-B1-0,B2|B1,shooting|fighting,0,5.833333,7.291667,1.458333,Rush.Hour.1998.BluRay__#00-11-05_00-12-10_label_B2-B1-0__seg0000_5.833-7.292.wav,danger risk,1,clotho,a gun is firing and gunshots in a machine guns,-2.0381739139556885,"Gunshot, gunfire | Artillery fire",0.0274 | 0.0001 | 0.0001 | 0.0014 | 0.0,ok,
XD-Violence,Rush.Hour.1998.BluRay__#00-11-05_00-12-10_label_B2-B1-0,True,,Rush.Hour.1998.BluRay__#00-11-05_00-12-10_label_B2-B1-0.mp4,B2-B1-0,B2|B1,shooting|fighting,1,11.458333,23.958333,12.5,Rush.Hour.1998.BluRay__#00-11-05_00-12-10_label_B2-B1-0__seg0001_11.458-23.958.wav,danger risk,1,clotho,a person is playing video game sounds and people are talking,-1.408536076545715,Speech | Music,0.3943 | 0.0007 | 0.0011 | 0.001 | 0.0002,ok,
XD-Violence,Rush.Hour.1998.BluRay__#00-11-05_00-12-10_label_B2-B1-0,True,,Rush.Hour.1998.BluRay__#00-11-05_00-12-10_label_B2-B1-0.mp4,B2-B1-0,B2|B1,shooting|fighting,2,38.958333,56.666667,17.708333,Rush.Hour.1998.BluRay__#00-11-05_00-12-10_label_B2-B1-0__seg0002_38.958-56.667.wav,danger risk,1,clotho,a car is driving by and a person is screaming in the background,-1.339551329612732,Music,0.0734 | 0.0008 | 0.0001 | 0.0004 | 0.0,ok,
XD-Violence,Rush.Hour.1998.BluRay__#01-20-28_01-21-38_label_B2-0-0,True,,Rush.Hour.1998.BluRay__#01-20-28_01-21-38_label_B2-0-0.mp4,B2-0-0,B2,shooting,0,5.083333,8.333333,3.25,Rush.Hour.1998.BluRay__#01-20-28_01-21-38_label_B2-0-0__seg0000_5.083-8.333.wav,danger risk,1,clotho,a machine gun is firing and a man is speaking,-1.7813819646835327,"Speech | Gunshot, gunfire | Fusillade",0.309 | 0.0005 | 0.0002 | 0.0019 | 0.0002,ok,
XD-Violence,Rush.Hour.1998.BluRay__#01-20-28_01-21-38_label_B2-0-0,True,,Rush.Hour.1998.BluRay__#01-20-28_01-21-38_label_B2-0-0.mp4,B2-0-0,B2,shooting,1,9.166667,12.5,3.333333,Rush.Hour.1998.BluRay__#01-20-28_01-21-38_label_B2-0-0__seg0001_9.167-12.500.wav,danger risk,1,clotho,a machine gun is firing and shooting guns,-1.7911440134048462,Fusillade,0.1288 | 0.0002 | 0.0001 | 0.0012 | 0.0,ok,
XD-Violence,Rush.Hour.1998.BluRay__#01-20-28_01-21-38_label_B2-0-0,True,,Rush.Hour.1998.BluRay__#01-20-28_01-21-38_label_B2-0-0.mp4,B2-0-0,B2,shooting,2,13.166667,14.875,1.708333,Rush.Hour.1998.BluRay__#01-20-28_01-21-38_label_B2-0-0__seg0002_13.167-14.875.wav,danger risk,1,clotho,a video game sound is being played with a machine gun shot and a child,-1.764723300933838,,0.0611 | 0.0002 | 0.0006 | 0.0005 | 0.0001,ok,
XD-Violence,Rush.Hour.1998.BluRay__#01-20-28_01-21-38_label_B2-0-0,True,,Rush.Hour.1998.BluRay__#01-20-28_01-21-38_label_B2-0-0.mp4,B2-0-0,B2,shooting,3,31.75,35.333333,3.583333,Rush.Hour.1998.BluRay__#01-20-28_01-21-38_label_B2-0-0__seg0003_31.750-35.333.wav,danger risk,1,clotho,a gun is fired and a man is speaking,-1.6264746189117432,Music,0.2197 | 0.0005 | 0.0001 | 0.0007 | 0.0002,ok,
XD-Violence,Rush.Hour.1998.BluRay__#01-20-28_01-21-38_label_B2-0-0,True,,Rush.Hour.1998.BluRay__#01-20-28_01-21-38_label_B2-0-0.mp4,B2-0-0,B2,shooting,4,41.583333,43.708333,2.125,Rush.Hour.1998.BluRay__#01-20-28_01-21-38_label_B2-0-0__seg0004_41.583-43.708.wav,danger risk,1,clotho,a gun is fired while a man is speaking in the background,-1.3367239236831665,"Speech | Gunshot, gunfire",0.4314 | 0.0005 | 0.0002 | 0.001 | 0.0002,ok,
XD-Violence,Rush.Hour.1998.BluRay__#01-20-28_01-21-38_label_B2-0-0,True,,Rush.Hour.1998.BluRay__#01-20-28_01-21-38_label_B2-0-0.mp4,B2-0-0,B2,shooting,5,46.041667,48.916667,2.875,Rush.Hour.1998.BluRay__#01-20-28_01-21-38_label_B2-0-0__seg0005_46.042-48.917.wav,danger risk,1,clotho,a gun is fired and a machine is firing,-1.7804189920425415,Speech | Music | Fusillade,0.3997 | 0.001 | 0.0001 | 0.0009 | 0.0002,ok,
XD-Violence,Rush.Hour.1998.BluRay__#01-20-28_01-21-38_label_B2-0-0,True,,Rush.Hour.1998.BluRay__#01-20-28_01-21-38_label_B2-0-0.mp4,B2-0-0,B2,shooting,6,55.125,61.458333,6.333333,Rush.Hour.1998.BluRay__#01-20-28_01-21-38_label_B2-0-0__seg0006_55.125-61.458.wav,danger risk,1,clotho,a gun is fired and a man is speaking,-1.2096227407455444,Speech | Music,0.5069 | 0.0066 | 0.0025 | 0.0008 | 0.0011,ok,
XD-Violence,Rush.Hour.1998.BluRay__#01-25-21_01-25-46_label_B2-0-0,True,,Rush.Hour.1998.BluRay__#01-25-21_01-25-46_label_B2-0-0.mp4,B2-0-0,B2,shooting,0,18.208333,21.625,3.416667,Rush.Hour.1998.BluRay__#01-25-21_01-25-46_label_B2-0-0__seg0000_18.208-21.625.wav,danger risk,1,clotho,a gun is fired and a machine is firing,-1.611943602561951,Music,0.0474 | 0.0005 | 0.0006 | 0.0017 | 0.0002,ok,
XD-Violence,Rush.Hour.3.2007.BluRay__#00-04-59_00-05-31_label_B2-0-0,True,,Rush.Hour.3.2007.BluRay__#00-04-59_00-05-31_label_B2-0-0.mp4,B2-0-0,B2,shooting,0,23.875,25.958333,2.083333,Rush.Hour.3.2007.BluRay__#00-04-59_00-05-31_label_B2-0-0__seg0000_23.875-25.958.wav,danger risk,1,clotho,glass shatters and breaking as a machine gun is fired repeatedly,-1.981320858001709,Explosion | Shatter,0.038 | 0.0003 | 0.0001 | 0.0002 | 0.0002,ok,
XD-Violence,Rush.Hour.3.2007.BluRay__#00-34-11_00-35-46_label_B1-0-0,True,,Rush.Hour.3.2007.BluRay__#00-34-11_00-35-46_label_B1-0-0.mp4,B1-0-0,B1,fighting,0,17.333333,30.75,13.416667,Rush.Hour.3.2007.BluRay__#00-34-11_00-35-46_label_B1-0-0__seg0000_17.333-30.750.wav,danger risk,1,clotho,a person is playing video game sounds and then a man is speaking,-1.6493452787399292,"Music | Shatter | Thump, thud",0.2098 | 0.0018 | 0.0053 | 0.0002 | 0.0019,ok,
XD-Violence,Rush.Hour.3.2007.BluRay__#00-34-11_00-35-46_label_B1-0-0,True,,Rush.Hour.3.2007.BluRay__#00-34-11_00-35-46_label_B1-0-0.mp4,B1-0-0,B1,fighting,1,33.541667,43.083333,9.541667,Rush.Hour.3.2007.BluRay__#00-34-11_00-35-46_label_B1-0-0__seg0001_33.542-43.083.wav,danger risk,1,clotho,a person is playing with a ball game and then a man screams,-1.8602994680404663,"Chop | Whack, thwack",0.0458 | 0.0005 | 0.0009 | 0.0006 | 0.0003,ok,
XD-Violence,Rush.Hour.3.2007.BluRay__#00-34-11_00-35-46_label_B1-0-0,True,,Rush.Hour.3.2007.BluRay__#00-34-11_00-35-46_label_B1-0-0.mp4,B1-0-0,B1,fighting,2,46.583333,57.916667,11.333333,Rush.Hour.3.2007.BluRay__#00-34-11_00-35-46_label_B1-0-0__seg0002_46.583-57.917.wav,danger risk,1,clotho,a person is playing video game sounds and then a man is speaking,-1.6577479839324951,"Music | Thump, thud",0.2518 | 0.0017 | 0.0028 | 0.001 | 0.0009,ok,
XD-Violence,Rush.Hour.3.2007.BluRay__#00-34-11_00-35-46_label_B1-0-0,True,,Rush.Hour.3.2007.BluRay__#00-34-11_00-35-46_label_B1-0-0.mp4,B1-0-0,B1,fighting,3,60.875,74.5,13.625,Rush.Hour.3.2007.BluRay__#00-34-11_00-35-46_label_B1-0-0__seg0003_60.875-74.500.wav,danger risk,1,clotho,a person is playing video game sounds and then a man is speaking,-1.778660774230957,"Music | Shatter | Thump, thud",0.0748 | 0.0008 | 0.0007 | 0.0004 | 0.0002,ok,
XD-Violence,Rush.Hour.3.2007.BluRay__#00-34-11_00-35-46_label_B1-0-0,True,,Rush.Hour.3.2007.BluRay__#00-34-11_00-35-46_label_B1-0-0.mp4,B1-0-0,B1,fighting,4,77.583333,85.625,8.041667,Rush.Hour.3.2007.BluRay__#00-34-11_00-35-46_label_B1-0-0__seg0004_77.583-85.625.wav,danger risk,1,clotho,a person is playing with a drum and a man is laughing and talking,-1.825489044189453,"Whack, thwack",0.0278 | 0.001 | 0.001 | 0.0001 | 0.0003,ok,
XD-Violence,Rush.Hour.3.2007.BluRay__#00-34-11_00-35-46_label_B1-0-0,True,,Rush.Hour.3.2007.BluRay__#00-34-11_00-35-46_label_B1-0-0.mp4,B1-0-0,B1,fighting,5,93.0,94.083333,1.083333,Rush.Hour.3.2007.BluRay__#00-34-11_00-35-46_label_B1-0-0__seg0005_93.000-94.083.wav,danger risk,1,clotho,someone is throwing a ball on the ground and then a man screams and a,-1.8878021240234373,"Whack, thwack",0.0416 | 0.0001 | 0.0001 | 0.0002 | 0.0,ok,
XD-Violence,Rush.Hour.3.2007.BluRay__#00-40-56_00-41-52_label_B2-0-0,True,,Rush.Hour.3.2007.BluRay__#00-40-56_00-41-52_label_B2-0-0.mp4,B2-0-0,B2,shooting,0,27.708333,28.5,0.791667,Rush.Hour.3.2007.BluRay__#00-40-56_00-41-52_label_B2-0-0__seg0000_27.708-28.500.wav,danger risk,1,clotho,a gun is firing gunshots and explosions in a machine guns,-2.240636110305786,Fusillade,0.0923 | 0.0002 | 0.0001 | 0.0005 | 0.0001,ok,
XD-Violence,Rush.Hour.3.2007.BluRay__#00-40-56_00-41-52_label_B2-0-0,True,,Rush.Hour.3.2007.BluRay__#00-40-56_00-41-52_label_B2-0-0.mp4,B2-0-0,B2,shooting,1,47.708333,49.791667,2.083333,Rush.Hour.3.2007.BluRay__#00-40-56_00-41-52_label_B2-0-0__seg0001_47.708-49.792.wav,danger risk,1,clotho,a gun is firing and a machine is running and a man is speaking,-1.8744609355926516,Speech | Fusillade,0.3835 | 0.0005 | 0.0001 | 0.0014 | 0.0001,ok,
XD-Violence,Rush.Hour.3.2007.BluRay__#01-12-16_01-12-36_label_B1-0-0,True,,Rush.Hour.3.2007.BluRay__#01-12-16_01-12-36_label_B1-0-0.mp4,B1-0-0,B1,fighting,0,0.0,18.75,18.75,Rush.Hour.3.2007.BluRay__#01-12-16_01-12-36_label_B1-0-0__seg0000_0.000-18.750.wav,danger risk,1,clotho,a person is playing with a video game while a man is shouting and screaming,-1.6809684038162231,"Speech | Music | Thump, thud",0.5964 | 0.003 | 0.006 | 0.0045 | 0.002,ok,
XD-Violence,Salt.2010__#00-17-40_00-18-16_label_B1-0-0,True,,Salt.2010__#00-17-40_00-18-16_label_B1-0-0.mp4,B1-0-0,B1,fighting,0,22.083333,36.0,13.916667,Salt.2010__#00-17-40_00-18-16_label_B1-0-0__seg0000_22.083-36.000.wav,danger risk,1,clotho,a gun is fired while a man is speaking,-1.3359057903289795,"Speech | Music | Boom | Thump, thud",0.7325 | 0.0044 | 0.006 | 0.0011 | 0.0028,ok,
XD-Violence,Salt.2010__#01-06-27_01-07-07_label_G-B2-0,True,,Salt.2010__#01-06-27_01-07-07_label_G-B2-0.mp4,G-B2-0,G|B2,explosion|shooting,0,1.041667,3.833333,2.791667,Salt.2010__#01-06-27_01-07-07_label_G-B2-0__seg0000_1.042-3.833.wav,danger risk,1,clotho,a machine gun is firing and explosions and then a loud explosion occurs,-1.865910530090332,Music | Boom,0.0702 | 0.0001 | 0.0 | 0.0012 | 0.0,ok,
XD-Violence,Salt.2010__#01-06-27_01-07-07_label_G-B2-0,True,,Salt.2010__#01-06-27_01-07-07_label_G-B2-0.mp4,G-B2-0,G|B2,explosion|shooting,1,4.958333,5.708333,0.75,Salt.2010__#01-06-27_01-07-07_label_G-B2-0__seg0001_4.958-5.708.wav,danger risk,1,clotho,a gun shot fireworks exploding in the sky,-2.37558913230896,Speech | Fireworks,0.5734 | 0.0004 | 0.0001 | 0.0002 | 0.0001,ok,
XD-Violence,Salt.2010__#01-06-27_01-07-07_label_G-B2-0,True,,Salt.2010__#01-06-27_01-07-07_label_G-B2-0.mp4,G-B2-0,G|B2,explosion|shooting,2,7.916667,11.25,3.333333,Salt.2010__#01-06-27_01-07-07_label_G-B2-0__seg0002_7.917-11.250.wav,danger risk,1,clotho,a machine gun is firing and a man is speaking,-1.6930136680603027,Speech,0.7302 | 0.0018 | 0.0005 | 0.0011 | 0.0009,ok,
XD-Violence,Salt.2010__#01-06-27_01-07-07_label_G-B2-0,True,,Salt.2010__#01-06-27_01-07-07_label_G-B2-0.mp4,G-B2-0,G|B2,explosion|shooting,3,13.291667,21.916667,8.625,Salt.2010__#01-06-27_01-07-07_label_G-B2-0__seg0003_13.292-21.917.wav,danger risk,1,clotho,a machine gun is fired and a person is firing a video game and then,-1.5096701383590698,Music | Fusillade,0.2159 | 0.0017 | 0.0004 | 0.001 | 0.0005,ok,
XD-Violence,Salt.2010__#01-06-27_01-07-07_label_G-B2-0,True,,Salt.2010__#01-06-27_01-07-07_label_G-B2-0.mp4,G-B2-0,G|B2,explosion|shooting,4,28.75,30.416667,1.666667,Salt.2010__#01-06-27_01-07-07_label_G-B2-0__seg0004_28.750-30.417.wav,danger risk,1,clotho,a machine gun is being fired and a person is firing a video game,-1.8962981700897217,,0.1931 | 0.0008 | 0.0001 | 0.0011 | 0.0004,ok,
XD-Violence,Salt.2010__#01-12-05_01-12-32_label_B2-G-0,True,,Salt.2010__#01-12-05_01-12-32_label_B2-G-0.mp4,B2-G-0,B2|G,shooting|explosion,0,5.125,12.333333,7.208333,Salt.2010__#01-12-05_01-12-32_label_B2-G-0__seg0000_5.125-12.333.wav,danger risk,1,clotho,a machine gun is fired and a man is speaking,-1.42155921459198,"Speech | Music | Gunshot, gunfire | Fusillade",0.6411 | 0.0021 | 0.0006 | 0.0013 | 0.0004,ok,
XD-Violence,Salt.2010__#01-12-05_01-12-32_label_B2-G-0,True,,Salt.2010__#01-12-05_01-12-32_label_B2-G-0.mp4,B2-G-0,B2|G,shooting|explosion,1,14.166667,19.0,4.833333,Salt.2010__#01-12-05_01-12-32_label_B2-G-0__seg0001_14.167-19.000.wav,danger risk,1,clotho,a video game sound is being played with explosions and music playing,-1.499176263809204,Music | Boom,0.1533 | 0.0002 | 0.0001 | 0.0006 | 0.0,ok,
XD-Violence,Saving.Private.Ryan.1998__#00-47-50_00-49-35_label_B2-0-0,True,,Saving.Private.Ryan.1998__#00-47-50_00-49-35_label_B2-0-0.mp4,B2-0-0,B2,shooting,0,20.125,27.916667,7.791667,Saving.Private.Ryan.1998__#00-47-50_00-49-35_label_B2-0-0__seg0000_20.125-27.917.wav,danger risk,1,clotho,a machine gun is firing and a person is shooting a gunshots and gunfire is,-2.0618832111358643,"Gunshot, gunfire | Machine gun",0.1892 | 0.0004 | 0.0001 | 0.002 | 0.0001,ok,
XD-Violence,Saving.Private.Ryan.1998__#00-47-50_00-49-35_label_B2-0-0,True,,Saving.Private.Ryan.1998__#00-47-50_00-49-35_label_B2-0-0.mp4,B2-0-0,B2,shooting,1,33.375,36.958333,3.583333,Saving.Private.Ryan.1998__#00-47-50_00-49-35_label_B2-0-0__seg0001_33.375-36.958.wav,danger risk,1,clotho,a gun is fired and a machine is running,-1.3909591436386108,Fusillade,0.0769 | 0.0001 | 0.0001 | 0.0005 | 0.0,ok,
XD-Violence,Saving.Private.Ryan.1998__#00-47-50_00-49-35_label_B2-0-0,True,,Saving.Private.Ryan.1998__#00-47-50_00-49-35_label_B2-0-0.mp4,B2-0-0,B2,shooting,2,50.458333,59.625,9.166667,Saving.Private.Ryan.1998__#00-47-50_00-49-35_label_B2-0-0__seg0002_50.458-59.625.wav,danger risk,1,clotho,a gun is fired and a man is speaking,-1.1554744243621826,Speech,0.587 | 0.0008 | 0.0004 | 0.0005 | 0.0001,ok,
XD-Violence,Saving.Private.Ryan.1998__#02-16-58_02-17-13_label_G-0-0,True,,Saving.Private.Ryan.1998__#02-16-58_02-17-13_label_G-0-0.mp4,G-0-0,G,explosion,0,6.125,12.5,6.375,Saving.Private.Ryan.1998__#02-16-58_02-17-13_label_G-0-0__seg0000_6.125-12.500.wav,danger risk,1,clotho,a machine gun is being fired and then a car drives by,-1.7502847909927368,Boom,0.0401 | 0.0001 | 0.0001 | 0.0007 | 0.0,ok,
XD-Violence,Saving.Private.Ryan.1998__#02-20-00_02-20-13_label_G-0-0,True,,Saving.Private.Ryan.1998__#02-20-00_02-20-13_label_G-0-0.mp4,G-0-0,G,explosion,0,4.791667,8.958333,4.166667,Saving.Private.Ryan.1998__#02-20-00_02-20-13_label_G-0-0__seg0000_4.792-8.958.wav,danger risk,1,clotho,a gun is fired and then a machine is firing,-1.6954104900360107,Music | Boom,0.1892 | 0.0003 | 0.0001 | 0.0011 | 0.0,ok,
XD-Violence,Saving.Private.Ryan.1998__#02-23-00_02-23-28_label_B1-0-0,True,,Saving.Private.Ryan.1998__#02-23-00_02-23-28_label_B1-0-0.mp4,B1-0-0,B1,fighting,0,1.583333,28.0,26.416667,Saving.Private.Ryan.1998__#02-23-00_02-23-28_label_B1-0-0__seg0000_1.583-28.000.wav,danger risk,1,clotho,a man is speaking while a gun is fired and a door is being opened,-1.4336819648742676,"Speech | Thump, thud",0.8423 | 0.0009 | 0.0011 | 0.0064 | 0.0007,ok,
XD-Violence,Saving.Private.Ryan.1998__#02-23-58_02-24-18_label_G-0-0,True,,Saving.Private.Ryan.1998__#02-23-58_02-24-18_label_G-0-0.mp4,G-0-0,G,explosion,0,9.5,12.958333,3.458333,Saving.Private.Ryan.1998__#02-23-58_02-24-18_label_G-0-0__seg0000_9.500-12.958.wav,danger risk,1,clotho,a large explosions and a gun fires repeatedly,-2.059889078140259,Boom,0.0563 | 0.0002 | 0.0001 | 0.0005 | 0.0,ok,
XD-Violence,Saving.Private.Ryan.1998__#02-24-18_02-25-42_label_B1-0-0,True,,Saving.Private.Ryan.1998__#02-24-18_02-25-42_label_B1-0-0.mp4,B1-0-0,B1,fighting,0,3.0,17.833333,14.833333,Saving.Private.Ryan.1998__#02-24-18_02-25-42_label_B1-0-0__seg0000_3.000-17.833.wav,danger risk,1,clotho,a man is speaking and a child is screaming while walking,-1.5721267461776731,"Speech | Thump, thud",0.5965 | 0.0008 | 0.0006 | 0.0016 | 0.0002,ok,
XD-Violence,Saving.Private.Ryan.1998__#02-24-18_02-25-42_label_B1-0-0,True,,Saving.Private.Ryan.1998__#02-24-18_02-25-42_label_B1-0-0.mp4,B1-0-0,B1,fighting,1,22.916667,34.583333,11.666667,Saving.Private.Ryan.1998__#02-24-18_02-25-42_label_B1-0-0__seg0001_22.917-34.583.wav,danger risk,1,clotho,a person is screaming while a baby is crying in the background,-1.2815114259719849,Speech | Groan,0.6167 | 0.0037 | 0.0009 | 0.0108 | 0.0003,ok,
XD-Violence,Saving.Private.Ryan.1998__#02-24-18_02-25-42_label_B1-0-0,True,,Saving.Private.Ryan.1998__#02-24-18_02-25-42_label_B1-0-0.mp4,B1-0-0,B1,fighting,2,45.208333,84.0,38.791667,Saving.Private.Ryan.1998__#02-24-18_02-25-42_label_B1-0-0__seg0002_45.208-84.000.wav,danger risk,1,clotho,a man is speaking and then a dog is barking,-1.04735004901886,Speech,0.8207 | 0.0036 | 0.0005 | 0.0012 | 0.0018,ok,
XD-Violence,Saving.Private.Ryan.1998__#02-25-42_02-26-03_label_B2-0-0,True,,Saving.Private.Ryan.1998__#02-25-42_02-26-03_label_B2-0-0.mp4,B2-0-0,B2,shooting,0,10.291667,21.0,10.708333,Saving.Private.Ryan.1998__#02-25-42_02-26-03_label_B2-0-0__seg0000_10.292-21.000.wav,danger risk,1,clotho,a gun is fired and a man is speaking,-1.4691245555877686,Speech | Fusillade,0.7363 | 0.0004 | 0.0005 | 0.001 | 0.0002,ok,
XD-Violence,Shoot.Em.Up.2007__#00-32-40_00-35-10_label_B2-0-0,True,,Shoot.Em.Up.2007__#00-32-40_00-35-10_label_B2-0-0.mp4,B2-0-0,B2,shooting,0,1.791667,3.083333,1.291667,Shoot.Em.Up.2007__#00-32-40_00-35-10_label_B2-0-0__seg0000_1.792-3.083.wav,danger risk,1,clotho,a machine gun is firing and gunshots and gunfire is being fired,-1.996883511543274,Fusillade,0.1239 | 0.0003 | 0.0001 | 0.0012 | 0.0001,ok,
XD-Violence,Shoot.Em.Up.2007__#00-32-40_00-35-10_label_B2-0-0,True,,Shoot.Em.Up.2007__#00-32-40_00-35-10_label_B2-0-0.mp4,B2-0-0,B2,shooting,1,4.75,6.625,1.875,Shoot.Em.Up.2007__#00-32-40_00-35-10_label_B2-0-0__seg0001_4.750-6.625.wav,danger risk,1,clotho,a gun is fired and a machine is running,-1.5496805906295776,Music | Fusillade,0.1019 | 0.0003 | 0.0001 | 0.0004 | 0.0,ok,
XD-Violence,Shoot.Em.Up.2007__#00-32-40_00-35-10_label_B2-0-0,True,,Shoot.Em.Up.2007__#00-32-40_00-35-10_label_B2-0-0.mp4,B2-0-0,B2,shooting,2,9.75,15.458333,5.708333,Shoot.Em.Up.2007__#00-32-40_00-35-10_label_B2-0-0__seg0002_9.750-15.458.wav,danger risk,1,clotho,a video game sound is being played with a machine gun firing,-1.432052731513977,Music | Fusillade,0.0515 | 0.0004 | 0.001 | 0.0001 | 0.0003,ok,
XD-Violence,Shoot.Em.Up.2007__#00-32-40_00-35-10_label_B2-0-0,True,,Shoot.Em.Up.2007__#00-32-40_00-35-10_label_B2-0-0.mp4,B2-0-0,B2,shooting,3,23.333333,32.541667,9.208333,Shoot.Em.Up.2007__#00-32-40_00-35-10_label_B2-0-0__seg0003_23.333-32.542.wav,danger risk,1,clotho,a gun is fired and a man is speaking,-1.3810057640075684,Music | Fusillade,0.1581 | 0.0006 | 0.0005 | 0.0002 | 0.0001,ok,
XD-Violence,Shoot.Em.Up.2007__#00-32-40_00-35-10_label_B2-0-0,True,,Shoot.Em.Up.2007__#00-32-40_00-35-10_label_B2-0-0.mp4,B2-0-0,B2,shooting,4,37.708333,59.416667,21.708333,Shoot.Em.Up.2007__#00-32-40_00-35-10_label_B2-0-0__seg0004_37.708-59.417.wav,danger risk,1,clotho,a gun is fired and a man is speaking,-1.4082610607147217,Music | Fusillade,0.0714 | 0.0006 | 0.0008 | 0.0001 | 0.0003,ok,
XD-Violence,Shoot.Em.Up.2007__#00-32-40_00-35-10_label_B2-0-0,True,,Shoot.Em.Up.2007__#00-32-40_00-35-10_label_B2-0-0.mp4,B2-0-0,B2,shooting,5,63.416667,70.666667,7.25,Shoot.Em.Up.2007__#00-32-40_00-35-10_label_B2-0-0__seg0005_63.417-70.667.wav,danger risk,1,clotho,a gun is fired and a man is speaking,-1.3357901573181152,"Speech | Music | Thump, thud",0.3592 | 0.0009 | 0.0002 | 0.0005 | 0.0001,ok,
XD-Violence,Shoot.Em.Up.2007__#00-32-40_00-35-10_label_B2-0-0,True,,Shoot.Em.Up.2007__#00-32-40_00-35-10_label_B2-0-0.mp4,B2-0-0,B2,shooting,6,74.583333,91.041667,16.458333,Shoot.Em.Up.2007__#00-32-40_00-35-10_label_B2-0-0__seg0006_74.583-91.042.wav,danger risk,1,clotho,a machine gun is fired and a man is speaking,-1.4084208011627195,"Music | Gunshot, gunfire | Machine gun | Fusillade",0.1183 | 0.0007 | 0.0003 | 0.0005 | 0.0002,ok,
XD-Violence,Shoot.Em.Up.2007__#00-32-40_00-35-10_label_B2-0-0,True,,Shoot.Em.Up.2007__#00-32-40_00-35-10_label_B2-0-0.mp4,B2-0-0,B2,shooting,7,98.916667,101.416667,2.5,Shoot.Em.Up.2007__#00-32-40_00-35-10_label_B2-0-0__seg0007_98.917-101.417.wav,danger risk,1,clotho,a video game sound is being played with a laser gun,-1.537009835243225,Music,0.0308 | 0.0003 | 0.0002 | 0.0001 | 0.0001,ok,
XD-Violence,Shoot.Em.Up.2007__#00-32-40_00-35-10_label_B2-0-0,True,,Shoot.Em.Up.2007__#00-32-40_00-35-10_label_B2-0-0.mp4,B2-0-0,B2,shooting,8,104.875,112.375,7.5,Shoot.Em.Up.2007__#00-32-40_00-35-10_label_B2-0-0__seg0008_104.875-112.375.wav,danger risk,1,clotho,a person is playing video game sounds and then a car drives by,-1.7112928628921509,Music,0.1565 | 0.002 | 0.0011 | 0.0001 | 0.0002,ok,
XD-Violence,Shoot.Em.Up.2007__#00-32-40_00-35-10_label_B2-0-0,True,,Shoot.Em.Up.2007__#00-32-40_00-35-10_label_B2-0-0.mp4,B2-0-0,B2,shooting,9,116.458333,143.0,26.541667,Shoot.Em.Up.2007__#00-32-40_00-35-10_label_B2-0-0__seg0009_116.458-143.000.wav,danger risk,1,clotho,a machine gun is fired and a man is speaking,-1.4169257879257202,Music | Fusillade,0.1517 | 0.0011 | 0.0004 | 0.0011 | 0.0001,ok,
XD-Violence,Shoot.Em.Up.2007__#00-53-25_00-56-47_label_B2-0-0,True,,Shoot.Em.Up.2007__#00-53-25_00-56-47_label_B2-0-0.mp4,B2-0-0,B2,shooting,0,4.208333,8.333333,4.125,Shoot.Em.Up.2007__#00-53-25_00-56-47_label_B2-0-0__seg0000_4.208-8.333.wav,danger risk,1,clotho,a machine gun is firing and a person is shooting a video game,-1.86941659450531,Fusillade,0.0728 | 0.0003 | 0.0003 | 0.001 | 0.0001,ok,
XD-Violence,Shoot.Em.Up.2007__#00-53-25_00-56-47_label_B2-0-0,True,,Shoot.Em.Up.2007__#00-53-25_00-56-47_label_B2-0-0.mp4,B2-0-0,B2,shooting,1,29.375,31.666667,2.291667,Shoot.Em.Up.2007__#00-53-25_00-56-47_label_B2-0-0__seg0001_29.375-31.667.wav,danger risk,1,clotho,a gun is being fired and a machine is running,-1.6715843677520752,Music | Fusillade,0.038 | 0.0002 | 0.0005 | 0.0009 | 0.0001,ok,
XD-Violence,Shoot.Em.Up.2007__#00-53-25_00-56-47_label_B2-0-0,True,,Shoot.Em.Up.2007__#00-53-25_00-56-47_label_B2-0-0.mp4,B2-0-0,B2,shooting,2,110.416667,112.875,2.458333,Shoot.Em.Up.2007__#00-53-25_00-56-47_label_B2-0-0__seg0002_110.417-112.875.wav,danger risk,1,clotho,a gun is fired and a man is shouting and screaming,-1.7354272603988647,Speech | Fusillade,0.5347 | 0.0004 | 0.0003 | 0.0011 | 0.0001,ok,
XD-Violence,Shoot.Em.Up.2007__#00-53-25_00-56-47_label_B2-0-0,True,,Shoot.Em.Up.2007__#00-53-25_00-56-47_label_B2-0-0.mp4,B2-0-0,B2,shooting,3,119.791667,130.0,10.208333,Shoot.Em.Up.2007__#00-53-25_00-56-47_label_B2-0-0__seg0003_119.792-130.000.wav,danger risk,1,clotho,a machine gun is firing and a video game sound is being played,-1.5845578908920288,Music | Fusillade,0.0923 | 0.0005 | 0.0005 | 0.0007 | 0.0001,ok,
XD-Violence,Shoot.Em.Up.2007__#00-53-25_00-56-47_label_B2-0-0,True,,Shoot.Em.Up.2007__#00-53-25_00-56-47_label_B2-0-0.mp4,B2-0-0,B2,shooting,4,134.041667,144.541667,10.5,Shoot.Em.Up.2007__#00-53-25_00-56-47_label_B2-0-0__seg0004_134.042-144.542.wav,danger risk,1,clotho,a machine gun is being fired and a person is firing a video game,-1.4761006832122805,Speech | Music,0.3821 | 0.001 | 0.0008 | 0.0003 | 0.0002,ok,
XD-Violence,Shoot.Em.Up.2007__#00-53-25_00-56-47_label_B2-0-0,True,,Shoot.Em.Up.2007__#00-53-25_00-56-47_label_B2-0-0.mp4,B2-0-0,B2,shooting,5,167.541667,177.708333,10.166667,Shoot.Em.Up.2007__#00-53-25_00-56-47_label_B2-0-0__seg0005_167.542-177.708.wav,danger risk,1,clotho,a machine gun is firing a video game and a man is speaking,-1.647485613822937,Speech | Music | Fusillade,0.3339 | 0.0008 | 0.0002 | 0.0015 | 0.0002,ok,
XD-Violence,Shoot.Em.Up.2007__#00-53-25_00-56-47_label_B2-0-0,True,,Shoot.Em.Up.2007__#00-53-25_00-56-47_label_B2-0-0.mp4,B2-0-0,B2,shooting,6,198.75,200.833333,2.083333,Shoot.Em.Up.2007__#00-53-25_00-56-47_label_B2-0-0__seg0006_198.750-200.833.wav,danger risk,1,clotho,a gun is firing and a machine guns is being fired,-1.899274826049805,Fusillade,0.2165 | 0.0003 | 0.0001 | 0.0013 | 0.0001,ok,
XD-Violence,Shoot.Em.Up.2007__#00-56-56_00-57-15_label_B2-0-0,True,,Shoot.Em.Up.2007__#00-56-56_00-57-15_label_B2-0-0.mp4,B2-0-0,B2,shooting,0,0.0,15.833333,15.833333,Shoot.Em.Up.2007__#00-56-56_00-57-15_label_B2-0-0__seg0000_0.000-15.833.wav,danger risk,1,clotho,a machine gun is fired and a person is firing a video game and a,-1.5791133642196655,Music | Fusillade,0.1503 | 0.0009 | 0.0003 | 0.0007 | 0.0001,ok,
XD-Violence,Sin.City.2005__#0-06-42_0-07-06_label_B1-0-0,True,,Sin.City.2005__#0-06-42_0-07-06_label_B1-0-0.mp4,B1-0-0,B1,fighting,0,14.166667,15.833333,1.666667,Sin.City.2005__#0-06-42_0-07-06_label_B1-0-0__seg0000_14.167-15.833.wav,danger risk,1,clotho,a person is throwing a heavy object on a hard surface,-1.5659340620040894,"Thump, thud | Breaking",0.2133 | 0.0007 | 0.0003 | 0.0001 | 0.0,ok,
XD-Violence,Sin.City.2005__#0-10-40_0-11-40_label_B2-0-0,True,,Sin.City.2005__#0-10-40_0-11-40_label_B2-0-0.mp4,B2-0-0,B2,shooting,0,2.083333,4.416667,2.333333,Sin.City.2005__#0-10-40_0-11-40_label_B2-0-0__seg0000_2.083-4.417.wav,danger risk,1,clotho,a gun is fired and a person is shouting,-1.7740967273712158,Music,0.283 | 0.002 | 0.0005 | 0.0003 | 0.0003,ok,
XD-Violence,Sin.City.2005__#0-10-40_0-11-40_label_B2-0-0,True,,Sin.City.2005__#0-10-40_0-11-40_label_B2-0-0.mp4,B2-0-0,B2,shooting,1,14.791667,16.333333,1.541667,Sin.City.2005__#0-10-40_0-11-40_label_B2-0-0__seg0001_14.792-16.333.wav,danger risk,1,clotho,a gun is fired repeatedly and is shot several times,-1.230946660041809,Fusillade,0.0663 | 0.0004 | 0.0004 | 0.0004 | 0.0002,ok,
XD-Violence,Sin.City.2005__#0-10-40_0-11-40_label_B2-0-0,True,,Sin.City.2005__#0-10-40_0-11-40_label_B2-0-0.mp4,B2-0-0,B2,shooting,2,19.416667,20.0,0.583333,Sin.City.2005__#0-10-40_0-11-40_label_B2-0-0__seg0002_19.417-20.000.wav,danger risk,1,clotho,a machine gun is firing and gunshots a video game sound is being shot and,-2.3753700256347656,Fusillade,0.0958 | 0.0002 | 0.0001 | 0.0001 | 0.0001,ok,
XD-Violence,Sin.City.2005__#0-10-40_0-11-40_label_B2-0-0,True,,Sin.City.2005__#0-10-40_0-11-40_label_B2-0-0.mp4,B2-0-0,B2,shooting,3,23.125,24.166667,1.041667,Sin.City.2005__#0-10-40_0-11-40_label_B2-0-0__seg0003_23.125-24.167.wav,danger risk,1,clotho,a gun is fired and a machine is firing,-1.8514316082000728,Music,0.1537 | 0.0004 | 0.0002 | 0.0009 | 0.0003,ok,
XD-Violence,Sin.City.2005__#0-10-40_0-11-40_label_B2-0-0,True,,Sin.City.2005__#0-10-40_0-11-40_label_B2-0-0.mp4,B2-0-0,B2,shooting,4,27.083333,31.25,4.166667,Sin.City.2005__#0-10-40_0-11-40_label_B2-0-0__seg0004_27.083-31.250.wav,danger risk,1,clotho,a gun is fired and a man is speaking,-1.3942304849624634,Fusillade,0.2315 | 0.0007 | 0.0002 | 0.0004 | 0.0002,ok,
XD-Violence,Sin.City.2005__#0-22-04_0-22-18_label_B5-0-0,True,,Sin.City.2005__#0-22-04_0-22-18_label_B5-0-0.mp4,B5-0-0,B5,abuse,0,0.0,14.0,14.0,Sin.City.2005__#0-22-04_0-22-18_label_B5-0-0__seg0000_0.000-14.000.wav,danger risk,1,clotho,a man is speaking while water is being splashed around,-1.2157549858093262,Speech | Music | Slosh,0.8056 | 0.0017 | 0.0009 | 0.0007 | 0.0007,ok,
XD-Violence,Sin.City.2005__#0-29-34_0-29-56_label_B2-0-0,True,,Sin.City.2005__#0-29-34_0-29-56_label_B2-0-0.mp4,B2-0-0,B2,shooting,0,14.791667,17.708333,2.916667,Sin.City.2005__#0-29-34_0-29-56_label_B2-0-0__seg0000_14.792-17.708.wav,danger risk,1,clotho,a machine gun is fired and a person is firing a set of keys,-1.4254530668258667,"Music | Gunshot, gunfire | Machine gun",0.0265 | 0.0002 | 0.0001 | 0.0002 | 0.0001,ok,
XD-Violence,Sin.City.2005__#0-29-34_0-29-56_label_B2-0-0,True,,Sin.City.2005__#0-29-34_0-29-56_label_B2-0-0.mp4,B2-0-0,B2,shooting,1,19.583333,21.25,1.666667,Sin.City.2005__#0-29-34_0-29-56_label_B2-0-0__seg0001_19.583-21.250.wav,danger risk,1,clotho,a gun is fired and a machine guns is firing in the distance,-1.7876393795013428,"Gunshot, gunfire | Machine gun",0.081 | 0.0003 | 0.0 | 0.0006 | 0.0,ok,
XD-Violence,Sin.City.2005__#0-32-00_0-32-16_label_B2-0-0,True,,Sin.City.2005__#0-32-00_0-32-16_label_B2-0-0.mp4,B2-0-0,B2,shooting,0,5.208333,6.625,1.416667,Sin.City.2005__#0-32-00_0-32-16_label_B2-0-0__seg0000_5.208-6.625.wav,danger risk,1,clotho,a gun is fired and a person is firing a video game,-1.5305535793304443,"Music | Fusillade | Thump, thud",0.1382 | 0.0013 | 0.0004 | 0.0006 | 0.0004,ok,
XD-Violence,Sin.City.2005__#0-32-00_0-32-16_label_B2-0-0,True,,Sin.City.2005__#0-32-00_0-32-16_label_B2-0-0.mp4,B2-0-0,B2,shooting,1,11.666667,13.333333,1.666667,Sin.City.2005__#0-32-00_0-32-16_label_B2-0-0__seg0001_11.667-13.333.wav,danger risk,1,clotho,a video game is being played with a gun,-1.5953428745269775,"Music | Thump, thud",0.023 | 0.0002 | 0.0002 | 0.0002 | 0.0,ok,
XD-Violence,Sin.City.2005__#0-43-45_0-44-01_label_B2-0-0,True,,Sin.City.2005__#0-43-45_0-44-01_label_B2-0-0.mp4,B2-0-0,B2,shooting,0,2.166667,6.166667,4.0,Sin.City.2005__#0-43-45_0-44-01_label_B2-0-0__seg0000_2.167-6.167.wav,danger risk,1,clotho,a machine gun is fired and then a person is firing a video game and,-1.7125197649002075,Music | Fusillade,0.1649 | 0.0005 | 0.0002 | 0.0011 | 0.0002,ok,
XD-Violence,Sin.City.2005__#01-19-08_01-19-23_label_G-0-0,True,,Sin.City.2005__#01-19-08_01-19-23_label_G-0-0.mp4,G-0-0,G,explosion,0,3.125,6.25,3.125,Sin.City.2005__#01-19-08_01-19-23_label_G-0-0__seg0000_3.125-6.250.wav,danger risk,1,clotho,a gun is being fired in the distance,-1.6000044345855713,,0.0512 | 0.0001 | 0.0001 | 0.0005 | 0.0,ok,
XD-Violence,Sin.City.2005__#01-51-59_01-52-29_label_B2-0-0,True,,Sin.City.2005__#01-51-59_01-52-29_label_B2-0-0.mp4,B2-0-0,B2,shooting,0,1.458333,3.333333,1.875,Sin.City.2005__#01-51-59_01-52-29_label_B2-0-0__seg0000_1.458-3.333.wav,danger risk,1,clotho,a gun is being fired repeatedly while a person is walking on a hard surface,-1.538036584854126,"Music | Thump, thud",0.0439 | 0.0005 | 0.0007 | 0.0001 | 0.0001,ok,
XD-Violence,Sin.City.2005__#01-51-59_01-52-29_label_B2-0-0,True,,Sin.City.2005__#01-51-59_01-52-29_label_B2-0-0.mp4,B2-0-0,B2,shooting,1,23.125,25.416667,2.291667,Sin.City.2005__#01-51-59_01-52-29_label_B2-0-0__seg0001_23.125-25.417.wav,danger risk,1,clotho,a machine gun is being fired repeatedly and is shot several times,-1.3937313556671145,,0.0491 | 0.0011 | 0.0003 | 0.0006 | 0.0006,ok,
XD-Violence,Skyfall.2012__#00-03-22_00-03-40_label_B6-0-0,True,,Skyfall.2012__#00-03-22_00-03-40_label_B6-0-0.mp4,B6-0-0,B6,car accident,0,7.5,18.0,10.5,Skyfall.2012__#00-03-22_00-03-40_label_B6-0-0__seg0000_7.500-18.000.wav,danger risk,1,clotho,a car is driving and a man is speaking,-1.471106767654419,"Speech | Music | Car | Race car, auto racing | Boom",0.6671 | 0.0006 | 0.0003 | 0.0012 | 0.0003,ok,
XD-Violence,Skyfall.2012__#00-06-10_00-06-25_label_B6-0-0,True,,Skyfall.2012__#00-06-10_00-06-25_label_B6-0-0.mp4,B6-0-0,B6,car accident,0,6.875,10.625,3.75,Skyfall.2012__#00-06-10_00-06-25_label_B6-0-0__seg0000_6.875-10.625.wav,danger risk,1,clotho,a race car is racing by a track with a shovel,-1.9894744157791135,Music | Car,0.0158 | 0.0001 | 0.0 | 0.0002 | 0.0,ok,
XD-Violence,Skyfall.2012__#01-20-05_01-20-20_label_B1-B2-0,True,,Skyfall.2012__#01-20-05_01-20-20_label_B1-B2-0.mp4,B1-B2-0,B1|B2,fighting|shooting,0,1.875,10.833333,8.958333,Skyfall.2012__#01-20-05_01-20-20_label_B1-B2-0__seg0000_1.875-10.833.wav,danger risk,1,clotho,a machine gun is fired and a person is firing a video game,-1.5190602540969849,"Music | Gunshot, gunfire | Fusillade | Boom",0.1929 | 0.0006 | 0.0006 | 0.0013 | 0.0003,ok,
XD-Violence,Skyfall.2012__#01-55-44_01-56-57_label_B2-G-0,True,,Skyfall.2012__#01-55-44_01-56-57_label_B2-G-0.mp4,B2-G-0,B2|G,shooting|explosion,0,2.25,12.416667,10.166667,Skyfall.2012__#01-55-44_01-56-57_label_B2-G-0__seg0000_2.250-12.417.wav,danger risk,1,clotho,a machine gun is firing and a person is shooting a video game and a,-1.8000613451004028,"Music | Gunshot, gunfire | Machine gun | Fusillade",0.0826 | 0.0004 | 0.0002 | 0.0012 | 0.0001,ok,
XD-Violence,Skyfall.2012__#01-55-44_01-56-57_label_B2-G-0,True,,Skyfall.2012__#01-55-44_01-56-57_label_B2-G-0.mp4,B2-G-0,B2|G,shooting|explosion,1,15.416667,19.458333,4.041667,Skyfall.2012__#01-55-44_01-56-57_label_B2-G-0__seg0001_15.417-19.458.wav,danger risk,1,clotho,a machine gun is being fired and then a video game is being shot and,-1.889931321144104,Music | Fusillade,0.0718 | 0.0004 | 0.0004 | 0.0009 | 0.0002,ok,
XD-Violence,Skyfall.2012__#01-55-44_01-56-57_label_B2-G-0,True,,Skyfall.2012__#01-55-44_01-56-57_label_B2-G-0.mp4,B2-G-0,B2|G,shooting|explosion,2,22.833333,24.833333,2.0,Skyfall.2012__#01-55-44_01-56-57_label_B2-G-0__seg0002_22.833-24.833.wav,danger risk,1,clotho,a machine gun is firing and video game sounds are being shot and gunfire,-1.907867431640625,Music | Fusillade,0.0519 | 0.0002 | 0.0002 | 0.0005 | 0.0001,ok,
XD-Violence,Skyfall.2012__#01-55-44_01-56-57_label_B2-G-0,True,,Skyfall.2012__#01-55-44_01-56-57_label_B2-G-0.mp4,B2-G-0,B2|G,shooting|explosion,3,28.625,30.833333,2.208333,Skyfall.2012__#01-55-44_01-56-57_label_B2-G-0__seg0003_28.625-30.833.wav,danger risk,1,clotho,a machine gun is firing and explosions are being fired,-1.8447604179382324,Music | Boom,0.0501 | 0.0003 | 0.0002 | 0.0003 | 0.0001,ok,
XD-Violence,Skyfall.2012__#01-55-44_01-56-57_label_B2-G-0,True,,Skyfall.2012__#01-55-44_01-56-57_label_B2-G-0.mp4,B2-G-0,B2|G,shooting|explosion,4,39.333333,44.833333,5.5,Skyfall.2012__#01-55-44_01-56-57_label_B2-G-0__seg0004_39.333-44.833.wav,danger risk,1,clotho,a video game sound is being played with a machine gun shots,-1.6135426759719849,"Music | Smash, crash",0.0466 | 0.0004 | 0.0002 | 0.0005 | 0.0002,ok,
XD-Violence,Skyfall.2012__#01-55-44_01-56-57_label_B2-G-0,True,,Skyfall.2012__#01-55-44_01-56-57_label_B2-G-0.mp4,B2-G-0,B2|G,shooting|explosion,5,48.041667,49.25,1.208333,Skyfall.2012__#01-55-44_01-56-57_label_B2-G-0__seg0005_48.042-49.250.wav,danger risk,1,clotho,a machine gun is firing a video game and a gunshot is fired,-1.784515619277954,Music | Fusillade,0.0806 | 0.0004 | 0.0002 | 0.0004 | 0.0001,ok,
XD-Violence,Skyfall.2012__#01-55-44_01-56-57_label_B2-G-0,True,,Skyfall.2012__#01-55-44_01-56-57_label_B2-G-0.mp4,B2-G-0,B2|G,shooting|explosion,6,51.458333,60.375,8.916667,Skyfall.2012__#01-55-44_01-56-57_label_B2-G-0__seg0006_51.458-60.375.wav,danger risk,1,clotho,a gun is fired repeatedly and a machine is running,-1.4717979431152344,Music | Fusillade | Boom,0.0623 | 0.0006 | 0.0003 | 0.0006 | 0.0002,ok,
XD-Violence,Skyfall.2012__#01-57-40_01-58-00_label_B2-0-0,True,,Skyfall.2012__#01-57-40_01-58-00_label_B2-0-0.mp4,B2-0-0,B2,shooting,0,0.0,7.0,7.0,Skyfall.2012__#01-57-40_01-58-00_label_B2-0-0__seg0000_0.000-7.000.wav,danger risk,1,clotho,a machine gun is fired and a person is firing a video game,-1.5042898654937744,Music | Fusillade,0.1489 | 0.0004 | 0.0003 | 0.001 | 0.0002,ok,
XD-Violence,Skyfall.2012__#02-08-44_02-09-17_label_B1-0-0,True,,Skyfall.2012__#02-08-44_02-09-17_label_B1-0-0.mp4,B1-0-0,B1,fighting,0,3.25,27.291667,24.041667,Skyfall.2012__#02-08-44_02-09-17_label_B1-0-0__seg0000_3.250-27.292.wav,danger risk,1,clotho,music is playing and a person is walking in the background,-1.4425983428955078,Music | Theme music,0.0187 | 0.0013 | 0.0003 | 0.0006 | 0.0001,ok,
XD-Violence,Spectre.2015__#00-44-05_00-44-40_label_B1-B2-0,True,,Spectre.2015__#00-44-05_00-44-40_label_B1-B2-0.mp4,B1-B2-0,B1|B2,fighting|shooting,0,1.583333,9.041667,7.458333,Spectre.2015__#00-44-05_00-44-40_label_B1-B2-0__seg0000_1.583-9.042.wav,danger risk,1,clotho,a person is playing a video game and then a gun is fired,-1.6101763248443604,Music | Breaking,0.0248 | 0.0004 | 0.0003 | 0.0003 | 0.0001,ok,
XD-Violence,Spectre.2015__#00-44-05_00-44-40_label_B1-B2-0,True,,Spectre.2015__#00-44-05_00-44-40_label_B1-B2-0.mp4,B1-B2-0,B1|B2,fighting|shooting,1,10.583333,13.708333,3.125,Spectre.2015__#00-44-05_00-44-40_label_B1-B2-0__seg0001_10.583-13.708.wav,danger risk,1,clotho,a video game sound is being played with a gun firing and a machine guns,-1.5483782291412354,Music,0.2615 | 0.0008 | 0.0005 | 0.0008 | 0.0002,ok,
XD-Violence,Spectre.2015__#00-44-05_00-44-40_label_B1-B2-0,True,,Spectre.2015__#00-44-05_00-44-40_label_B1-B2-0.mp4,B1-B2-0,B1|B2,fighting|shooting,2,22.458333,34.041667,11.583333,Spectre.2015__#00-44-05_00-44-40_label_B1-B2-0__seg0002_22.458-34.042.wav,danger risk,1,clotho,a video game is being played with a car revving and tires,-1.624210238456726,Music | Vehicle | Car,0.0441 | 0.0002 | 0.0 | 0.0004 | 0.0,ok,
XD-Violence,Spectre.2015__#01-08-58_01-09-20_label_B1-B2-0,True,,Spectre.2015__#01-08-58_01-09-20_label_B1-B2-0.mp4,B1-B2-0,B1|B2,fighting|shooting,0,2.083333,4.166667,2.083333,Spectre.2015__#01-08-58_01-09-20_label_B1-B2-0__seg0000_2.083-4.167.wav,danger risk,1,clotho,a person is playing video game sounds and a man laughs,-1.5661691427230835,"Music | Thump, thud",0.0974 | 0.0011 | 0.0017 | 0.0011 | 0.0004,ok,
XD-Violence,Spectre.2015__#01-08-58_01-09-20_label_B1-B2-0,True,,Spectre.2015__#01-08-58_01-09-20_label_B1-B2-0.mp4,B1-B2-0,B1|B2,fighting|shooting,1,12.291667,13.333333,1.041667,Spectre.2015__#01-08-58_01-09-20_label_B1-B2-0__seg0001_12.292-13.333.wav,danger risk,1,clotho,a machine gun is being fired repeatedly while a metal object is being dropped,-1.724726915359497,Music | Boom,0.0414 | 0.0002 | 0.0001 | 0.0002 | 0.0001,ok,
XD-Violence,Spectre.2015__#01-08-58_01-09-20_label_B1-B2-0,True,,Spectre.2015__#01-08-58_01-09-20_label_B1-B2-0.mp4,B1-B2-0,B1|B2,fighting|shooting,2,13.75,14.791667,1.041667,Spectre.2015__#01-08-58_01-09-20_label_B1-B2-0__seg0002_13.750-14.792.wav,danger risk,1,clotho,a gun is fired repeatedly and a video game is being played,-1.4810688495635986,Music,0.05 | 0.0005 | 0.0001 | 0.0011 | 0.0001,ok,
XD-Violence,Spectre.2015__#01-10-35_01-10-53_label_B2-0-0,True,,Spectre.2015__#01-10-35_01-10-53_label_B2-0-0.mp4,B2-0-0,B2,shooting,0,7.083333,9.875,2.791667,Spectre.2015__#01-10-35_01-10-53_label_B2-0-0__seg0000_7.083-9.875.wav,danger risk,1,clotho,a machine gun is fired repeatedly and is firing,-1.6034049987792969,Music | Fusillade,0.0676 | 0.0004 | 0.0001 | 0.0009 | 0.0001,ok,
XD-Violence,Spectre.2015__#01-10-35_01-10-53_label_B2-0-0,True,,Spectre.2015__#01-10-35_01-10-53_label_B2-0-0.mp4,B2-0-0,B2,shooting,1,11.25,14.041667,2.791667,Spectre.2015__#01-10-35_01-10-53_label_B2-0-0__seg0001_11.250-14.042.wav,danger risk,1,clotho,a machine gun is firing with a heavy explosions in the background,-1.6026341915130615,Boom,0.0236 | 0.0001 | 0.0001 | 0.0003 | 0.0,ok,
XD-Violence,Spectre.2015__#01-32-55_01-35-40_label_B1-B2-0,True,,Spectre.2015__#01-32-55_01-35-40_label_B1-B2-0.mp4,B1-B2-0,B1|B2,fighting|shooting,0,3.833333,5.5,1.666667,Spectre.2015__#01-32-55_01-35-40_label_B1-B2-0__seg0000_3.833-5.500.wav,danger risk,1,clotho,a machine is running and breaking and a man is speaking,-2.1998841762542725,Music,0.0391 | 0.0002 | 0.0001 | 0.0002 | 0.0001,ok,
XD-Violence,Spectre.2015__#01-32-55_01-35-40_label_B1-B2-0,True,,Spectre.2015__#01-32-55_01-35-40_label_B1-B2-0.mp4,B1-B2-0,B1|B2,fighting|shooting,1,5.583333,6.416667,0.833333,Spectre.2015__#01-32-55_01-35-40_label_B1-B2-0__seg0001_5.583-6.417.wav,danger risk,1,clotho,a machine gun firing and gunshots and gunfire and a gunshot and a guns shots,-2.497073173522949,,0.0402 | 0.0001 | 0.0 | 0.0002 | 0.0,ok,
XD-Violence,Spectre.2015__#01-32-55_01-35-40_label_B1-B2-0,True,,Spectre.2015__#01-32-55_01-35-40_label_B1-B2-0.mp4,B1-B2-0,B1|B2,fighting|shooting,2,7.375,67.375,60.0,Spectre.2015__#01-32-55_01-35-40_label_B1-B2-0__seg0002_7.375-67.375.wav,danger risk,1,clotho,a person is walking on a hard surface and a gun is fired,-1.5267187356948853,"Speech | Thump, thud | Breaking",0.3345 | 0.0012 | 0.001 | 0.0008 | 0.0005,ok,
XD-Violence,Spectre.2015__#01-32-55_01-35-40_label_B1-B2-0,True,,Spectre.2015__#01-32-55_01-35-40_label_B1-B2-0.mp4,B1-B2-0,B1|B2,fighting|shooting,3,67.375,119.583333,52.208333,Spectre.2015__#01-32-55_01-35-40_label_B1-B2-0__seg0003_67.375-119.583.wav,danger risk,1,clotho,someone is throwing a heavy object on a hard surface,-1.3560441732406616,"Music | Boom | Thump, thud | Breaking",0.2471 | 0.0009 | 0.0006 | 0.0003 | 0.0002,ok,
XD-Violence,Spectre.2015__#01-32-55_01-35-40_label_B1-B2-0,True,,Spectre.2015__#01-32-55_01-35-40_label_B1-B2-0.mp4,B1-B2-0,B1|B2,fighting|shooting,4,123.333333,124.166667,0.833333,Spectre.2015__#01-32-55_01-35-40_label_B1-B2-0__seg0004_123.333-124.167.wav,danger risk,1,clotho,a machine gun is firing and gunshots and gunfire is fired,-2.3815488815307617,Speech | Music,0.3409 | 0.0003 | 0.0004 | 0.0003 | 0.0002,ok,
XD-Violence,Spectre.2015__#01-32-55_01-35-40_label_B1-B2-0,True,,Spectre.2015__#01-32-55_01-35-40_label_B1-B2-0.mp4,B1-B2-0,B1|B2,fighting|shooting,5,130.25,155.958333,25.708333,Spectre.2015__#01-32-55_01-35-40_label_B1-B2-0__seg0005_130.250-155.958.wav,danger risk,1,clotho,a person is playing video game sounds and then a gun is fired,-1.5932382345199585,Music,0.1749 | 0.0095 | 0.001 | 0.0003 | 0.0007,ok,
XD-Violence,Spectre.2015__#02-02-57_02-03-27_label_B1-B2-0,True,,Spectre.2015__#02-02-57_02-03-27_label_B1-B2-0.mp4,B1-B2-0,B1|B2,fighting|shooting,0,16.0,17.916667,1.916667,Spectre.2015__#02-02-57_02-03-27_label_B1-B2-0__seg0000_16.000-17.917.wav,danger risk,1,clotho,a gun is fired repeatedly in a video game,-1.3741662502288818,Music | Fusillade,0.0414 | 0.0001 | 0.0 | 0.0003 | 0.0,ok,
XD-Violence,Spectre.2015__#02-15-30_02-16-05_label_G-0-0,True,,Spectre.2015__#02-15-30_02-16-05_label_G-0-0.mp4,G-0-0,G,explosion,0,17.916667,23.791667,5.875,Spectre.2015__#02-15-30_02-16-05_label_G-0-0__seg0000_17.917-23.792.wav,danger risk,1,clotho,a large metal object is being moved and repeatedly,-1.776039719581604,,0.0269 | 0.0002 | 0.0002 | 0.0001 | 0.0002,ok,
XD-Violence,Taken.2.UNRATED.EXTENDED.2012__#00-13-42_00-14-16_label_B5-0-0,True,,Taken.2.UNRATED.EXTENDED.2012__#00-13-42_00-14-16_label_B5-0-0.mp4,B5-0-0,B5,abuse,0,1.666667,17.666667,16.0,Taken.2.UNRATED.EXTENDED.2012__#00-13-42_00-14-16_label_B5-0-0__seg0000_1.667-17.667.wav,danger risk,1,clotho,a man is speaking and a dog is barking,-1.3367364406585691,Speech | Music,0.4649 | 0.0058 | 0.0005 | 0.0006 | 0.0005,ok,
XD-Violence,Taken.2.UNRATED.EXTENDED.2012__#00-45-50_00-46-20_label_G-0-0,True,,Taken.2.UNRATED.EXTENDED.2012__#00-45-50_00-46-20_label_G-0-0.mp4,G-0-0,G,explosion,0,15.583333,17.416667,1.833333,Taken.2.UNRATED.EXTENDED.2012__#00-45-50_00-46-20_label_G-0-0__seg0000_15.583-17.417.wav,danger risk,1,clotho,a video game sound is being played with a gun shot and a machine guns,-1.7395960092544556,Music | Boom,0.056 | 0.0001 | 0.0001 | 0.0001 | 0.0,ok,
XD-Violence,Taken.2.UNRATED.EXTENDED.2012__#01-00-00_01-00-16_label_B2-0-0,True,,Taken.2.UNRATED.EXTENDED.2012__#01-00-00_01-00-16_label_B2-0-0.mp4,B2-0-0,B2,shooting,0,13.625,15.333333,1.708333,Taken.2.UNRATED.EXTENDED.2012__#01-00-00_01-00-16_label_B2-0-0__seg0000_13.625-15.333.wav,danger risk,1,clotho,a gun is fired and a man is firing machine guns,-1.8164633512496948,Speech | Fusillade,0.4228 | 0.0004 | 0.0001 | 0.0016 | 0.0001,ok,
XD-Violence,Taken.2.UNRATED.EXTENDED.2012__#01-06-28_01-06-49_label_B2-0-0,True,,Taken.2.UNRATED.EXTENDED.2012__#01-06-28_01-06-49_label_B2-0-0.mp4,B2-0-0,B2,shooting,0,2.041667,9.5,7.458333,Taken.2.UNRATED.EXTENDED.2012__#01-06-28_01-06-49_label_B2-0-0__seg0000_2.042-9.500.wav,danger risk,1,clotho,a gun is fired and a man is speaking,-1.2041661739349363,Speech | Fusillade,0.7662 | 0.0013 | 0.0007 | 0.0017 | 0.0005,ok,
XD-Violence,Taken.2.UNRATED.EXTENDED.2012__#01-18-25_01-18-40_label_B2-0-0,True,,Taken.2.UNRATED.EXTENDED.2012__#01-18-25_01-18-40_label_B2-0-0.mp4,B2-0-0,B2,shooting,0,2.041667,10.833333,8.791667,Taken.2.UNRATED.EXTENDED.2012__#01-18-25_01-18-40_label_B2-0-0__seg0000_2.042-10.833.wav,danger risk,1,clotho,a gun is fired and a machine is firing,-1.5045490264892578,Fusillade,0.14 | 0.0004 | 0.0001 | 0.0006 | 0.0001,ok,
XD-Violence,Taken.2.UNRATED.EXTENDED.2012__#01-18-40_01-19-00_label_B1-0-0,True,,Taken.2.UNRATED.EXTENDED.2012__#01-18-40_01-19-00_label_B1-0-0.mp4,B1-0-0,B1,fighting,0,0.75,2.833333,2.083333,Taken.2.UNRATED.EXTENDED.2012__#01-18-40_01-19-00_label_B1-0-0__seg0000_0.750-2.833.wav,danger risk,1,clotho,a man is grunting and groaning in a video game,-1.3861263990402222,Mechanisms,0.0451 | 0.0004 | 0.0 | 0.0002 | 0.0001,ok,
XD-Violence,Taken.3.2014__#00-03-58_00-04-16_label_B2-0-0,True,,Taken.3.2014__#00-03-58_00-04-16_label_B2-0-0.mp4,B2-0-0,B2,shooting,0,1.833333,2.916667,1.083333,Taken.3.2014__#00-03-58_00-04-16_label_B2-0-0__seg0000_1.833-2.917.wav,danger risk,1,clotho,a gun is being fired and a door is being opened and closed,-1.5570828914642334,,0.0378 | 0.0001 | 0.0002 | 0.0006 | 0.0001,ok,
XD-Violence,Taken.3.2014__#01-04-50_01-05-05_label_B1-0-0,True,,Taken.3.2014__#01-04-50_01-05-05_label_B1-0-0.mp4,B1-0-0,B1,fighting,0,4.541667,6.125,1.583333,Taken.3.2014__#01-04-50_01-05-05_label_B1-0-0__seg0000_4.542-6.125.wav,danger risk,1,clotho,a video game sound is being played with a gun shot and a person screams,-1.6735624074935913,"Music | Thump, thud",0.1941 | 0.0038 | 0.0045 | 0.0004 | 0.0016,ok,
XD-Violence,Taken.3.2014__#01-09-26_01-09-54_label_G-0-0,True,,Taken.3.2014__#01-09-26_01-09-54_label_G-0-0.mp4,G-0-0,G,explosion,0,0.916667,10.75,9.833333,Taken.3.2014__#01-09-26_01-09-54_label_G-0-0__seg0000_0.917-10.750.wav,danger risk,1,clotho,a large explosion is followed by a loud explosions,-1.4871175289154053,"Explosion | Burst, pop | Eruption",0.0317 | 0.0002 | 0.0001 | 0.0006 | 0.0,ok,
XD-Violence,Taken.3.2014__#01-12-48_01-14-30_label_B2-B1-0,True,,Taken.3.2014__#01-12-48_01-14-30_label_B2-B1-0.mp4,B2-B1-0,B2|B1,shooting|fighting,0,1.958333,24.375,22.416667,Taken.3.2014__#01-12-48_01-14-30_label_B2-B1-0__seg0000_1.958-24.375.wav,danger risk,1,clotho,a machine gun is fired and then a person is firing a video game,-1.6246802806854248,Music,0.0541 | 0.001 | 0.0004 | 0.0005 | 0.0004,ok,
XD-Violence,Taken.3.2014__#01-12-48_01-14-30_label_B2-B1-0,True,,Taken.3.2014__#01-12-48_01-14-30_label_B2-B1-0.mp4,B2-B1-0,B2|B1,shooting|fighting,1,28.541667,63.166667,34.625,Taken.3.2014__#01-12-48_01-14-30_label_B2-B1-0__seg0001_28.542-63.167.wav,danger risk,1,clotho,a man is speaking while a video game is being played,-1.253620982170105,"Speech | Music | Thump, thud",0.4914 | 0.0081 | 0.0006 | 0.0003 | 0.0006,ok,
XD-Violence,Taken.3.2014__#01-12-48_01-14-30_label_B2-B1-0,True,,Taken.3.2014__#01-12-48_01-14-30_label_B2-B1-0.mp4,B2-B1-0,B2|B1,shooting|fighting,2,85.833333,86.666667,0.833333,Taken.3.2014__#01-12-48_01-14-30_label_B2-B1-0__seg0002_85.833-86.667.wav,danger risk,1,clotho,a gun is fired and then a door is slammed shut,-1.5505142211914062,"Thump, thud",0.0788 | 0.0001 | 0.0 | 0.0006 | 0.0,ok,
XD-Violence,Taken.3.2014__#01-19-13_01-19-30_label_B1-0-0,True,,Taken.3.2014__#01-19-13_01-19-30_label_B1-0-0.mp4,B1-0-0,B1,fighting,0,1.625,8.5,6.875,Taken.3.2014__#01-19-13_01-19-30_label_B1-0-0__seg0000_1.625-8.500.wav,danger risk,1,clotho,a man is speaking and then a gun is fired,-1.3096588850021362,"Speech | Music | Thump, thud",0.401 | 0.0028 | 0.0015 | 0.0003 | 0.0025,ok,
XD-Violence,Taken.Extended.Cut.2008__#00-33-51_00-34-03_label_B1-0-0,True,,Taken.Extended.Cut.2008__#00-33-51_00-34-03_label_B1-0-0.mp4,B1-0-0,B1,fighting,0,5.791667,7.708333,1.916667,Taken.Extended.Cut.2008__#00-33-51_00-34-03_label_B1-0-0__seg0000_5.792-7.708.wav,danger risk,1,clotho,a person is screaming and playing music with a scream and a man screams,-1.9106738567352293,Music,0.2339 | 0.001 | 0.0002 | 0.0015 | 0.0,ok,
XD-Violence,Taken.Extended.Cut.2008__#00-33-51_00-34-03_label_B1-0-0,True,,Taken.Extended.Cut.2008__#00-33-51_00-34-03_label_B1-0-0.mp4,B1-0-0,B1,fighting,1,8.583333,11.708333,3.125,Taken.Extended.Cut.2008__#00-33-51_00-34-03_label_B1-0-0__seg0001_8.583-11.708.wav,danger risk,1,clotho,a video game sound is being played with a machine gun shot and a car,-1.7690836191177368,Music | Shatter,0.1527 | 0.0004 | 0.0001 | 0.0021 | 0.0001,ok,
XD-Violence,Taken.Extended.Cut.2008__#00-50-45_00-51-04_label_B2-B6-0,True,,Taken.Extended.Cut.2008__#00-50-45_00-51-04_label_B2-B6-0.mp4,B2-B6-0,B2|B6,shooting|car accident,0,4.291667,7.916667,3.625,Taken.Extended.Cut.2008__#00-50-45_00-51-04_label_B2-B6-0__seg0000_4.292-7.917.wav,danger risk,1,clotho,a machine gun is being fired while a video game is being played,-1.3100541830062866,Music | Fusillade | Boom,0.0479 | 0.0002 | 0.0 | 0.0001 | 0.0001,ok,
XD-Violence,Taken.Extended.Cut.2008__#00-50-45_00-51-04_label_B2-B6-0,True,,Taken.Extended.Cut.2008__#00-50-45_00-51-04_label_B2-B6-0.mp4,B2-B6-0,B2|B6,shooting|car accident,1,17.916667,18.958333,1.041667,Taken.Extended.Cut.2008__#00-50-45_00-51-04_label_B2-B6-0__seg0001_17.917-18.958.wav,danger risk,1,clotho,a gun is being fired and breaking glass shatters,-2.4183478355407715,,0.0251 | 0.0002 | 0.0 | 0.0001 | 0.0,ok,
XD-Violence,The.Bourne.Identity.2002__#0-19-53_0-21-48_label_B1-0-0,True,,The.Bourne.Identity.2002__#0-19-53_0-21-48_label_B1-0-0.mp4,B1-0-0,B1,fighting,0,80.458333,88.125,7.666667,The.Bourne.Identity.2002__#0-19-53_0-21-48_label_B1-0-0__seg0000_80.458-88.125.wav,danger risk,1,clotho,a machine gun is being fired while people are talking and walking,-1.4989311695098877,Speech | Music | Fusillade,0.4447 | 0.0004 | 0.0004 | 0.0024 | 0.0003,ok,
XD-Violence,The.Bourne.Identity.2002__#0-19-53_0-21-48_label_B1-0-0,True,,The.Bourne.Identity.2002__#0-19-53_0-21-48_label_B1-0-0.mp4,B1-0-0,B1,fighting,1,110.041667,114.583333,4.541667,The.Bourne.Identity.2002__#0-19-53_0-21-48_label_B1-0-0__seg0001_110.042-114.583.wav,danger risk,1,clotho,a drum is being played while people are talking in the background,-1.2825589179992676,"Speech | Music | Thump, thud",0.68 | 0.0012 | 0.0002 | 0.0007 | 0.0001,ok,
XD-Violence,The.Bourne.Identity.2002__#0-54-45_0-56-25_label_B6-0-0,True,,The.Bourne.Identity.2002__#0-54-45_0-56-25_label_B6-0-0.mp4,B6-0-0,B6,car accident,0,21.0,24.583333,3.583333,The.Bourne.Identity.2002__#0-54-45_0-56-25_label_B6-0-0__seg0000_21.000-24.583.wav,danger risk,1,clotho,a video game sound is being played with a shovel,-1.4832626581192017,Music,0.0132 | 0.0003 | 0.0002 | 0.0002 | 0.0003,ok,
XD-Violence,The.Bourne.Identity.2002__#0-54-45_0-56-25_label_B6-0-0,True,,The.Bourne.Identity.2002__#0-54-45_0-56-25_label_B6-0-0.mp4,B6-0-0,B6,car accident,1,26.375,31.041667,4.666667,The.Bourne.Identity.2002__#0-54-45_0-56-25_label_B6-0-0__seg0001_26.375-31.042.wav,danger risk,1,clotho,a video game sound is being played with a loud bang,-1.593072533607483,Music,0.0214 | 0.0003 | 0.0002 | 0.0004 | 0.0002,ok,
XD-Violence,The.Bourne.Identity.2002__#0-54-45_0-56-25_label_B6-0-0,True,,The.Bourne.Identity.2002__#0-54-45_0-56-25_label_B6-0-0.mp4,B6-0-0,B6,car accident,2,36.333333,39.375,3.041667,The.Bourne.Identity.2002__#0-54-45_0-56-25_label_B6-0-0__seg0002_36.333-39.375.wav,danger risk,1,clotho,a car is revving and tires are racing and breaking,-1.9124693870544436,Music | Vehicle | Car,0.0258 | 0.0002 | 0.0001 | 0.0001 | 0.0,ok,
XD-Violence,The.Bourne.Identity.2002__#0-54-45_0-56-25_label_B6-0-0,True,,The.Bourne.Identity.2002__#0-54-45_0-56-25_label_B6-0-0.mp4,B6-0-0,B6,car accident,3,85.5,87.75,2.25,The.Bourne.Identity.2002__#0-54-45_0-56-25_label_B6-0-0__seg0003_85.500-87.750.wav,danger risk,1,clotho,someone is throwing a ball into a large container,-1.6945816278457642,Music,0.0157 | 0.0004 | 0.0001 | 0.0001 | 0.0003,ok,
XD-Violence,The.Bourne.Identity.2002__#01-27-39_01-29-19_label_B2-0-0,True,,The.Bourne.Identity.2002__#01-27-39_01-29-19_label_B2-0-0.mp4,B2-0-0,B2,shooting,0,22.083333,23.333333,1.25,The.Bourne.Identity.2002__#01-27-39_01-29-19_label_B2-0-0__seg0000_22.083-23.333.wav,danger risk,1,clotho,a gun is fired and a machine is firing,-1.668203353881836,"Gunshot, gunfire | Artillery fire",0.0171 | 0.0001 | 0.0 | 0.0002 | 0.0,ok,
XD-Violence,The.Bourne.Identity.2002__#01-27-39_01-29-19_label_B2-0-0,True,,The.Bourne.Identity.2002__#01-27-39_01-29-19_label_B2-0-0.mp4,B2-0-0,B2,shooting,1,60.625,63.083333,2.458333,The.Bourne.Identity.2002__#01-27-39_01-29-19_label_B2-0-0__seg0001_60.625-63.083.wav,danger risk,1,clotho,a gun is fired in the distance and a man is speaking,-1.0630285739898682,Speech,0.3475 | 0.0008 | 0.0001 | 0.0013 | 0.0003,ok,
XD-Violence,The.Bourne.Identity.2002__#01-27-39_01-29-19_label_B2-0-0,True,,The.Bourne.Identity.2002__#01-27-39_01-29-19_label_B2-0-0.mp4,B2-0-0,B2,shooting,2,74.75,76.25,1.5,The.Bourne.Identity.2002__#01-27-39_01-29-19_label_B2-0-0__seg0002_74.750-76.250.wav,danger risk,1,clotho,a gun is fired in the distance and a man is speaking,-1.491655945777893,"Gunshot, gunfire | Fusillade",0.2428 | 0.0006 | 0.0001 | 0.001 | 0.0002,ok,
XD-Violence,The.Bourne.Identity.2002__#01-45-00_01-45-46_label_B1-0-0,True,,The.Bourne.Identity.2002__#01-45-00_01-45-46_label_B1-0-0.mp4,B1-0-0,B1,fighting,0,10.0,12.333333,2.333333,The.Bourne.Identity.2002__#01-45-00_01-45-46_label_B1-0-0__seg0000_10.000-12.333.wav,danger risk,1,clotho,a woman is speaking and a gun is fired and a man is talking,-1.5950939655303955,Speech | Shatter,0.8825 | 0.0009 | 0.0015 | 0.0079 | 0.0009,ok,
XD-Violence,The.Bourne.Identity.2002__#01-45-00_01-45-46_label_B1-0-0,True,,The.Bourne.Identity.2002__#01-45-00_01-45-46_label_B1-0-0.mp4,B1-0-0,B1,fighting,1,21.875,23.291667,1.416667,The.Bourne.Identity.2002__#01-45-00_01-45-46_label_B1-0-0__seg0001_21.875-23.292.wav,danger risk,1,clotho,a gun is fired and a man is speaking,-1.2094676494598389,Speech,0.4503 | 0.0022 | 0.0005 | 0.0004 | 0.0002,ok,
XD-Violence,The.Bourne.Identity.2002__#01-45-00_01-45-46_label_B1-0-0,True,,The.Bourne.Identity.2002__#01-45-00_01-45-46_label_B1-0-0.mp4,B1-0-0,B1,fighting,2,43.541667,45.25,1.708333,The.Bourne.Identity.2002__#01-45-00_01-45-46_label_B1-0-0__seg0002_43.542-45.250.wav,danger risk,1,clotho,a gun is being fired repeatedly in a repeated fashion,-1.2209997177124023,,0.0445 | 0.0005 | 0.0002 | 0.0003 | 0.0001,ok,
XD-Violence,The.Bourne.Legacy.2012__#0-39-56_0-40-15_label_G-0-0,True,,The.Bourne.Legacy.2012__#0-39-56_0-40-15_label_G-0-0.mp4,G-0-0,G,explosion,0,1.0,4.958333,3.958333,The.Bourne.Legacy.2012__#0-39-56_0-40-15_label_G-0-0__seg0000_1.000-4.958.wav,danger risk,1,clotho,a gun is fired and then a machine is running,-1.4737544059753418,Music | Boom,0.0312 | 0.0001 | 0.0001 | 0.0002 | 0.0001,ok,
XD-Violence,The.Bourne.Legacy.2012__#0-59-18_01-01-52_label_B2-B1-0,True,,The.Bourne.Legacy.2012__#0-59-18_01-01-52_label_B2-B1-0.mp4,B2-B1-0,B2|B1,shooting|fighting,0,1.916667,36.625,34.708333,The.Bourne.Legacy.2012__#0-59-18_01-01-52_label_B2-B1-0__seg0000_1.917-36.625.wav,danger risk,1,clotho,a man is speaking while a gun is fired in the background,-1.13728928565979,"Speech | Music | Fusillade | Thump, thud",0.8182 | 0.0057 | 0.0034 | 0.0065 | 0.0017,ok,
XD-Violence,The.Bourne.Legacy.2012__#0-59-18_01-01-52_label_B2-B1-0,True,,The.Bourne.Legacy.2012__#0-59-18_01-01-52_label_B2-B1-0.mp4,B2-B1-0,B2|B1,shooting|fighting,1,39.416667,42.416667,3.0,The.Bourne.Legacy.2012__#0-59-18_01-01-52_label_B2-B1-0__seg0001_39.417-42.417.wav,danger risk,1,clotho,a machine gun is being shot and a person is firing a video game,-1.9447885751724243,,0.0972 | 0.0004 | 0.0002 | 0.0004 | 0.0004,ok,
XD-Violence,The.Bourne.Legacy.2012__#0-59-18_01-01-52_label_B2-B1-0,True,,The.Bourne.Legacy.2012__#0-59-18_01-01-52_label_B2-B1-0.mp4,B2-B1-0,B2|B1,shooting|fighting,2,46.291667,48.333333,2.041667,The.Bourne.Legacy.2012__#0-59-18_01-01-52_label_B2-B1-0__seg0002_46.292-48.333.wav,danger risk,1,clotho,a machine gun is firing a video game and a gunshot is fired,-1.896499514579773,Fusillade,0.0608 | 0.0001 | 0.0001 | 0.0002 | 0.0001,ok,
XD-Violence,The.Bourne.Legacy.2012__#0-59-18_01-01-52_label_B2-B1-0,True,,The.Bourne.Legacy.2012__#0-59-18_01-01-52_label_B2-B1-0.mp4,B2-B1-0,B2|B1,shooting|fighting,3,50.5,56.416667,5.916667,The.Bourne.Legacy.2012__#0-59-18_01-01-52_label_B2-B1-0__seg0003_50.500-56.417.wav,danger risk,1,clotho,a machine gun is being fired repeatedly and a person is firing a video game,-1.6579082012176514,Fusillade,0.1809 | 0.0006 | 0.0005 | 0.0005 | 0.0006,ok,
XD-Violence,The.Bourne.Legacy.2012__#0-59-18_01-01-52_label_B2-B1-0,True,,The.Bourne.Legacy.2012__#0-59-18_01-01-52_label_B2-B1-0.mp4,B2-B1-0,B2|B1,shooting|fighting,4,59.416667,69.166667,9.75,The.Bourne.Legacy.2012__#0-59-18_01-01-52_label_B2-B1-0__seg0004_59.417-69.167.wav,danger risk,1,clotho,a machine gun is fired and a man is speaking,-1.4254982471466064,"Speech | Music | Gunshot, gunfire | Machine gun | Fusillade",0.5344 | 0.0015 | 0.0007 | 0.0021 | 0.0005,ok,
XD-Violence,The.Bourne.Legacy.2012__#0-59-18_01-01-52_label_B2-B1-0,True,,The.Bourne.Legacy.2012__#0-59-18_01-01-52_label_B2-B1-0.mp4,B2-B1-0,B2|B1,shooting|fighting,5,137.5,138.75,1.25,The.Bourne.Legacy.2012__#0-59-18_01-01-52_label_B2-B1-0__seg0005_137.500-138.750.wav,danger risk,1,clotho,a gun is being fired repeatedly while a man is speaking,-1.5462816953659058,Speech,0.4786 | 0.0024 | 0.0006 | 0.0006 | 0.0005,ok,
XD-Violence,The.Bourne.Legacy.2012__#0-59-18_01-01-52_label_B2-B1-0,True,,The.Bourne.Legacy.2012__#0-59-18_01-01-52_label_B2-B1-0.mp4,B2-B1-0,B2|B1,shooting|fighting,6,139.166667,150.416667,11.25,The.Bourne.Legacy.2012__#0-59-18_01-01-52_label_B2-B1-0__seg0006_139.167-150.417.wav,danger risk,1,clotho,a gun is fired and a man is speaking,-1.4605284929275513,"Speech | Music | Fusillade | Thump, thud",0.46 | 0.0013 | 0.0005 | 0.0014 | 0.0003,ok,
XD-Violence,The.Bourne.Ultimatum.2007__#01-26-27_01-28-03_label_B2-B6-0,True,,The.Bourne.Ultimatum.2007__#01-26-27_01-28-03_label_B2-B6-0.mp4,B2-B6-0,B2|B6,shooting|car accident,0,19.791667,23.708333,3.916667,The.Bourne.Ultimatum.2007__#01-26-27_01-28-03_label_B2-B6-0__seg0000_19.792-23.708.wav,danger risk,1,clotho,a video game sound is being played with a machine gun shot and then a,-1.7639390230178833,Music,0.039 | 0.0002 | 0.0003 | 0.0004 | 0.0002,ok,
XD-Violence,The.Bourne.Ultimatum.2007__#01-26-27_01-28-03_label_B2-B6-0,True,,The.Bourne.Ultimatum.2007__#01-26-27_01-28-03_label_B2-B6-0.mp4,B2-B6-0,B2|B6,shooting|car accident,1,30.833333,37.5,6.666667,The.Bourne.Ultimatum.2007__#01-26-27_01-28-03_label_B2-B6-0__seg0001_30.833-37.500.wav,danger risk,1,clotho,a video game sound is being played with a car racing and tires skidding,-1.7997809648513794,Music,0.1676 | 0.0002 | 0.0001 | 0.0008 | 0.0001,ok,
XD-Violence,The.Bourne.Ultimatum.2007__#01-26-27_01-28-03_label_B2-B6-0,True,,The.Bourne.Ultimatum.2007__#01-26-27_01-28-03_label_B2-B6-0.mp4,B2-B6-0,B2|B6,shooting|car accident,2,40.958333,52.083333,11.125,The.Bourne.Ultimatum.2007__#01-26-27_01-28-03_label_B2-B6-0__seg0002_40.958-52.083.wav,danger risk,1,clotho,a car is driving and a man is speaking,-1.7726471424102783,Music,0.1398 | 0.0002 | 0.0002 | 0.0006 | 0.0003,ok,
XD-Violence,The.Bourne.Ultimatum.2007__#01-26-27_01-28-03_label_B2-B6-0,True,,The.Bourne.Ultimatum.2007__#01-26-27_01-28-03_label_B2-B6-0.mp4,B2-B6-0,B2|B6,shooting|car accident,3,63.791667,66.25,2.458333,The.Bourne.Ultimatum.2007__#01-26-27_01-28-03_label_B2-B6-0__seg0003_63.792-66.250.wav,danger risk,1,clotho,a machine gun is firing and a video game sound is being shot and a,-1.9845497608184812,Fusillade,0.1115 | 0.0003 | 0.0001 | 0.0008 | 0.0002,ok,
XD-Violence,The.Bourne.Ultimatum.2007__#01-26-27_01-28-03_label_B2-B6-0,True,,The.Bourne.Ultimatum.2007__#01-26-27_01-28-03_label_B2-B6-0.mp4,B2-B6-0,B2|B6,shooting|car accident,4,73.083333,84.958333,11.875,The.Bourne.Ultimatum.2007__#01-26-27_01-28-03_label_B2-B6-0__seg0004_73.083-84.958.wav,danger risk,1,clotho,a gun is being fired and a car is racing by,-1.6000076532363892,Speech | Music | Fusillade,0.3653 | 0.0005 | 0.0001 | 0.0006 | 0.0003,ok,
XD-Violence,The.Bourne.Ultimatum.2007__#01-44-02_01-44-11_label_B2-0-0,True,,The.Bourne.Ultimatum.2007__#01-44-02_01-44-11_label_B2-0-0.mp4,B2-0-0,B2,shooting,0,2.5,3.333333,0.833333,The.Bourne.Ultimatum.2007__#01-44-02_01-44-11_label_B2-0-0__seg0000_2.500-3.333.wav,danger risk,1,clotho,a gun is firing gunshots and a machine guns is shot and a gunshot is,-2.4368410110473637,,0.0298 | 0.0001 | 0.0 | 0.0005 | 0.0001,ok,
XD-Violence,The.Fast.and.the.Furious.2001__#00-29-00_00-29-52_label_B2-G-0,True,,The.Fast.and.the.Furious.2001__#00-29-00_00-29-52_label_B2-G-0.mp4,B2-G-0,B2|G,shooting|explosion,0,12.916667,21.458333,8.541667,The.Fast.and.the.Furious.2001__#00-29-00_00-29-52_label_B2-G-0__seg0000_12.917-21.458.wav,danger risk,1,clotho,a machine gun is firing and shooting and gunfire is being fired,-1.8105543851852417,Fusillade,0.0503 | 0.0002 | 0.0001 | 0.0005 | 0.0002,ok,
XD-Violence,The.Fast.and.the.Furious.2001__#00-29-00_00-29-52_label_B2-G-0,True,,The.Fast.and.the.Furious.2001__#00-29-00_00-29-52_label_B2-G-0.mp4,B2-G-0,B2|G,shooting|explosion,1,32.916667,43.541667,10.625,The.Fast.and.the.Furious.2001__#00-29-00_00-29-52_label_B2-G-0__seg0001_32.917-43.542.wav,danger risk,1,clotho,a large machine gun is being fired repeatedly,-1.7384605407714844,"Explosion | Burst, pop | Eruption",0.0934 | 0.0005 | 0.0002 | 0.0003 | 0.0002,ok,
XD-Violence,The.Fast.and.the.Furious.2001__#00-52-18_00-53-36_label_B1-0-0,True,,The.Fast.and.the.Furious.2001__#00-52-18_00-53-36_label_B1-0-0.mp4,B1-0-0,B1,fighting,0,22.583333,43.041667,20.458333,The.Fast.and.the.Furious.2001__#00-52-18_00-53-36_label_B1-0-0__seg0000_22.583-43.042.wav,danger risk,1,clotho,a man is talking while water is splashing in the background,-0.9994300007820128,Speech,0.7688 | 0.003 | 0.0002 | 0.0056 | 0.0002,ok,
XD-Violence,The.Fast.and.the.Furious.2001__#00-52-18_00-53-36_label_B1-0-0,True,,The.Fast.and.the.Furious.2001__#00-52-18_00-53-36_label_B1-0-0.mp4,B1-0-0,B1,fighting,1,72.25,75.0,2.75,The.Fast.and.the.Furious.2001__#00-52-18_00-53-36_label_B1-0-0__seg0001_72.250-75.000.wav,danger risk,1,clotho,a person is walking on a hard surface and then a gun is fired,-1.4279698133468628,"Thump, thud",0.2485 | 0.0003 | 0.001 | 0.0025 | 0.0001,ok,
XD-Violence,The.Fast.and.the.Furious.2001__#01-14-04_01-15-20_label_B1-0-0,True,,The.Fast.and.the.Furious.2001__#01-14-04_01-15-20_label_B1-0-0.mp4,B1-0-0,B1,fighting,0,29.791667,40.791667,11.0,The.Fast.and.the.Furious.2001__#01-14-04_01-15-20_label_B1-0-0__seg0000_29.792-40.792.wav,danger risk,1,clotho,a person is walking through a large hall with people talking in the background,-1.4084073305130005,Speech,0.6304 | 0.0004 | 0.0001 | 0.0003 | 0.0001,ok,
XD-Violence,The.Fast.and.the.Furious.2001__#01-14-04_01-15-20_label_B1-0-0,True,,The.Fast.and.the.Furious.2001__#01-14-04_01-15-20_label_B1-0-0.mp4,B1-0-0,B1,fighting,1,42.916667,44.666667,1.75,The.Fast.and.the.Furious.2001__#01-14-04_01-15-20_label_B1-0-0__seg0001_42.917-44.667.wav,danger risk,1,clotho,a basketball is being bounced on a court and people are cheering,-1.466717004776001,Speech,0.4889 | 0.0004 | 0.0001 | 0.0002 | 0.0001,ok,
XD-Violence,The.Fast.and.the.Furious.2001__#01-14-04_01-15-20_label_B1-0-0,True,,The.Fast.and.the.Furious.2001__#01-14-04_01-15-20_label_B1-0-0.mp4,B1-0-0,B1,fighting,2,50.875,52.083333,1.208333,The.Fast.and.the.Furious.2001__#01-14-04_01-15-20_label_B1-0-0__seg0002_50.875-52.083.wav,danger risk,1,clotho,a basketball is being bounced on a court repeatedly,-1.313171625137329,Speech | Slam,0.3883 | 0.0007 | 0.0003 | 0.0002 | 0.0002,ok,
XD-Violence,The.Fast.and.the.Furious.2001__#01-14-04_01-15-20_label_B1-0-0,True,,The.Fast.and.the.Furious.2001__#01-14-04_01-15-20_label_B1-0-0.mp4,B1-0-0,B1,fighting,3,55.541667,60.833333,5.291667,The.Fast.and.the.Furious.2001__#01-14-04_01-15-20_label_B1-0-0__seg0003_55.542-60.833.wav,danger risk,1,clotho,a crowd of people are talking and shouting,-1.2105584144592283,Speech | Clip-clop,0.7845 | 0.008 | 0.0003 | 0.0004 | 0.0016,ok,
XD-Violence,The.Fast.and.the.Furious.2001__#01-24-18_01-25-05_label_B6-0-0,True,,The.Fast.and.the.Furious.2001__#01-24-18_01-25-05_label_B6-0-0.mp4,B6-0-0,B6,car accident,0,6.125,14.458333,8.333333,The.Fast.and.the.Furious.2001__#01-24-18_01-25-05_label_B6-0-0__seg0000_6.125-14.458.wav,danger risk,1,clotho,a machine gun is being fired and then a car drives by,-1.6699583530426023,Boom,0.0143 | 0.0001 | 0.0 | 0.0003 | 0.0,ok,
XD-Violence,The.Fast.and.the.Furious.2001__#01-37-40_01-38-30_label_B6-0-0,True,,The.Fast.and.the.Furious.2001__#01-37-40_01-38-30_label_B6-0-0.mp4,B6-0-0,B6,car accident,0,6.958333,22.5,15.541667,The.Fast.and.the.Furious.2001__#01-37-40_01-38-30_label_B6-0-0__seg0000_6.958-22.500.wav,danger risk,1,clotho,a car drives by and a gun is fired repeatedly,-1.671885371208191,Music,0.075 | 0.0001 | 0.0 | 0.0004 | 0.0001,ok,
XD-Violence,The.Hurt.Locker.2008__#0-08-45_0-09-57_label_G-0-0,True,,The.Hurt.Locker.2008__#0-08-45_0-09-57_label_G-0-0.mp4,G-0-0,G,explosion,0,35.75,65.0,29.25,The.Hurt.Locker.2008__#0-08-45_0-09-57_label_G-0-0__seg0000_35.750-65.000.wav,danger risk,1,clotho,a man is speaking and then a gun is fired,-1.4018797874450684,Speech | Music | Boom,0.4087 | 0.0004 | 0.0002 | 0.0024 | 0.0001,ok,
XD-Violence,The.Hurt.Locker.2008__#0-19-22_0-22-32_label_B2-B1-0,True,,The.Hurt.Locker.2008__#0-19-22_0-22-32_label_B2-B1-0.mp4,B2-B1-0,B2|B1,shooting|fighting,0,87.25,88.541667,1.291667,The.Hurt.Locker.2008__#0-19-22_0-22-32_label_B2-B1-0__seg0000_87.250-88.542.wav,danger risk,1,clotho,a gun is firing and gunshots in a machine guns,-2.128049850463867,"Gunshot, gunfire | Machine gun",0.0446 | 0.0002 | 0.0001 | 0.0008 | 0.0001,ok,
XD-Violence,The.Hurt.Locker.2008__#0-19-22_0-22-32_label_B2-B1-0,True,,The.Hurt.Locker.2008__#0-19-22_0-22-32_label_B2-B1-0.mp4,B2-B1-0,B2|B1,shooting|fighting,1,93.5,94.583333,1.083333,The.Hurt.Locker.2008__#0-19-22_0-22-32_label_B2-B1-0__seg0001_93.500-94.583.wav,danger risk,1,clotho,a gun is fired in a dozen gunshots firing shots in the distance,-1.7515020370483398,"Gunshot, gunfire",0.0229 | 0.0002 | 0.0001 | 0.0003 | 0.0,ok,
XD-Violence,The.Hurt.Locker.2008__#0-19-22_0-22-32_label_B2-B1-0,True,,The.Hurt.Locker.2008__#0-19-22_0-22-32_label_B2-B1-0.mp4,B2-B1-0,B2|B1,shooting|fighting,2,105.5,107.291667,1.791667,The.Hurt.Locker.2008__#0-19-22_0-22-32_label_B2-B1-0__seg0002_105.500-107.292.wav,danger risk,1,clotho,a gun is being fired and broken into a glass breaking,-1.720356822013855,,0.0146 | 0.0001 | 0.0001 | 0.0003 | 0.0001,ok,
XD-Violence,The.Hurt.Locker.2008__#0-19-22_0-22-32_label_B2-B1-0,True,,The.Hurt.Locker.2008__#0-19-22_0-22-32_label_B2-B1-0.mp4,B2-B1-0,B2|B1,shooting|fighting,3,149.166667,156.25,7.083333,The.Hurt.Locker.2008__#0-19-22_0-22-32_label_B2-B1-0__seg0003_149.167-156.250.wav,danger risk,1,clotho,a man is speaking while a horse is walking in the background,-1.045153260231018,Speech,0.8525 | 0.008 | 0.0002 | 0.0012 | 0.001,ok,
XD-Violence,The.Hurt.Locker.2008__#01-02-10_01-03-55_label_B2-0-0,True,,The.Hurt.Locker.2008__#01-02-10_01-03-55_label_B2-0-0.mp4,B2-0-0,B2,shooting,0,18.666667,21.666667,3.0,The.Hurt.Locker.2008__#01-02-10_01-03-55_label_B2-0-0__seg0000_18.667-21.667.wav,danger risk,1,clotho,a gun is fired repeatedly in the distance,-1.009696125984192,"Gunshot, gunfire",0.0222 | 0.0002 | 0.0001 | 0.0001 | 0.0001,ok,
XD-Violence,The.Hurt.Locker.2008__#01-02-10_01-03-55_label_B2-0-0,True,,The.Hurt.Locker.2008__#01-02-10_01-03-55_label_B2-0-0.mp4,B2-0-0,B2,shooting,1,31.458333,34.583333,3.125,The.Hurt.Locker.2008__#01-02-10_01-03-55_label_B2-0-0__seg0001_31.458-34.583.wav,danger risk,1,clotho,a gun is fired repeatedly in the distance,-1.068333625793457,"Gunshot, gunfire",0.0245 | 0.0001 | 0.0 | 0.0001 | 0.0,ok,
XD-Violence,The.Hurt.Locker.2008__#01-02-10_01-03-55_label_B2-0-0,True,,The.Hurt.Locker.2008__#01-02-10_01-03-55_label_B2-0-0.mp4,B2-0-0,B2,shooting,2,51.041667,57.25,6.208333,The.Hurt.Locker.2008__#01-02-10_01-03-55_label_B2-0-0__seg0002_51.042-57.250.wav,danger risk,1,clotho,a man is speaking while a gun is fired,-0.9781545400619508,"Speech | Gunshot, gunfire | Machine gun",0.3051 | 0.0004 | 0.0001 | 0.0004 | 0.0003,ok,
XD-Violence,The.Hurt.Locker.2008__#01-02-10_01-03-55_label_B2-0-0,True,,The.Hurt.Locker.2008__#01-02-10_01-03-55_label_B2-0-0.mp4,B2-0-0,B2,shooting,3,82.0,82.916667,0.916667,The.Hurt.Locker.2008__#01-02-10_01-03-55_label_B2-0-0__seg0003_82.000-82.917.wav,danger risk,1,clotho,a gun is fired repeatedly in the distance,-1.2966389656066897,"Gunshot, gunfire | Machine gun",0.0705 | 0.0005 | 0.0001 | 0.0012 | 0.0002,ok,
XD-Violence,The.Hurt.Locker.2008__#01-27-42_01-28-09_label_G-0-0,True,,The.Hurt.Locker.2008__#01-27-42_01-28-09_label_G-0-0.mp4,G-0-0,G,explosion,0,11.25,17.208333,5.958333,The.Hurt.Locker.2008__#01-27-42_01-28-09_label_G-0-0__seg0000_11.250-17.208.wav,danger risk,1,clotho,a man is speaking and then a gun is fired in the background,-1.2882308959960938,Speech,0.5307 | 0.0004 | 0.0002 | 0.0007 | 0.0001,ok,
XD-Violence,The.World.Is.Not.Enough.1999__#00-07-04_00-07-45_label_G-B2-0,True,,The.World.Is.Not.Enough.1999__#00-07-04_00-07-45_label_G-B2-0.mp4,G-B2-0,G|B2,explosion|shooting,0,11.25,20.0,8.75,The.World.Is.Not.Enough.1999__#00-07-04_00-07-45_label_G-B2-0__seg0000_11.250-20.000.wav,danger risk,1,clotho,a large explosion is followed by explosions and then a loud boom,-1.7072608470916748,"Speech | Music | Explosion | Burst, pop | Eruption",0.3668 | 0.0004 | 0.0001 | 0.0008 | 0.0001,ok,
XD-Violence,The.World.Is.Not.Enough.1999__#00-07-04_00-07-45_label_G-B2-0,True,,The.World.Is.Not.Enough.1999__#00-07-04_00-07-45_label_G-B2-0.mp4,G-B2-0,G|B2,explosion|shooting,1,35.291667,39.333333,4.041667,The.World.Is.Not.Enough.1999__#00-07-04_00-07-45_label_G-B2-0__seg0001_35.292-39.333.wav,danger risk,1,clotho,a machine gun is firing and a video game is being fired,-1.7247862815856934,Fusillade,0.0602 | 0.0004 | 0.0004 | 0.0012 | 0.0002,ok,
XD-Violence,The.World.Is.Not.Enough.1999__#00-10-22_00-10-40_label_G-0-0,True,,The.World.Is.Not.Enough.1999__#00-10-22_00-10-40_label_G-0-0.mp4,G-0-0,G,explosion,0,0.25,2.708333,2.458333,The.World.Is.Not.Enough.1999__#00-10-22_00-10-40_label_G-0-0__seg0000_0.250-2.708.wav,danger risk,1,clotho,explosions and video game sounds are followed by a loud explosion,-1.798844337463379,"Explosion | Artillery fire | Burst, pop",0.0282 | 0.0002 | 0.0001 | 0.0003 | 0.0,ok,
XD-Violence,Tropa.de.Elite.2.2010__#00-13-41_00-14-56_label_B4-0-0,True,,Tropa.de.Elite.2.2010__#00-13-41_00-14-56_label_B4-0-0.mp4,B4-0-0,B4,riot,0,0.0,22.291667,22.291667,Tropa.de.Elite.2.2010__#00-13-41_00-14-56_label_B4-0-0__seg0000_0.000-22.292.wav,danger risk,1,clotho,a man is speaking while a crowd of people are talking in the background,-0.8638724088668823,Speech | Music,0.8802 | 0.052 | 0.0006 | 0.0006 | 0.0037,ok,
XD-Violence,Tropa.de.Elite.2.2010__#00-13-41_00-14-56_label_B4-0-0,True,,Tropa.de.Elite.2.2010__#00-13-41_00-14-56_label_B4-0-0.mp4,B4-0-0,B4,riot,1,69.875,72.291667,2.416667,Tropa.de.Elite.2.2010__#00-13-41_00-14-56_label_B4-0-0__seg0001_69.875-72.292.wav,danger risk,1,clotho,a crowd of people are talking and yelling,-1.247435212135315,Speech,0.6234 | 0.004 | 0.0008 | 0.0015 | 0.004,ok,
XD-Violence,Tropa.de.Elite.2.2010__#00-42-00_00-43-00_label_B2-0-0,True,,Tropa.de.Elite.2.2010__#00-42-00_00-43-00_label_B2-0-0.mp4,B2-0-0,B2,shooting,0,32.375,37.5,5.125,Tropa.de.Elite.2.2010__#00-42-00_00-43-00_label_B2-0-0__seg0000_32.375-37.500.wav,danger risk,1,clotho,a man is speaking and then a gun is fired,-0.9543645977973938,"Speech | Music | Gunshot, gunfire",0.7906 | 0.0035 | 0.0001 | 0.0002 | 0.0014,ok,
XD-Violence,Tropa.de.Elite.2.2010__#00-46-11_00-46-50_label_B2-0-0,True,,Tropa.de.Elite.2.2010__#00-46-11_00-46-50_label_B2-0-0.mp4,B2-0-0,B2,shooting,0,4.541667,11.041667,6.5,Tropa.de.Elite.2.2010__#00-46-11_00-46-50_label_B2-0-0__seg0000_4.542-11.042.wav,danger risk,1,clotho,a machine gun is being fired and a person is firing a video game,-1.8151699304580688,,0.1184 | 0.0004 | 0.0002 | 0.0009 | 0.0001,ok,
XD-Violence,Tropa.de.Elite.2.2010__#01-33-01_01-33-30_label_B2-0-0,True,,Tropa.de.Elite.2.2010__#01-33-01_01-33-30_label_B2-0-0.mp4,B2-0-0,B2,shooting,0,5.75,7.333333,1.583333,Tropa.de.Elite.2.2010__#01-33-01_01-33-30_label_B2-0-0__seg0000_5.750-7.333.wav,danger risk,1,clotho,a machine gun is being fired repeatedly,-1.8515162467956543,Music,0.0274 | 0.0001 | 0.0001 | 0.0002 | 0.0004,ok,
XD-Violence,Tropa.de.Elite.2.2010__#01-33-01_01-33-30_label_B2-0-0,True,,Tropa.de.Elite.2.2010__#01-33-01_01-33-30_label_B2-0-0.mp4,B2-0-0,B2,shooting,1,8.791667,10.833333,2.041667,Tropa.de.Elite.2.2010__#01-33-01_01-33-30_label_B2-0-0__seg0001_8.792-10.833.wav,danger risk,1,clotho,a gun is firing and gunshots in a machine guns,-1.8977516889572144,"Gunshot, gunfire | Machine gun",0.0214 | 0.0002 | 0.0 | 0.0002 | 0.0001,ok,
XD-Violence,Yellow.Sea.2010__#01-04-00_01-04-50_label_B1-0-0,True,,Yellow.Sea.2010__#01-04-00_01-04-50_label_B1-0-0.mp4,B1-0-0,B1,fighting,0,0.0,14.833333,14.833333,Yellow.Sea.2010__#01-04-00_01-04-50_label_B1-0-0__seg0000_0.000-14.833.wav,danger risk,1,clotho,a man is speaking while glass shatters and breaking them in the background,-1.3540191650390625,Speech,0.9453 | 0.0186 | 0.0029 | 0.0023 | 0.0037,ok,
XD-Violence,Yellow.Sea.2010__#01-05-40_01-06-47_label_B1-B2-0,True,,Yellow.Sea.2010__#01-05-40_01-06-47_label_B1-B2-0.mp4,B1-B2-0,B1|B2,fighting|shooting,0,5.833333,16.958333,11.125,Yellow.Sea.2010__#01-05-40_01-06-47_label_B1-B2-0__seg0000_5.833-16.958.wav,danger risk,1,clotho,a man is yelling and then a glass shatters,-1.663371443748474,Speech | Music | Shatter,0.8252 | 0.0029 | 0.0012 | 0.0013 | 0.0009,ok,
XD-Violence,Yellow.Sea.2010__#01-05-40_01-06-47_label_B1-B2-0,True,,Yellow.Sea.2010__#01-05-40_01-06-47_label_B1-B2-0.mp4,B1-B2-0,B1|B2,fighting|shooting,1,30.625,49.166667,18.541667,Yellow.Sea.2010__#01-05-40_01-06-47_label_B1-B2-0__seg0001_30.625-49.167.wav,danger risk,1,clotho,a man is speaking while a gun is fired,-1.0374298095703125,"Speech | Gunshot, gunfire | Fusillade",0.5982 | 0.0025 | 0.0018 | 0.0008 | 0.0043,ok,
XD-Violence,Yellow.Sea.2010__#01-58-30_01-59-27_label_B5-0-0,True,,Yellow.Sea.2010__#01-58-30_01-59-27_label_B5-0-0.mp4,B5-0-0,B5,abuse,0,0.0,32.791667,32.791667,Yellow.Sea.2010__#01-58-30_01-59-27_label_B5-0-0__seg0000_0.000-32.792.wav,danger risk,1,clotho,a man is speaking while a dog barks and a woman speaks,-1.3667329549789429,"Speech | Inside, large room or hall",0.5185 | 0.0043 | 0.0018 | 0.0027 | 0.0036,ok,
XD-Violence,Young.And.Dangerous.I.1996__#0-20-50_0-22-15_label_B1-0-0,True,,Young.And.Dangerous.I.1996__#0-20-50_0-22-15_label_B1-0-0.mp4,B1-0-0,B1,fighting,0,17.708333,44.958333,27.25,Young.And.Dangerous.I.1996__#0-20-50_0-22-15_label_B1-0-0__seg0000_17.708-44.958.wav,danger risk,1,clotho,a man is speaking while water is splashing in the background,-1.072953224182129,"Speech | Music | Whack, thwack",0.8284 | 0.0146 | 0.0026 | 0.0005 | 0.002,ok,
XD-Violence,Young.And.Dangerous.I.1996__#0-46-25_0-46-55_label_B6-0-0,True,,Young.And.Dangerous.I.1996__#0-46-25_0-46-55_label_B6-0-0.mp4,B6-0-0,B6,car accident,0,14.583333,23.75,9.166667,Young.And.Dangerous.I.1996__#0-46-25_0-46-55_label_B6-0-0__seg0000_14.583-23.750.wav,danger risk,1,clotho,someone is playing a video game with a sound effect,-1.624361872673035,"Music | Smash, crash",0.0896 | 0.0002 | 0.0003 | 0.0003 | 0.0002,ok,
XD-Violence,Young.And.Dangerous.I.1996__#0-46-57_0-48-57_label_B1-0-0,True,,Young.And.Dangerous.I.1996__#0-46-57_0-48-57_label_B1-0-0.mp4,B1-0-0,B1,fighting,0,0.0,60.0,60.0,Young.And.Dangerous.I.1996__#0-46-57_0-48-57_label_B1-0-0__seg0000_0.000-60.000.wav,danger risk,1,clotho,a group of people are playing basketball and talking to each other,-1.15570068359375,Music,0.2747 | 0.0012 | 0.0008 | 0.0006 | 0.0002,ok,
XD-Violence,Young.And.Dangerous.I.1996__#0-46-57_0-48-57_label_B1-0-0,True,,Young.And.Dangerous.I.1996__#0-46-57_0-48-57_label_B1-0-0.mp4,B1-0-0,B1,fighting,1,60.0,102.25,42.25,Young.And.Dangerous.I.1996__#0-46-57_0-48-57_label_B1-0-0__seg0001_60.000-102.250.wav,danger risk,1,clotho,a man is speaking while a crowd of people are talking and laughing,-1.2464457750320437,Speech | Music,0.5636 | 0.0216 | 0.0016 | 0.0013 | 0.0013,ok,
XD-Violence,Young.And.Dangerous.III.1996__#00-23-00_00-25-54_label_B4-0-0,True,,Young.And.Dangerous.III.1996__#00-23-00_00-25-54_label_B4-0-0.mp4,B4-0-0,B4,riot,0,104.041667,127.125,23.083333,Young.And.Dangerous.III.1996__#00-23-00_00-25-54_label_B4-0-0__seg0000_104.042-127.125.wav,danger risk,1,clotho,a group of people are talking and laughing with each other,-0.8972952961921692,Speech | Music,0.6232 | 0.0174 | 0.0007 | 0.0002 | 0.006,ok,
XD-Violence,Young.And.Dangerous.IV.1997__#01-07-50_01-09-45_label_B1-0-0,True,,Young.And.Dangerous.IV.1997__#01-07-50_01-09-45_label_B1-0-0.mp4,B1-0-0,B1,fighting,0,15.333333,75.333333,60.0,Young.And.Dangerous.IV.1997__#01-07-50_01-09-45_label_B1-0-0__seg0000_15.333-75.333.wav,danger risk,1,clotho,a person is playing video game sounds and a man is speaking,-1.6434592008590698,Speech | Music,0.5097 | 0.001 | 0.0012 | 0.0002 | 0.0002,ok,
XD-Violence,Young.And.Dangerous.IV.1997__#01-07-50_01-09-45_label_B1-0-0,True,,Young.And.Dangerous.IV.1997__#01-07-50_01-09-45_label_B1-0-0.mp4,B1-0-0,B1,fighting,1,75.333333,113.916667,38.583333,Young.And.Dangerous.IV.1997__#01-07-50_01-09-45_label_B1-0-0__seg0001_75.333-113.917.wav,danger risk,1,clotho,a man is yelling and then another person screams in the background,-1.4068355560302734,Speech | Screaming | Music,0.6714 | 0.0042 | 0.0014 | 0.0003 | 0.0008,ok,
XD-Violence,Young.And.Dangerous.IV.1997__#01-32-04_01-32-58_label_B1-0-0,True,,Young.And.Dangerous.IV.1997__#01-32-04_01-32-58_label_B1-0-0.mp4,B1-0-0,B1,fighting,0,27.083333,45.833333,18.75,Young.And.Dangerous.IV.1997__#01-32-04_01-32-58_label_B1-0-0__seg0000_27.083-45.833.wav,danger risk,1,clotho,a person is playing video game sounds and a man is speaking,-1.5784242153167725,Speech | Music | Shatter,0.6957 | 0.0025 | 0.0061 | 0.0003 | 0.0006,ok,
XD-Violence,v=-etV57xZ4_I__#1_label_B4-0-0,True,,v=-etV57xZ4_I__#1_label_B4-0-0.mp4,B4-0-0,B4,riot,0,0.0,10.833333,10.833333,v=-etV57xZ4_I__#1_label_B4-0-0__seg0000_0.000-10.833.wav,danger risk,1,clotho,a crowd of people are talking and yelling,-1.0421245098114014,Speech,0.892 | 0.015 | 0.0012 | 0.0007 | 0.0117,ok,
XD-Violence,v=-fOWSLV6Esw__#1_label_B4-0-0,True,,v=-fOWSLV6Esw__#1_label_B4-0-0.mp4,B4-0-0,B4,riot,0,0.833333,32.166667,31.333333,v=-fOWSLV6Esw__#1_label_B4-0-0__seg0000_0.833-32.167.wav,danger risk,1,clotho,a group of people chant together in unison in a large crowd,-1.0590367317199707,Speech | Crowd | Music,0.4991 | 0.0116 | 0.0045 | 0.0004 | 0.0066,ok,
XD-Violence,v=-kwNh1lMU-w__#1_label_B4-0-0,True,,v=-kwNh1lMU-w__#1_label_B4-0-0.mp4,B4-0-0,B4,riot,0,0.0,34.875,34.875,v=-kwNh1lMU-w__#1_label_B4-0-0__seg0000_0.000-34.875.wav,danger risk,1,clotho,people are talking while a siren is blaring in the background,-0.8647668361663818,Speech | Vehicle,0.691 | 0.0041 | 0.0005 | 0.0012 | 0.0011,ok,
XD-Violence,v=-kwNh1lMU-w__#1_label_B4-0-0,True,,v=-kwNh1lMU-w__#1_label_B4-0-0.mp4,B4-0-0,B4,riot,1,56.666667,116.666667,60.0,v=-kwNh1lMU-w__#1_label_B4-0-0__seg0001_56.667-116.667.wav,danger risk,1,clotho,a group of people are talking while a siren blares in the background,-0.8791793584823608,Speech | Vehicle,0.6086 | 0.0131 | 0.0017 | 0.0011 | 0.0053,ok,
XD-Violence,v=-kwNh1lMU-w__#1_label_B4-0-0,True,,v=-kwNh1lMU-w__#1_label_B4-0-0.mp4,B4-0-0,B4,riot,2,116.666667,170.0,53.333333,v=-kwNh1lMU-w__#1_label_B4-0-0__seg0002_116.667-170.000.wav,danger risk,1,clotho,a crowd of people are cheering and yelling,-1.113482117652893,"Speech | Outside, urban or manmade",0.5777 | 0.078 | 0.0111 | 0.0011 | 0.0276,ok,
XD-Violence,v=0N0PbzjEg0U__#1_label_B4-0-0,True,,v=0N0PbzjEg0U__#1_label_B4-0-0.mp4,B4-0-0,B4,riot,0,0.0,22.916667,22.916667,v=0N0PbzjEg0U__#1_label_B4-0-0__seg0000_0.000-22.917.wav,danger risk,1,clotho,a crowd of people are talking and yelling,-1.1721441745758057,"Speech | Outside, urban or manmade",0.9194 | 0.0137 | 0.0022 | 0.0018 | 0.0054,ok,
XD-Violence,v=0W8LohxH9nI__#1_label_B1-0-0,True,,v=0W8LohxH9nI__#1_label_B1-0-0.mp4,B1-0-0,B1,fighting,0,38.875,52.083333,13.208333,v=0W8LohxH9nI__#1_label_B1-0-0__seg0000_38.875-52.083.wav,danger risk,1,clotho,a crowd of people are cheering and yelling loudly,-1.0688505172729492,Speech | Basketball bounce,0.747 | 0.002 | 0.0015 | 0.001 | 0.0027,ok,
XD-Violence,v=0qtIjyt-7wg__#00-00-00_00-00-51_label_B6-0-0,True,,v=0qtIjyt-7wg__#00-00-00_00-00-51_label_B6-0-0.mp4,B6-0-0,B6,car accident,0,8.541667,11.25,2.708333,v=0qtIjyt-7wg__#00-00-00_00-00-51_label_B6-0-0__seg0000_8.542-11.250.wav,danger risk,1,clotho,a large pile of metal is being thrown into a container,-1.7332696914672852,Breaking,0.0424 | 0.0002 | 0.0001 | 0.0001 | 0.0001,ok,
XD-Violence,v=0qtIjyt-7wg__#00-00-00_00-00-51_label_B6-0-0,True,,v=0qtIjyt-7wg__#00-00-00_00-00-51_label_B6-0-0.mp4,B6-0-0,B6,car accident,1,22.375,25.416667,3.041667,v=0qtIjyt-7wg__#00-00-00_00-00-51_label_B6-0-0__seg0001_22.375-25.417.wav,danger risk,1,clotho,a group of people are shouting and yelling,-1.30487859249115,Speech,0.7761 | 0.0021 | 0.0009 | 0.001 | 0.0007,ok,
XD-Violence,v=0qtIjyt-7wg__#00-00-00_00-00-51_label_B6-0-0,True,,v=0qtIjyt-7wg__#00-00-00_00-00-51_label_B6-0-0.mp4,B6-0-0,B6,car accident,2,42.833333,46.458333,3.625,v=0qtIjyt-7wg__#00-00-00_00-00-51_label_B6-0-0__seg0002_42.833-46.458.wav,danger risk,1,clotho,a man is speaking while a car is driving,-1.1284615993499756,Speech | Vehicle | Car,0.7915 | 0.0008 | 0.0001 | 0.0008 | 0.0009,ok,
XD-Violence,v=0qtIjyt-7wg__#00-01-00_00-02-45_label_B6-0-0,True,,v=0qtIjyt-7wg__#00-01-00_00-02-45_label_B6-0-0.mp4,B6-0-0,B6,car accident,0,11.0,14.166667,3.166667,v=0qtIjyt-7wg__#00-01-00_00-02-45_label_B6-0-0__seg0000_11.000-14.167.wav,danger risk,1,clotho,a man is speaking while a machine is running,-1.2175356149673462,Speech | Music,0.4606 | 0.0006 | 0.0 | 0.0002 | 0.0001,ok,
XD-Violence,v=0qtIjyt-7wg__#00-01-00_00-02-45_label_B6-0-0,True,,v=0qtIjyt-7wg__#00-01-00_00-02-45_label_B6-0-0.mp4,B6-0-0,B6,car accident,1,31.666667,37.5,5.833333,v=0qtIjyt-7wg__#00-01-00_00-02-45_label_B6-0-0__seg0001_31.667-37.500.wav,danger risk,1,clotho,a man is speaking while a car is driving by,-1.041693091392517,Speech | Vehicle,0.884 | 0.0122 | 0.0006 | 0.0009 | 0.0011,ok,
XD-Violence,v=0qtIjyt-7wg__#00-01-00_00-02-45_label_B6-0-0,True,,v=0qtIjyt-7wg__#00-01-00_00-02-45_label_B6-0-0.mp4,B6-0-0,B6,car accident,2,55.708333,59.583333,3.875,v=0qtIjyt-7wg__#00-01-00_00-02-45_label_B6-0-0__seg0002_55.708-59.583.wav,danger risk,1,clotho,a man is speaking while a jet flies overhead,-1.211684226989746,Speech,0.825 | 0.0071 | 0.0008 | 0.0006 | 0.0013,ok,
XD-Violence,v=0qtIjyt-7wg__#00-01-00_00-02-45_label_B6-0-0,True,,v=0qtIjyt-7wg__#00-01-00_00-02-45_label_B6-0-0.mp4,B6-0-0,B6,car accident,3,67.166667,69.0,1.833333,v=0qtIjyt-7wg__#00-01-00_00-02-45_label_B6-0-0__seg0003_67.167-69.000.wav,danger risk,1,clotho,a man is speaking while a car is driving by,-1.3528450727462769,Speech | Vehicle | Car | Skidding,0.7515 | 0.002 | 0.0001 | 0.0004 | 0.0005,ok,
XD-Violence,v=0qtIjyt-7wg__#00-01-00_00-02-45_label_B6-0-0,True,,v=0qtIjyt-7wg__#00-01-00_00-02-45_label_B6-0-0.mp4,B6-0-0,B6,car accident,4,75.25,80.833333,5.583333,v=0qtIjyt-7wg__#00-01-00_00-02-45_label_B6-0-0__seg0004_75.250-80.833.wav,danger risk,1,clotho,a man is speaking while a metal object is being dragged across a hard surface,-1.086093187332153,Speech | Vehicle,0.8585 | 0.0039 | 0.0005 | 0.0004 | 0.0011,ok,
XD-Violence,v=0qtIjyt-7wg__#00-01-00_00-02-45_label_B6-0-0,True,,v=0qtIjyt-7wg__#00-01-00_00-02-45_label_B6-0-0.mp4,B6-0-0,B6,car accident,5,99.583333,103.333333,3.75,v=0qtIjyt-7wg__#00-01-00_00-02-45_label_B6-0-0__seg0005_99.583-103.333.wav,danger risk,1,clotho,a car door is being opened and closed,-1.0248477458953855,Vehicle | Car,0.0061 | 0.0001 | 0.0001 | 0.0 | 0.0001,ok,
XD-Violence,v=0qtIjyt-7wg__#00-04-00_00-05-15_label_B6-0-0,True,,v=0qtIjyt-7wg__#00-04-00_00-05-15_label_B6-0-0.mp4,B6-0-0,B6,car accident,0,1.041667,2.291667,1.25,v=0qtIjyt-7wg__#00-04-00_00-05-15_label_B6-0-0__seg0000_1.042-2.292.wav,danger risk,1,clotho,a gun is fired and a man is shouting,-1.5982171297073364,Speech,0.5878 | 0.0002 | 0.0 | 0.0017 | 0.0001,ok,
XD-Violence,v=0qtIjyt-7wg__#00-04-00_00-05-15_label_B6-0-0,True,,v=0qtIjyt-7wg__#00-04-00_00-05-15_label_B6-0-0.mp4,B6-0-0,B6,car accident,1,11.041667,13.125,2.083333,v=0qtIjyt-7wg__#00-04-00_00-05-15_label_B6-0-0__seg0001_11.042-13.125.wav,danger risk,1,clotho,a man is speaking and then a car door is slammed shut,-1.3503379821777344,Speech,0.5723 | 0.0008 | 0.0002 | 0.0001 | 0.0002,ok,
XD-Violence,v=0yHBkMBE8r4__#1_label_B1-0-0,True,,v=0yHBkMBE8r4__#1_label_B1-0-0.mp4,B1-0-0,B1,fighting,0,20.75,30.0,9.25,v=0yHBkMBE8r4__#1_label_B1-0-0__seg0000_20.750-30.000.wav,danger risk,1,clotho,a crowd of people are cheering and yelling,-1.087587833404541,Speech | Basketball bounce,0.7817 | 0.0149 | 0.0011 | 0.0008 | 0.0035,ok,
XD-Violence,v=0yHBkMBE8r4__#1_label_B1-0-0,True,,v=0yHBkMBE8r4__#1_label_B1-0-0.mp4,B1-0-0,B1,fighting,1,135.833333,148.75,12.916667,v=0yHBkMBE8r4__#1_label_B1-0-0__seg0001_135.833-148.750.wav,danger risk,1,clotho,a horn is blown and a man is speaking,-1.284538507461548,Speech,0.5764 | 0.0048 | 0.0008 | 0.0003 | 0.0026,ok,
XD-Violence,v=15wDrZJQpsw__#00-00-00_00-00-51_label_B6-0-0,True,,v=15wDrZJQpsw__#00-00-00_00-00-51_label_B6-0-0.mp4,B6-0-0,B6,car accident,0,18.083333,23.416667,5.333333,v=15wDrZJQpsw__#00-00-00_00-00-51_label_B6-0-0__seg0000_18.083-23.417.wav,danger risk,1,clotho,a person is walking on a hard surface,-1.345944046974182,Silence,0.0304 | 0.0015 | 0.0001 | 0.0002 | 0.0001,ok,
XD-Violence,v=15wDrZJQpsw__#00-00-00_00-00-51_label_B6-0-0,True,,v=15wDrZJQpsw__#00-00-00_00-00-51_label_B6-0-0.mp4,B6-0-0,B6,car accident,1,31.208333,36.083333,4.875,v=15wDrZJQpsw__#00-00-00_00-00-51_label_B6-0-0__seg0001_31.208-36.083.wav,danger risk,1,clotho,people are talking and laughing while music plays in the background,-0.9727463722229004,Speech | Music | Vehicle,0.87 | 0.0026 | 0.0008 | 0.0022 | 0.0001,ok,
XD-Violence,v=15wDrZJQpsw__#00-05-20_00-06-20_label_B6-0-0,True,,v=15wDrZJQpsw__#00-05-20_00-06-20_label_B6-0-0.mp4,B6-0-0,B6,car accident,0,3.958333,9.708333,5.75,v=15wDrZJQpsw__#00-05-20_00-06-20_label_B6-0-0__seg0000_3.958-9.708.wav,danger risk,1,clotho,someone is opening and closing a car door,-1.0706639289855957,,0.021 | 0.0004 | 0.0007 | 0.0002 | 0.0003,ok,
XD-Violence,v=15wDrZJQpsw__#00-05-20_00-06-20_label_B6-0-0,True,,v=15wDrZJQpsw__#00-05-20_00-06-20_label_B6-0-0.mp4,B6-0-0,B6,car accident,1,19.375,21.5,2.125,v=15wDrZJQpsw__#00-05-20_00-06-20_label_B6-0-0__seg0001_19.375-21.500.wav,danger risk,1,clotho,a loud banging occurs followed by a man speaking and yelling,-1.4584808349609375,Speech,0.3213 | 0.0005 | 0.0001 | 0.0002 | 0.0001,ok,
XD-Violence,v=15wDrZJQpsw__#00-05-20_00-06-20_label_B6-0-0,True,,v=15wDrZJQpsw__#00-05-20_00-06-20_label_B6-0-0.mp4,B6-0-0,B6,car accident,2,35.5,38.5,3.0,v=15wDrZJQpsw__#00-05-20_00-06-20_label_B6-0-0__seg0002_35.500-38.500.wav,danger risk,1,clotho,a person is playing a note on a keyboard,-1.26888906955719,Silence,0.0238 | 0.0008 | 0.0001 | 0.0001 | 0.0,ok,
XD-Violence,v=15wDrZJQpsw__#00-05-20_00-06-20_label_B6-0-0,True,,v=15wDrZJQpsw__#00-05-20_00-06-20_label_B6-0-0.mp4,B6-0-0,B6,car accident,3,55.416667,60.041667,4.625,v=15wDrZJQpsw__#00-05-20_00-06-20_label_B6-0-0__seg0003_55.417-60.042.wav,danger risk,1,clotho,a person is using a wrench on a piece of paper,-1.105021357536316,Silence,0.0284 | 0.0013 | 0.0001 | 0.0002 | 0.0001,ok,
XD-Violence,v=15wDrZJQpsw__#00-09-00_00-10-55_label_B6-0-0,True,,v=15wDrZJQpsw__#00-09-00_00-10-55_label_B6-0-0.mp4,B6-0-0,B6,car accident,0,5.416667,27.083333,21.666667,v=15wDrZJQpsw__#00-09-00_00-10-55_label_B6-0-0__seg0000_5.417-27.083.wav,danger risk,1,clotho,a person is walking on a hard surface,-1.363973617553711,Silence,0.034 | 0.0021 | 0.0002 | 0.0003 | 0.0001,ok,
XD-Violence,v=15wDrZJQpsw__#00-09-00_00-10-55_label_B6-0-0,True,,v=15wDrZJQpsw__#00-09-00_00-10-55_label_B6-0-0.mp4,B6-0-0,B6,car accident,1,42.916667,47.5,4.583333,v=15wDrZJQpsw__#00-09-00_00-10-55_label_B6-0-0__seg0001_42.917-47.500.wav,danger risk,1,clotho,a person is using a wrench on a piece of paper,-1.105326771736145,Silence,0.0281 | 0.0013 | 0.0001 | 0.0002 | 0.0001,ok,
XD-Violence,v=15wDrZJQpsw__#00-09-00_00-10-55_label_B6-0-0,True,,v=15wDrZJQpsw__#00-09-00_00-10-55_label_B6-0-0.mp4,B6-0-0,B6,car accident,2,67.708333,70.208333,2.5,v=15wDrZJQpsw__#00-09-00_00-10-55_label_B6-0-0__seg0002_67.708-70.208.wav,danger risk,1,clotho,a man is singing and then another person is speaking,-1.6027213335037231,Music | Bang,0.2479 | 0.0005 | 0.0001 | 0.0002 | 0.0001,ok,
XD-Violence,v=15wDrZJQpsw__#00-09-00_00-10-55_label_B6-0-0,True,,v=15wDrZJQpsw__#00-09-00_00-10-55_label_B6-0-0.mp4,B6-0-0,B6,car accident,3,78.125,97.083333,18.958333,v=15wDrZJQpsw__#00-09-00_00-10-55_label_B6-0-0__seg0003_78.125-97.083.wav,danger risk,1,clotho,a person is walking on a hard surface,-1.3617678880691528,Silence,0.0327 | 0.0019 | 0.0002 | 0.0003 | 0.0001,ok,
XD-Violence,v=15wDrZJQpsw__#00-09-00_00-10-55_label_B6-0-0,True,,v=15wDrZJQpsw__#00-09-00_00-10-55_label_B6-0-0.mp4,B6-0-0,B6,car accident,4,107.5,109.166667,1.666667,v=15wDrZJQpsw__#00-09-00_00-10-55_label_B6-0-0__seg0004_107.500-109.167.wav,danger risk,1,clotho,a person is walking on a hard surface,-1.3763880729675293,,0.0122 | 0.0009 | 0.0001 | 0.0 | 0.0,ok,
XD-Violence,v=1GFBuaGCeTo__#1_label_G-0-0,True,,v=1GFBuaGCeTo__#1_label_G-0-0.mp4,G-0-0,G,explosion,0,33.416667,51.25,17.833333,v=1GFBuaGCeTo__#1_label_G-0-0__seg0000_33.417-51.250.wav,danger risk,1,clotho,a man is speaking while a car is driving and tires are squealing,-1.101978063583374,Speech | Music | Vehicle | Car,0.7434 | 0.0005 | 0.0002 | 0.0012 | 0.0001,ok,
XD-Violence,v=1djrJ0wxlYo__#1_label_B4-0-0,True,,v=1djrJ0wxlYo__#1_label_B4-0-0.mp4,B4-0-0,B4,riot,0,0.0,31.583333,31.583333,v=1djrJ0wxlYo__#1_label_B4-0-0__seg0000_0.000-31.583.wav,danger risk,1,clotho,a crowd of people are shouting and yelling,-1.0426573753356934,"Speech | Outside, urban or manmade",0.8911 | 0.0469 | 0.0017 | 0.0035 | 0.0103,ok,
XD-Violence,v=1djrJ0wxlYo__#1_label_B4-0-0,True,,v=1djrJ0wxlYo__#1_label_B4-0-0.mp4,B4-0-0,B4,riot,1,36.666667,63.875,27.208333,v=1djrJ0wxlYo__#1_label_B4-0-0__seg0001_36.667-63.875.wav,danger risk,1,clotho,a crowd of people are cheering and yelling while a gun is fired,-1.1907718181610107,"Speech | Music | Outside, urban or manmade",0.9037 | 0.0144 | 0.0013 | 0.0005 | 0.0025,ok,
XD-Violence,v=1io9Uh54Vhg__#1_label_B4-0-0,True,,v=1io9Uh54Vhg__#1_label_B4-0-0.mp4,B4-0-0,B4,riot,0,0.0,60.0,60.0,v=1io9Uh54Vhg__#1_label_B4-0-0__seg0000_0.000-60.000.wav,danger risk,1,clotho,a man is speaking while fireworks are exploding in the background,-0.9759313464164734,"Speech | Music | Firecracker | Outside, urban or manmade",0.8814 | 0.0097 | 0.0008 | 0.0003 | 0.0032,ok,
XD-Violence,v=1io9Uh54Vhg__#1_label_B4-0-0,True,,v=1io9Uh54Vhg__#1_label_B4-0-0.mp4,B4-0-0,B4,riot,1,60.0,82.333333,22.333333,v=1io9Uh54Vhg__#1_label_B4-0-0__seg0001_60.000-82.333.wav,danger risk,1,clotho,a crowd of people are cheering and yelling while a gun is fired,-1.2176721096038818,Speech,0.8838 | 0.0066 | 0.0021 | 0.0003 | 0.0024,ok,
XD-Violence,v=1q5V6DKH3bw__#1_label_B4-0-0,True,,v=1q5V6DKH3bw__#1_label_B4-0-0.mp4,B4-0-0,B4,riot,0,0.0,17.708333,17.708333,v=1q5V6DKH3bw__#1_label_B4-0-0__seg0000_0.000-17.708.wav,danger risk,1,clotho,a man is speaking and a crowd is cheering,-0.984214961528778,Speech,0.7855 | 0.0795 | 0.028 | 0.0008 | 0.0438,ok,
XD-Violence,v=1q5V6DKH3bw__#1_label_B4-0-0,True,,v=1q5V6DKH3bw__#1_label_B4-0-0.mp4,B4-0-0,B4,riot,1,28.333333,63.125,34.791667,v=1q5V6DKH3bw__#1_label_B4-0-0__seg0001_28.333-63.125.wav,danger risk,1,clotho,a man is speaking and then a crowd cheers,-1.1164647340774536,Speech,0.8606 | 0.0133 | 0.0007 | 0.0008 | 0.0041,ok,
XD-Violence,v=1q5V6DKH3bw__#1_label_B4-0-0,True,,v=1q5V6DKH3bw__#1_label_B4-0-0.mp4,B4-0-0,B4,riot,2,84.583333,98.041667,13.458333,v=1q5V6DKH3bw__#1_label_B4-0-0__seg0002_84.583-98.042.wav,danger risk,1,clotho,a man is speaking and a crowd is cheering,-1.0268521308898926,Speech,0.8846 | 0.0237 | 0.0031 | 0.0018 | 0.015,ok,
XD-Violence,v=1q5V6DKH3bw__#1_label_B4-0-0,True,,v=1q5V6DKH3bw__#1_label_B4-0-0.mp4,B4-0-0,B4,riot,3,104.166667,122.916667,18.75,v=1q5V6DKH3bw__#1_label_B4-0-0__seg0003_104.167-122.917.wav,danger risk,1,clotho,a man is speaking while a machine is running,-1.0504591464996338,Speech,0.804 | 0.0056 | 0.009 | 0.0005 | 0.0216,ok,
XD-Violence,v=251___mEwZA__#1_label_B1-0-0,True,,v=251___mEwZA__#1_label_B1-0-0.mp4,B1-0-0,B1,fighting,0,7.625,56.625,49.0,v=251___mEwZA__#1_label_B1-0-0__seg0000_7.625-56.625.wav,danger risk,1,clotho,a crowd of people are shouting and cheering,-1.1344197988510132,Speech | Basketball bounce,0.6145 | 0.0094 | 0.0014 | 0.0011 | 0.0047,ok,
XD-Violence,v=251___mEwZA__#1_label_B1-0-0,True,,v=251___mEwZA__#1_label_B1-0-0.mp4,B1-0-0,B1,fighting,1,60.541667,103.625,43.083333,v=251___mEwZA__#1_label_B1-0-0__seg0001_60.542-103.625.wav,danger risk,1,clotho,a crowd of people are cheering and yelling,-1.0988426208496094,Speech | Music | Basketball bounce,0.6975 | 0.0198 | 0.0045 | 0.0028 | 0.007,ok,
XD-Violence,v=251___mEwZA__#1_label_B1-0-0,True,,v=251___mEwZA__#1_label_B1-0-0.mp4,B1-0-0,B1,fighting,2,156.208333,189.166667,32.958333,v=251___mEwZA__#1_label_B1-0-0__seg0002_156.208-189.167.wav,danger risk,1,clotho,a crowd of people are shouting and cheering,-1.049572229385376,Speech | Music | Basketball bounce,0.7082 | 0.0144 | 0.0044 | 0.002 | 0.0059,ok,
XD-Violence,v=2Rr21qkZEDQ__#00-03-00_00-04-09_label_B6-0-0,True,,v=2Rr21qkZEDQ__#00-03-00_00-04-09_label_B6-0-0.mp4,B6-0-0,B6,car accident,0,22.833333,26.958333,4.125,v=2Rr21qkZEDQ__#00-03-00_00-04-09_label_B6-0-0__seg0000_22.833-26.958.wav,danger risk,1,clotho,a car is driving and a man is speaking,-1.2892539501190186,Speech | Vehicle | Car | Skidding,0.7037 | 0.0006 | 0.0002 | 0.0003 | 0.0002,ok,
XD-Violence,v=2Rr21qkZEDQ__#00-03-00_00-04-09_label_B6-0-0,True,,v=2Rr21qkZEDQ__#00-03-00_00-04-09_label_B6-0-0.mp4,B6-0-0,B6,car accident,1,54.166667,58.75,4.583333,v=2Rr21qkZEDQ__#00-03-00_00-04-09_label_B6-0-0__seg0001_54.167-58.750.wav,danger risk,1,clotho,a man is speaking over a loudspeaker while a car passes by,-1.3204762935638428,Speech | Vehicle,0.7582 | 0.0018 | 0.0017 | 0.0024 | 0.0045,ok,
XD-Violence,v=2Rr21qkZEDQ__#00-14-10_00-16-09_label_B6-0-0,True,,v=2Rr21qkZEDQ__#00-14-10_00-16-09_label_B6-0-0.mp4,B6-0-0,B6,car accident,0,20.083333,24.0,3.916667,v=2Rr21qkZEDQ__#00-14-10_00-16-09_label_B6-0-0__seg0000_20.083-24.000.wav,danger risk,1,clotho,someone is opening and closing a plastic bag,-1.552386999130249,,0.0248 | 0.0002 | 0.0 | 0.0002 | 0.0,ok,
XD-Violence,v=2Rr21qkZEDQ__#00-14-10_00-16-09_label_B6-0-0,True,,v=2Rr21qkZEDQ__#00-14-10_00-16-09_label_B6-0-0.mp4,B6-0-0,B6,car accident,1,38.416667,43.0,4.583333,v=2Rr21qkZEDQ__#00-14-10_00-16-09_label_B6-0-0__seg0001_38.417-43.000.wav,danger risk,1,clotho,a person is walking on a hard surface and a door opens and closes,-1.4092265367507937,Vehicle,0.0291 | 0.0002 | 0.0001 | 0.0003 | 0.0001,ok,
XD-Violence,v=2Rr21qkZEDQ__#00-14-10_00-16-09_label_B6-0-0,True,,v=2Rr21qkZEDQ__#00-14-10_00-16-09_label_B6-0-0.mp4,B6-0-0,B6,car accident,2,57.875,60.166667,2.291667,v=2Rr21qkZEDQ__#00-14-10_00-16-09_label_B6-0-0__seg0002_57.875-60.167.wav,danger risk,1,clotho,music is playing and a man is singing,-1.0629115104675293,Music,0.1371 | 0.0029 | 0.0004 | 0.0001 | 0.0003,ok,
XD-Violence,v=2Rr21qkZEDQ__#00-14-10_00-16-09_label_B6-0-0,True,,v=2Rr21qkZEDQ__#00-14-10_00-16-09_label_B6-0-0.mp4,B6-0-0,B6,car accident,3,84.791667,90.0,5.208333,v=2Rr21qkZEDQ__#00-14-10_00-16-09_label_B6-0-0__seg0003_84.792-90.000.wav,danger risk,1,clotho,a person is walking on a hard surface,-1.344334363937378,Silence,0.0287 | 0.0014 | 0.0001 | 0.0002 | 0.0001,ok,
XD-Violence,v=2Rr21qkZEDQ__#00-14-10_00-16-09_label_B6-0-0,True,,v=2Rr21qkZEDQ__#00-14-10_00-16-09_label_B6-0-0.mp4,B6-0-0,B6,car accident,4,103.0,111.25,8.25,v=2Rr21qkZEDQ__#00-14-10_00-16-09_label_B6-0-0__seg0004_103.000-111.250.wav,danger risk,1,clotho,a man is speaking while a car is driving by,-1.0425114631652832,Speech | Vehicle,0.8474 | 0.0017 | 0.0 | 0.0001 | 0.0003,ok,
XD-Violence,v=2WkuPNLfl5s__#1_label_B4-0-0,True,,v=2WkuPNLfl5s__#1_label_B4-0-0.mp4,B4-0-0,B4,riot,0,9.375,42.0,32.625,v=2WkuPNLfl5s__#1_label_B4-0-0__seg0000_9.375-42.000.wav,danger risk,1,clotho,a group of people are talking and laughing,-1.0515868663787842,"Speech | Run | Outside, urban or manmade",0.9136 | 0.0664 | 0.0035 | 0.0014 | 0.0308,ok,
XD-Violence,v=2al4t5inObA__#1_label_B4-0-0,True,,v=2al4t5inObA__#1_label_B4-0-0.mp4,B4-0-0,B4,riot,0,0.0,60.0,60.0,v=2al4t5inObA__#1_label_B4-0-0__seg0000_0.000-60.000.wav,danger risk,1,clotho,people are talking while a siren is blaring in the background,-0.9129745960235596,Emergency vehicle | Police car (siren) | Ambulance (siren) | Siren,0.2956 | 0.0006 | 0.0002 | 0.0031 | 0.0002,ok,
XD-Violence,v=2al4t5inObA__#1_label_B4-0-0,True,,v=2al4t5inObA__#1_label_B4-0-0.mp4,B4-0-0,B4,riot,1,60.0,120.0,60.0,v=2al4t5inObA__#1_label_B4-0-0__seg0001_60.000-120.000.wav,danger risk,1,clotho,people are talking while a siren is blaring in the background,-0.9249128699302672,Speech | Emergency vehicle | Police car (siren) | Ambulance (siren) | Siren,0.3256 | 0.0009 | 0.0001 | 0.0007 | 0.0002,ok,
XD-Violence,v=2al4t5inObA__#1_label_B4-0-0,True,,v=2al4t5inObA__#1_label_B4-0-0.mp4,B4-0-0,B4,riot,2,120.0,138.416667,18.416667,v=2al4t5inObA__#1_label_B4-0-0__seg0002_120.000-138.417.wav,danger risk,1,clotho,a police car with a siren going off,-1.3977094888687134,Emergency vehicle | Police car (siren) | Ambulance (siren) | Siren,0.2714 | 0.0011 | 0.0002 | 0.0005 | 0.0002,ok,
XD-Violence,v=2jwO15SMyuo__#1_label_B4-0-0,True,,v=2jwO15SMyuo__#1_label_B4-0-0.mp4,B4-0-0,B4,riot,0,0.0,60.0,60.0,v=2jwO15SMyuo__#1_label_B4-0-0__seg0000_0.000-60.000.wav,danger risk,1,clotho,a crowd of people are talking while music plays in the background,-0.9154488444328308,"Speech | Hubbub, speech noise, speech babble | Music",0.9092 | 0.0045 | 0.0019 | 0.0066 | 0.0022,ok,
XD-Violence,v=2jwO15SMyuo__#1_label_B4-0-0,True,,v=2jwO15SMyuo__#1_label_B4-0-0.mp4,B4-0-0,B4,riot,1,60.0,98.916667,38.916667,v=2jwO15SMyuo__#1_label_B4-0-0__seg0001_60.000-98.917.wav,danger risk,1,clotho,a group of people are shouting and yelling while music plays in the background,-0.9524447917938232,Speech | Music,0.7705 | 0.0021 | 0.0012 | 0.0043 | 0.0013,ok,
XD-Violence,v=35zynOrkvMk__#1_label_G-0-0,True,,v=35zynOrkvMk__#1_label_G-0-0.mp4,G-0-0,G,explosion,0,4.75,6.833333,2.083333,v=35zynOrkvMk__#1_label_G-0-0__seg0000_4.750-6.833.wav,danger risk,1,clotho,a gun is fired repeatedly in the distance,-1.198803186416626,Explosion | Artillery fire,0.0113 | 0.0001 | 0.0001 | 0.0001 | 0.0,ok,
XD-Violence,v=38GQ9L2meyE__#1_label_B6-0-0,True,,v=38GQ9L2meyE__#1_label_B6-0-0.mp4,B6-0-0,B6,car accident,0,1.083333,3.333333,2.25,v=38GQ9L2meyE__#1_label_B6-0-0__seg0000_1.083-3.333.wav,danger risk,1,clotho,music is being played with a glass breaking and a metal object is dropped,-1.9315803050994875,Music | Shatter,0.0529 | 0.0013 | 0.0005 | 0.0003 | 0.0005,ok,
XD-Violence,v=38GQ9L2meyE__#1_label_B6-0-0,True,,v=38GQ9L2meyE__#1_label_B6-0-0.mp4,B6-0-0,B6,car accident,1,8.75,12.0,3.25,v=38GQ9L2meyE__#1_label_B6-0-0__seg0001_8.750-12.000.wav,danger risk,1,clotho,a large metal object is being hit against another hard surface,-1.3287373781204224,Music,0.0295 | 0.0001 | 0.0001 | 0.0001 | 0.0001,ok,
XD-Violence,v=38GQ9L2meyE__#1_label_B6-0-0,True,,v=38GQ9L2meyE__#1_label_B6-0-0.mp4,B6-0-0,B6,car accident,2,15.708333,16.5,0.791667,v=38GQ9L2meyE__#1_label_B6-0-0__seg0002_15.708-16.500.wav,danger risk,1,clotho,a loud explosions is followed by a large explosion,-1.798305869102478,,0.0339 | 0.0002 | 0.0002 | 0.0 | 0.0001,ok,
XD-Violence,v=38GQ9L2meyE__#1_label_B6-0-0,True,,v=38GQ9L2meyE__#1_label_B6-0-0.mp4,B6-0-0,B6,car accident,3,18.75,21.541667,2.791667,v=38GQ9L2meyE__#1_label_B6-0-0__seg0003_18.750-21.542.wav,danger risk,1,clotho,a car is driving on the road with the windows rolled down,-1.652561902999878,Music,0.0255 | 0.0006 | 0.0002 | 0.0001 | 0.0003,ok,
XD-Violence,v=38GQ9L2meyE__#1_label_B6-0-0,True,,v=38GQ9L2meyE__#1_label_B6-0-0.mp4,B6-0-0,B6,car accident,4,24.875,26.166667,1.291667,v=38GQ9L2meyE__#1_label_B6-0-0__seg0004_24.875-26.167.wav,danger risk,1,clotho,a video game sound effect is being played with a laser gun,-1.6504254341125488,Music,0.0214 | 0.0001 | 0.0001 | 0.0 | 0.0001,ok,
XD-Violence,v=38GQ9L2meyE__#1_label_B6-0-0,True,,v=38GQ9L2meyE__#1_label_B6-0-0.mp4,B6-0-0,B6,car accident,5,27.083333,35.416667,8.333333,v=38GQ9L2meyE__#1_label_B6-0-0__seg0005_27.083-35.417.wav,danger risk,1,clotho,music is being played with a synthesizer and a sound effects,-1.6815309524536133,Music | Scary music,0.1093 | 0.0016 | 0.0004 | 0.0004 | 0.0003,ok,
XD-Violence,v=38GQ9L2meyE__#1_label_B6-0-0,True,,v=38GQ9L2meyE__#1_label_B6-0-0.mp4,B6-0-0,B6,car accident,6,37.291667,40.541667,3.25,v=38GQ9L2meyE__#1_label_B6-0-0__seg0006_37.292-40.542.wav,danger risk,1,clotho,a car is driving down the road with some cars passing by,-1.3362551927566528,Music,0.0345 | 0.0005 | 0.0002 | 0.0002 | 0.0003,ok,
XD-Violence,v=38GQ9L2meyE__#1_label_B6-0-0,True,,v=38GQ9L2meyE__#1_label_B6-0-0.mp4,B6-0-0,B6,car accident,7,46.083333,51.083333,5.0,v=38GQ9L2meyE__#1_label_B6-0-0__seg0007_46.083-51.083.wav,danger risk,1,clotho,music is being played in the background as a video game is playing,-1.366750955581665,Music,0.0251 | 0.0004 | 0.0001 | 0.0001 | 0.0002,ok,
XD-Violence,v=38GQ9L2meyE__#1_label_B6-0-0,True,,v=38GQ9L2meyE__#1_label_B6-0-0.mp4,B6-0-0,B6,car accident,8,55.416667,58.333333,2.916667,v=38GQ9L2meyE__#1_label_B6-0-0__seg0008_55.417-58.333.wav,danger risk,1,clotho,glass shatters loudly and then a loud bang occurs,-2.0190541744232178,Music | Shatter,0.0366 | 0.0011 | 0.0001 | 0.0001 | 0.0002,ok,
XD-Violence,v=38GQ9L2meyE__#1_label_B6-0-0,True,,v=38GQ9L2meyE__#1_label_B6-0-0.mp4,B6-0-0,B6,car accident,9,62.083333,69.791667,7.708333,v=38GQ9L2meyE__#1_label_B6-0-0__seg0009_62.083-69.792.wav,danger risk,1,clotho,music is playing and a gun is fired repeatedly,-1.3939762115478516,Music,0.0253 | 0.001 | 0.0002 | 0.0001 | 0.0002,ok,
XD-Violence,v=38GQ9L2meyE__#1_label_B6-0-0,True,,v=38GQ9L2meyE__#1_label_B6-0-0.mp4,B6-0-0,B6,car accident,10,71.375,75.833333,4.458333,v=38GQ9L2meyE__#1_label_B6-0-0__seg0010_71.375-75.833.wav,danger risk,1,clotho,music is playing and a musical instrument is being played,-1.1939464807510376,Music,0.0139 | 0.0007 | 0.0003 | 0.0003 | 0.0004,ok,
XD-Violence,v=38GQ9L2meyE__#1_label_B6-0-0,True,,v=38GQ9L2meyE__#1_label_B6-0-0.mp4,B6-0-0,B6,car accident,11,78.75,82.5,3.75,v=38GQ9L2meyE__#1_label_B6-0-0__seg0011_78.750-82.500.wav,danger risk,1,clotho,music is being played with an echo in the background,-1.3636554479599,Music,0.0156 | 0.0009 | 0.0007 | 0.0004 | 0.0005,ok,
XD-Violence,v=38GQ9L2meyE__#1_label_B6-0-0,True,,v=38GQ9L2meyE__#1_label_B6-0-0.mp4,B6-0-0,B6,car accident,12,84.375,87.5,3.125,v=38GQ9L2meyE__#1_label_B6-0-0__seg0012_84.375-87.500.wav,danger risk,1,clotho,music is being played in a large space,-1.4872337579727173,Music | Organ,0.008 | 0.0005 | 0.0002 | 0.0004 | 0.0001,ok,
XD-Violence,v=38GQ9L2meyE__#1_label_B6-0-0,True,,v=38GQ9L2meyE__#1_label_B6-0-0.mp4,B6-0-0,B6,car accident,13,90.708333,95.416667,4.708333,v=38GQ9L2meyE__#1_label_B6-0-0__seg0013_90.708-95.417.wav,danger risk,1,clotho,music is playing and a musical instrument is being played,-1.1378273963928225,Music,0.0168 | 0.0009 | 0.0002 | 0.0005 | 0.0002,ok,
XD-Violence,v=38GQ9L2meyE__#1_label_B6-0-0,True,,v=38GQ9L2meyE__#1_label_B6-0-0.mp4,B6-0-0,B6,car accident,14,98.958333,102.083333,3.125,v=38GQ9L2meyE__#1_label_B6-0-0__seg0014_98.958-102.083.wav,danger risk,1,clotho,a metal gate is being opened and closed over and over,-1.3334542512893677,Music,0.0413 | 0.0004 | 0.0011 | 0.0002 | 0.0002,ok,
XD-Violence,v=38GQ9L2meyE__#1_label_B6-0-0,True,,v=38GQ9L2meyE__#1_label_B6-0-0.mp4,B6-0-0,B6,car accident,15,107.458333,110.625,3.166667,v=38GQ9L2meyE__#1_label_B6-0-0__seg0015_107.458-110.625.wav,danger risk,1,clotho,a car is racing and tires are squealing,-1.5333969593048096,Music | Vehicle | Car | Skidding,0.0548 | 0.0004 | 0.0003 | 0.0004 | 0.0001,ok,
XD-Violence,v=38GQ9L2meyE__#1_label_B6-0-0,True,,v=38GQ9L2meyE__#1_label_B6-0-0.mp4,B6-0-0,B6,car accident,16,110.708333,126.875,16.166667,v=38GQ9L2meyE__#1_label_B6-0-0__seg0016_110.708-126.875.wav,danger risk,1,clotho,music is being played with an echo in the background,-1.342984318733215,"Music | Whack, thwack",0.012 | 0.0007 | 0.0006 | 0.0002 | 0.0006,ok,
XD-Violence,v=38GQ9L2meyE__#1_label_B6-0-0,True,,v=38GQ9L2meyE__#1_label_B6-0-0.mp4,B6-0-0,B6,car accident,17,128.791667,132.083333,3.291667,v=38GQ9L2meyE__#1_label_B6-0-0__seg0017_128.792-132.083.wav,danger risk,1,clotho,a large metal object is being thrown into a container,-1.500905156135559,Music,0.0123 | 0.0005 | 0.0003 | 0.0004 | 0.0003,ok,
XD-Violence,v=38GQ9L2meyE__#1_label_B6-0-0,True,,v=38GQ9L2meyE__#1_label_B6-0-0.mp4,B6-0-0,B6,car accident,18,135.791667,144.791667,9.0,v=38GQ9L2meyE__#1_label_B6-0-0__seg0018_135.792-144.792.wav,danger risk,1,clotho,a loud whooshing occurs followed by music and then more explosions,-1.4924982786178589,Music,0.0181 | 0.0012 | 0.0005 | 0.0004 | 0.0002,ok,
XD-Violence,v=38GQ9L2meyE__#1_label_B6-0-0,True,,v=38GQ9L2meyE__#1_label_B6-0-0.mp4,B6-0-0,B6,car accident,19,148.791667,169.166667,20.375,v=38GQ9L2meyE__#1_label_B6-0-0__seg0019_148.792-169.167.wav,danger risk,1,clotho,music is being played in the background while a metal object is dropped onto another,-1.3959954977035522,Music | Scary music,0.0271 | 0.0008 | 0.0002 | 0.0003 | 0.0001,ok,
XD-Violence,v=38GQ9L2meyE__#1_label_B6-0-0,True,,v=38GQ9L2meyE__#1_label_B6-0-0.mp4,B6-0-0,B6,car accident,20,172.625,178.666667,6.041667,v=38GQ9L2meyE__#1_label_B6-0-0__seg0020_172.625-178.667.wav,danger risk,1,clotho,a large object is being hit against another piece of metal,-1.2748075723648071,Music,0.0044 | 0.0002 | 0.0004 | 0.0002 | 0.0001,ok,
XD-Violence,v=38GQ9L2meyE__#1_label_B6-0-0,True,,v=38GQ9L2meyE__#1_label_B6-0-0.mp4,B6-0-0,B6,car accident,21,181.833333,185.416667,3.583333,v=38GQ9L2meyE__#1_label_B6-0-0__seg0021_181.833-185.417.wav,danger risk,1,clotho,a loud whooshing occurs followed by music and then more explosions,-1.55545175075531,Music,0.0207 | 0.0003 | 0.0001 | 0.0005 | 0.0001,ok,
XD-Violence,v=3WmMhircZOc__#1_label_B4-0-0,True,,v=3WmMhircZOc__#1_label_B4-0-0.mp4,B4-0-0,B4,riot,0,24.166667,84.166667,60.0,v=3WmMhircZOc__#1_label_B4-0-0__seg0000_24.167-84.167.wav,danger risk,1,clotho,a man is speaking while a crowd of people are cheering,-0.92350435256958,"Speech | Chatter | Crowd | Outside, urban or manmade",0.8787 | 0.0254 | 0.0015 | 0.0026 | 0.0213,ok,
XD-Violence,v=3WmMhircZOc__#1_label_B4-0-0,True,,v=3WmMhircZOc__#1_label_B4-0-0.mp4,B4-0-0,B4,riot,1,84.166667,144.166667,60.0,v=3WmMhircZOc__#1_label_B4-0-0__seg0001_84.167-144.167.wav,danger risk,1,clotho,a man is speaking while a car horn honks and people talk in the background,-1.2254892587661743,"Speech | Chatter | Hubbub, speech noise, speech babble | Outside, urban or manmade",0.9322 | 0.0067 | 0.0024 | 0.0067 | 0.003,ok,
XD-Violence,v=3WmMhircZOc__#1_label_B4-0-0,True,,v=3WmMhircZOc__#1_label_B4-0-0.mp4,B4-0-0,B4,riot,2,144.166667,172.916667,28.75,v=3WmMhircZOc__#1_label_B4-0-0__seg0002_144.167-172.917.wav,danger risk,1,clotho,people are talking while a siren is blaring in the background,-0.8731176853179932,Speech | Emergency vehicle | Ambulance (siren) | Siren,0.7408 | 0.0075 | 0.0003 | 0.0009 | 0.003,ok,
XD-Violence,v=3e3C-LQWF2s__#1_label_B1-0-0,True,,v=3e3C-LQWF2s__#1_label_B1-0-0.mp4,B1-0-0,B1,fighting,0,5.875,41.666667,35.791667,v=3e3C-LQWF2s__#1_label_B1-0-0__seg0000_5.875-41.667.wav,danger risk,1,clotho,a crowd of people are cheering and yelling loudly,-1.0527386665344238,Speech | Basketball bounce,0.7947 | 0.0237 | 0.0039 | 0.0007 | 0.0219,ok,
XD-Violence,v=3e3C-LQWF2s__#1_label_B1-0-0,True,,v=3e3C-LQWF2s__#1_label_B1-0-0.mp4,B1-0-0,B1,fighting,1,62.625,69.375,6.75,v=3e3C-LQWF2s__#1_label_B1-0-0__seg0001_62.625-69.375.wav,danger risk,1,clotho,a group of people are talking and yelling,-1.2146090269088743,Speech,0.887 | 0.0814 | 0.0104 | 0.0007 | 0.0602,ok,
XD-Violence,v=3e3C-LQWF2s__#1_label_B1-0-0,True,,v=3e3C-LQWF2s__#1_label_B1-0-0.mp4,B1-0-0,B1,fighting,2,77.5,91.666667,14.166667,v=3e3C-LQWF2s__#1_label_B1-0-0__seg0002_77.500-91.667.wav,danger risk,1,clotho,a crowd of people are talking and yelling,-1.147355556488037,Speech,0.8711 | 0.0923 | 0.0101 | 0.0006 | 0.0393,ok,
XD-Violence,v=3e3C-LQWF2s__#1_label_B1-0-0,True,,v=3e3C-LQWF2s__#1_label_B1-0-0.mp4,B1-0-0,B1,fighting,3,132.083333,137.5,5.416667,v=3e3C-LQWF2s__#1_label_B1-0-0__seg0003_132.083-137.500.wav,danger risk,1,clotho,a man is giving a speech with a crowd of people,-0.8869380354881287,Speech,0.9052 | 0.0623 | 0.0058 | 0.0005 | 0.0139,ok,
XD-Violence,v=3e3C-LQWF2s__#1_label_B1-0-0,True,,v=3e3C-LQWF2s__#1_label_B1-0-0.mp4,B1-0-0,B1,fighting,4,161.75,165.0,3.25,v=3e3C-LQWF2s__#1_label_B1-0-0__seg0004_161.750-165.000.wav,danger risk,1,clotho,a man is giving a speech with a crowd of people,-1.043771505355835,Speech,0.9264 | 0.154 | 0.0037 | 0.0009 | 0.0089,ok,
XD-Violence,v=3e3C-LQWF2s__#1_label_B1-0-0,True,,v=3e3C-LQWF2s__#1_label_B1-0-0.mp4,B1-0-0,B1,fighting,5,170.208333,184.166667,13.958333,v=3e3C-LQWF2s__#1_label_B1-0-0__seg0005_170.208-184.167.wav,danger risk,1,clotho,a man is speaking and a crowd is cheering,-0.9994351267814636,Speech,0.8329 | 0.044 | 0.0024 | 0.0008 | 0.0089,ok,
XD-Violence,v=3wxWNAM8Cso__#1_label_G-0-0,True,,v=3wxWNAM8Cso__#1_label_G-0-0.mp4,G-0-0,G,explosion,0,179.916667,192.166667,12.25,v=3wxWNAM8Cso__#1_label_G-0-0__seg0000_179.917-192.167.wav,danger risk,1,clotho,the wind is blowing and a car is driving by,-1.4967694282531738,Music | Explosion | Eruption,0.0347 | 0.0001 | 0.0001 | 0.0004 | 0.0,ok,
XD-Violence,v=3wxWNAM8Cso__#1_label_G-0-0,True,,v=3wxWNAM8Cso__#1_label_G-0-0.mp4,G-0-0,G,explosion,1,203.375,228.958333,25.583333,v=3wxWNAM8Cso__#1_label_G-0-0__seg0001_203.375-228.958.wav,danger risk,1,clotho,a large explosion is followed by heavy explosions,-1.5875486135482788,Explosion | Eruption,0.0386 | 0.0002 | 0.0001 | 0.0011 | 0.0,ok,
XD-Violence,v=3xWiBCIxjIk__#1_label_B4-0-0,True,,v=3xWiBCIxjIk__#1_label_B4-0-0.mp4,B4-0-0,B4,riot,0,5.083333,65.083333,60.0,v=3xWiBCIxjIk__#1_label_B4-0-0__seg0000_5.083-65.083.wav,danger risk,1,clotho,a crowd of people are cheering and yelling loudly,-1.1710668802261353,Speech | Basketball bounce,0.7619 | 0.014 | 0.0014 | 0.0009 | 0.0068,ok,
XD-Violence,v=3xWiBCIxjIk__#1_label_B4-0-0,True,,v=3xWiBCIxjIk__#1_label_B4-0-0.mp4,B4-0-0,B4,riot,1,65.083333,125.083333,60.0,v=3xWiBCIxjIk__#1_label_B4-0-0__seg0001_65.083-125.083.wav,danger risk,1,clotho,a crowd of people are cheering and yelling,-1.2323061227798462,Speech,0.8758 | 0.0034 | 0.0005 | 0.0005 | 0.0021,ok,
XD-Violence,v=3xWiBCIxjIk__#1_label_B4-0-0,True,,v=3xWiBCIxjIk__#1_label_B4-0-0.mp4,B4-0-0,B4,riot,2,125.083333,154.166667,29.083333,v=3xWiBCIxjIk__#1_label_B4-0-0__seg0002_125.083-154.167.wav,danger risk,1,clotho,a crowd of people are shouting and yelling while a car horn is blown,-1.3651955127716064,Speech,0.8597 | 0.0047 | 0.0002 | 0.0007 | 0.0018,ok,
XD-Violence,v=3xkwZk44VQs__#1_label_B4-0-0,True,,v=3xkwZk44VQs__#1_label_B4-0-0.mp4,B4-0-0,B4,riot,0,0.0,32.125,32.125,v=3xkwZk44VQs__#1_label_B4-0-0__seg0000_0.000-32.125.wav,danger risk,1,clotho,people are talking while a siren goes off in the distance,-0.8802490234375,Speech | Vehicle | Emergency vehicle | Police car (siren) | Ambulance (siren),0.4712 | 0.0037 | 0.0 | 0.0005 | 0.0008,ok,
XD-Violence,v=3xkwZk44VQs__#1_label_B4-0-0,True,,v=3xkwZk44VQs__#1_label_B4-0-0.mp4,B4-0-0,B4,riot,1,33.0,62.041667,29.041667,v=3xkwZk44VQs__#1_label_B4-0-0__seg0001_33.000-62.042.wav,danger risk,1,clotho,people are talking while a car horn is blaring,-1.3479809761047363,Speech | Explosion,0.7644 | 0.0038 | 0.0002 | 0.0001 | 0.0007,ok,
XD-Violence,v=3xkwZk44VQs__#1_label_B4-0-0,True,,v=3xkwZk44VQs__#1_label_B4-0-0.mp4,B4-0-0,B4,riot,2,62.875,82.416667,19.541667,v=3xkwZk44VQs__#1_label_B4-0-0__seg0002_62.875-82.417.wav,danger risk,1,clotho,a crowd of people are cheering and yelling at the same time,-1.0608899593353271,Speech | Crowd,0.5909 | 0.0437 | 0.0039 | 0.0005 | 0.0089,ok,
XD-Violence,v=3y2OOc6WTrg__#1_label_B1-0-0,True,,v=3y2OOc6WTrg__#1_label_B1-0-0.mp4,B1-0-0,B1,fighting,0,16.666667,32.916667,16.25,v=3y2OOc6WTrg__#1_label_B1-0-0__seg0000_16.667-32.917.wav,danger risk,1,clotho,a crowd of people are talking and cheering while music plays in the background,-0.9380636811256408,Speech | Music | Basketball bounce,0.7149 | 0.0576 | 0.0058 | 0.0019 | 0.0078,ok,
XD-Violence,v=3y2OOc6WTrg__#1_label_B1-0-0,True,,v=3y2OOc6WTrg__#1_label_B1-0-0.mp4,B1-0-0,B1,fighting,1,56.041667,70.833333,14.791667,v=3y2OOc6WTrg__#1_label_B1-0-0__seg0001_56.042-70.833.wav,danger risk,1,clotho,a crowd of people are cheering and yelling,-1.072798490524292,Speech | Basketball bounce,0.6656 | 0.034 | 0.0078 | 0.0018 | 0.0103,ok,
XD-Violence,v=3y2OOc6WTrg__#1_label_B1-0-0,True,,v=3y2OOc6WTrg__#1_label_B1-0-0.mp4,B1-0-0,B1,fighting,2,111.833333,136.375,24.541667,v=3y2OOc6WTrg__#1_label_B1-0-0__seg0002_111.833-136.375.wav,danger risk,1,clotho,a crowd of people are cheering and shouting,-1.1021687984466553,Speech,0.7487 | 0.1505 | 0.0195 | 0.003 | 0.0196,ok,
XD-Violence,v=3zgaqeVSXuI__#1_label_B4-0-0,True,,v=3zgaqeVSXuI__#1_label_B4-0-0.mp4,B4-0-0,B4,riot,0,0.0,27.625,27.625,v=3zgaqeVSXuI__#1_label_B4-0-0__seg0000_0.000-27.625.wav,danger risk,1,clotho,people are talking while birds are chirping in the background,-0.7481018304824829,Speech | Vehicle,0.6312 | 0.001 | 0.0002 | 0.0009 | 0.0004,ok,
XD-Violence,v=3zgaqeVSXuI__#1_label_B4-0-0,True,,v=3zgaqeVSXuI__#1_label_B4-0-0.mp4,B4-0-0,B4,riot,1,27.916667,55.0,27.083333,v=3zgaqeVSXuI__#1_label_B4-0-0__seg0001_27.917-55.000.wav,danger risk,1,clotho,a gun is fired while people are talking and a car drives by,-1.1274336576461792,"Speech | Run | Outside, urban or manmade",0.8857 | 0.0055 | 0.0006 | 0.0006 | 0.0004,ok,
XD-Violence,v=3zgaqeVSXuI__#1_label_B4-0-0,True,,v=3zgaqeVSXuI__#1_label_B4-0-0.mp4,B4-0-0,B4,riot,2,62.5,66.833333,4.333333,v=3zgaqeVSXuI__#1_label_B4-0-0__seg0002_62.500-66.833.wav,danger risk,1,clotho,a group of people chant together in unison,-1.3693584203720093,Battle cry | Crowd,0.0208 | 0.0018 | 0.0001 | 0.0002 | 0.0003,ok,
XD-Violence,v=3zgaqeVSXuI__#1_label_B4-0-0,True,,v=3zgaqeVSXuI__#1_label_B4-0-0.mp4,B4-0-0,B4,riot,3,73.416667,77.0,3.583333,v=3zgaqeVSXuI__#1_label_B4-0-0__seg0003_73.417-77.000.wav,danger risk,1,clotho,a group of people chant together in unison in the distance,-1.0774658918380735,Crowd,0.0162 | 0.0012 | 0.0001 | 0.0002 | 0.0001,ok,
XD-Violence,v=5BBoVfKOyeM__#00-08-19_00-10-10_label_B6-0-0,True,,v=5BBoVfKOyeM__#00-08-19_00-10-10_label_B6-0-0.mp4,B6-0-0,B6,car accident,0,44.458333,50.0,5.541667,v=5BBoVfKOyeM__#00-08-19_00-10-10_label_B6-0-0__seg0000_44.458-50.000.wav,danger risk,1,clotho,someone is dragging a heavy object across a hard surface,-1.1166144609451294,,0.0508 | 0.0001 | 0.0003 | 0.0003 | 0.0001,ok,
XD-Violence,v=5BBoVfKOyeM__#00-08-19_00-10-10_label_B6-0-0,True,,v=5BBoVfKOyeM__#00-08-19_00-10-10_label_B6-0-0.mp4,B6-0-0,B6,car accident,1,68.75,72.25,3.5,v=5BBoVfKOyeM__#00-08-19_00-10-10_label_B6-0-0__seg0001_68.750-72.250.wav,danger risk,1,clotho,a woman is speaking and a child is crying,-1.3130639791488647,Speech,0.898 | 0.0023 | 0.0005 | 0.0043 | 0.0019,ok,
XD-Violence,v=5Ftl4nOSytc__#1_label_G-0-0,True,,v=5Ftl4nOSytc__#1_label_G-0-0.mp4,G-0-0,G,explosion,0,6.916667,12.083333,5.166667,v=5Ftl4nOSytc__#1_label_G-0-0__seg0000_6.917-12.083.wav,danger risk,1,clotho,a car alarm is going off while a siren is blaring in the background,-0.9691471457481384,Car alarm,0.0145 | 0.0001 | 0.0 | 0.0002 | 0.0,ok,
XD-Violence,v=5Tnl7_8RqlA__#00-11-00_00-12-45_label_B6-0-0,True,,v=5Tnl7_8RqlA__#00-11-00_00-12-45_label_B6-0-0.mp4,B6-0-0,B6,car accident,0,4.583333,5.708333,1.125,v=5Tnl7_8RqlA__#00-11-00_00-12-45_label_B6-0-0__seg0000_4.583-5.708.wav,danger risk,1,clotho,a gun is being fired with a loud explosion,-1.7692663669586182,Speech | Bang,0.5416 | 0.0004 | 0.0001 | 0.0003 | 0.0,ok,
XD-Violence,v=5Tnl7_8RqlA__#00-11-00_00-12-45_label_B6-0-0,True,,v=5Tnl7_8RqlA__#00-11-00_00-12-45_label_B6-0-0.mp4,B6-0-0,B6,car accident,1,16.291667,19.375,3.083333,v=5Tnl7_8RqlA__#00-11-00_00-12-45_label_B6-0-0__seg0001_16.292-19.375.wav,danger risk,1,clotho,the wind is blowing very strongly and the rain is falling,-1.255713939666748,,0.045 | 0.0002 | 0.0001 | 0.0005 | 0.0,ok,
XD-Violence,v=5Tnl7_8RqlA__#00-11-00_00-12-45_label_B6-0-0,True,,v=5Tnl7_8RqlA__#00-11-00_00-12-45_label_B6-0-0.mp4,B6-0-0,B6,car accident,2,31.083333,41.25,10.166667,v=5Tnl7_8RqlA__#00-11-00_00-12-45_label_B6-0-0__seg0002_31.083-41.250.wav,danger risk,1,clotho,music is being played in the background as a machine is running,-1.397409200668335,Music,0.0091 | 0.0003 | 0.0002 | 0.0002 | 0.0001,ok,
XD-Violence,v=5Tnl7_8RqlA__#00-11-00_00-12-45_label_B6-0-0,True,,v=5Tnl7_8RqlA__#00-11-00_00-12-45_label_B6-0-0.mp4,B6-0-0,B6,car accident,3,44.166667,49.166667,5.0,v=5Tnl7_8RqlA__#00-11-00_00-12-45_label_B6-0-0__seg0003_44.167-49.167.wav,danger risk,1,clotho,the wind is blowing and the rain is hitting the ground,-1.0633914470672607,"Wind | Wind noise (microphone) | Boat, Water vehicle",0.0332 | 0.0001 | 0.0001 | 0.0001 | 0.0,ok,
XD-Violence,v=5Tnl7_8RqlA__#00-11-00_00-12-45_label_B6-0-0,True,,v=5Tnl7_8RqlA__#00-11-00_00-12-45_label_B6-0-0.mp4,B6-0-0,B6,car accident,4,59.583333,62.083333,2.5,v=5Tnl7_8RqlA__#00-11-00_00-12-45_label_B6-0-0__seg0004_59.583-62.083.wav,danger risk,1,clotho,a door is being opened and closed while people talk in the background,-1.222339749336243,Speech,0.7533 | 0.0015 | 0.0002 | 0.0008 | 0.0007,ok,
XD-Violence,v=5Tnl7_8RqlA__#00-11-00_00-12-45_label_B6-0-0,True,,v=5Tnl7_8RqlA__#00-11-00_00-12-45_label_B6-0-0.mp4,B6-0-0,B6,car accident,5,77.083333,78.333333,1.25,v=5Tnl7_8RqlA__#00-11-00_00-12-45_label_B6-0-0__seg0005_77.083-78.333.wav,danger risk,1,clotho,a gun is being fired repeatedly in a repeated fashion,-1.2403818368911743,"Door | Thump, thud",0.0547 | 0.0002 | 0.0001 | 0.0003 | 0.0,ok,
XD-Violence,v=5Tnl7_8RqlA__#00-11-00_00-12-45_label_B6-0-0,True,,v=5Tnl7_8RqlA__#00-11-00_00-12-45_label_B6-0-0.mp4,B6-0-0,B6,car accident,6,88.666667,89.916667,1.25,v=5Tnl7_8RqlA__#00-11-00_00-12-45_label_B6-0-0__seg0006_88.667-89.917.wav,danger risk,1,clotho,a man is yelling and then a door is opened,-1.4316312074661257,Speech | Music,0.6205 | 0.0017 | 0.0001 | 0.0006 | 0.0002,ok,
XD-Violence,v=5Tnl7_8RqlA__#00-11-00_00-12-45_label_B6-0-0,True,,v=5Tnl7_8RqlA__#00-11-00_00-12-45_label_B6-0-0.mp4,B6-0-0,B6,car accident,7,99.583333,102.916667,3.333333,v=5Tnl7_8RqlA__#00-11-00_00-12-45_label_B6-0-0__seg0007_99.583-102.917.wav,danger risk,1,clotho,a car is driving on the road with a window wound down,-1.3251737356185913,Music | Vehicle | Motor vehicle (road) | Car,0.0677 | 0.0003 | 0.0001 | 0.0002 | 0.0001,ok,
XD-Violence,v=6KQFxxHmVMc__#1_label_B1-0-0,True,,v=6KQFxxHmVMc__#1_label_B1-0-0.mp4,B1-0-0,B1,fighting,0,6.0,24.583333,18.583333,v=6KQFxxHmVMc__#1_label_B1-0-0__seg0000_6.000-24.583.wav,danger risk,1,clotho,a crowd of people are cheering and yelling,-1.195829153060913,Speech | Basketball bounce,0.5424 | 0.0032 | 0.0007 | 0.0007 | 0.0011,ok,
XD-Violence,v=6KQFxxHmVMc__#1_label_B1-0-0,True,,v=6KQFxxHmVMc__#1_label_B1-0-0.mp4,B1-0-0,B1,fighting,1,82.958333,87.5,4.541667,v=6KQFxxHmVMc__#1_label_B1-0-0__seg0001_82.958-87.500.wav,danger risk,1,clotho,a man is speaking and a crowd is cheering,-1.0749294757843018,Speech | Basketball bounce,0.6299 | 0.0178 | 0.0014 | 0.002 | 0.0063,ok,
XD-Violence,v=6KQFxxHmVMc__#1_label_B1-0-0,True,,v=6KQFxxHmVMc__#1_label_B1-0-0.mp4,B1-0-0,B1,fighting,2,92.5,97.5,5.0,v=6KQFxxHmVMc__#1_label_B1-0-0__seg0002_92.500-97.500.wav,danger risk,1,clotho,a crowd of people are talking and cheering,-1.1278642416000366,Speech | Basketball bounce,0.6688 | 0.0051 | 0.0004 | 0.0007 | 0.003,ok,
XD-Violence,v=6KQFxxHmVMc__#1_label_B1-0-0,True,,v=6KQFxxHmVMc__#1_label_B1-0-0.mp4,B1-0-0,B1,fighting,3,103.291667,110.0,6.708333,v=6KQFxxHmVMc__#1_label_B1-0-0__seg0003_103.292-110.000.wav,danger risk,1,clotho,a crowd of people are cheering and yelling,-1.1873900890350342,Speech | Basketball bounce,0.5743 | 0.0071 | 0.0005 | 0.0009 | 0.0018,ok,
XD-Violence,v=6TR2rcgHm4g__#1_label_B4-0-0,True,,v=6TR2rcgHm4g__#1_label_B4-0-0.mp4,B4-0-0,B4,riot,0,0.0,14.333333,14.333333,v=6TR2rcgHm4g__#1_label_B4-0-0__seg0000_0.000-14.333.wav,danger risk,1,clotho,a group of people are talking and laughing while music plays in the background,-0.969354808330536,Speech | Music,0.4734 | 0.004 | 0.0012 | 0.0012 | 0.0006,ok,
XD-Violence,v=6TR2rcgHm4g__#1_label_B4-0-0,True,,v=6TR2rcgHm4g__#1_label_B4-0-0.mp4,B4-0-0,B4,riot,1,20.708333,32.916667,12.208333,v=6TR2rcgHm4g__#1_label_B4-0-0__seg0001_20.708-32.917.wav,danger risk,1,clotho,a group of people chant together in unison,-1.0821243524551392,Speech | Music,0.5591 | 0.005 | 0.0003 | 0.0006 | 0.0008,ok,
XD-Violence,v=6TR2rcgHm4g__#1_label_B4-0-0,True,,v=6TR2rcgHm4g__#1_label_B4-0-0.mp4,B4-0-0,B4,riot,2,42.708333,49.791667,7.083333,v=6TR2rcgHm4g__#1_label_B4-0-0__seg0002_42.708-49.792.wav,danger risk,1,clotho,a man is speaking while a crowd of people are cheering,-0.9609403014183044,"Speech | Music | Outside, urban or manmade",0.8797 | 0.0285 | 0.0012 | 0.0004 | 0.0049,ok,
XD-Violence,v=6TR2rcgHm4g__#1_label_B4-0-0,True,,v=6TR2rcgHm4g__#1_label_B4-0-0.mp4,B4-0-0,B4,riot,3,51.916667,66.25,14.333333,v=6TR2rcgHm4g__#1_label_B4-0-0__seg0003_51.917-66.250.wav,danger risk,1,clotho,a crowd of people are cheering and yelling while music plays in the background,-1.0123780965805054,Speech | Clapping | Music,0.5304 | 0.0067 | 0.0009 | 0.0009 | 0.0016,ok,
XD-Violence,v=6nfo9c7a5pE__#1_label_B1-0-0,True,,v=6nfo9c7a5pE__#1_label_B1-0-0.mp4,B1-0-0,B1,fighting,0,0.0,6.25,6.25,v=6nfo9c7a5pE__#1_label_B1-0-0__seg0000_0.000-6.250.wav,danger risk,1,clotho,people are talking in a large hall with banging sounds in the background,-1.146219253540039,Speech | Chop,0.4209 | 0.0001 | 0.0001 | 0.0007 | 0.0001,ok,
XD-Violence,v=6nfo9c7a5pE__#1_label_B1-0-0,True,,v=6nfo9c7a5pE__#1_label_B1-0-0.mp4,B1-0-0,B1,fighting,1,12.291667,29.166667,16.875,v=6nfo9c7a5pE__#1_label_B1-0-0__seg0001_12.292-29.167.wav,danger risk,1,clotho,someone is opening a door and closing it with a lot of noise in the,-1.4577898979187012,Music,0.255 | 0.0004 | 0.0002 | 0.0002 | 0.0001,ok,
XD-Violence,v=73uRcX0Dvfc__#00-00-00_00-01-51_label_B6-G-0,True,,v=73uRcX0Dvfc__#00-00-00_00-01-51_label_B6-G-0.mp4,B6-G-0,B6|G,car accident|explosion,0,7.375,9.041667,1.666667,v=73uRcX0Dvfc__#00-00-00_00-01-51_label_B6-G-0__seg0000_7.375-9.042.wav,danger risk,1,clotho,a person is walking on a hard surface,-1.3763880729675293,,0.0122 | 0.0009 | 0.0001 | 0.0 | 0.0,ok,
XD-Violence,v=73uRcX0Dvfc__#00-00-00_00-01-51_label_B6-G-0,True,,v=73uRcX0Dvfc__#00-00-00_00-01-51_label_B6-G-0.mp4,B6-G-0,B6|G,car accident|explosion,1,18.75,22.5,3.75,v=73uRcX0Dvfc__#00-00-00_00-01-51_label_B6-G-0__seg0001_18.750-22.500.wav,danger risk,1,clotho,a machine is running and a man is speaking,-1.4252060651779177,Speech | Music | Vehicle,0.7668 | 0.0016 | 0.0003 | 0.0004 | 0.0006,ok,
XD-Violence,v=73uRcX0Dvfc__#00-00-00_00-01-51_label_B6-G-0,True,,v=73uRcX0Dvfc__#00-00-00_00-01-51_label_B6-G-0.mp4,B6-G-0,B6|G,car accident|explosion,2,39.916667,52.5,12.583333,v=73uRcX0Dvfc__#00-00-00_00-01-51_label_B6-G-0__seg0002_39.917-52.500.wav,danger risk,1,clotho,a person is walking on a hard surface,-1.356153130531311,Silence,0.0322 | 0.0018 | 0.0002 | 0.0003 | 0.0001,ok,
XD-Violence,v=73uRcX0Dvfc__#00-00-00_00-01-51_label_B6-G-0,True,,v=73uRcX0Dvfc__#00-00-00_00-01-51_label_B6-G-0.mp4,B6-G-0,B6|G,car accident|explosion,3,62.791667,69.583333,6.791667,v=73uRcX0Dvfc__#00-00-00_00-01-51_label_B6-G-0__seg0003_62.792-69.583.wav,danger risk,1,clotho,a person is walking on a hard surface,-1.3470520973205566,Silence,0.0302 | 0.0016 | 0.0001 | 0.0003 | 0.0001,ok,
XD-Violence,v=73uRcX0Dvfc__#00-00-00_00-01-51_label_B6-G-0,True,,v=73uRcX0Dvfc__#00-00-00_00-01-51_label_B6-G-0.mp4,B6-G-0,B6|G,car accident|explosion,4,85.541667,90.833333,5.291667,v=73uRcX0Dvfc__#00-00-00_00-01-51_label_B6-G-0__seg0004_85.542-90.833.wav,danger risk,1,clotho,a machine is running and a car is driving by,-1.5454020500183103,Vehicle,0.0623 | 0.0003 | 0.0001 | 0.0001 | 0.0001,ok,
XD-Violence,v=73uRcX0Dvfc__#00-00-00_00-01-51_label_B6-G-0,True,,v=73uRcX0Dvfc__#00-00-00_00-01-51_label_B6-G-0.mp4,B6-G-0,B6|G,car accident|explosion,5,102.5,107.875,5.375,v=73uRcX0Dvfc__#00-00-00_00-01-51_label_B6-G-0__seg0005_102.500-107.875.wav,danger risk,1,clotho,a quiet whooshing occurs and gets louder and more intense,-1.2687127590179443,Silence,0.0376 | 0.0039 | 0.0008 | 0.0004 | 0.0003,ok,
XD-Violence,v=78u9uBJBqIw__#1_label_B4-B5-0,True,,v=78u9uBJBqIw__#1_label_B4-B5-0.mp4,B4-B5-0,B4|B5,riot|abuse,0,55.416667,74.333333,18.916667,v=78u9uBJBqIw__#1_label_B4-B5-0__seg0000_55.417-74.333.wav,danger risk,1,clotho,a man is speaking while fireworks are exploding in the background,-0.7483999729156494,Speech | Fireworks | Firecracker,0.793 | 0.0049 | 0.0009 | 0.0018 | 0.0015,ok,
XD-Violence,v=78u9uBJBqIw__#1_label_B4-B5-0,True,,v=78u9uBJBqIw__#1_label_B4-B5-0.mp4,B4-B5-0,B4|B5,riot|abuse,1,85.791667,98.333333,12.541667,v=78u9uBJBqIw__#1_label_B4-B5-0__seg0001_85.792-98.333.wav,danger risk,1,clotho,a man is speaking while a crowd of people are talking and laughing,-0.9664543271064758,"Speech | Run | Outside, urban or manmade",0.8728 | 0.0243 | 0.001 | 0.0023 | 0.0089,ok,
XD-Violence,v=7QOdBpDrmKk__#00-01-00_00-02-45_label_B6-0-0,True,,v=7QOdBpDrmKk__#00-01-00_00-02-45_label_B6-0-0.mp4,B6-0-0,B6,car accident,0,1.333333,2.458333,1.125,v=7QOdBpDrmKk__#00-01-00_00-02-45_label_B6-0-0__seg0000_1.333-2.458.wav,danger risk,1,clotho,someone is breaking a metal object with a shovel to the ground,-1.9699440002441408,Breaking,0.0259 | 0.0001 | 0.0001 | 0.0001 | 0.0,ok,
XD-Violence,v=7QOdBpDrmKk__#00-01-00_00-02-45_label_B6-0-0,True,,v=7QOdBpDrmKk__#00-01-00_00-02-45_label_B6-0-0.mp4,B6-0-0,B6,car accident,1,10.0,11.708333,1.708333,v=7QOdBpDrmKk__#00-01-00_00-02-45_label_B6-0-0__seg0001_10.000-11.708.wav,danger risk,1,clotho,a car is driving on a road with people talking in the background,-0.9357722401618958,Speech | Vehicle,0.7619 | 0.0011 | 0.0009 | 0.001 | 0.0014,ok,
XD-Violence,v=7QOdBpDrmKk__#00-01-00_00-02-45_label_B6-0-0,True,,v=7QOdBpDrmKk__#00-01-00_00-02-45_label_B6-0-0.mp4,B6-0-0,B6,car accident,2,32.125,33.208333,1.083333,v=7QOdBpDrmKk__#00-01-00_00-02-45_label_B6-0-0__seg0002_32.125-33.208.wav,danger risk,1,clotho,a person is walking on a hard surface,-1.3752180337905884,,0.0062 | 0.0022 | 0.0001 | 0.0 | 0.0,ok,
XD-Violence,v=7QOdBpDrmKk__#00-01-00_00-02-45_label_B6-0-0,True,,v=7QOdBpDrmKk__#00-01-00_00-02-45_label_B6-0-0.mp4,B6-0-0,B6,car accident,3,45.833333,47.083333,1.25,v=7QOdBpDrmKk__#00-01-00_00-02-45_label_B6-0-0__seg0003_45.833-47.083.wav,danger risk,1,clotho,fireworks are going off and exploding in the distance,-1.1436588764190674,Fireworks,0.2235 | 0.0002 | 0.0001 | 0.0009 | 0.0,ok,
XD-Violence,v=7QOdBpDrmKk__#00-01-00_00-02-45_label_B6-0-0,True,,v=7QOdBpDrmKk__#00-01-00_00-02-45_label_B6-0-0.mp4,B6-0-0,B6,car accident,4,78.916667,82.833333,3.916667,v=7QOdBpDrmKk__#00-01-00_00-02-45_label_B6-0-0__seg0004_78.917-82.833.wav,danger risk,1,clotho,a machine is running at a constant speed,-1.055022954940796,Hum | Mains hum,0.006 | 0.0032 | 0.0004 | 0.0001 | 0.0001,ok,
XD-Violence,v=7QOdBpDrmKk__#00-01-00_00-02-45_label_B6-0-0,True,,v=7QOdBpDrmKk__#00-01-00_00-02-45_label_B6-0-0.mp4,B6-0-0,B6,car accident,5,92.916667,94.583333,1.666667,v=7QOdBpDrmKk__#00-01-00_00-02-45_label_B6-0-0__seg0005_92.917-94.583.wav,danger risk,1,clotho,a musical instrument is playing a song with a soft melody,-1.3631386756896973,Music | New-age music,0.0141 | 0.0001 | 0.0 | 0.0002 | 0.0,ok,
XD-Violence,v=7QOdBpDrmKk__#00-10-30_00-10-51_label_B6-0-0,True,,v=7QOdBpDrmKk__#00-10-30_00-10-51_label_B6-0-0.mp4,B6-0-0,B6,car accident,0,13.833333,17.166667,3.333333,v=7QOdBpDrmKk__#00-10-30_00-10-51_label_B6-0-0__seg0000_13.833-17.167.wav,danger risk,1,clotho,a man is speaking over a loud speaker,-1.279759168624878,Speech | Vehicle,0.8378 | 0.0013 | 0.0001 | 0.0001 | 0.0005,ok,
XD-Violence,v=7isLhaNYgkU__#1_label_B4-0-0,True,,v=7isLhaNYgkU__#1_label_B4-0-0.mp4,B4-0-0,B4,riot,0,0.0,60.0,60.0,v=7isLhaNYgkU__#1_label_B4-0-0__seg0000_0.000-60.000.wav,danger risk,1,clotho,a crowd of people are talking and yelling,-1.132480263710022,Speech,0.8448 | 0.0107 | 0.0004 | 0.0002 | 0.0065,ok,
XD-Violence,v=7isLhaNYgkU__#1_label_B4-0-0,True,,v=7isLhaNYgkU__#1_label_B4-0-0.mp4,B4-0-0,B4,riot,1,60.0,120.0,60.0,v=7isLhaNYgkU__#1_label_B4-0-0__seg0001_60.000-120.000.wav,danger risk,1,clotho,a crowd of people are cheering and yelling,-1.103287696838379,Speech,0.8193 | 0.0313 | 0.0007 | 0.0004 | 0.0207,ok,
XD-Violence,v=7isLhaNYgkU__#1_label_B4-0-0,True,,v=7isLhaNYgkU__#1_label_B4-0-0.mp4,B4-0-0,B4,riot,2,120.0,180.0,60.0,v=7isLhaNYgkU__#1_label_B4-0-0__seg0002_120.000-180.000.wav,danger risk,1,clotho,a crowd of people chant and cheer angrily at the same time,-1.149090051651001,Speech | Crowd,0.7565 | 0.0169 | 0.0012 | 0.0005 | 0.0051,ok,
XD-Violence,v=7isLhaNYgkU__#1_label_B4-0-0,True,,v=7isLhaNYgkU__#1_label_B4-0-0.mp4,B4-0-0,B4,riot,3,180.0,237.708333,57.708333,v=7isLhaNYgkU__#1_label_B4-0-0__seg0003_180.000-237.708.wav,danger risk,1,clotho,a crowd of people are talking and yelling,-1.0219731330871582,Speech,0.8088 | 0.0272 | 0.0013 | 0.0006 | 0.0043,ok,
XD-Violence,v=7rDRFFSUrPI__#00-01-50_00-02-32_label_G-0-0,True,,v=7rDRFFSUrPI__#00-01-50_00-02-32_label_G-0-0.mp4,G-0-0,G,explosion,0,27.291667,29.166667,1.875,v=7rDRFFSUrPI__#00-01-50_00-02-32_label_G-0-0__seg0000_27.292-29.167.wav,danger risk,1,clotho,a gun is fired repeatedly and a video game sound is being played,-1.6998708248138428,Music,0.0124 | 0.0001 | 0.0001 | 0.0005 | 0.0,ok,
XD-Violence,v=7rDRFFSUrPI__#00-01-50_00-02-32_label_G-0-0,True,,v=7rDRFFSUrPI__#00-01-50_00-02-32_label_G-0-0.mp4,G-0-0,G,explosion,1,35.0,35.833333,0.833333,v=7rDRFFSUrPI__#00-01-50_00-02-32_label_G-0-0__seg0001_35.000-35.833.wav,danger risk,1,clotho,a man is speaking and a drum is being played,-1.4865933656692505,Speech | Music,0.5362 | 0.0014 | 0.002 | 0.0014 | 0.0012,ok,
XD-Violence,v=7rDRFFSUrPI__#00-01-50_00-02-32_label_G-0-0,True,,v=7rDRFFSUrPI__#00-01-50_00-02-32_label_G-0-0.mp4,G-0-0,G,explosion,2,38.0,38.75,0.75,v=7rDRFFSUrPI__#00-01-50_00-02-32_label_G-0-0__seg0002_38.000-38.750.wav,danger risk,1,clotho,music is playing and a man is speaking,-1.2654376029968262,Music,0.1391 | 0.0006 | 0.0001 | 0.0002 | 0.0003,ok,
XD-Violence,v=7xQr5wYwNPg__#1_label_B4-0-0,True,,v=7xQr5wYwNPg__#1_label_B4-0-0.mp4,B4-0-0,B4,riot,0,0.0,16.791667,16.791667,v=7xQr5wYwNPg__#1_label_B4-0-0__seg0000_0.000-16.792.wav,danger risk,1,clotho,a crowd of people are shouting and yelling while a siren is blaring,-1.1269406080245972,Speech,0.6198 | 0.0015 | 0.0003 | 0.0007 | 0.0005,ok,
XD-Violence,v=7xQr5wYwNPg__#1_label_B4-0-0,True,,v=7xQr5wYwNPg__#1_label_B4-0-0.mp4,B4-0-0,B4,riot,1,25.0,42.0,17.0,v=7xQr5wYwNPg__#1_label_B4-0-0__seg0001_25.000-42.000.wav,danger risk,1,clotho,fireworks are going off in the distance and people are cheering,-0.853611171245575,Speech | Fireworks | Firecracker,0.5676 | 0.0021 | 0.0002 | 0.0005 | 0.0003,ok,
XD-Violence,v=7zEFHKKBA0g__#1_label_B4-0-0,True,,v=7zEFHKKBA0g__#1_label_B4-0-0.mp4,B4-0-0,B4,riot,0,49.666667,66.666667,17.0,v=7zEFHKKBA0g__#1_label_B4-0-0__seg0000_49.667-66.667.wav,danger risk,1,clotho,a group of people are talking and then a gun is fired,-1.1062424182891846,"Speech | Fireworks | Firecracker | Outside, urban or manmade",0.9141 | 0.0061 | 0.0096 | 0.0134 | 0.0049,ok,
XD-Violence,v=7zEFHKKBA0g__#1_label_B4-0-0,True,,v=7zEFHKKBA0g__#1_label_B4-0-0.mp4,B4-0-0,B4,riot,1,84.625,112.083333,27.458333,v=7zEFHKKBA0g__#1_label_B4-0-0__seg0001_84.625-112.083.wav,danger risk,1,clotho,a group of people are talking and yelling over each other,-0.8803983330726624,"Speech | Chatter | Crowd | Music | Outside, urban or manmade",0.6839 | 0.0065 | 0.0117 | 0.0069 | 0.0131,ok,
XD-Violence,v=8ewWXhYRUNs__#1_label_B1-0-0,True,,v=8ewWXhYRUNs__#1_label_B1-0-0.mp4,B1-0-0,B1,fighting,0,3.666667,37.916667,34.25,v=8ewWXhYRUNs__#1_label_B1-0-0__seg0000_3.667-37.917.wav,danger risk,1,clotho,a crowd of people are cheering and clapping,-1.267720341682434,Speech,0.368 | 0.2437 | 0.0234 | 0.0009 | 0.0267,ok,
XD-Violence,v=8oJMGgaww70__#1_label_B4-0-0,True,,v=8oJMGgaww70__#1_label_B4-0-0.mp4,B4-0-0,B4,riot,0,0.0,60.0,60.0,v=8oJMGgaww70__#1_label_B4-0-0__seg0000_0.000-60.000.wav,danger risk,1,clotho,fireworks are going off in the distance and people are talking,-0.9174596667289734,Speech | Fireworks,0.739 | 0.0006 | 0.0001 | 0.0007 | 0.0002,ok,
XD-Violence,v=8oJMGgaww70__#1_label_B4-0-0,True,,v=8oJMGgaww70__#1_label_B4-0-0.mp4,B4-0-0,B4,riot,1,60.0,120.0,60.0,v=8oJMGgaww70__#1_label_B4-0-0__seg0001_60.000-120.000.wav,danger risk,1,clotho,fireworks are going off in the distance and people are cheering,-0.9970321655273438,Speech | Fireworks | Firecracker,0.802 | 0.0013 | 0.0001 | 0.0006 | 0.0004,ok,
XD-Violence,v=8oJMGgaww70__#1_label_B4-0-0,True,,v=8oJMGgaww70__#1_label_B4-0-0.mp4,B4-0-0,B4,riot,2,120.0,149.083333,29.083333,v=8oJMGgaww70__#1_label_B4-0-0__seg0002_120.000-149.083.wav,danger risk,1,clotho,fireworks are going off in the distance and people are talking,-0.9434826970100404,Speech | Fireworks | Firecracker,0.7041 | 0.0019 | 0.0002 | 0.001 | 0.0005,ok,
XD-Violence,v=8oTjTufJnXI__#1_label_G-0-0,True,,v=8oTjTufJnXI__#1_label_G-0-0.mp4,G-0-0,G,explosion,0,40.708333,67.083333,26.375,v=8oTjTufJnXI__#1_label_G-0-0__seg0000_40.708-67.083.wav,danger risk,1,clotho,a man is speaking while a gun is fired in the background,-0.9370652437210084,Speech | Vehicle,0.8622 | 0.0039 | 0.0005 | 0.0006 | 0.0006,ok,
XD-Violence,v=8tqeeBGjnPg__#00-03-12_00-04-15_label_B6-0-0,True,,v=8tqeeBGjnPg__#00-03-12_00-04-15_label_B6-0-0.mp4,B6-0-0,B6,car accident,0,6.666667,12.5,5.833333,v=8tqeeBGjnPg__#00-03-12_00-04-15_label_B6-0-0__seg0000_6.667-12.500.wav,danger risk,1,clotho,a man is speaking while a television is on in the background,-1.0317848920822144,Speech | Music | Vehicle | Car,0.8901 | 0.0045 | 0.0004 | 0.0003 | 0.0017,ok,
XD-Violence,v=8tqeeBGjnPg__#00-03-12_00-04-15_label_B6-0-0,True,,v=8tqeeBGjnPg__#00-03-12_00-04-15_label_B6-0-0.mp4,B6-0-0,B6,car accident,1,28.75,40.833333,12.083333,v=8tqeeBGjnPg__#00-03-12_00-04-15_label_B6-0-0__seg0001_28.750-40.833.wav,danger risk,1,clotho,a person is walking on a hard surface,-1.357641577720642,Silence,0.0297 | 0.0019 | 0.0002 | 0.0003 | 0.0001,ok,
XD-Violence,v=8tqeeBGjnPg__#00-03-12_00-04-15_label_B6-0-0,True,,v=8tqeeBGjnPg__#00-03-12_00-04-15_label_B6-0-0.mp4,B6-0-0,B6,car accident,2,45.833333,52.916667,7.083333,v=8tqeeBGjnPg__#00-03-12_00-04-15_label_B6-0-0__seg0002_45.833-52.917.wav,danger risk,1,clotho,a person is walking on a hard surface,-1.3506042957305908,Silence,0.0299 | 0.0017 | 0.0001 | 0.0003 | 0.0001,ok,
XD-Violence,v=96N4XAJ7FKM__#1_label_B1-0-0,True,,v=96N4XAJ7FKM__#1_label_B1-0-0.mp4,B1-0-0,B1,fighting,0,38.416667,80.666667,42.25,v=96N4XAJ7FKM__#1_label_B1-0-0__seg0000_38.417-80.667.wav,danger risk,1,clotho,a crowd of people are cheering and yelling,-1.080142378807068,Speech | Basketball bounce,0.8275 | 0.0279 | 0.0022 | 0.0007 | 0.0122,ok,
XD-Violence,v=96N4XAJ7FKM__#1_label_B1-0-0,True,,v=96N4XAJ7FKM__#1_label_B1-0-0.mp4,B1-0-0,B1,fighting,1,117.958333,136.708333,18.75,v=96N4XAJ7FKM__#1_label_B1-0-0__seg0001_117.958-136.708.wav,danger risk,1,clotho,a man is speaking while a crowd of people are talking in the background,-0.9057708382606506,Speech | Music | Basketball bounce,0.7556 | 0.0033 | 0.001 | 0.0009 | 0.0004,ok,
XD-Violence,v=9CWJd1SezkA__#1_label_G-0-0,True,,v=9CWJd1SezkA__#1_label_G-0-0.mp4,G-0-0,G,explosion,0,19.333333,25.583333,6.25,v=9CWJd1SezkA__#1_label_G-0-0__seg0000_19.333-25.583.wav,danger risk,1,clotho,a quiet whooshing occurs and gets louder and more intense,-1.2675232887268066,Silence,0.0308 | 0.0017 | 0.0006 | 0.0004 | 0.0003,ok,
XD-Violence,v=9Jk2sIp5MRQ__#1_label_G-0-0,True,,v=9Jk2sIp5MRQ__#1_label_G-0-0.mp4,G-0-0,G,explosion,0,7.291667,8.958333,1.666667,v=9Jk2sIp5MRQ__#1_label_G-0-0__seg0000_7.292-8.958.wav,danger risk,1,clotho,a gun is being fired while people are shouting and yelling in the background,-1.1310551166534424,Speech | Explosion,0.6584 | 0.0007 | 0.0001 | 0.0009 | 0.0002,ok,
XD-Violence,v=9Jk2sIp5MRQ__#1_label_G-0-0,True,,v=9Jk2sIp5MRQ__#1_label_G-0-0.mp4,G-0-0,G,explosion,1,11.375,23.625,12.25,v=9Jk2sIp5MRQ__#1_label_G-0-0__seg0001_11.375-23.625.wav,danger risk,1,clotho,a large truck is driving on the road with a heavy object,-1.645045518875122,,0.0764 | 0.0005 | 0.0001 | 0.0001 | 0.0001,ok,
XD-Violence,v=9Ydg5IeZpFI__#1_label_B1-0-0,True,,v=9Ydg5IeZpFI__#1_label_B1-0-0.mp4,B1-0-0,B1,fighting,0,2.291667,27.5,25.208333,v=9Ydg5IeZpFI__#1_label_B1-0-0__seg0000_2.292-27.500.wav,danger risk,1,clotho,a crowd of people are shouting and cheering while a man is speaking,-1.1523284912109375,Speech | Basketball bounce,0.8114 | 0.0112 | 0.0024 | 0.001 | 0.0111,ok,
XD-Violence,v=9Ydg5IeZpFI__#1_label_B1-0-0,True,,v=9Ydg5IeZpFI__#1_label_B1-0-0.mp4,B1-0-0,B1,fighting,1,47.125,71.25,24.125,v=9Ydg5IeZpFI__#1_label_B1-0-0__seg0001_47.125-71.250.wav,danger risk,1,clotho,a crowd of people are cheering and chanting,-1.1246187686920166,Speech | Crowd | Basketball bounce,0.6041 | 0.0426 | 0.0046 | 0.0006 | 0.0094,ok,
XD-Violence,v=9Ydg5IeZpFI__#1_label_B1-0-0,True,,v=9Ydg5IeZpFI__#1_label_B1-0-0.mp4,B1-0-0,B1,fighting,2,92.958333,103.125,10.166667,v=9Ydg5IeZpFI__#1_label_B1-0-0__seg0002_92.958-103.125.wav,danger risk,1,clotho,a crowd of people are shouting and cheering,-1.150169014930725,Speech | Basketball bounce,0.6873 | 0.0049 | 0.001 | 0.0007 | 0.0018,ok,
XD-Violence,v=9Ydg5IeZpFI__#1_label_B1-0-0,True,,v=9Ydg5IeZpFI__#1_label_B1-0-0.mp4,B1-0-0,B1,fighting,3,116.625,137.125,20.5,v=9Ydg5IeZpFI__#1_label_B1-0-0__seg0003_116.625-137.125.wav,danger risk,1,clotho,a crowd of people are shouting and cheering,-1.1208319664001465,Speech | Basketball bounce,0.5873 | 0.0257 | 0.0029 | 0.0015 | 0.0071,ok,
XD-Violence,v=9Ydg5IeZpFI__#1_label_B1-0-0,True,,v=9Ydg5IeZpFI__#1_label_B1-0-0.mp4,B1-0-0,B1,fighting,4,159.583333,187.041667,27.458333,v=9Ydg5IeZpFI__#1_label_B1-0-0__seg0004_159.583-187.042.wav,danger risk,1,clotho,a man is speaking while a crowd of people are cheering,-0.9026970863342284,Speech | Music | Basketball bounce,0.7941 | 0.0337 | 0.0026 | 0.0013 | 0.0096,ok,
XD-Violence,v=ADQNFs9bfFk__#00-00-00_00-00-58_label_B4-0-0,True,,v=ADQNFs9bfFk__#00-00-00_00-00-58_label_B4-0-0.mp4,B4-0-0,B4,riot,0,0.0,14.583333,14.583333,v=ADQNFs9bfFk__#00-00-00_00-00-58_label_B4-0-0__seg0000_0.000-14.583.wav,danger risk,1,clotho,a crowd of people are cheering and yelling while a horn is blown,-1.280983567237854,Speech | Music,0.8269 | 0.0014 | 0.0002 | 0.0005 | 0.0007,ok,
XD-Violence,v=ADQNFs9bfFk__#00-00-00_00-00-58_label_B4-0-0,True,,v=ADQNFs9bfFk__#00-00-00_00-00-58_label_B4-0-0.mp4,B4-0-0,B4,riot,1,19.375,57.458333,38.083333,v=ADQNFs9bfFk__#00-00-00_00-00-58_label_B4-0-0__seg0001_19.375-57.458.wav,danger risk,1,clotho,a crowd of people are cheering and talking in the background,-1.0671998262405396,"Speech | Run | Outside, urban or manmade",0.8286 | 0.0123 | 0.0013 | 0.0004 | 0.003,ok,
XD-Violence,v=AF9p0YA0hyA__#00-00-45_00-01-44_label_B4-0-0,True,,v=AF9p0YA0hyA__#00-00-45_00-01-44_label_B4-0-0.mp4,B4-0-0,B4,riot,0,0.125,59.041667,58.916667,v=AF9p0YA0hyA__#00-00-45_00-01-44_label_B4-0-0__seg0000_0.125-59.042.wav,danger risk,1,clotho,fireworks are going off in the distance while people are talking in the background,-0.8469938635826111,Speech | Fireworks | Firecracker,0.7532 | 0.0007 | 0.0004 | 0.0011 | 0.0002,ok,
XD-Violence,v=AF9p0YA0hyA__#00-03-03_00-04-20_label_B4-0-0,True,,v=AF9p0YA0hyA__#00-03-03_00-04-20_label_B4-0-0.mp4,B4-0-0,B4,riot,0,0.041667,60.041667,60.0,v=AF9p0YA0hyA__#00-03-03_00-04-20_label_B4-0-0__seg0000_0.042-60.042.wav,danger risk,1,clotho,a crowd of people are shouting and yelling,-1.3024858236312866,Speech | Fireworks,0.8426 | 0.0086 | 0.0008 | 0.0007 | 0.0027,ok,
XD-Violence,v=AF9p0YA0hyA__#00-03-03_00-04-20_label_B4-0-0,True,,v=AF9p0YA0hyA__#00-03-03_00-04-20_label_B4-0-0.mp4,B4-0-0,B4,riot,1,60.041667,76.708333,16.666667,v=AF9p0YA0hyA__#00-03-03_00-04-20_label_B4-0-0__seg0001_60.042-76.708.wav,danger risk,1,clotho,a crowd of people are cheering and yelling in the background,-1.2278698682785034,Speech,0.8047 | 0.0107 | 0.0004 | 0.0005 | 0.0029,ok,
XD-Violence,v=BFPkt0AuSFA__#1_label_B4-0-0,True,,v=BFPkt0AuSFA__#1_label_B4-0-0.mp4,B4-0-0,B4,riot,0,1.166667,61.166667,60.0,v=BFPkt0AuSFA__#1_label_B4-0-0__seg0000_1.167-61.167.wav,danger risk,1,clotho,a crowd of people are talking while a car horn is blaring,-1.1772327423095703,"Speech | Emergency vehicle | Ambulance (siren) | Siren | Outside, urban or manmade",0.728 | 0.0014 | 0.0001 | 0.0012 | 0.0003,ok,
XD-Violence,v=BFPkt0AuSFA__#1_label_B4-0-0,True,,v=BFPkt0AuSFA__#1_label_B4-0-0.mp4,B4-0-0,B4,riot,1,61.166667,121.166667,60.0,v=BFPkt0AuSFA__#1_label_B4-0-0__seg0001_61.167-121.167.wav,danger risk,1,clotho,people are talking while cars are honking and a horn is blown,-1.1633468866348269,"Speech | Vehicle | Outside, urban or manmade",0.8384 | 0.0013 | 0.0002 | 0.0005 | 0.0008,ok,
XD-Violence,v=BFPkt0AuSFA__#1_label_B4-0-0,True,,v=BFPkt0AuSFA__#1_label_B4-0-0.mp4,B4-0-0,B4,riot,2,121.166667,139.583333,18.416667,v=BFPkt0AuSFA__#1_label_B4-0-0__seg0002_121.167-139.583.wav,danger risk,1,clotho,a crowd of people are shouting and yelling while a gun is fired,-1.2145482301712036,"Speech | Fireworks | Outside, urban or manmade",0.9093 | 0.0065 | 0.0006 | 0.0005 | 0.0014,ok,
XD-Violence,v=BQjKQbYgUBA__#1_label_B1-0-0,True,,v=BQjKQbYgUBA__#1_label_B1-0-0.mp4,B1-0-0,B1,fighting,0,26.458333,27.791667,1.333333,v=BQjKQbYgUBA__#1_label_B1-0-0__seg0000_26.458-27.792.wav,danger risk,1,clotho,a large group of people are talking to each other,-1.064663290977478,Music,0.2056 | 0.0003 | 0.0007 | 0.0003 | 0.0001,ok,
XD-Violence,v=BQjKQbYgUBA__#1_label_B1-0-0,True,,v=BQjKQbYgUBA__#1_label_B1-0-0.mp4,B1-0-0,B1,fighting,1,30.541667,31.625,1.083333,v=BQjKQbYgUBA__#1_label_B1-0-0__seg0001_30.542-31.625.wav,danger risk,1,clotho,a radio is playing with a lot of music,-1.3562132120132446,Music,0.0408 | 0.0004 | 0.0009 | 0.0001 | 0.0003,ok,
XD-Violence,v=BQjKQbYgUBA__#1_label_B1-0-0,True,,v=BQjKQbYgUBA__#1_label_B1-0-0.mp4,B1-0-0,B1,fighting,2,38.833333,42.5,3.666667,v=BQjKQbYgUBA__#1_label_B1-0-0__seg0002_38.833-42.500.wav,danger risk,1,clotho,a man is speaking and a crowd is cheering,-1.1739981174468994,Speech,0.7438 | 0.0425 | 0.0012 | 0.0006 | 0.0071,ok,
XD-Violence,v=BQjKQbYgUBA__#1_label_B1-0-0,True,,v=BQjKQbYgUBA__#1_label_B1-0-0.mp4,B1-0-0,B1,fighting,3,51.416667,54.041667,2.625,v=BQjKQbYgUBA__#1_label_B1-0-0__seg0003_51.417-54.042.wav,danger risk,1,clotho,a man is speaking while a radio is playing,-1.233299970626831,Speech | Music,0.4082 | 0.0038 | 0.0022 | 0.0014 | 0.001,ok,
XD-Violence,v=BQjKQbYgUBA__#1_label_B1-0-0,True,,v=BQjKQbYgUBA__#1_label_B1-0-0.mp4,B1-0-0,B1,fighting,4,82.375,98.875,16.5,v=BQjKQbYgUBA__#1_label_B1-0-0__seg0004_82.375-98.875.wav,danger risk,1,clotho,a man is speaking while a crowd of people are talking in the background,-0.8781883716583252,Speech | Music,0.8972 | 0.0636 | 0.0109 | 0.0008 | 0.0092,ok,
XD-Violence,v=BQjKQbYgUBA__#1_label_B1-0-0,True,,v=BQjKQbYgUBA__#1_label_B1-0-0.mp4,B1-0-0,B1,fighting,5,133.125,142.583333,9.458333,v=BQjKQbYgUBA__#1_label_B1-0-0__seg0005_133.125-142.583.wav,danger risk,1,clotho,a man is speaking while a crowd of people are talking,-0.9912390112876892,Speech | Music,0.9325 | 0.0421 | 0.0085 | 0.0058 | 0.0023,ok,
XD-Violence,v=BXR3d22BhHs__#00-06-00_00-07-00_label_B4-0-0,True,,v=BXR3d22BhHs__#00-06-00_00-07-00_label_B4-0-0.mp4,B4-0-0,B4,riot,0,0.041667,59.375,59.333333,v=BXR3d22BhHs__#00-06-00_00-07-00_label_B4-0-0__seg0000_0.042-59.375.wav,danger risk,1,clotho,people are talking while a siren is going off,-1.0761122703552246,Speech | Police car (siren),0.7152 | 0.0032 | 0.0005 | 0.0018 | 0.002,ok,
XD-Violence,v=BXR3d22BhHs__#00-07-00_00-08-00_label_B4-0-0,True,,v=BXR3d22BhHs__#00-07-00_00-08-00_label_B4-0-0.mp4,B4-0-0,B4,riot,0,0.041667,59.625,59.583333,v=BXR3d22BhHs__#00-07-00_00-08-00_label_B4-0-0__seg0000_0.042-59.625.wav,danger risk,1,clotho,people are talking while a siren goes off in the distance,-0.9825324416160583,Speech | Vehicle,0.8442 | 0.0009 | 0.001 | 0.0058 | 0.0005,ok,
XD-Violence,v=BpargJW29Wo__#00-00-50_00-01-30_label_B1-0-0,True,,v=BpargJW29Wo__#00-00-50_00-01-30_label_B1-0-0.mp4,B1-0-0,B1,fighting,0,5.291667,32.833333,27.541667,v=BpargJW29Wo__#00-00-50_00-01-30_label_B1-0-0__seg0000_5.292-32.833.wav,danger risk,1,clotho,a large group of people are talking and yelling,-1.2374913692474363,"Speech | Slam | Inside, large room or hall",0.7705 | 0.0015 | 0.0003 | 0.001 | 0.0011,ok,
XD-Violence,v=BzwNU2xmT64__#00-01-00_00-02-45_label_B6-0-0,True,,v=BzwNU2xmT64__#00-01-00_00-02-45_label_B6-0-0.mp4,B6-0-0,B6,car accident,0,0.0,1.875,1.875,v=BzwNU2xmT64__#00-01-00_00-02-45_label_B6-0-0__seg0000_0.000-1.875.wav,danger risk,1,clotho,a man is speaking over a tannoy system in the background,-1.0822839736938477,Speech | Vehicle,0.7205 | 0.0046 | 0.0016 | 0.0003 | 0.0021,ok,
XD-Violence,v=BzwNU2xmT64__#00-01-00_00-02-45_label_B6-0-0,True,,v=BzwNU2xmT64__#00-01-00_00-02-45_label_B6-0-0.mp4,B6-0-0,B6,car accident,1,10.25,11.875,1.625,v=BzwNU2xmT64__#00-01-00_00-02-45_label_B6-0-0__seg0001_10.250-11.875.wav,danger risk,1,clotho,fireworks are going off in the distance as the wind blows in the background,-1.0119550228118896,,0.0509 | 0.0001 | 0.0001 | 0.0002 | 0.0,ok,
XD-Violence,v=BzwNU2xmT64__#00-01-00_00-02-45_label_B6-0-0,True,,v=BzwNU2xmT64__#00-01-00_00-02-45_label_B6-0-0.mp4,B6-0-0,B6,car accident,2,31.666667,41.916667,10.25,v=BzwNU2xmT64__#00-01-00_00-02-45_label_B6-0-0__seg0002_31.667-41.917.wav,danger risk,1,clotho,a person is walking on a hard surface,-1.3548375368118286,Silence,0.0309 | 0.0019 | 0.0002 | 0.0003 | 0.0001,ok,
XD-Violence,v=BzwNU2xmT64__#00-01-00_00-02-45_label_B6-0-0,True,,v=BzwNU2xmT64__#00-01-00_00-02-45_label_B6-0-0.mp4,B6-0-0,B6,car accident,3,49.166667,53.166667,4.0,v=BzwNU2xmT64__#00-01-00_00-02-45_label_B6-0-0__seg0003_49.167-53.167.wav,danger risk,1,clotho,a man is speaking on a radio with static in the background,-0.8930301666259766,Speech | Vehicle,0.7085 | 0.0032 | 0.0005 | 0.0001 | 0.0007,ok,
XD-Violence,v=BzwNU2xmT64__#00-01-00_00-02-45_label_B6-0-0,True,,v=BzwNU2xmT64__#00-01-00_00-02-45_label_B6-0-0.mp4,B6-0-0,B6,car accident,4,68.0,72.416667,4.416667,v=BzwNU2xmT64__#00-01-00_00-02-45_label_B6-0-0__seg0004_68.000-72.417.wav,danger risk,1,clotho,a radio is playing and a man is speaking,-1.0620936155319214,Music,0.2005 | 0.0017 | 0.0002 | 0.0002 | 0.0001,ok,
XD-Violence,v=BzwNU2xmT64__#00-01-00_00-02-45_label_B6-0-0,True,,v=BzwNU2xmT64__#00-01-00_00-02-45_label_B6-0-0.mp4,B6-0-0,B6,car accident,5,93.375,98.333333,4.958333,v=BzwNU2xmT64__#00-01-00_00-02-45_label_B6-0-0__seg0005_93.375-98.333.wav,danger risk,1,clotho,a car horn honks while cars drive by and horns honk in the background,-0.9848350286483764,Speech | Vehicle | Car | Toot,0.651 | 0.0009 | 0.0002 | 0.0004 | 0.0003,ok,
XD-Violence,v=BzwNU2xmT64__#00-04-10_00-06-09_label_B6-0-0,True,,v=BzwNU2xmT64__#00-04-10_00-06-09_label_B6-0-0.mp4,B6-0-0,B6,car accident,0,1.125,6.666667,5.541667,v=BzwNU2xmT64__#00-04-10_00-06-09_label_B6-0-0__seg0000_1.125-6.667.wav,danger risk,1,clotho,a loud whooshing occurs and is followed by a low rumble of wind,-1.2949659824371338,,0.0406 | 0.0002 | 0.0001 | 0.0001 | 0.0,ok,
XD-Violence,v=BzwNU2xmT64__#00-04-10_00-06-09_label_B6-0-0,True,,v=BzwNU2xmT64__#00-04-10_00-06-09_label_B6-0-0.mp4,B6-0-0,B6,car accident,1,20.833333,23.333333,2.5,v=BzwNU2xmT64__#00-04-10_00-06-09_label_B6-0-0__seg0001_20.833-23.333.wav,danger risk,1,clotho,a child screams in the background as a person yells about,-1.6867750883102417,,0.2504 | 0.0011 | 0.0002 | 0.0065 | 0.0001,ok,
XD-Violence,v=BzwNU2xmT64__#00-04-10_00-06-09_label_B6-0-0,True,,v=BzwNU2xmT64__#00-04-10_00-06-09_label_B6-0-0.mp4,B6-0-0,B6,car accident,2,35.125,37.0,1.875,v=BzwNU2xmT64__#00-04-10_00-06-09_label_B6-0-0__seg0002_35.125-37.000.wav,danger risk,1,clotho,a person is walking on a hard surface,-1.362779140472412,,0.0143 | 0.0009 | 0.0001 | 0.0 | 0.0,ok,
XD-Violence,v=BzwNU2xmT64__#00-04-10_00-06-09_label_B6-0-0,True,,v=BzwNU2xmT64__#00-04-10_00-06-09_label_B6-0-0.mp4,B6-0-0,B6,car accident,3,44.166667,48.333333,4.166667,v=BzwNU2xmT64__#00-04-10_00-06-09_label_B6-0-0__seg0003_44.167-48.333.wav,danger risk,1,clotho,a radio is playing a song with a lot of music in the background,-1.2921828031539917,Music,0.0176 | 0.0005 | 0.0003 | 0.0002 | 0.0001,ok,
XD-Violence,v=BzwNU2xmT64__#00-04-10_00-06-09_label_B6-0-0,True,,v=BzwNU2xmT64__#00-04-10_00-06-09_label_B6-0-0.mp4,B6-0-0,B6,car accident,4,56.666667,62.916667,6.25,v=BzwNU2xmT64__#00-04-10_00-06-09_label_B6-0-0__seg0004_56.667-62.917.wav,danger risk,1,clotho,a person is walking on a hard surface,-1.3471218347549438,Silence,0.0309 | 0.0016 | 0.0001 | 0.0002 | 0.0001,ok,
XD-Violence,v=BzwNU2xmT64__#00-04-10_00-06-09_label_B6-0-0,True,,v=BzwNU2xmT64__#00-04-10_00-06-09_label_B6-0-0.mp4,B6-0-0,B6,car accident,5,68.208333,70.208333,2.0,v=BzwNU2xmT64__#00-04-10_00-06-09_label_B6-0-0__seg0005_68.208-70.208.wav,danger risk,1,clotho,people are talking and moving around in a large room,-1.5104899406433103,Speech | Music | Vehicle,0.6167 | 0.0016 | 0.0009 | 0.0004 | 0.0007,ok,
XD-Violence,v=BzwNU2xmT64__#00-04-10_00-06-09_label_B6-0-0,True,,v=BzwNU2xmT64__#00-04-10_00-06-09_label_B6-0-0.mp4,B6-0-0,B6,car accident,6,76.666667,78.333333,1.666667,v=BzwNU2xmT64__#00-04-10_00-06-09_label_B6-0-0__seg0006_76.667-78.333.wav,danger risk,1,clotho,a man is speaking while others are talking in the background,-0.8862935900688171,Speech,0.8394 | 0.0082 | 0.0006 | 0.0005 | 0.0035,ok,
XD-Violence,v=BzwNU2xmT64__#00-04-10_00-06-09_label_B6-0-0,True,,v=BzwNU2xmT64__#00-04-10_00-06-09_label_B6-0-0.mp4,B6-0-0,B6,car accident,7,93.041667,96.666667,3.625,v=BzwNU2xmT64__#00-04-10_00-06-09_label_B6-0-0__seg0007_93.042-96.667.wav,danger risk,1,clotho,a group of people are talking while birds are chirping in the background,-0.8462298512458801,Speech,0.7123 | 0.0017 | 0.0001 | 0.0007 | 0.0004,ok,
XD-Violence,v=CFfc4UWzVB8__#00-00-00_00-00-30_label_B4-0-0,True,,v=CFfc4UWzVB8__#00-00-00_00-00-30_label_B4-0-0.mp4,B4-0-0,B4,riot,0,21.166667,24.208333,3.041667,v=CFfc4UWzVB8__#00-00-00_00-00-30_label_B4-0-0__seg0000_21.167-24.208.wav,danger risk,1,clotho,a large group of people are singing and yelling,-1.3515164852142334,Music | Punk rock,0.0404 | 0.0002 | 0.0002 | 0.0004 | 0.0001,ok,
XD-Violence,v=CFfc4UWzVB8__#00-00-00_00-00-30_label_B4-0-0,True,,v=CFfc4UWzVB8__#00-00-00_00-00-30_label_B4-0-0.mp4,B4-0-0,B4,riot,1,25.208333,30.041667,4.833333,v=CFfc4UWzVB8__#00-00-00_00-00-30_label_B4-0-0__seg0001_25.208-30.042.wav,danger risk,1,clotho,a large group of people are singing and yelling,-1.3650447130203247,Music | Punk rock,0.1174 | 0.0004 | 0.0009 | 0.0005 | 0.0002,ok,
XD-Violence,v=CLFYvG6MsZU__#00-02-16_00-05-06_label_B2-0-0,True,,v=CLFYvG6MsZU__#00-02-16_00-05-06_label_B2-0-0.mp4,B2-0-0,B2,shooting,0,25.0,44.166667,19.166667,v=CLFYvG6MsZU__#00-02-16_00-05-06_label_B2-0-0__seg0000_25.000-44.167.wav,danger risk,1,clotho,a gun is fired repeatedly in the distance,-1.149043083190918,"Gunshot, gunfire | Machine gun",0.0196 | 0.0001 | 0.0001 | 0.0005 | 0.0,ok,
XD-Violence,v=CLFYvG6MsZU__#00-02-16_00-05-06_label_B2-0-0,True,,v=CLFYvG6MsZU__#00-02-16_00-05-06_label_B2-0-0.mp4,B2-0-0,B2,shooting,1,65.708333,84.583333,18.875,v=CLFYvG6MsZU__#00-02-16_00-05-06_label_B2-0-0__seg0001_65.708-84.583.wav,danger risk,1,clotho,a gun is fired and a man is speaking,-1.125888466835022,"Gunshot, gunfire | Machine gun",0.2413 | 0.0003 | 0.0001 | 0.0009 | 0.0001,ok,
XD-Violence,v=CLFYvG6MsZU__#00-02-16_00-05-06_label_B2-0-0,True,,v=CLFYvG6MsZU__#00-02-16_00-05-06_label_B2-0-0.mp4,B2-0-0,B2,shooting,2,109.833333,130.833333,21.0,v=CLFYvG6MsZU__#00-02-16_00-05-06_label_B2-0-0__seg0002_109.833-130.833.wav,danger risk,1,clotho,a gun is fired in the distance and a machine is firing,-1.5224684476852417,"Gunshot, gunfire | Machine gun",0.0337 | 0.0002 | 0.0 | 0.0006 | 0.0,ok,
XD-Violence,v=CUr-Mg8Hmh0__#1_label_G-0-0,True,,v=CUr-Mg8Hmh0__#1_label_G-0-0.mp4,G-0-0,G,explosion,0,152.833333,160.541667,7.708333,v=CUr-Mg8Hmh0__#1_label_G-0-0__seg0000_152.833-160.542.wav,danger risk,1,clotho,a loud whooshing occurs followed by a low rumble,-1.2434314489364624,Music | Explosion,0.0149 | 0.0001 | 0.0 | 0.0002 | 0.0,ok,
XD-Violence,v=CUr-Mg8Hmh0__#1_label_G-0-0,True,,v=CUr-Mg8Hmh0__#1_label_G-0-0.mp4,G-0-0,G,explosion,1,183.708333,191.666667,7.958333,v=CUr-Mg8Hmh0__#1_label_G-0-0__seg0001_183.708-191.667.wav,danger risk,1,clotho,a loud whooshing occurs followed by a low rumble of thunder,-1.2586768865585327,,0.0157 | 0.0001 | 0.0 | 0.0002 | 0.0,ok,
XD-Violence,v=CcD-YNlkMPY__#1_label_G-0-0,True,,v=CcD-YNlkMPY__#1_label_G-0-0.mp4,G-0-0,G,explosion,0,54.166667,56.5,2.333333,v=CcD-YNlkMPY__#1_label_G-0-0__seg0000_54.167-56.500.wav,danger risk,1,clotho,a gun is being fired in the distance,-1.4524550437927246,,0.029 | 0.0001 | 0.0 | 0.0001 | 0.0,ok,
XD-Violence,v=CczYDDDf22A__#1_label_G-0-0,True,,v=CczYDDDf22A__#1_label_G-0-0.mp4,G-0-0,G,explosion,0,7.916667,10.0,2.083333,v=CczYDDDf22A__#1_label_G-0-0__seg0000_7.917-10.000.wav,danger risk,1,clotho,a gun is being fired in the background while a car is driving by,-1.6631284952163696,Artillery fire,0.0191 | 0.0001 | 0.0001 | 0.0001 | 0.0,ok,
XD-Violence,v=CoxsDkB-rWU__#00-07-06_00-10-30_label_B4-0-0,True,,v=CoxsDkB-rWU__#00-07-06_00-10-30_label_B4-0-0.mp4,B4-0-0,B4,riot,0,0.0,60.0,60.0,v=CoxsDkB-rWU__#00-07-06_00-10-30_label_B4-0-0__seg0000_0.000-60.000.wav,danger risk,1,clotho,people are talking while fireworks are exploding in the background,-0.8548133373260498,Speech | Explosion | Fireworks | Firecracker,0.8902 | 0.0028 | 0.0003 | 0.0009 | 0.0005,ok,
XD-Violence,v=CoxsDkB-rWU__#00-07-06_00-10-30_label_B4-0-0,True,,v=CoxsDkB-rWU__#00-07-06_00-10-30_label_B4-0-0.mp4,B4-0-0,B4,riot,1,60.0,120.0,60.0,v=CoxsDkB-rWU__#00-07-06_00-10-30_label_B4-0-0__seg0001_60.000-120.000.wav,danger risk,1,clotho,a man is speaking while fireworks are exploding in the background,-0.8002738356590271,Speech,0.8806 | 0.0063 | 0.0008 | 0.0011 | 0.0034,ok,
XD-Violence,v=CoxsDkB-rWU__#00-07-06_00-10-30_label_B4-0-0,True,,v=CoxsDkB-rWU__#00-07-06_00-10-30_label_B4-0-0.mp4,B4-0-0,B4,riot,2,120.0,180.0,60.0,v=CoxsDkB-rWU__#00-07-06_00-10-30_label_B4-0-0__seg0002_120.000-180.000.wav,danger risk,1,clotho,people are talking and fireworks are exploding in the distance,-0.8902366161346436,"Speech | Music | Fireworks | Firecracker | Outside, urban or manmade",0.9467 | 0.011 | 0.001 | 0.002 | 0.0015,ok,
XD-Violence,v=CoxsDkB-rWU__#00-07-06_00-10-30_label_B4-0-0,True,,v=CoxsDkB-rWU__#00-07-06_00-10-30_label_B4-0-0.mp4,B4-0-0,B4,riot,3,180.0,204.0,24.0,v=CoxsDkB-rWU__#00-07-06_00-10-30_label_B4-0-0__seg0003_180.000-204.000.wav,danger risk,1,clotho,a crowd of people are talking and yelling,-1.034549355506897,"Speech | Chatter | Inside, public space",0.8556 | 0.0462 | 0.0035 | 0.0006 | 0.0235,ok,
XD-Violence,v=CvMpD1yqfxI__#1_label_G-0-0,True,,v=CvMpD1yqfxI__#1_label_G-0-0.mp4,G-0-0,G,explosion,0,8.083333,14.083333,6.0,v=CvMpD1yqfxI__#1_label_G-0-0__seg0000_8.083-14.083.wav,danger risk,1,clotho,the wind is blowing and a metal object is striking another hard surface,-1.1783806085586548,"Gunshot, gunfire | Artillery fire",0.2547 | 0.0002 | 0.0001 | 0.0015 | 0.0001,ok,
XD-Violence,v=CvMpD1yqfxI__#1_label_G-0-0,True,,v=CvMpD1yqfxI__#1_label_G-0-0.mp4,G-0-0,G,explosion,1,23.333333,30.0,6.666667,v=CvMpD1yqfxI__#1_label_G-0-0__seg0001_23.333-30.000.wav,danger risk,1,clotho,a person is walking on a hard surface,-1.350045680999756,Silence,0.028 | 0.0017 | 0.0001 | 0.0002 | 0.0001,ok,
XD-Violence,v=D1eP4Bn4hDQ__#00-09-20_00-10-45_label_B6-0-0,True,,v=D1eP4Bn4hDQ__#00-09-20_00-10-45_label_B6-0-0.mp4,B6-0-0,B6,car accident,0,13.291667,15.625,2.333333,v=D1eP4Bn4hDQ__#00-09-20_00-10-45_label_B6-0-0__seg0000_13.292-15.625.wav,danger risk,1,clotho,someone is opening and closing a door and moving it back and forth,-1.3216344118118286,Door,0.0477 | 0.0005 | 0.0001 | 0.0011 | 0.0001,ok,
XD-Violence,v=D1eP4Bn4hDQ__#00-09-20_00-10-45_label_B6-0-0,True,,v=D1eP4Bn4hDQ__#00-09-20_00-10-45_label_B6-0-0.mp4,B6-0-0,B6,car accident,1,43.75,46.041667,2.291667,v=D1eP4Bn4hDQ__#00-09-20_00-10-45_label_B6-0-0__seg0001_43.750-46.042.wav,danger risk,1,clotho,a person is walking on a hard surface,-1.3371789455413818,Silence,0.0198 | 0.001 | 0.0001 | 0.0 | 0.0,ok,
XD-Violence,v=D1eP4Bn4hDQ__#00-09-20_00-10-45_label_B6-0-0,True,,v=D1eP4Bn4hDQ__#00-09-20_00-10-45_label_B6-0-0.mp4,B6-0-0,B6,car accident,2,57.916667,60.208333,2.291667,v=D1eP4Bn4hDQ__#00-09-20_00-10-45_label_B6-0-0__seg0002_57.917-60.208.wav,danger risk,1,clotho,a person is walking on a hard surface,-1.3371789455413818,Silence,0.0198 | 0.001 | 0.0001 | 0.0 | 0.0,ok,
XD-Violence,v=DD3jfKr8e-k__#00-00-00_00-01-40_label_B4-0-0,True,,v=DD3jfKr8e-k__#00-00-00_00-01-40_label_B4-0-0.mp4,B4-0-0,B4,riot,0,0.0,60.0,60.0,v=DD3jfKr8e-k__#00-00-00_00-01-40_label_B4-0-0__seg0000_0.000-60.000.wav,danger risk,1,clotho,a crowd of people are shouting and yelling,-1.2922314405441284,Speech | Music,0.7765 | 0.0019 | 0.0005 | 0.0007 | 0.0002,ok,
XD-Violence,v=DD3jfKr8e-k__#00-00-00_00-01-40_label_B4-0-0,True,,v=DD3jfKr8e-k__#00-00-00_00-01-40_label_B4-0-0.mp4,B4-0-0,B4,riot,1,60.0,100.0,40.0,v=DD3jfKr8e-k__#00-00-00_00-01-40_label_B4-0-0__seg0001_60.000-100.000.wav,danger risk,1,clotho,music is playing and a man is speaking,-1.1208983659744265,Speech | Music | Electronic music,0.3152 | 0.0034 | 0.0005 | 0.0004 | 0.0004,ok,
XD-Violence,v=DRGMajXo_PI__#00-02-15_00-03-02_label_G-0-0,True,,v=DRGMajXo_PI__#00-02-15_00-03-02_label_G-0-0.mp4,G-0-0,G,explosion,0,0.0,46.291667,46.291667,v=DRGMajXo_PI__#00-02-15_00-03-02_label_G-0-0__seg0000_0.000-46.292.wav,danger risk,1,clotho,a man is speaking and then a gun is fired,-0.9507421851158142,Speech | Explosion,0.8892 | 0.0068 | 0.0003 | 0.0002 | 0.0109,ok,
XD-Violence,v=DVdXoVUNkhg__#1_label_G-0-0,True,,v=DVdXoVUNkhg__#1_label_G-0-0.mp4,G-0-0,G,explosion,0,41.25,47.708333,6.458333,v=DVdXoVUNkhg__#1_label_G-0-0__seg0000_41.250-47.708.wav,danger risk,1,clotho,a gun is fired in the distance and then a loud explosion occurs,-1.3545690774917605,Explosion,0.0161 | 0.0001 | 0.0001 | 0.0004 | 0.0,ok,
XD-Violence,v=Dh-3BlhAOnE__#00-00-00_00-13-36_label_B4-0-0,True,,v=Dh-3BlhAOnE__#00-00-00_00-13-36_label_B4-0-0.mp4,B4-0-0,B4,riot,0,0.0,7.083333,7.083333,v=Dh-3BlhAOnE__#00-00-00_00-13-36_label_B4-0-0__seg0000_0.000-7.083.wav,danger risk,1,clotho,a group of people are talking to each other while music plays in the background,-0.7794317007064819,Speech | Music,0.8631 | 0.0132 | 0.0025 | 0.0114 | 0.0057,ok,
XD-Violence,v=Dh-3BlhAOnE__#00-00-00_00-13-36_label_B4-0-0,True,,v=Dh-3BlhAOnE__#00-00-00_00-13-36_label_B4-0-0.mp4,B4-0-0,B4,riot,1,618.583333,678.583333,60.0,v=Dh-3BlhAOnE__#00-00-00_00-13-36_label_B4-0-0__seg0001_618.583-678.583.wav,danger risk,1,clotho,a man is speaking while a motorcycle is driving in the background,-1.073009967803955,"Speech | Outside, urban or manmade",0.908 | 0.0084 | 0.0019 | 0.0009 | 0.0061,ok,
XD-Violence,v=Dh-3BlhAOnE__#00-00-00_00-13-36_label_B4-0-0,True,,v=Dh-3BlhAOnE__#00-00-00_00-13-36_label_B4-0-0.mp4,B4-0-0,B4,riot,2,678.583333,738.583333,60.0,v=Dh-3BlhAOnE__#00-00-00_00-13-36_label_B4-0-0__seg0002_678.583-738.583.wav,danger risk,1,clotho,a crowd of people are talking and laughing,-1.0262786149978638,"Speech | Hubbub, speech noise, speech babble",0.8923 | 0.0225 | 0.0015 | 0.0008 | 0.0061,ok,
XD-Violence,v=Dh-3BlhAOnE__#00-00-00_00-13-36_label_B4-0-0,True,,v=Dh-3BlhAOnE__#00-00-00_00-13-36_label_B4-0-0.mp4,B4-0-0,B4,riot,3,738.583333,796.5,57.916667,v=Dh-3BlhAOnE__#00-00-00_00-13-36_label_B4-0-0__seg0003_738.583-796.500.wav,danger risk,1,clotho,a man is speaking while a crowd cheers and a car honks,-1.2142914533615112,"Speech | Hubbub, speech noise, speech babble",0.9085 | 0.0225 | 0.0039 | 0.0014 | 0.0116,ok,
XD-Violence,v=Dn_SDu22WpM__#00-08-35_00-10-05_label_B6-0-0,True,,v=Dn_SDu22WpM__#00-08-35_00-10-05_label_B6-0-0.mp4,B6-0-0,B6,car accident,0,2.291667,4.166667,1.875,v=Dn_SDu22WpM__#00-08-35_00-10-05_label_B6-0-0__seg0000_2.292-4.167.wav,danger risk,1,clotho,a machine gun is being fired while a man is speaking in the background,-1.2198748588562012,"Speech | Gunshot, gunfire",0.3405 | 0.0003 | 0.0 | 0.0006 | 0.0,ok,
XD-Violence,v=Dn_SDu22WpM__#00-08-35_00-10-05_label_B6-0-0,True,,v=Dn_SDu22WpM__#00-08-35_00-10-05_label_B6-0-0.mp4,B6-0-0,B6,car accident,1,10.541667,13.041667,2.5,v=Dn_SDu22WpM__#00-08-35_00-10-05_label_B6-0-0__seg0001_10.542-13.042.wav,danger risk,1,clotho,a man is speaking and then a car door is shut,-1.270821452140808,Speech,0.5935 | 0.0013 | 0.0 | 0.0 | 0.0003,ok,
XD-Violence,v=Dn_SDu22WpM__#00-08-35_00-10-05_label_B6-0-0,True,,v=Dn_SDu22WpM__#00-08-35_00-10-05_label_B6-0-0.mp4,B6-0-0,B6,car accident,2,18.208333,20.833333,2.625,v=Dn_SDu22WpM__#00-08-35_00-10-05_label_B6-0-0__seg0002_18.208-20.833.wav,danger risk,1,clotho,a machine is running at a constant speed,-1.1456854343414309,,0.0359 | 0.0003 | 0.0007 | 0.0001 | 0.0003,ok,
XD-Violence,v=Dn_SDu22WpM__#00-08-35_00-10-05_label_B6-0-0,True,,v=Dn_SDu22WpM__#00-08-35_00-10-05_label_B6-0-0.mp4,B6-0-0,B6,car accident,3,31.458333,32.833333,1.375,v=Dn_SDu22WpM__#00-08-35_00-10-05_label_B6-0-0__seg0003_31.458-32.833.wav,danger risk,1,clotho,a gun is being fired in the distance,-1.3176625967025757,Crow,0.0129 | 0.0004 | 0.0001 | 0.0002 | 0.0002,ok,
XD-Violence,v=Dn_SDu22WpM__#00-08-35_00-10-05_label_B6-0-0,True,,v=Dn_SDu22WpM__#00-08-35_00-10-05_label_B6-0-0.mp4,B6-0-0,B6,car accident,4,41.208333,43.333333,2.125,v=Dn_SDu22WpM__#00-08-35_00-10-05_label_B6-0-0__seg0004_41.208-43.333.wav,danger risk,1,clotho,a man is speaking while a machine is running in the background,-1.0347676277160645,Speech,0.8382 | 0.0016 | 0.0005 | 0.0001 | 0.0009,ok,
XD-Violence,v=Dn_SDu22WpM__#00-08-35_00-10-05_label_B6-0-0,True,,v=Dn_SDu22WpM__#00-08-35_00-10-05_label_B6-0-0.mp4,B6-0-0,B6,car accident,5,75.5,78.875,3.375,v=Dn_SDu22WpM__#00-08-35_00-10-05_label_B6-0-0__seg0005_75.500-78.875.wav,danger risk,1,clotho,people are laughing and talking while a car is driving by,-1.4415459632873535,Speech | Music | Vehicle,0.5585 | 0.0009 | 0.0004 | 0.0005 | 0.0002,ok,
XD-Violence,v=DtxU8UYiFws__#1_label_G-0-0,True,,v=DtxU8UYiFws__#1_label_G-0-0.mp4,G-0-0,G,explosion,0,11.333333,17.291667,5.958333,v=DtxU8UYiFws__#1_label_G-0-0__seg0000_11.333-17.292.wav,danger risk,1,clotho,a gun is being fired and a person is walking in the distance,-1.5213547945022583,,0.0418 | 0.0003 | 0.0 | 0.0007 | 0.0,ok,
XD-Violence,v=EH_QB6cm6BE__#1_label_G-0-0,True,,v=EH_QB6cm6BE__#1_label_G-0-0.mp4,G-0-0,G,explosion,0,6.583333,16.666667,10.083333,v=EH_QB6cm6BE__#1_label_G-0-0__seg0000_6.583-16.667.wav,danger risk,1,clotho,a woman is giving a speech with a lot of people,-1.003919243812561,"Speech | Female speech, woman speaking | Conversation",0.9158 | 0.0277 | 0.4851 | 0.0004 | 0.3032,ok,
XD-Violence,v=EH_QB6cm6BE__#1_label_G-0-0,True,,v=EH_QB6cm6BE__#1_label_G-0-0.mp4,G-0-0,G,explosion,1,22.291667,27.333333,5.041667,v=EH_QB6cm6BE__#1_label_G-0-0__seg0001_22.292-27.333.wav,danger risk,1,clotho,a woman is speaking and birds are chirping in the background,-0.7058908939361572,Speech,0.8285 | 0.0795 | 0.1351 | 0.0006 | 0.0458,ok,
XD-Violence,v=EOAfl8yMiN8__#00-00-00_00-00-51_label_B6-0-0,True,,v=EOAfl8yMiN8__#00-00-00_00-00-51_label_B6-0-0.mp4,B6-0-0,B6,car accident,0,4.958333,6.25,1.291667,v=EOAfl8yMiN8__#00-00-00_00-00-51_label_B6-0-0__seg0000_4.958-6.250.wav,danger risk,1,clotho,a person is playing with a window and a car driving in the background,-1.5233358144760132,,0.1059 | 0.0004 | 0.0002 | 0.0005 | 0.0004,ok,
XD-Violence,v=EOAfl8yMiN8__#00-00-00_00-00-51_label_B6-0-0,True,,v=EOAfl8yMiN8__#00-00-00_00-00-51_label_B6-0-0.mp4,B6-0-0,B6,car accident,1,13.75,15.833333,2.083333,v=EOAfl8yMiN8__#00-00-00_00-00-51_label_B6-0-0__seg0001_13.750-15.833.wav,danger risk,1,clotho,a man is speaking while a car horn is honking,-1.1458979845046997,Car alarm,0.2956 | 0.0017 | 0.0007 | 0.0006 | 0.0006,ok,
XD-Violence,v=EOAfl8yMiN8__#00-00-00_00-00-51_label_B6-0-0,True,,v=EOAfl8yMiN8__#00-00-00_00-00-51_label_B6-0-0.mp4,B6-0-0,B6,car accident,2,21.458333,24.791667,3.333333,v=EOAfl8yMiN8__#00-00-00_00-00-51_label_B6-0-0__seg0002_21.458-24.792.wav,danger risk,1,clotho,the windshield wipers are making noise as the wind blows,-1.6642436981201172,,0.0368 | 0.0002 | 0.0002 | 0.0002 | 0.0001,ok,
XD-Violence,v=EOAfl8yMiN8__#00-00-00_00-00-51_label_B6-0-0,True,,v=EOAfl8yMiN8__#00-00-00_00-00-51_label_B6-0-0.mp4,B6-0-0,B6,car accident,3,29.5,31.666667,2.166667,v=EOAfl8yMiN8__#00-00-00_00-00-51_label_B6-0-0__seg0003_29.500-31.667.wav,danger risk,1,clotho,a car is driving on a road with a high speed,-1.2806727886199951,Vehicle | Field recording,0.0092 | 0.0 | 0.0 | 0.0001 | 0.0,ok,
XD-Violence,v=EOAfl8yMiN8__#00-00-00_00-00-51_label_B6-0-0,True,,v=EOAfl8yMiN8__#00-00-00_00-00-51_label_B6-0-0.mp4,B6-0-0,B6,car accident,4,39.166667,50.0,10.833333,v=EOAfl8yMiN8__#00-00-00_00-00-51_label_B6-0-0__seg0004_39.167-50.000.wav,danger risk,1,clotho,people are talking in the background as a fan is blowing,-1.138008952140808,"Speech | Vehicle | Boat, Water vehicle",0.6814 | 0.0019 | 0.0004 | 0.0004 | 0.0009,ok,
XD-Violence,v=EOAfl8yMiN8__#00-03-00_00-04-09_label_B6-0-0,True,,v=EOAfl8yMiN8__#00-03-00_00-04-09_label_B6-0-0.mp4,B6-0-0,B6,car accident,0,10.208333,13.541667,3.333333,v=EOAfl8yMiN8__#00-03-00_00-04-09_label_B6-0-0__seg0000_10.208-13.542.wav,danger risk,1,clotho,a person is playing a song with a radio in the background,-1.238079071044922,Speech | Music | Ukulele,0.3148 | 0.0004 | 0.0001 | 0.0004 | 0.0001,ok,
XD-Violence,v=EOAfl8yMiN8__#00-03-00_00-04-09_label_B6-0-0,True,,v=EOAfl8yMiN8__#00-03-00_00-04-09_label_B6-0-0.mp4,B6-0-0,B6,car accident,1,19.583333,21.666667,2.083333,v=EOAfl8yMiN8__#00-03-00_00-04-09_label_B6-0-0__seg0001_19.583-21.667.wav,danger risk,1,clotho,a police car with a siren on in the background,-1.161263108253479,Speech,0.4695 | 0.004 | 0.0021 | 0.0005 | 0.0018,ok,
XD-Violence,v=EOAfl8yMiN8__#00-03-00_00-04-09_label_B6-0-0,True,,v=EOAfl8yMiN8__#00-03-00_00-04-09_label_B6-0-0.mp4,B6-0-0,B6,car accident,2,29.833333,35.416667,5.583333,v=EOAfl8yMiN8__#00-03-00_00-04-09_label_B6-0-0__seg0002_29.833-35.417.wav,danger risk,1,clotho,a radio is playing with a lot of static,-1.3882837295532229,Speech,0.5522 | 0.0009 | 0.0006 | 0.0006 | 0.0005,ok,
XD-Violence,v=EOAfl8yMiN8__#00-03-00_00-04-09_label_B6-0-0,True,,v=EOAfl8yMiN8__#00-03-00_00-04-09_label_B6-0-0.mp4,B6-0-0,B6,car accident,3,40.0,43.083333,3.083333,v=EOAfl8yMiN8__#00-03-00_00-04-09_label_B6-0-0__seg0003_40.000-43.083.wav,danger risk,1,clotho,a man is speaking and a radio is playing,-1.0056334733963013,Speech,0.7451 | 0.0103 | 0.0005 | 0.0004 | 0.0021,ok,
XD-Violence,v=EOAfl8yMiN8__#00-03-00_00-04-09_label_B6-0-0,True,,v=EOAfl8yMiN8__#00-03-00_00-04-09_label_B6-0-0.mp4,B6-0-0,B6,car accident,4,48.541667,50.0,1.458333,v=EOAfl8yMiN8__#00-03-00_00-04-09_label_B6-0-0__seg0004_48.542-50.000.wav,danger risk,1,clotho,a car is driving on a road and a motorcycle is passing by,-1.2994803190231323,Music | Vehicle,0.0465 | 0.0004 | 0.0001 | 0.0002 | 0.0,ok,
XD-Violence,v=EOAfl8yMiN8__#00-03-00_00-04-09_label_B6-0-0,True,,v=EOAfl8yMiN8__#00-03-00_00-04-09_label_B6-0-0.mp4,B6-0-0,B6,car accident,5,57.083333,60.583333,3.5,v=EOAfl8yMiN8__#00-03-00_00-04-09_label_B6-0-0__seg0005_57.083-60.583.wav,danger risk,1,clotho,a person is playing a note on a keyboard,-1.271859884262085,Silence,0.0247 | 0.0011 | 0.0001 | 0.0002 | 0.0001,ok,
XD-Violence,v=EOAfl8yMiN8__#00-03-00_00-04-09_label_B6-0-0,True,,v=EOAfl8yMiN8__#00-03-00_00-04-09_label_B6-0-0.mp4,B6-0-0,B6,car accident,6,67.25,68.833333,1.583333,v=EOAfl8yMiN8__#00-03-00_00-04-09_label_B6-0-0__seg0006_67.250-68.833.wav,danger risk,1,clotho,a man is speaking while a gun is fired in the background,-1.101610541343689,Speech,0.5969 | 0.0033 | 0.0003 | 0.0005 | 0.0003,ok,
XD-Violence,v=FRj2K0ulD8Q__#00-00-00_00-00-57_label_B4-0-0,True,,v=FRj2K0ulD8Q__#00-00-00_00-00-57_label_B4-0-0.mp4,B4-0-0,B4,riot,0,0.0,50.083333,50.083333,v=FRj2K0ulD8Q__#00-00-00_00-00-57_label_B4-0-0__seg0000_0.000-50.083.wav,danger risk,1,clotho,a man is giving a speech while a crowd cheers,-0.9517433047294616,"Speech | Run | Outside, urban or manmade",0.8394 | 0.0567 | 0.0046 | 0.0017 | 0.0195,ok,
XD-Violence,v=FRj2K0ulD8Q__#00-04-16_00-06-05_label_B4-0-0,True,,v=FRj2K0ulD8Q__#00-04-16_00-06-05_label_B4-0-0.mp4,B4-0-0,B4,riot,0,0.0,60.0,60.0,v=FRj2K0ulD8Q__#00-04-16_00-06-05_label_B4-0-0__seg0000_0.000-60.000.wav,danger risk,1,clotho,a man is speaking while music plays in the background,-0.794645369052887,Speech | Music,0.8884 | 0.0815 | 0.0138 | 0.0022 | 0.03,ok,
XD-Violence,v=FRj2K0ulD8Q__#00-04-16_00-06-05_label_B4-0-0,True,,v=FRj2K0ulD8Q__#00-04-16_00-06-05_label_B4-0-0.mp4,B4-0-0,B4,riot,1,60.0,109.041667,49.041667,v=FRj2K0ulD8Q__#00-04-16_00-06-05_label_B4-0-0__seg0001_60.000-109.042.wav,danger risk,1,clotho,a crowd of people are talking and cheering while music plays in the background,-0.9569719433784484,"Speech | Hubbub, speech noise, speech babble | Music",0.8242 | 0.0292 | 0.0045 | 0.0026 | 0.0074,ok,
XD-Violence,v=FRj2K0ulD8Q__#00-06-05_00-08-25_label_B4-0-0,True,,v=FRj2K0ulD8Q__#00-06-05_00-08-25_label_B4-0-0.mp4,B4-0-0,B4,riot,0,0.0,60.0,60.0,v=FRj2K0ulD8Q__#00-06-05_00-08-25_label_B4-0-0__seg0000_0.000-60.000.wav,danger risk,1,clotho,a crowd of people are cheering and yelling while music plays in the background,-0.9723475575447084,"Speech | Music | Outside, urban or manmade",0.8297 | 0.0588 | 0.0094 | 0.002 | 0.0167,ok,
XD-Violence,v=FRj2K0ulD8Q__#00-06-05_00-08-25_label_B4-0-0,True,,v=FRj2K0ulD8Q__#00-06-05_00-08-25_label_B4-0-0.mp4,B4-0-0,B4,riot,1,60.0,106.125,46.125,v=FRj2K0ulD8Q__#00-06-05_00-08-25_label_B4-0-0__seg0001_60.000-106.125.wav,danger risk,1,clotho,a group of people are talking while music plays in the background,-0.7774276733398438,"Speech | Chatter | Hubbub, speech noise, speech babble | Music",0.9437 | 0.0462 | 0.0246 | 0.0064 | 0.023,ok,
XD-Violence,v=FRj2K0ulD8Q__#00-06-05_00-08-25_label_B4-0-0,True,,v=FRj2K0ulD8Q__#00-06-05_00-08-25_label_B4-0-0.mp4,B4-0-0,B4,riot,2,115.208333,138.708333,23.5,v=FRj2K0ulD8Q__#00-06-05_00-08-25_label_B4-0-0__seg0002_115.208-138.708.wav,danger risk,1,clotho,a group of people are talking to each other while music plays in the background,-0.8274756669998169,Speech | Music,0.9226 | 0.0355 | 0.0221 | 0.0021 | 0.0722,ok,
XD-Violence,v=FW_qbiPH7UA__#1_label_B1-0-0,True,,v=FW_qbiPH7UA__#1_label_B1-0-0.mp4,B1-0-0,B1,fighting,0,68.916667,86.666667,17.75,v=FW_qbiPH7UA__#1_label_B1-0-0__seg0000_68.917-86.667.wav,danger risk,1,clotho,a gun is being fired while a man is speaking,-1.4799065589904783,"Speech | Music | Boom | Thump, thud",0.7357 | 0.0012 | 0.0005 | 0.0008 | 0.0004,ok,
XD-Violence,v=FW_qbiPH7UA__#1_label_B1-0-0,True,,v=FW_qbiPH7UA__#1_label_B1-0-0.mp4,B1-0-0,B1,fighting,1,98.625,114.375,15.75,v=FW_qbiPH7UA__#1_label_B1-0-0__seg0001_98.625-114.375.wav,danger risk,1,clotho,a man is speaking and then a door is opened and closed,-1.2013128995895386,Speech | Music,0.7909 | 0.0207 | 0.0047 | 0.0003 | 0.0018,ok,
XD-Violence,v=FfrXebzAwOg__#00-06-10_00-07-19_label_B6-0-0,True,,v=FfrXebzAwOg__#00-06-10_00-07-19_label_B6-0-0.mp4,B6-0-0,B6,car accident,0,6.875,8.416667,1.541667,v=FfrXebzAwOg__#00-06-10_00-07-19_label_B6-0-0__seg0000_6.875-8.417.wav,danger risk,1,clotho,a man is speaking while a child is talking in the background,-1.0579320192337036,Speech,0.7775 | 0.0016 | 0.0021 | 0.0002 | 0.002,ok,
XD-Violence,v=FfrXebzAwOg__#00-06-10_00-07-19_label_B6-0-0,True,,v=FfrXebzAwOg__#00-06-10_00-07-19_label_B6-0-0.mp4,B6-0-0,B6,car accident,1,14.208333,17.083333,2.875,v=FfrXebzAwOg__#00-06-10_00-07-19_label_B6-0-0__seg0001_14.208-17.083.wav,danger risk,1,clotho,a man is speaking while music plays in the background,-0.7403469681739807,Speech | Music,0.9086 | 0.0332 | 0.0021 | 0.0001 | 0.0126,ok,
XD-Violence,v=FfrXebzAwOg__#00-06-10_00-07-19_label_B6-0-0,True,,v=FfrXebzAwOg__#00-06-10_00-07-19_label_B6-0-0.mp4,B6-0-0,B6,car accident,2,24.958333,29.166667,4.208333,v=FfrXebzAwOg__#00-06-10_00-07-19_label_B6-0-0__seg0002_24.958-29.167.wav,danger risk,1,clotho,a machine is running at a constant speed while a man speaks,-1.408434510231018,Speech | Music | Vehicle,0.481 | 0.0011 | 0.0007 | 0.0002 | 0.0004,ok,
XD-Violence,v=FfrXebzAwOg__#00-06-10_00-07-19_label_B6-0-0,True,,v=FfrXebzAwOg__#00-06-10_00-07-19_label_B6-0-0.mp4,B6-0-0,B6,car accident,3,32.5,35.5,3.0,v=FfrXebzAwOg__#00-06-10_00-07-19_label_B6-0-0__seg0003_32.500-35.500.wav,danger risk,1,clotho,a car alarm is going off while a machine is running in the background,-1.0661425590515137,,0.0237 | 0.0004 | 0.0001 | 0.0 | 0.0001,ok,
XD-Violence,v=FfrXebzAwOg__#00-06-10_00-07-19_label_B6-0-0,True,,v=FfrXebzAwOg__#00-06-10_00-07-19_label_B6-0-0.mp4,B6-0-0,B6,car accident,4,41.5,42.583333,1.083333,v=FfrXebzAwOg__#00-06-10_00-07-19_label_B6-0-0__seg0004_41.500-42.583.wav,danger risk,1,clotho,a piece of metal is being dragged across a hard surface,-1.0851343870162964,Music,0.0564 | 0.0001 | 0.0001 | 0.0001 | 0.0,ok,
XD-Violence,v=FfrXebzAwOg__#00-06-10_00-07-19_label_B6-0-0,True,,v=FfrXebzAwOg__#00-06-10_00-07-19_label_B6-0-0.mp4,B6-0-0,B6,car accident,5,46.541667,49.208333,2.666667,v=FfrXebzAwOg__#00-06-10_00-07-19_label_B6-0-0__seg0005_46.542-49.208.wav,danger risk,1,clotho,a heavy object is being dragged across a hard surface and people are talking in,-1.0774893760681152,"Vehicle | Rail transport | Train | Railroad car, train wagon",0.1406 | 0.0005 | 0.0001 | 0.0001 | 0.0002,ok,
XD-Violence,v=FfrXebzAwOg__#00-06-10_00-07-19_label_B6-0-0,True,,v=FfrXebzAwOg__#00-06-10_00-07-19_label_B6-0-0.mp4,B6-0-0,B6,car accident,6,60.083333,63.166667,3.083333,v=FfrXebzAwOg__#00-06-10_00-07-19_label_B6-0-0__seg0006_60.083-63.167.wav,danger risk,1,clotho,a man is speaking while birds are chirping in the background,-0.8969838619232178,Music,0.2303 | 0.0007 | 0.0 | 0.0002 | 0.0,ok,
XD-Violence,v=GI49YSCruwY__#1_label_B4-0-0,True,,v=GI49YSCruwY__#1_label_B4-0-0.mp4,B4-0-0,B4,riot,0,0.0,58.75,58.75,v=GI49YSCruwY__#1_label_B4-0-0__seg0000_0.000-58.750.wav,danger risk,1,clotho,a group of people are shouting and yelling loudly,-1.0204963684082031,Speech,0.85 | 0.0061 | 0.0069 | 0.0019 | 0.0113,ok,
XD-Violence,v=GI49YSCruwY__#1_label_B4-0-0,True,,v=GI49YSCruwY__#1_label_B4-0-0.mp4,B4-0-0,B4,riot,1,74.791667,81.875,7.083333,v=GI49YSCruwY__#1_label_B4-0-0__seg0001_74.792-81.875.wav,danger risk,1,clotho,a large group of people are playing basketball in a gym,-1.064346194267273,Speech,0.7485 | 0.0022 | 0.0012 | 0.0029 | 0.0029,ok,
XD-Violence,v=GI49YSCruwY__#1_label_B4-0-0,True,,v=GI49YSCruwY__#1_label_B4-0-0.mp4,B4-0-0,B4,riot,2,96.666667,124.166667,27.5,v=GI49YSCruwY__#1_label_B4-0-0__seg0002_96.667-124.167.wav,danger risk,1,clotho,a man is speaking while fireworks are going off in the distance,-0.9539903402328492,Speech,0.7149 | 0.0088 | 0.0009 | 0.0008 | 0.0034,ok,
XD-Violence,v=GN-7_ye5k4E__#1_label_G-0-0,True,,v=GN-7_ye5k4E__#1_label_G-0-0.mp4,G-0-0,G,explosion,0,23.833333,54.166667,30.333333,v=GN-7_ye5k4E__#1_label_G-0-0__seg0000_23.833-54.167.wav,danger risk,1,clotho,a man is speaking while a radio is playing in the background,-0.8336827158927917,Speech | Vehicle,0.7786 | 0.0101 | 0.001 | 0.0011 | 0.0059,ok,
XD-Violence,v=GbMQ2CxeNHU__#1_label_B4-0-0,True,,v=GbMQ2CxeNHU__#1_label_B4-0-0.mp4,B4-0-0,B4,riot,0,0.0,60.0,60.0,v=GbMQ2CxeNHU__#1_label_B4-0-0__seg0000_0.000-60.000.wav,danger risk,1,clotho,a man is speaking while a siren goes off,-1.0387367010116575,Speech | Emergency vehicle | Police car (siren) | Ambulance (siren) | Siren,0.7339 | 0.0032 | 0.0002 | 0.001 | 0.0008,ok,
XD-Violence,v=GbMQ2CxeNHU__#1_label_B4-0-0,True,,v=GbMQ2CxeNHU__#1_label_B4-0-0.mp4,B4-0-0,B4,riot,1,60.0,120.0,60.0,v=GbMQ2CxeNHU__#1_label_B4-0-0__seg0001_60.000-120.000.wav,danger risk,1,clotho,a man is speaking while glass is being broken by a crowd of people,-1.1451324224472046,Speech,0.9369 | 0.0366 | 0.0022 | 0.0018 | 0.0059,ok,
XD-Violence,v=GbMQ2CxeNHU__#1_label_B4-0-0,True,,v=GbMQ2CxeNHU__#1_label_B4-0-0.mp4,B4-0-0,B4,riot,2,120.0,180.0,60.0,v=GbMQ2CxeNHU__#1_label_B4-0-0__seg0002_120.000-180.000.wav,danger risk,1,clotho,a man is speaking while a car alarm goes off,-0.9683588147163392,Speech | Police car (siren),0.4408 | 0.005 | 0.0003 | 0.0006 | 0.0011,ok,
XD-Violence,v=GbMQ2CxeNHU__#1_label_B4-0-0,True,,v=GbMQ2CxeNHU__#1_label_B4-0-0.mp4,B4-0-0,B4,riot,3,180.0,228.708333,48.708333,v=GbMQ2CxeNHU__#1_label_B4-0-0__seg0003_180.000-228.708.wav,danger risk,1,clotho,a man is speaking while a siren blares in the background,-0.7630037665367126,Speech | Emergency vehicle | Police car (siren) | Ambulance (siren) | Siren,0.4881 | 0.0042 | 0.0004 | 0.0003 | 0.0011,ok,
XD-Violence,v=GqMh_HBNWZE__#00-01-00_00-02-45_label_B6-0-0,True,,v=GqMh_HBNWZE__#00-01-00_00-02-45_label_B6-0-0.mp4,B6-0-0,B6,car accident,0,1.833333,6.166667,4.333333,v=GqMh_HBNWZE__#00-01-00_00-02-45_label_B6-0-0__seg0000_1.833-6.167.wav,danger risk,1,clotho,a machine is running at a constant speed,-1.3169933557510376,Vehicle,0.0474 | 0.0001 | 0.0001 | 0.0001 | 0.0,ok,
XD-Violence,v=GqMh_HBNWZE__#00-01-00_00-02-45_label_B6-0-0,True,,v=GqMh_HBNWZE__#00-01-00_00-02-45_label_B6-0-0.mp4,B6-0-0,B6,car accident,1,7.5,9.166667,1.666667,v=GqMh_HBNWZE__#00-01-00_00-02-45_label_B6-0-0__seg0001_7.500-9.167.wav,danger risk,1,clotho,a car door is being opened and closed,-1.4223299026489258,Music,0.0743 | 0.0002 | 0.0 | 0.0002 | 0.0,ok,
XD-Violence,v=GqMh_HBNWZE__#00-01-00_00-02-45_label_B6-0-0,True,,v=GqMh_HBNWZE__#00-01-00_00-02-45_label_B6-0-0.mp4,B6-0-0,B6,car accident,2,16.375,20.833333,4.458333,v=GqMh_HBNWZE__#00-01-00_00-02-45_label_B6-0-0__seg0002_16.375-20.833.wav,danger risk,1,clotho,a man is speaking while music is playing in the background,-0.8068718314170837,Speech | Music | Vehicle | Car,0.6046 | 0.0039 | 0.0004 | 0.0003 | 0.0008,ok,
XD-Violence,v=GqMh_HBNWZE__#00-01-00_00-02-45_label_B6-0-0,True,,v=GqMh_HBNWZE__#00-01-00_00-02-45_label_B6-0-0.mp4,B6-0-0,B6,car accident,3,33.75,39.166667,5.416667,v=GqMh_HBNWZE__#00-01-00_00-02-45_label_B6-0-0__seg0003_33.750-39.167.wav,danger risk,1,clotho,a woman is speaking while cars are driving in the background,-0.8431368470191956,Speech | Car,0.6217 | 0.0009 | 0.0233 | 0.0074 | 0.01,ok,
XD-Violence,v=GqMh_HBNWZE__#00-01-00_00-02-45_label_B6-0-0,True,,v=GqMh_HBNWZE__#00-01-00_00-02-45_label_B6-0-0.mp4,B6-0-0,B6,car accident,4,55.208333,61.041667,5.833333,v=GqMh_HBNWZE__#00-01-00_00-02-45_label_B6-0-0__seg0004_55.208-61.042.wav,danger risk,1,clotho,a man is speaking while cars are driving by in the background,-0.905627191066742,Speech | Vehicle | Car,0.667 | 0.0039 | 0.0007 | 0.0001 | 0.0017,ok,
XD-Violence,v=GqMh_HBNWZE__#00-01-00_00-02-45_label_B6-0-0,True,,v=GqMh_HBNWZE__#00-01-00_00-02-45_label_B6-0-0.mp4,B6-0-0,B6,car accident,5,65.916667,67.25,1.333333,v=GqMh_HBNWZE__#00-01-00_00-02-45_label_B6-0-0__seg0005_65.917-67.250.wav,danger risk,1,clotho,a drum is being played with a musical instrument,-1.3019139766693115,Music,0.009 | 0.0001 | 0.0001 | 0.0001 | 0.0,ok,
XD-Violence,v=GqMh_HBNWZE__#00-01-00_00-02-45_label_B6-0-0,True,,v=GqMh_HBNWZE__#00-01-00_00-02-45_label_B6-0-0.mp4,B6-0-0,B6,car accident,6,77.375,79.875,2.5,v=GqMh_HBNWZE__#00-01-00_00-02-45_label_B6-0-0__seg0006_77.375-79.875.wav,danger risk,1,clotho,a man is speaking while a woman is talking in the background,-1.0264555215835571,Speech | Music,0.6253 | 0.0024 | 0.0004 | 0.0029 | 0.001,ok,
XD-Violence,v=GqMh_HBNWZE__#00-01-00_00-02-45_label_B6-0-0,True,,v=GqMh_HBNWZE__#00-01-00_00-02-45_label_B6-0-0.mp4,B6-0-0,B6,car accident,7,94.125,96.166667,2.041667,v=GqMh_HBNWZE__#00-01-00_00-02-45_label_B6-0-0__seg0007_94.125-96.167.wav,danger risk,1,clotho,someone is unlocking and looking through a set of keys,-1.341712474822998,Music,0.0333 | 0.0001 | 0.0 | 0.0002 | 0.0,ok,
XD-Violence,v=GqMh_HBNWZE__#00-01-00_00-02-45_label_B6-0-0,True,,v=GqMh_HBNWZE__#00-01-00_00-02-45_label_B6-0-0.mp4,B6-0-0,B6,car accident,8,103.333333,105.0,1.666667,v=GqMh_HBNWZE__#00-01-00_00-02-45_label_B6-0-0__seg0008_103.333-105.000.wav,danger risk,1,clotho,a group of people are shouting and yelling,-1.2014884948730469,Speech,0.5064 | 0.0034 | 0.0005 | 0.0011 | 0.0004,ok,
XD-Violence,v=H5W58Loofks__#00-05-50_00-06-20_label_B6-0-0,True,,v=H5W58Loofks__#00-05-50_00-06-20_label_B6-0-0.mp4,B6-0-0,B6,car accident,0,0.0,3.75,3.75,v=H5W58Loofks__#00-05-50_00-06-20_label_B6-0-0__seg0000_0.000-3.750.wav,danger risk,1,clotho,a person is playing a note on a keyboard,-1.284838318824768,Silence,0.0238 | 0.0011 | 0.0001 | 0.0002 | 0.0001,ok,
XD-Violence,v=H5W58Loofks__#00-05-50_00-06-20_label_B6-0-0,True,,v=H5W58Loofks__#00-05-50_00-06-20_label_B6-0-0.mp4,B6-0-0,B6,car accident,1,21.708333,30.0,8.291667,v=H5W58Loofks__#00-05-50_00-06-20_label_B6-0-0__seg0001_21.708-30.000.wav,danger risk,1,clotho,a person is playing a skateboard on a playground,-1.58211350440979,Speech | Music,0.5613 | 0.0007 | 0.0012 | 0.0213 | 0.0001,ok,
XD-Violence,v=HSisjzLESak__#00-00-00_00-00-51_label_B6-0-0,True,,v=HSisjzLESak__#00-00-00_00-00-51_label_B6-0-0.mp4,B6-0-0,B6,car accident,0,24.083333,29.166667,5.083333,v=HSisjzLESak__#00-00-00_00-00-51_label_B6-0-0__seg0000_24.083-29.167.wav,danger risk,1,clotho,a person is using a wrench on a piece of paper,-1.114376664161682,Silence,0.027 | 0.0015 | 0.0001 | 0.0002 | 0.0001,ok,
XD-Violence,v=HSisjzLESak__#00-00-00_00-00-51_label_B6-0-0,True,,v=HSisjzLESak__#00-00-00_00-00-51_label_B6-0-0.mp4,B6-0-0,B6,car accident,1,36.0,40.0,4.0,v=HSisjzLESak__#00-00-00_00-00-51_label_B6-0-0__seg0001_36.000-40.000.wav,danger risk,1,clotho,people are talking in the background as a car passes by,-1.3103386163711548,Speech,0.7842 | 0.0042 | 0.0004 | 0.0022 | 0.0011,ok,
XD-Violence,v=HSisjzLESak__#00-00-00_00-00-51_label_B6-0-0,True,,v=HSisjzLESak__#00-00-00_00-00-51_label_B6-0-0.mp4,B6-0-0,B6,car accident,2,48.041667,51.0,2.958333,v=HSisjzLESak__#00-00-00_00-00-51_label_B6-0-0__seg0002_48.042-51.000.wav,danger risk,1,clotho,a machine gun is being fired and people are talking in the background,-1.4071073532104492,"Speech | Explosion | Burst, pop",0.5845 | 0.0009 | 0.0001 | 0.0009 | 0.0003,ok,
XD-Violence,v=HSisjzLESak__#00-01-00_00-02-45_label_B6-0-0,True,,v=HSisjzLESak__#00-01-00_00-02-45_label_B6-0-0.mp4,B6-0-0,B6,car accident,0,0.0,5.083333,5.083333,v=HSisjzLESak__#00-01-00_00-02-45_label_B6-0-0__seg0000_0.000-5.083.wav,danger risk,1,clotho,a man is speaking while a radio is playing in the background,-0.8988907933235168,Speech | Vehicle,0.8544 | 0.0019 | 0.0002 | 0.0003 | 0.0005,ok,
XD-Violence,v=HSisjzLESak__#00-01-00_00-02-45_label_B6-0-0,True,,v=HSisjzLESak__#00-01-00_00-02-45_label_B6-0-0.mp4,B6-0-0,B6,car accident,1,26.666667,37.5,10.833333,v=HSisjzLESak__#00-01-00_00-02-45_label_B6-0-0__seg0001_26.667-37.500.wav,danger risk,1,clotho,a person is walking on a hard surface,-1.3556073904037476,Silence,0.03 | 0.0019 | 0.0002 | 0.0003 | 0.0001,ok,
XD-Violence,v=HSisjzLESak__#00-01-00_00-02-45_label_B6-0-0,True,,v=HSisjzLESak__#00-01-00_00-02-45_label_B6-0-0.mp4,B6-0-0,B6,car accident,2,48.458333,55.416667,6.958333,v=HSisjzLESak__#00-01-00_00-02-45_label_B6-0-0__seg0002_48.458-55.417.wav,danger risk,1,clotho,a steady buzz of a motor is followed by a low hum,-1.4374656677246094,Silence,0.0167 | 0.0038 | 0.0004 | 0.0003 | 0.0003,ok,
XD-Violence,v=HSisjzLESak__#00-01-00_00-02-45_label_B6-0-0,True,,v=HSisjzLESak__#00-01-00_00-02-45_label_B6-0-0.mp4,B6-0-0,B6,car accident,3,68.041667,70.041667,2.0,v=HSisjzLESak__#00-01-00_00-02-45_label_B6-0-0__seg0003_68.042-70.042.wav,danger risk,1,clotho,a person is walking on a hard surface,-1.3530975580215454,,0.0175 | 0.0008 | 0.0001 | 0.0 | 0.0,ok,
XD-Violence,v=HSisjzLESak__#00-07-40_00-08-50_label_B6-0-0,True,,v=HSisjzLESak__#00-07-40_00-08-50_label_B6-0-0.mp4,B6-0-0,B6,car accident,0,13.416667,21.75,8.333333,v=HSisjzLESak__#00-07-40_00-08-50_label_B6-0-0__seg0000_13.417-21.750.wav,danger risk,1,clotho,a man is speaking while a bell is ringing,-1.012226104736328,Speech,0.8372 | 0.0006 | 0.0001 | 0.0006 | 0.0003,ok,
XD-Violence,v=HSisjzLESak__#00-07-40_00-08-50_label_B6-0-0,True,,v=HSisjzLESak__#00-07-40_00-08-50_label_B6-0-0.mp4,B6-0-0,B6,car accident,1,55.833333,64.375,8.541667,v=HSisjzLESak__#00-07-40_00-08-50_label_B6-0-0__seg0001_55.833-64.375.wav,danger risk,1,clotho,a car is driving on the road with the windows rolled down,-1.2911375761032104,,0.0671 | 0.0004 | 0.0004 | 0.0002 | 0.0004,ok,
XD-Violence,v=HUL83wCQATc__#1_label_B1-0-0,True,,v=HUL83wCQATc__#1_label_B1-0-0.mp4,B1-0-0,B1,fighting,0,6.041667,16.75,10.708333,v=HUL83wCQATc__#1_label_B1-0-0__seg0000_6.042-16.750.wav,danger risk,1,clotho,a man is speaking while a crowd cheers,-1.1432061195373535,Speech | Basketball bounce,0.6455 | 0.0478 | 0.0044 | 0.0014 | 0.0142,ok,
XD-Violence,v=HUL83wCQATc__#1_label_B1-0-0,True,,v=HUL83wCQATc__#1_label_B1-0-0.mp4,B1-0-0,B1,fighting,1,41.666667,58.458333,16.791667,v=HUL83wCQATc__#1_label_B1-0-0__seg0001_41.667-58.458.wav,danger risk,1,clotho,a crowd of people are talking and cheering while music plays in the background,-0.967213213443756,Speech | Music | Basketball bounce,0.5641 | 0.0283 | 0.0019 | 0.0012 | 0.0028,ok,
XD-Violence,v=Hnfy9XhlIPM__#1_label_B4-0-0,True,,v=Hnfy9XhlIPM__#1_label_B4-0-0.mp4,B4-0-0,B4,riot,0,2.75,62.75,60.0,v=Hnfy9XhlIPM__#1_label_B4-0-0__seg0000_2.750-62.750.wav,danger risk,1,clotho,a crowd of people are shouting and yelling while a siren is going off,-1.0296801328659058,Speech | Chatter,0.8521 | 0.0067 | 0.0024 | 0.001 | 0.0048,ok,
XD-Violence,v=Hnfy9XhlIPM__#1_label_B4-0-0,True,,v=Hnfy9XhlIPM__#1_label_B4-0-0.mp4,B4-0-0,B4,riot,1,62.75,122.75,60.0,v=Hnfy9XhlIPM__#1_label_B4-0-0__seg0001_62.750-122.750.wav,danger risk,1,clotho,a crowd of people are talking and yelling while a gun is fired,-1.2312843799591064,"Speech | Outside, urban or manmade",0.9241 | 0.0025 | 0.0013 | 0.0019 | 0.0018,ok,
XD-Violence,v=Hnfy9XhlIPM__#1_label_B4-0-0,True,,v=Hnfy9XhlIPM__#1_label_B4-0-0.mp4,B4-0-0,B4,riot,2,122.75,182.75,60.0,v=Hnfy9XhlIPM__#1_label_B4-0-0__seg0002_122.750-182.750.wav,danger risk,1,clotho,a group of people are talking and a car horn honks,-1.014255404472351,"Speech | Outside, urban or manmade",0.851 | 0.0076 | 0.0007 | 0.0051 | 0.002,ok,
XD-Violence,v=Hnfy9XhlIPM__#1_label_B4-0-0,True,,v=Hnfy9XhlIPM__#1_label_B4-0-0.mp4,B4-0-0,B4,riot,3,182.75,192.5,9.75,v=Hnfy9XhlIPM__#1_label_B4-0-0__seg0003_182.750-192.500.wav,danger risk,1,clotho,people are talking while a car is driving by,-1.3173625469207764,Speech,0.9313 | 0.0218 | 0.001 | 0.0076 | 0.0026,ok,
XD-Violence,v=ICnreR1hxP0__#1_label_B4-0-0,True,,v=ICnreR1hxP0__#1_label_B4-0-0.mp4,B4-0-0,B4,riot,0,0.0,60.0,60.0,v=ICnreR1hxP0__#1_label_B4-0-0__seg0000_0.000-60.000.wav,danger risk,1,clotho,people are talking while cars are honking in the background,-0.8010797500610352,"Speech | Vehicle | Toot | Traffic noise, roadway noise",0.8672 | 0.0036 | 0.0006 | 0.0005 | 0.0016,ok,
XD-Violence,v=ICnreR1hxP0__#1_label_B4-0-0,True,,v=ICnreR1hxP0__#1_label_B4-0-0.mp4,B4-0-0,B4,riot,1,60.0,120.0,60.0,v=ICnreR1hxP0__#1_label_B4-0-0__seg0001_60.000-120.000.wav,danger risk,1,clotho,people are talking while a machine is running in the background,-1.0234249830245972,Speech | Vehicle | Artillery fire,0.6205 | 0.0017 | 0.0001 | 0.0004 | 0.0003,ok,
XD-Violence,v=ICnreR1hxP0__#1_label_B4-0-0,True,,v=ICnreR1hxP0__#1_label_B4-0-0.mp4,B4-0-0,B4,riot,2,120.0,165.666667,45.666667,v=ICnreR1hxP0__#1_label_B4-0-0__seg0002_120.000-165.667.wav,danger risk,1,clotho,a crowd of people are shouting and yelling,-1.12734854221344,Speech | Crowd,0.7901 | 0.0064 | 0.0009 | 0.0004 | 0.002,ok,
XD-Violence,v=IWzI9V3WSnc__#1_label_B4-0-0,True,,v=IWzI9V3WSnc__#1_label_B4-0-0.mp4,B4-0-0,B4,riot,0,0.166667,60.166667,60.0,v=IWzI9V3WSnc__#1_label_B4-0-0__seg0000_0.167-60.167.wav,danger risk,1,clotho,a man is speaking while a gun is fired in the background,-0.8994742035865784,Speech | Fireworks | Firecracker,0.9221 | 0.0207 | 0.0012 | 0.0009 | 0.0009,ok,
XD-Violence,v=IWzI9V3WSnc__#1_label_B4-0-0,True,,v=IWzI9V3WSnc__#1_label_B4-0-0.mp4,B4-0-0,B4,riot,1,60.166667,111.958333,51.791667,v=IWzI9V3WSnc__#1_label_B4-0-0__seg0001_60.167-111.958.wav,danger risk,1,clotho,a man is speaking while fireworks are exploding in the background,-0.8217362761497498,Speech | Fireworks,0.9211 | 0.0123 | 0.0005 | 0.0003 | 0.0005,ok,
XD-Violence,v=Ia9ATKNeUbY__#00-01-52_00-03-10_label_B6-0-0,True,,v=Ia9ATKNeUbY__#00-01-52_00-03-10_label_B6-0-0.mp4,B6-0-0,B6,car accident,0,3.75,6.041667,2.291667,v=Ia9ATKNeUbY__#00-01-52_00-03-10_label_B6-0-0__seg0000_3.750-6.042.wav,danger risk,1,clotho,a car is driving on the road with the windows rolled down,-1.485337495803833,,0.0259 | 0.0002 | 0.0001 | 0.0005 | 0.0001,ok,
XD-Violence,v=Ia9ATKNeUbY__#00-01-52_00-03-10_label_B6-0-0,True,,v=Ia9ATKNeUbY__#00-01-52_00-03-10_label_B6-0-0.mp4,B6-0-0,B6,car accident,1,19.583333,23.75,4.166667,v=Ia9ATKNeUbY__#00-01-52_00-03-10_label_B6-0-0__seg0001_19.583-23.750.wav,danger risk,1,clotho,music is playing and people are talking in the background,-0.9236510992050172,Music,0.1099 | 0.0008 | 0.0002 | 0.0005 | 0.0003,ok,
XD-Violence,v=Ia9ATKNeUbY__#00-01-52_00-03-10_label_B6-0-0,True,,v=Ia9ATKNeUbY__#00-01-52_00-03-10_label_B6-0-0.mp4,B6-0-0,B6,car accident,2,47.083333,50.0,2.916667,v=Ia9ATKNeUbY__#00-01-52_00-03-10_label_B6-0-0__seg0002_47.083-50.000.wav,danger risk,1,clotho,a person picks up and drops a paper shredder,-1.5457913875579834,Speech,0.3573 | 0.0035 | 0.0008 | 0.0004 | 0.0003,ok,
XD-Violence,v=Ia9ATKNeUbY__#00-01-52_00-03-10_label_B6-0-0,True,,v=Ia9ATKNeUbY__#00-01-52_00-03-10_label_B6-0-0.mp4,B6-0-0,B6,car accident,3,62.208333,69.166667,6.958333,v=Ia9ATKNeUbY__#00-01-52_00-03-10_label_B6-0-0__seg0003_62.208-69.167.wav,danger risk,1,clotho,a man is speaking over an intercom in the background,-0.9076137542724608,Speech | Conversation,0.8534 | 0.127 | 0.0338 | 0.0002 | 0.5117,ok,
XD-Violence,v=Ia9ATKNeUbY__#00-04-19_00-05-11_label_B6-0-0,True,,v=Ia9ATKNeUbY__#00-04-19_00-05-11_label_B6-0-0.mp4,B6-0-0,B6,car accident,0,1.125,5.541667,4.416667,v=Ia9ATKNeUbY__#00-04-19_00-05-11_label_B6-0-0__seg0000_1.125-5.542.wav,danger risk,1,clotho,windshield wipers are making noise and flapping noises,-1.7885252237319946,,0.0455 | 0.0004 | 0.0002 | 0.0002 | 0.0005,ok,
XD-Violence,v=Ia9ATKNeUbY__#00-04-19_00-05-11_label_B6-0-0,True,,v=Ia9ATKNeUbY__#00-04-19_00-05-11_label_B6-0-0.mp4,B6-0-0,B6,car accident,1,11.416667,21.25,9.833333,v=Ia9ATKNeUbY__#00-04-19_00-05-11_label_B6-0-0__seg0001_11.417-21.250.wav,danger risk,1,clotho,the wind is blowing and the rain is hitting the ground,-1.2114708423614502,Silence,0.034 | 0.0023 | 0.0006 | 0.0004 | 0.0001,ok,
XD-Violence,v=Ia9ATKNeUbY__#00-04-19_00-05-11_label_B6-0-0,True,,v=Ia9ATKNeUbY__#00-04-19_00-05-11_label_B6-0-0.mp4,B6-0-0,B6,car accident,2,47.375,48.75,1.375,v=Ia9ATKNeUbY__#00-04-19_00-05-11_label_B6-0-0__seg0002_47.375-48.750.wav,danger risk,1,clotho,a woman is speaking while a machine is running in the background,-0.9642564058303832,Speech,0.5728 | 0.0007 | 0.001 | 0.0004 | 0.0002,ok,
XD-Violence,v=Ia9ATKNeUbY__#00-05-19_00-06-09_label_B6-0-0,True,,v=Ia9ATKNeUbY__#00-05-19_00-06-09_label_B6-0-0.mp4,B6-0-0,B6,car accident,0,5.0,7.5,2.5,v=Ia9ATKNeUbY__#00-05-19_00-06-09_label_B6-0-0__seg0000_5.000-7.500.wav,danger risk,1,clotho,hail is falling on the roof of a house,-1.45695960521698,,0.0303 | 0.0004 | 0.0001 | 0.0005 | 0.0001,ok,
XD-Violence,v=Ia9ATKNeUbY__#00-05-19_00-06-09_label_B6-0-0,True,,v=Ia9ATKNeUbY__#00-05-19_00-06-09_label_B6-0-0.mp4,B6-0-0,B6,car accident,1,33.333333,35.625,2.291667,v=Ia9ATKNeUbY__#00-05-19_00-06-09_label_B6-0-0__seg0001_33.333-35.625.wav,danger risk,1,clotho,music plays in the background as a car drives by,-1.1466301679611206,Music | Vehicle,0.0312 | 0.0003 | 0.0001 | 0.0002 | 0.0001,ok,
XD-Violence,v=Ia9ATKNeUbY__#00-05-19_00-06-09_label_B6-0-0,True,,v=Ia9ATKNeUbY__#00-05-19_00-06-09_label_B6-0-0.mp4,B6-0-0,B6,car accident,2,46.333333,49.375,3.041667,v=Ia9ATKNeUbY__#00-05-19_00-06-09_label_B6-0-0__seg0002_46.333-49.375.wav,danger risk,1,clotho,a large metal object is being hit against another hard surface,-1.2265008687973022,Speech | Breaking,0.3888 | 0.0007 | 0.0002 | 0.0002 | 0.0003,ok,
XD-Violence,v=Ia9ATKNeUbY__#00-06-19_00-06-50_label_B6-0-0,True,,v=Ia9ATKNeUbY__#00-06-19_00-06-50_label_B6-0-0.mp4,B6-0-0,B6,car accident,0,10.25,12.083333,1.833333,v=Ia9ATKNeUbY__#00-06-19_00-06-50_label_B6-0-0__seg0000_10.250-12.083.wav,danger risk,1,clotho,someone is breaking a glass bottle with a lot of hail,-1.969647765159607,Speech | Breaking,0.6328 | 0.001 | 0.0004 | 0.0005 | 0.0002,ok,
XD-Violence,v=Ia9ATKNeUbY__#00-06-19_00-06-50_label_B6-0-0,True,,v=Ia9ATKNeUbY__#00-06-19_00-06-50_label_B6-0-0.mp4,B6-0-0,B6,car accident,1,17.791667,21.958333,4.166667,v=Ia9ATKNeUbY__#00-06-19_00-06-50_label_B6-0-0__seg0001_17.792-21.958.wav,danger risk,1,clotho,a person is playing a note on a keyboard,-1.2900426387786863,Silence,0.0266 | 0.0013 | 0.0001 | 0.0002 | 0.0001,ok,
XD-Violence,v=Ia9ATKNeUbY__#00-06-19_00-06-50_label_B6-0-0,True,,v=Ia9ATKNeUbY__#00-06-19_00-06-50_label_B6-0-0.mp4,B6-0-0,B6,car accident,2,28.625,31.0,2.375,v=Ia9ATKNeUbY__#00-06-19_00-06-50_label_B6-0-0__seg0002_28.625-31.000.wav,danger risk,1,clotho,a drum beat is being played with drums,-1.3560471534729004,Music | Musical instrument | Heavy metal,0.013 | 0.0001 | 0.0002 | 0.0002 | 0.0001,ok,
XD-Violence,v=J67oj92maC0__#1_label_G-0-0,True,,v=J67oj92maC0__#1_label_G-0-0.mp4,G-0-0,G,explosion,0,12.208333,30.833333,18.625,v=J67oj92maC0__#1_label_G-0-0__seg0000_12.208-30.833.wav,danger risk,1,clotho,a man is speaking and then a gun is fired,-1.0936827659606934,Speech | Explosion,0.8297 | 0.0064 | 0.002 | 0.0012 | 0.0043,ok,
XD-Violence,v=J67oj92maC0__#1_label_G-0-0,True,,v=J67oj92maC0__#1_label_G-0-0.mp4,G-0-0,G,explosion,1,33.583333,50.0,16.416667,v=J67oj92maC0__#1_label_G-0-0__seg0001_33.583-50.000.wav,danger risk,1,clotho,a man is speaking while fireworks are exploding in the background,-0.8433939814567566,"Speech | Explosion | Burst, pop",0.8187 | 0.0037 | 0.0003 | 0.0014 | 0.0019,ok,
XD-Violence,v=J67oj92maC0__#1_label_G-0-0,True,,v=J67oj92maC0__#1_label_G-0-0.mp4,G-0-0,G,explosion,2,56.083333,68.75,12.666667,v=J67oj92maC0__#1_label_G-0-0__seg0002_56.083-68.750.wav,danger risk,1,clotho,fireworks are going off in the distance and people are talking,-0.8427783846855164,Speech | Explosion,0.7994 | 0.0012 | 0.0002 | 0.0015 | 0.0002,ok,
XD-Violence,v=J67oj92maC0__#1_label_G-0-0,True,,v=J67oj92maC0__#1_label_G-0-0.mp4,G-0-0,G,explosion,3,70.75,86.916667,16.166667,v=J67oj92maC0__#1_label_G-0-0__seg0003_70.750-86.917.wav,danger risk,1,clotho,a man is speaking and then a gun is fired,-1.1647670269012451,Speech,0.8143 | 0.0068 | 0.0013 | 0.0005 | 0.0011,ok,
XD-Violence,v=J67oj92maC0__#1_label_G-0-0,True,,v=J67oj92maC0__#1_label_G-0-0.mp4,G-0-0,G,explosion,4,92.208333,117.916667,25.708333,v=J67oj92maC0__#1_label_G-0-0__seg0004_92.208-117.917.wav,danger risk,1,clotho,people are talking and laughing while fireworks are going off in the distance,-1.0379807949066162,Speech,0.7251 | 0.0015 | 0.0002 | 0.0011 | 0.0009,ok,
XD-Violence,v=J67oj92maC0__#1_label_G-0-0,True,,v=J67oj92maC0__#1_label_G-0-0.mp4,G-0-0,G,explosion,5,135.833333,165.0,29.166667,v=J67oj92maC0__#1_label_G-0-0__seg0005_135.833-165.000.wav,danger risk,1,clotho,fireworks are going off in the distance and then a gun is fired,-1.060904622077942,Explosion | Fireworks,0.1969 | 0.0001 | 0.0001 | 0.0005 | 0.0,ok,
XD-Violence,v=J67oj92maC0__#1_label_G-0-0,True,,v=J67oj92maC0__#1_label_G-0-0.mp4,G-0-0,G,explosion,6,169.083333,194.583333,25.5,v=J67oj92maC0__#1_label_G-0-0__seg0006_169.083-194.583.wav,danger risk,1,clotho,a group of people are talking and laughing with each other,-1.105222463607788,"Speech | Explosion | Burst, pop | Eruption",0.7933 | 0.0011 | 0.0003 | 0.0034 | 0.0002,ok,
XD-Violence,v=J_ZsNd97wXw__#1_label_G-0-0,True,,v=J_ZsNd97wXw__#1_label_G-0-0.mp4,G-0-0,G,explosion,0,2.5,27.5,25.0,v=J_ZsNd97wXw__#1_label_G-0-0__seg0000_2.500-27.500.wav,danger risk,1,clotho,a man is speaking and then a gun is fired,-1.1339901685714722,Speech | Music,0.8395 | 0.0057 | 0.0005 | 0.0019 | 0.0013,ok,
XD-Violence,v=J_ZsNd97wXw__#1_label_G-0-0,True,,v=J_ZsNd97wXw__#1_label_G-0-0.mp4,G-0-0,G,explosion,1,42.708333,45.416667,2.708333,v=J_ZsNd97wXw__#1_label_G-0-0__seg0001_42.708-45.417.wav,danger risk,1,clotho,rain is falling and hail is hitting the ground,-1.4293075799942017,Music | Rain | Rain on surface,0.0302 | 0.0004 | 0.0002 | 0.0001 | 0.0002,ok,
XD-Violence,v=JfLYNEsrTew__#1_label_G-0-0,True,,v=JfLYNEsrTew__#1_label_G-0-0.mp4,G-0-0,G,explosion,0,2.166667,17.916667,15.75,v=JfLYNEsrTew__#1_label_G-0-0__seg0000_2.167-17.917.wav,danger risk,1,clotho,the wind is blowing and the thunder is rumbling in the distance,-1.0808144807815552,Explosion | Firecracker,0.0446 | 0.0001 | 0.0 | 0.0001 | 0.0,ok,
XD-Violence,v=KUeUxbsBO6s__#1_label_B1-0-0,True,,v=KUeUxbsBO6s__#1_label_B1-0-0.mp4,B1-0-0,B1,fighting,0,43.416667,83.333333,39.916667,v=KUeUxbsBO6s__#1_label_B1-0-0__seg0000_43.417-83.333.wav,danger risk,1,clotho,a woman is speaking while music plays in the background,-0.7677797675132751,Speech | Music,0.8141 | 0.0165 | 0.0427 | 0.0013 | 0.0063,ok,
XD-Violence,v=LJ0Pu5_Mefs__#1_label_G-0-0,True,,v=LJ0Pu5_Mefs__#1_label_G-0-0.mp4,G-0-0,G,explosion,0,28.916667,35.458333,6.541667,v=LJ0Pu5_Mefs__#1_label_G-0-0__seg0000_28.917-35.458.wav,danger risk,1,clotho,a man is speaking while a gun is fired in the background,-1.2250319719314575,Speech | Artillery fire,0.3912 | 0.0003 | 0.0001 | 0.0019 | 0.0001,ok,
XD-Violence,v=Lt9M_tSij_4__#00-00-00_00-04-24_label_B6-0-0,True,,v=Lt9M_tSij_4__#00-00-00_00-04-24_label_B6-0-0.mp4,B6-0-0,B6,car accident,0,7.083333,15.041667,7.958333,v=Lt9M_tSij_4__#00-00-00_00-04-24_label_B6-0-0__seg0000_7.083-15.042.wav,danger risk,1,clotho,a man is speaking while music plays in the background,-0.7279611229896545,Speech | Music | Vehicle | Car,0.7897 | 0.0144 | 0.0005 | 0.0001 | 0.0023,ok,
XD-Violence,v=Lt9M_tSij_4__#00-00-00_00-04-24_label_B6-0-0,True,,v=Lt9M_tSij_4__#00-00-00_00-04-24_label_B6-0-0.mp4,B6-0-0,B6,car accident,1,20.916667,27.375,6.458333,v=Lt9M_tSij_4__#00-00-00_00-04-24_label_B6-0-0__seg0001_20.917-27.375.wav,danger risk,1,clotho,a machine is running and then a door opens and closes,-1.437662124633789,Music,0.0059 | 0.0001 | 0.0 | 0.0 | 0.0,ok,
XD-Violence,v=Lt9M_tSij_4__#00-00-00_00-04-24_label_B6-0-0,True,,v=Lt9M_tSij_4__#00-00-00_00-04-24_label_B6-0-0.mp4,B6-0-0,B6,car accident,2,37.916667,43.5,5.583333,v=Lt9M_tSij_4__#00-00-00_00-04-24_label_B6-0-0__seg0002_37.917-43.500.wav,danger risk,1,clotho,a wooden object is being dragged across another hard surface,-1.0056979656219482,,0.0093 | 0.0002 | 0.0001 | 0.0003 | 0.0,ok,
XD-Violence,v=Lt9M_tSij_4__#00-00-00_00-04-24_label_B6-0-0,True,,v=Lt9M_tSij_4__#00-00-00_00-04-24_label_B6-0-0.mp4,B6-0-0,B6,car accident,3,48.875,70.833333,21.958333,v=Lt9M_tSij_4__#00-00-00_00-04-24_label_B6-0-0__seg0003_48.875-70.833.wav,danger risk,1,clotho,a man is speaking and then a phone rings,-1.0836519002914429,Speech | Vehicle,0.8745 | 0.0117 | 0.0009 | 0.0002 | 0.003,ok,
XD-Violence,v=Lt9M_tSij_4__#00-00-00_00-04-24_label_B6-0-0,True,,v=Lt9M_tSij_4__#00-00-00_00-04-24_label_B6-0-0.mp4,B6-0-0,B6,car accident,4,78.458333,83.333333,4.875,v=Lt9M_tSij_4__#00-00-00_00-04-24_label_B6-0-0__seg0004_78.458-83.333.wav,danger risk,1,clotho,a man is speaking while music plays in the background,-0.7704408168792725,Speech | Music | Vehicle | Car | Car passing by,0.4622 | 0.0019 | 0.0001 | 0.0001 | 0.0003,ok,
XD-Violence,v=Lt9M_tSij_4__#00-00-00_00-04-24_label_B6-0-0,True,,v=Lt9M_tSij_4__#00-00-00_00-04-24_label_B6-0-0.mp4,B6-0-0,B6,car accident,5,87.625,89.916667,2.291667,v=Lt9M_tSij_4__#00-00-00_00-04-24_label_B6-0-0__seg0005_87.625-89.917.wav,danger risk,1,clotho,a car is driving by on the road with a window wound down,-1.4536293745040894,Animal | Snake | Music,0.0759 | 0.0011 | 0.0002 | 0.0006 | 0.0003,ok,
XD-Violence,v=Lt9M_tSij_4__#00-00-00_00-04-24_label_B6-0-0,True,,v=Lt9M_tSij_4__#00-00-00_00-04-24_label_B6-0-0.mp4,B6-0-0,B6,car accident,6,107.208333,110.083333,2.875,v=Lt9M_tSij_4__#00-00-00_00-04-24_label_B6-0-0__seg0006_107.208-110.083.wav,danger risk,1,clotho,fireworks are going off in the distance,-1.028609037399292,,0.0884 | 0.0003 | 0.0 | 0.0001 | 0.0,ok,
XD-Violence,v=Lt9M_tSij_4__#00-00-00_00-04-24_label_B6-0-0,True,,v=Lt9M_tSij_4__#00-00-00_00-04-24_label_B6-0-0.mp4,B6-0-0,B6,car accident,7,124.25,134.041667,9.791667,v=Lt9M_tSij_4__#00-00-00_00-04-24_label_B6-0-0__seg0007_124.250-134.042.wav,danger risk,1,clotho,a man is speaking while a radio is playing in the background,-1.0942862033843994,Speech | Music,0.7741 | 0.0019 | 0.0004 | 0.0006 | 0.0003,ok,
XD-Violence,v=Lt9M_tSij_4__#00-00-00_00-04-24_label_B6-0-0,True,,v=Lt9M_tSij_4__#00-00-00_00-04-24_label_B6-0-0.mp4,B6-0-0,B6,car accident,8,139.583333,144.208333,4.625,v=Lt9M_tSij_4__#00-00-00_00-04-24_label_B6-0-0__seg0008_139.583-144.208.wav,danger risk,1,clotho,a man is speaking over an intercom in the background,-0.93490332365036,Speech,0.8251 | 0.0656 | 0.0039 | 0.0001 | 0.0133,ok,
XD-Violence,v=Lt9M_tSij_4__#00-00-00_00-04-24_label_B6-0-0,True,,v=Lt9M_tSij_4__#00-00-00_00-04-24_label_B6-0-0.mp4,B6-0-0,B6,car accident,9,152.208333,157.083333,4.875,v=Lt9M_tSij_4__#00-00-00_00-04-24_label_B6-0-0__seg0009_152.208-157.083.wav,danger risk,1,clotho,a man is speaking while a bell rings in the background,-1.0137728452682495,Speech | Vehicle,0.7299 | 0.0005 | 0.0002 | 0.0002 | 0.0005,ok,
XD-Violence,v=Lt9M_tSij_4__#00-00-00_00-04-24_label_B6-0-0,True,,v=Lt9M_tSij_4__#00-00-00_00-04-24_label_B6-0-0.mp4,B6-0-0,B6,car accident,10,170.5,175.833333,5.333333,v=Lt9M_tSij_4__#00-00-00_00-04-24_label_B6-0-0__seg0010_170.500-175.833.wav,danger risk,1,clotho,a man is speaking and a child is yelling,-1.2982618808746338,Speech | Vehicle,0.8979 | 0.0064 | 0.0018 | 0.0007 | 0.0013,ok,
XD-Violence,v=Lt9M_tSij_4__#00-00-00_00-04-24_label_B6-0-0,True,,v=Lt9M_tSij_4__#00-00-00_00-04-24_label_B6-0-0.mp4,B6-0-0,B6,car accident,11,186.791667,189.5,2.708333,v=Lt9M_tSij_4__#00-00-00_00-04-24_label_B6-0-0__seg0011_186.792-189.500.wav,danger risk,1,clotho,a man is speaking while cars are driving in the background,-0.8642942905426025,Speech,0.5709 | 0.0079 | 0.0002 | 0.0004 | 0.0007,ok,
XD-Violence,v=Lt9M_tSij_4__#00-00-00_00-04-24_label_B6-0-0,True,,v=Lt9M_tSij_4__#00-00-00_00-04-24_label_B6-0-0.mp4,B6-0-0,B6,car accident,12,202.458333,207.583333,5.125,v=Lt9M_tSij_4__#00-00-00_00-04-24_label_B6-0-0__seg0012_202.458-207.583.wav,danger risk,1,clotho,a man is speaking as a car door is being opened and closed,-1.0914666652679443,Speech | Vehicle,0.8652 | 0.0004 | 0.0001 | 0.0005 | 0.0001,ok,
XD-Violence,v=Lt9M_tSij_4__#00-00-00_00-04-24_label_B6-0-0,True,,v=Lt9M_tSij_4__#00-00-00_00-04-24_label_B6-0-0.mp4,B6-0-0,B6,car accident,13,216.125,220.458333,4.333333,v=Lt9M_tSij_4__#00-00-00_00-04-24_label_B6-0-0__seg0013_216.125-220.458.wav,danger risk,1,clotho,a man is speaking while a heavy object is being moved,-1.2336972951889038,Speech | Vehicle,0.9174 | 0.0007 | 0.0004 | 0.0003 | 0.0001,ok,
XD-Violence,v=Lt9M_tSij_4__#00-00-00_00-04-24_label_B6-0-0,True,,v=Lt9M_tSij_4__#00-00-00_00-04-24_label_B6-0-0.mp4,B6-0-0,B6,car accident,14,229.791667,238.5,8.708333,v=Lt9M_tSij_4__#00-00-00_00-04-24_label_B6-0-0__seg0014_229.792-238.500.wav,danger risk,1,clotho,a man is speaking over an intercom to a train,-1.1505115032196045,Speech | Vehicle,0.7503 | 0.0166 | 0.0007 | 0.0001 | 0.0062,ok,
XD-Violence,v=Lt9M_tSij_4__#00-00-00_00-04-24_label_B6-0-0,True,,v=Lt9M_tSij_4__#00-00-00_00-04-24_label_B6-0-0.mp4,B6-0-0,B6,car accident,15,262.041667,263.958333,1.916667,v=Lt9M_tSij_4__#00-00-00_00-04-24_label_B6-0-0__seg0015_262.042-263.958.wav,danger risk,1,clotho,a man is speaking while others are talking in the background,-0.8329622745513916,Speech,0.9513 | 0.0082 | 0.0007 | 0.0014 | 0.0119,ok,
XD-Violence,v=MJLylzPRvyw__#1_label_B4-0-0,True,,v=MJLylzPRvyw__#1_label_B4-0-0.mp4,B4-0-0,B4,riot,0,5.625,65.625,60.0,v=MJLylzPRvyw__#1_label_B4-0-0__seg0000_5.625-65.625.wav,danger risk,1,clotho,a group of people are shouting and yelling,-1.0501737594604492,Speech,0.8521 | 0.0078 | 0.0024 | 0.0021 | 0.003,ok,
XD-Violence,v=MJLylzPRvyw__#1_label_B4-0-0,True,,v=MJLylzPRvyw__#1_label_B4-0-0.mp4,B4-0-0,B4,riot,1,65.625,125.625,60.0,v=MJLylzPRvyw__#1_label_B4-0-0__seg0001_65.625-125.625.wav,danger risk,1,clotho,a group of people are shouting and yelling,-1.053719401359558,Speech,0.671 | 0.0034 | 0.0045 | 0.0035 | 0.0042,ok,
XD-Violence,v=MJLylzPRvyw__#1_label_B4-0-0,True,,v=MJLylzPRvyw__#1_label_B4-0-0.mp4,B4-0-0,B4,riot,2,125.625,144.708333,19.083333,v=MJLylzPRvyw__#1_label_B4-0-0__seg0002_125.625-144.708.wav,danger risk,1,clotho,a group of people are talking and laughing in a large crowd,-1.098967671394348,Speech,0.8114 | 0.0057 | 0.0093 | 0.0028 | 0.0062,ok,
XD-Violence,v=MqrNCb2N5to__#1_label_B1-0-0,True,,v=MqrNCb2N5to__#1_label_B1-0-0.mp4,B1-0-0,B1,fighting,0,10.291667,17.708333,7.416667,v=MqrNCb2N5to__#1_label_B1-0-0__seg0000_10.292-17.708.wav,danger risk,1,clotho,a crowd of people are talking and cheering,-1.1467257738113403,Speech | Basketball bounce,0.6734 | 0.076 | 0.0023 | 0.0008 | 0.0186,ok,
XD-Violence,v=MqrNCb2N5to__#1_label_B1-0-0,True,,v=MqrNCb2N5to__#1_label_B1-0-0.mp4,B1-0-0,B1,fighting,1,62.291667,69.416667,7.125,v=MqrNCb2N5to__#1_label_B1-0-0__seg0001_62.292-69.417.wav,danger risk,1,clotho,a crowd of people are talking and cheering,-1.1310899257659912,Speech | Basketball bounce,0.5096 | 0.0073 | 0.0007 | 0.0007 | 0.001,ok,
XD-Violence,v=MqrNCb2N5to__#1_label_B1-0-0,True,,v=MqrNCb2N5to__#1_label_B1-0-0.mp4,B1-0-0,B1,fighting,2,77.166667,81.25,4.083333,v=MqrNCb2N5to__#1_label_B1-0-0__seg0002_77.167-81.250.wav,danger risk,1,clotho,a man is giving a speech with a crowd of people,-0.9777368903160096,Speech,0.8843 | 0.0964 | 0.0039 | 0.0011 | 0.0088,ok,
XD-Violence,v=MqrNCb2N5to__#1_label_B1-0-0,True,,v=MqrNCb2N5to__#1_label_B1-0-0.mp4,B1-0-0,B1,fighting,3,92.458333,102.083333,9.625,v=MqrNCb2N5to__#1_label_B1-0-0__seg0003_92.458-102.083.wav,danger risk,1,clotho,a man is speaking while a crowd of people are talking in the background,-0.7866243124008179,Speech,0.8109 | 0.0485 | 0.0008 | 0.0005 | 0.003,ok,
XD-Violence,v=NnmqkS1e88s__#1_label_B4-0-0,True,,v=NnmqkS1e88s__#1_label_B4-0-0.mp4,B4-0-0,B4,riot,0,0.0,60.0,60.0,v=NnmqkS1e88s__#1_label_B4-0-0__seg0000_0.000-60.000.wav,danger risk,1,clotho,a group of people are talking and yelling,-1.0917680263519287,Speech,0.3955 | 0.0123 | 0.0013 | 0.0004 | 0.0049,ok,
XD-Violence,v=NnmqkS1e88s__#1_label_B4-0-0,True,,v=NnmqkS1e88s__#1_label_B4-0-0.mp4,B4-0-0,B4,riot,1,60.0,72.916667,12.916667,v=NnmqkS1e88s__#1_label_B4-0-0__seg0001_60.000-72.917.wav,danger risk,1,clotho,a cow is mooing and people are talking in the background,-1.0534191131591797,Speech | Foghorn,0.3392 | 0.0021 | 0.0016 | 0.0033 | 0.0012,ok,
XD-Violence,v=O9g1uuI62m0__#1_label_B4-0-0,True,,v=O9g1uuI62m0__#1_label_B4-0-0.mp4,B4-0-0,B4,riot,0,0.0,60.0,60.0,v=O9g1uuI62m0__#1_label_B4-0-0__seg0000_0.000-60.000.wav,danger risk,1,clotho,a crowd of people are shouting and yelling,-1.1166690587997437,Speech,0.9 | 0.0071 | 0.0008 | 0.0004 | 0.0014,ok,
XD-Violence,v=O9g1uuI62m0__#1_label_B4-0-0,True,,v=O9g1uuI62m0__#1_label_B4-0-0.mp4,B4-0-0,B4,riot,1,60.0,120.0,60.0,v=O9g1uuI62m0__#1_label_B4-0-0__seg0001_60.000-120.000.wav,danger risk,1,clotho,a man is speaking while a siren is blaring in the background,-0.8869754076004028,Speech | Emergency vehicle | Police car (siren),0.893 | 0.0677 | 0.0021 | 0.0008 | 0.0045,ok,
XD-Violence,v=O9g1uuI62m0__#1_label_B4-0-0,True,,v=O9g1uuI62m0__#1_label_B4-0-0.mp4,B4-0-0,B4,riot,2,120.0,180.0,60.0,v=O9g1uuI62m0__#1_label_B4-0-0__seg0002_120.000-180.000.wav,danger risk,1,clotho,people are talking while a siren is blaring in the background,-0.8340699672698975,Speech,0.8014 | 0.0138 | 0.0042 | 0.0018 | 0.0127,ok,
XD-Violence,v=O9g1uuI62m0__#1_label_B4-0-0,True,,v=O9g1uuI62m0__#1_label_B4-0-0.mp4,B4-0-0,B4,riot,3,180.0,185.833333,5.833333,v=O9g1uuI62m0__#1_label_B4-0-0__seg0003_180.000-185.833.wav,danger risk,1,clotho,a siren is blaring while a police car is driving by,-1.1597905158996582,Vehicle | Emergency vehicle | Police car (siren) | Siren,0.1357 | 0.0007 | 0.0002 | 0.0001 | 0.0001,ok,
XD-Violence,v=OB0-MXNPUIU__#1_label_B4-0-0,True,,v=OB0-MXNPUIU__#1_label_B4-0-0.mp4,B4-0-0,B4,riot,0,0.0,60.0,60.0,v=OB0-MXNPUIU__#1_label_B4-0-0__seg0000_0.000-60.000.wav,danger risk,1,clotho,a group of people are shouting and yelling while a crowd cheers,-1.1725789308547974,Speech | Crowd | Music,0.8324 | 0.0024 | 0.0007 | 0.007 | 0.0007,ok,
XD-Violence,v=OB0-MXNPUIU__#1_label_B4-0-0,True,,v=OB0-MXNPUIU__#1_label_B4-0-0.mp4,B4-0-0,B4,riot,1,60.0,120.0,60.0,v=OB0-MXNPUIU__#1_label_B4-0-0__seg0001_60.000-120.000.wav,danger risk,1,clotho,a crowd of people are cheering and yelling while a whistle blows,-1.3291422128677368,"Speech | Hubbub, speech noise, speech babble | Music",0.8764 | 0.0133 | 0.0008 | 0.0037 | 0.0014,ok,
XD-Violence,v=OB0-MXNPUIU__#1_label_B4-0-0,True,,v=OB0-MXNPUIU__#1_label_B4-0-0.mp4,B4-0-0,B4,riot,2,120.0,167.5,47.5,v=OB0-MXNPUIU__#1_label_B4-0-0__seg0002_120.000-167.500.wav,danger risk,1,clotho,a group of people are shouting and yelling,-1.083162784576416,Speech | Battle cry | Crowd,0.5879 | 0.0041 | 0.0027 | 0.0066 | 0.0026,ok,
XD-Violence,v=OE9t3XImErk__#1_label_B1-0-0,True,,v=OE9t3XImErk__#1_label_B1-0-0.mp4,B1-0-0,B1,fighting,0,8.041667,12.083333,4.041667,v=OE9t3XImErk__#1_label_B1-0-0__seg0000_8.042-12.083.wav,danger risk,1,clotho,a ball bounces against a hard surface while people talk in the background,-1.1173027753829956,Speech | Music,0.8842 | 0.0065 | 0.0018 | 0.0019 | 0.0005,ok,
XD-Violence,v=OFxPTJxA5pg__#1_label_B4-0-0,True,,v=OFxPTJxA5pg__#1_label_B4-0-0.mp4,B4-0-0,B4,riot,0,0.0,60.0,60.0,v=OFxPTJxA5pg__#1_label_B4-0-0__seg0000_0.000-60.000.wav,danger risk,1,clotho,a crowd of people are shouting and yelling,-1.040939450263977,"Speech | Outside, urban or manmade",0.8714 | 0.0154 | 0.0026 | 0.0069 | 0.0087,ok,
XD-Violence,v=OFxPTJxA5pg__#1_label_B4-0-0,True,,v=OFxPTJxA5pg__#1_label_B4-0-0.mp4,B4-0-0,B4,riot,1,60.0,120.0,60.0,v=OFxPTJxA5pg__#1_label_B4-0-0__seg0001_60.000-120.000.wav,danger risk,1,clotho,a crowd of people are shouting and yelling,-1.0932594537734983,Speech,0.8319 | 0.0313 | 0.0044 | 0.0019 | 0.0223,ok,
XD-Violence,v=OFxPTJxA5pg__#1_label_B4-0-0,True,,v=OFxPTJxA5pg__#1_label_B4-0-0.mp4,B4-0-0,B4,riot,2,120.0,180.0,60.0,v=OFxPTJxA5pg__#1_label_B4-0-0__seg0002_120.000-180.000.wav,danger risk,1,clotho,a crowd of people are cheering and yelling loudly,-1.1549246311187744,Speech | Chatter,0.9267 | 0.0683 | 0.007 | 0.0032 | 0.0574,ok,
XD-Violence,v=OFxPTJxA5pg__#1_label_B4-0-0,True,,v=OFxPTJxA5pg__#1_label_B4-0-0.mp4,B4-0-0,B4,riot,3,180.0,240.0,60.0,v=OFxPTJxA5pg__#1_label_B4-0-0__seg0003_180.000-240.000.wav,danger risk,1,clotho,a group of people are shouting and yelling,-1.0604711771011353,Speech | Chatter,0.8741 | 0.0245 | 0.0055 | 0.0022 | 0.0216,ok,
XD-Violence,v=OFxPTJxA5pg__#1_label_B4-0-0,True,,v=OFxPTJxA5pg__#1_label_B4-0-0.mp4,B4-0-0,B4,riot,4,240.0,300.0,60.0,v=OFxPTJxA5pg__#1_label_B4-0-0__seg0004_240.000-300.000.wav,danger risk,1,clotho,a group of people are shouting and yelling loudly,-1.0198891162872314,Speech | Chatter,0.8777 | 0.0321 | 0.0034 | 0.0055 | 0.0291,ok,
XD-Violence,v=OFxPTJxA5pg__#1_label_B4-0-0,True,,v=OFxPTJxA5pg__#1_label_B4-0-0.mp4,B4-0-0,B4,riot,5,300.0,360.0,60.0,v=OFxPTJxA5pg__#1_label_B4-0-0__seg0005_300.000-360.000.wav,danger risk,1,clotho,a crowd of people are talking and yelling,-1.029183864593506,Speech | Chatter,0.8999 | 0.0461 | 0.0081 | 0.0027 | 0.0316,ok,
XD-Violence,v=OFxPTJxA5pg__#1_label_B4-0-0,True,,v=OFxPTJxA5pg__#1_label_B4-0-0.mp4,B4-0-0,B4,riot,6,360.0,420.0,60.0,v=OFxPTJxA5pg__#1_label_B4-0-0__seg0006_360.000-420.000.wav,danger risk,1,clotho,a crowd of people are talking and yelling,-1.04738187789917,"Speech | Outside, urban or manmade",0.9487 | 0.0222 | 0.0027 | 0.0028 | 0.0124,ok,
XD-Violence,v=OFxPTJxA5pg__#1_label_B4-0-0,True,,v=OFxPTJxA5pg__#1_label_B4-0-0.mp4,B4-0-0,B4,riot,7,420.0,480.0,60.0,v=OFxPTJxA5pg__#1_label_B4-0-0__seg0007_420.000-480.000.wav,danger risk,1,clotho,a crowd of people are shouting and yelling,-1.1190199851989746,"Speech | Outside, urban or manmade",0.9192 | 0.0295 | 0.0031 | 0.0029 | 0.0174,ok,
XD-Violence,v=OFxPTJxA5pg__#1_label_B4-0-0,True,,v=OFxPTJxA5pg__#1_label_B4-0-0.mp4,B4-0-0,B4,riot,8,480.0,540.0,60.0,v=OFxPTJxA5pg__#1_label_B4-0-0__seg0008_480.000-540.000.wav,danger risk,1,clotho,a group of people are talking and yelling,-1.0277409553527832,"Speech | Chatter | Hubbub, speech noise, speech babble | Outside, urban or manmade",0.8995 | 0.0504 | 0.0128 | 0.005 | 0.0289,ok,
XD-Violence,v=OFxPTJxA5pg__#1_label_B4-0-0,True,,v=OFxPTJxA5pg__#1_label_B4-0-0.mp4,B4-0-0,B4,riot,9,540.0,600.0,60.0,v=OFxPTJxA5pg__#1_label_B4-0-0__seg0009_540.000-600.000.wav,danger risk,1,clotho,a group of people are talking and yelling,-1.073346495628357,Speech,0.7995 | 0.028 | 0.0031 | 0.0023 | 0.039,ok,
XD-Violence,v=OFxPTJxA5pg__#1_label_B4-0-0,True,,v=OFxPTJxA5pg__#1_label_B4-0-0.mp4,B4-0-0,B4,riot,10,600.0,625.0,25.0,v=OFxPTJxA5pg__#1_label_B4-0-0__seg0010_600.000-625.000.wav,danger risk,1,clotho,a group of people are talking and laughing in a crowd,-1.0819801092147827,Speech,0.9202 | 0.1639 | 0.0052 | 0.0004 | 0.0462,ok,
XD-Violence,v=ONsmJAyFAAw__#1_label_G-0-0,True,,v=ONsmJAyFAAw__#1_label_G-0-0.mp4,G-0-0,G,explosion,0,0.0,60.0,60.0,v=ONsmJAyFAAw__#1_label_G-0-0__seg0000_0.000-60.000.wav,danger risk,1,clotho,a group of people are laughing and talking,-1.1965394020080566,Speech | Explosion,0.8295 | 0.002 | 0.0035 | 0.0232 | 0.0018,ok,
XD-Violence,v=ONsmJAyFAAw__#1_label_G-0-0,True,,v=ONsmJAyFAAw__#1_label_G-0-0.mp4,G-0-0,G,explosion,1,60.0,63.458333,3.458333,v=ONsmJAyFAAw__#1_label_G-0-0__seg0001_60.000-63.458.wav,danger risk,1,clotho,a man is speaking while fireworks are going off in the distance,-1.1179744005203247,Speech | Explosion | Eruption,0.6584 | 0.0006 | 0.0002 | 0.0004 | 0.0001,ok,
XD-Violence,v=OOjjPGN8jSU__#1_label_B6-0-0,True,,v=OOjjPGN8jSU__#1_label_B6-0-0.mp4,B6-0-0,B6,car accident,0,36.833333,37.958333,1.125,v=OOjjPGN8jSU__#1_label_B6-0-0__seg0000_36.833-37.958.wav,danger risk,1,clotho,a loud whooshing occurs followed by a sound effect and then a crash and a,-1.7745494842529297,Music,0.0176 | 0.0001 | 0.0 | 0.0001 | 0.0,ok,
XD-Violence,v=OOjjPGN8jSU__#1_label_B6-0-0,True,,v=OOjjPGN8jSU__#1_label_B6-0-0.mp4,B6-0-0,B6,car accident,1,41.416667,42.916667,1.5,v=OOjjPGN8jSU__#1_label_B6-0-0__seg0001_41.417-42.917.wav,danger risk,1,clotho,a loud whooshing sound is followed by a large explosion,-1.7202186584472656,Grunt,0.0246 | 0.0001 | 0.0 | 0.0002 | 0.0,ok,
XD-Violence,v=OOjjPGN8jSU__#1_label_B6-0-0,True,,v=OOjjPGN8jSU__#1_label_B6-0-0.mp4,B6-0-0,B6,car accident,2,45.125,45.916667,0.791667,v=OOjjPGN8jSU__#1_label_B6-0-0__seg0002_45.125-45.917.wav,danger risk,1,clotho,a large machine gun is fired and then a car drives by,-1.7554422616958618,,0.0553 | 0.0007 | 0.0004 | 0.0002 | 0.0003,ok,
XD-Violence,v=OOjjPGN8jSU__#1_label_B6-0-0,True,,v=OOjjPGN8jSU__#1_label_B6-0-0.mp4,B6-0-0,B6,car accident,3,51.458333,52.75,1.291667,v=OOjjPGN8jSU__#1_label_B6-0-0__seg0003_51.458-52.750.wav,danger risk,1,clotho,a large explosions and breaking glass shatters with a heavy explosion,-2.308603525161743,Music,0.0469 | 0.0002 | 0.0001 | 0.0002 | 0.0001,ok,
XD-Violence,v=OOjjPGN8jSU__#1_label_B6-0-0,True,,v=OOjjPGN8jSU__#1_label_B6-0-0.mp4,B6-0-0,B6,car accident,4,57.291667,61.791667,4.5,v=OOjjPGN8jSU__#1_label_B6-0-0__seg0004_57.292-61.792.wav,danger risk,1,clotho,a car door is opening and closing repeatedly,-1.4154894351959229,,0.1152 | 0.0005 | 0.0001 | 0.0003 | 0.0002,ok,
XD-Violence,v=OOjjPGN8jSU__#1_label_B6-0-0,True,,v=OOjjPGN8jSU__#1_label_B6-0-0.mp4,B6-0-0,B6,car accident,5,70.0,72.708333,2.708333,v=OOjjPGN8jSU__#1_label_B6-0-0__seg0005_70.000-72.708.wav,danger risk,1,clotho,a race car is racing around the track,-1.2025268077850342,Music | Vehicle | Car | Skidding,0.0276 | 0.0002 | 0.0001 | 0.0001 | 0.0,ok,
XD-Violence,v=OOjjPGN8jSU__#1_label_B6-0-0,True,,v=OOjjPGN8jSU__#1_label_B6-0-0.mp4,B6-0-0,B6,car accident,6,76.25,78.75,2.5,v=OOjjPGN8jSU__#1_label_B6-0-0__seg0006_76.250-78.750.wav,danger risk,1,clotho,a car is racing by and tires are squealing,-1.424835443496704,Music | Vehicle | Car | Skidding,0.0917 | 0.0001 | 0.0001 | 0.0007 | 0.0,ok,
XD-Violence,v=OOjjPGN8jSU__#1_label_B6-0-0,True,,v=OOjjPGN8jSU__#1_label_B6-0-0.mp4,B6-0-0,B6,car accident,7,86.25,93.75,7.5,v=OOjjPGN8jSU__#1_label_B6-0-0__seg0007_86.250-93.750.wav,danger risk,1,clotho,a machine is running and then a car drives by,-1.5489661693572998,Music | Breaking,0.0762 | 0.0002 | 0.0001 | 0.0002 | 0.0,ok,
XD-Violence,v=OOjjPGN8jSU__#1_label_B6-0-0,True,,v=OOjjPGN8jSU__#1_label_B6-0-0.mp4,B6-0-0,B6,car accident,8,96.666667,105.0,8.333333,v=OOjjPGN8jSU__#1_label_B6-0-0__seg0008_96.667-105.000.wav,danger risk,1,clotho,a car engine revs up and drives off into the distance,-1.4006004333496094,Music | Vehicle | Skidding,0.0172 | 0.0001 | 0.0 | 0.0002 | 0.0,ok,
XD-Violence,v=OOjjPGN8jSU__#1_label_B6-0-0,True,,v=OOjjPGN8jSU__#1_label_B6-0-0.mp4,B6-0-0,B6,car accident,9,106.541667,110.416667,3.875,v=OOjjPGN8jSU__#1_label_B6-0-0__seg0009_106.542-110.417.wav,danger risk,1,clotho,a race car is being revved up and then the tires squeal loudly,-1.5580196380615234,Music | Vehicle | Car | Skidding,0.0316 | 0.0001 | 0.0001 | 0.0003 | 0.0001,ok,
XD-Violence,v=OOjjPGN8jSU__#1_label_B6-0-0,True,,v=OOjjPGN8jSU__#1_label_B6-0-0.mp4,B6-0-0,B6,car accident,10,116.583333,126.25,9.666667,v=OOjjPGN8jSU__#1_label_B6-0-0__seg0010_116.583-126.250.wav,danger risk,1,clotho,a car drives by and a large vehicle passes by,-1.6229033470153809,Music | Boom,0.0787 | 0.0005 | 0.0002 | 0.0001 | 0.0002,ok,
XD-Violence,v=OOjjPGN8jSU__#1_label_B6-0-0,True,,v=OOjjPGN8jSU__#1_label_B6-0-0.mp4,B6-0-0,B6,car accident,11,132.291667,136.041667,3.75,v=OOjjPGN8jSU__#1_label_B6-0-0__seg0011_132.292-136.042.wav,danger risk,1,clotho,a gun is fired repeatedly and then a car drives by,-1.4879800081253052,Boom,0.0596 | 0.0002 | 0.0001 | 0.0004 | 0.0,ok,
XD-Violence,v=OOjjPGN8jSU__#1_label_B6-0-0,True,,v=OOjjPGN8jSU__#1_label_B6-0-0.mp4,B6-0-0,B6,car accident,12,150.916667,152.916667,2.0,v=OOjjPGN8jSU__#1_label_B6-0-0__seg0012_150.917-152.917.wav,danger risk,1,clotho,a race car is being revved up and down,-1.6441900730133057,Music | Vehicle | Car | Skidding,0.0349 | 0.0003 | 0.0001 | 0.0003 | 0.0001,ok,
XD-Violence,v=OOjjPGN8jSU__#1_label_B6-0-0,True,,v=OOjjPGN8jSU__#1_label_B6-0-0.mp4,B6-0-0,B6,car accident,13,163.958333,166.625,2.666667,v=OOjjPGN8jSU__#1_label_B6-0-0__seg0013_163.958-166.625.wav,danger risk,1,clotho,a race car is racing by and tires are squealing,-1.4403469562530518,"Music | Vehicle | Car | Skidding | Race car, auto racing",0.0653 | 0.0002 | 0.0001 | 0.0001 | 0.0001,ok,
XD-Violence,v=OOjjPGN8jSU__#1_label_B6-0-0,True,,v=OOjjPGN8jSU__#1_label_B6-0-0.mp4,B6-0-0,B6,car accident,14,170.375,172.916667,2.541667,v=OOjjPGN8jSU__#1_label_B6-0-0__seg0014_170.375-172.917.wav,danger risk,1,clotho,a car is racing and tires are squealing,-1.59665048122406,Music | Vehicle | Car | Skidding,0.0414 | 0.0001 | 0.0 | 0.0001 | 0.0,ok,
XD-Violence,v=OOjjPGN8jSU__#1_label_B6-0-0,True,,v=OOjjPGN8jSU__#1_label_B6-0-0.mp4,B6-0-0,B6,car accident,15,184.791667,188.125,3.333333,v=OOjjPGN8jSU__#1_label_B6-0-0__seg0015_184.792-188.125.wav,danger risk,1,clotho,a person is using a shovel to cut down a piece of paper,-1.3631917238235474,,0.2763 | 0.0016 | 0.0005 | 0.002 | 0.0004,ok,
XD-Violence,v=OOjjPGN8jSU__#1_label_B6-0-0,True,,v=OOjjPGN8jSU__#1_label_B6-0-0.mp4,B6-0-0,B6,car accident,16,191.25,195.291667,4.041667,v=OOjjPGN8jSU__#1_label_B6-0-0__seg0016_191.250-195.292.wav,danger risk,1,clotho,a car drives by and a motorcycle passes by,-1.3541771173477173,Music | Scary music | Vehicle | Car,0.0423 | 0.0001 | 0.0002 | 0.0003 | 0.0,ok,
XD-Violence,v=PRH5rYUHoVU__#00-00-25_00-02-50_label_B6-0-0,True,,v=PRH5rYUHoVU__#00-00-25_00-02-50_label_B6-0-0.mp4,B6-0-0,B6,car accident,0,1.125,6.0,4.875,v=PRH5rYUHoVU__#00-00-25_00-02-50_label_B6-0-0__seg0000_1.125-6.000.wav,danger risk,1,clotho,a machine is running and a metal object is striking another hard surface,-1.1367624998092651,,0.0082 | 0.0001 | 0.0 | 0.0001 | 0.0,ok,
XD-Violence,v=PRH5rYUHoVU__#00-00-25_00-02-50_label_B6-0-0,True,,v=PRH5rYUHoVU__#00-00-25_00-02-50_label_B6-0-0.mp4,B6-0-0,B6,car accident,1,9.583333,18.333333,8.75,v=PRH5rYUHoVU__#00-00-25_00-02-50_label_B6-0-0__seg0001_9.583-18.333.wav,danger risk,1,clotho,a car is driving on the road with the windows rolled down,-1.4137338399887085,Vehicle | Breaking,0.084 | 0.0002 | 0.0001 | 0.0002 | 0.0001,ok,
XD-Violence,v=PRH5rYUHoVU__#00-00-25_00-02-50_label_B6-0-0,True,,v=PRH5rYUHoVU__#00-00-25_00-02-50_label_B6-0-0.mp4,B6-0-0,B6,car accident,2,21.958333,25.0,3.041667,v=PRH5rYUHoVU__#00-00-25_00-02-50_label_B6-0-0__seg0002_21.958-25.000.wav,danger risk,1,clotho,a radio is playing with static and a low hum,-1.5324654579162598,Music,0.0496 | 0.0007 | 0.0002 | 0.0001 | 0.0001,ok,
XD-Violence,v=PRH5rYUHoVU__#00-00-25_00-02-50_label_B6-0-0,True,,v=PRH5rYUHoVU__#00-00-25_00-02-50_label_B6-0-0.mp4,B6-0-0,B6,car accident,3,29.791667,37.708333,7.916667,v=PRH5rYUHoVU__#00-00-25_00-02-50_label_B6-0-0__seg0003_29.792-37.708.wav,danger risk,1,clotho,the wind is blowing and the rain is falling,-1.2358238697052002,"Ocean | Waves, surf",0.1647 | 0.0002 | 0.0003 | 0.0008 | 0.0001,ok,
XD-Violence,v=PRH5rYUHoVU__#00-00-25_00-02-50_label_B6-0-0,True,,v=PRH5rYUHoVU__#00-00-25_00-02-50_label_B6-0-0.mp4,B6-0-0,B6,car accident,4,39.916667,44.666667,4.75,v=PRH5rYUHoVU__#00-00-25_00-02-50_label_B6-0-0__seg0004_39.917-44.667.wav,danger risk,1,clotho,a man is speaking while a ball bounces on a hard surface,-1.1445086002349854,Speech,0.6829 | 0.0025 | 0.0006 | 0.0019 | 0.0008,ok,
XD-Violence,v=PRH5rYUHoVU__#00-00-25_00-02-50_label_B6-0-0,True,,v=PRH5rYUHoVU__#00-00-25_00-02-50_label_B6-0-0.mp4,B6-0-0,B6,car accident,5,51.458333,53.75,2.291667,v=PRH5rYUHoVU__#00-00-25_00-02-50_label_B6-0-0__seg0005_51.458-53.750.wav,danger risk,1,clotho,the wind is blowing and the rain is hitting the ground,-1.2617887258529663,,0.0154 | 0.0003 | 0.0002 | 0.0001 | 0.0001,ok,
XD-Violence,v=PRH5rYUHoVU__#00-00-25_00-02-50_label_B6-0-0,True,,v=PRH5rYUHoVU__#00-00-25_00-02-50_label_B6-0-0.mp4,B6-0-0,B6,car accident,6,61.875,65.208333,3.333333,v=PRH5rYUHoVU__#00-00-25_00-02-50_label_B6-0-0__seg0006_61.875-65.208.wav,danger risk,1,clotho,a group of people are talking to each other,-1.0028095245361328,Speech,0.8556 | 0.0021 | 0.0004 | 0.0005 | 0.0002,ok,
XD-Violence,v=PRH5rYUHoVU__#00-00-25_00-02-50_label_B6-0-0,True,,v=PRH5rYUHoVU__#00-00-25_00-02-50_label_B6-0-0.mp4,B6-0-0,B6,car accident,7,75.833333,79.583333,3.75,v=PRH5rYUHoVU__#00-00-25_00-02-50_label_B6-0-0__seg0007_75.833-79.583.wav,danger risk,1,clotho,a man is speaking while a dog is barking in the background,-1.0992352962493896,Speech | Music,0.7557 | 0.0136 | 0.0017 | 0.0004 | 0.0012,ok,
XD-Violence,v=PRH5rYUHoVU__#00-00-25_00-02-50_label_B6-0-0,True,,v=PRH5rYUHoVU__#00-00-25_00-02-50_label_B6-0-0.mp4,B6-0-0,B6,car accident,8,84.166667,126.25,42.083333,v=PRH5rYUHoVU__#00-00-25_00-02-50_label_B6-0-0__seg0008_84.167-126.250.wav,danger risk,1,clotho,a man is speaking and then a car drives by,-1.177629470825195,"Speech | Vehicle | Burst, pop",0.8754 | 0.0014 | 0.0007 | 0.0004 | 0.0002,ok,
XD-Violence,v=PRH5rYUHoVU__#00-00-25_00-02-50_label_B6-0-0,True,,v=PRH5rYUHoVU__#00-00-25_00-02-50_label_B6-0-0.mp4,B6-0-0,B6,car accident,9,127.541667,131.666667,4.125,v=PRH5rYUHoVU__#00-00-25_00-02-50_label_B6-0-0__seg0009_127.542-131.667.wav,danger risk,1,clotho,a hard object is striking another metal surface and a car drives by,-1.4624557495117188,Music,0.086 | 0.0007 | 0.0 | 0.0001 | 0.0,ok,
XD-Violence,v=PRH5rYUHoVU__#00-00-25_00-02-50_label_B6-0-0,True,,v=PRH5rYUHoVU__#00-00-25_00-02-50_label_B6-0-0.mp4,B6-0-0,B6,car accident,10,135.625,141.125,5.5,v=PRH5rYUHoVU__#00-00-25_00-02-50_label_B6-0-0__seg0010_135.625-141.125.wav,danger risk,1,clotho,a car is driving on the road with the windshield wipers in the background,-1.2833229303359983,Music,0.0581 | 0.001 | 0.0001 | 0.0009 | 0.0001,ok,
XD-Violence,v=PWBZiM-rkoE__#1_label_G-0-0,True,,v=PWBZiM-rkoE__#1_label_G-0-0.mp4,G-0-0,G,explosion,0,85.416667,95.833333,10.416667,v=PWBZiM-rkoE__#1_label_G-0-0__seg0000_85.417-95.833.wav,danger risk,1,clotho,a man is speaking while a gun is fired in the background,-0.9513911604881288,Speech | Music | Explosion,0.8385 | 0.0016 | 0.0006 | 0.0004 | 0.0004,ok,
XD-Violence,v=PWBZiM-rkoE__#1_label_G-0-0,True,,v=PWBZiM-rkoE__#1_label_G-0-0.mp4,G-0-0,G,explosion,1,104.125,106.25,2.125,v=PWBZiM-rkoE__#1_label_G-0-0__seg0001_104.125-106.250.wav,danger risk,1,clotho,a person is playing with a shovel to dig into the water,-1.6157513856887815,Music,0.0468 | 0.0001 | 0.0 | 0.0001 | 0.0,ok,
XD-Violence,v=PuZy1PQIgrA__#1_label_B1-0-0,True,,v=PuZy1PQIgrA__#1_label_B1-0-0.mp4,B1-0-0,B1,fighting,0,22.0,46.666667,24.666667,v=PuZy1PQIgrA__#1_label_B1-0-0__seg0000_22.000-46.667.wav,danger risk,1,clotho,a crowd of people are shouting and cheering,-1.099467396736145,Speech | Basketball bounce,0.6975 | 0.0174 | 0.003 | 0.0027 | 0.0058,ok,
XD-Violence,v=PuZy1PQIgrA__#1_label_B1-0-0,True,,v=PuZy1PQIgrA__#1_label_B1-0-0.mp4,B1-0-0,B1,fighting,1,85.083333,107.916667,22.833333,v=PuZy1PQIgrA__#1_label_B1-0-0__seg0001_85.083-107.917.wav,danger risk,1,clotho,a crowd of people are cheering and yelling while music plays in the background,-0.9667577743530272,Speech | Music | Basketball bounce,0.6905 | 0.0102 | 0.0018 | 0.0032 | 0.0024,ok,
XD-Violence,v=Q-u3Y9TkZhQ__#1_label_B4-0-0,True,,v=Q-u3Y9TkZhQ__#1_label_B4-0-0.mp4,B4-0-0,B4,riot,0,0.208333,42.958333,42.75,v=Q-u3Y9TkZhQ__#1_label_B4-0-0__seg0000_0.208-42.958.wav,danger risk,1,clotho,a man is giving a speech over a crowd of people,-0.8512325882911682,Speech | Chatter,0.9448 | 0.2871 | 0.0487 | 0.002 | 0.0881,ok,
XD-Violence,v=Q6zIX29HkSo__#1_label_B4-0-0,True,,v=Q6zIX29HkSo__#1_label_B4-0-0.mp4,B4-0-0,B4,riot,0,1.791667,61.791667,60.0,v=Q6zIX29HkSo__#1_label_B4-0-0__seg0000_1.792-61.792.wav,danger risk,1,clotho,a large group of people chant together in unison,-1.0475742816925049,Speech | Battle cry | Crowd,0.507 | 0.0082 | 0.0012 | 0.0003 | 0.0088,ok,
XD-Violence,v=Q6zIX29HkSo__#1_label_B4-0-0,True,,v=Q6zIX29HkSo__#1_label_B4-0-0.mp4,B4-0-0,B4,riot,1,61.791667,87.5,25.708333,v=Q6zIX29HkSo__#1_label_B4-0-0__seg0001_61.792-87.500.wav,danger risk,1,clotho,a crowd of people are talking and yelling,-1.0272259712219238,Speech | Chatter,0.8653 | 0.0342 | 0.0043 | 0.0005 | 0.021,ok,
XD-Violence,v=Q7NpJXOTiMY__#1_label_G-0-0,True,,v=Q7NpJXOTiMY__#1_label_G-0-0.mp4,G-0-0,G,explosion,0,0.416667,37.5,37.083333,v=Q7NpJXOTiMY__#1_label_G-0-0__seg0000_0.417-37.500.wav,danger risk,1,clotho,a man is speaking while a gun is fired in the background,-0.8561559915542603,Speech,0.9465 | 0.105 | 0.0022 | 0.0003 | 0.0177,ok,
XD-Violence,v=Q8K7roZu3WU__#1_label_B1-0-0,True,,v=Q8K7roZu3WU__#1_label_B1-0-0.mp4,B1-0-0,B1,fighting,0,0.0,53.916667,53.916667,v=Q8K7roZu3WU__#1_label_B1-0-0__seg0000_0.000-53.917.wav,danger risk,1,clotho,a man is speaking while a crowd of people are cheering,-1.0356274843215942,Speech,0.7847 | 0.0808 | 0.0038 | 0.0012 | 0.0175,ok,
XD-Violence,v=Q9Re4CnFJRg__#00-01-21_00-01-47_label_G-0-0,True,,v=Q9Re4CnFJRg__#00-01-21_00-01-47_label_G-0-0.mp4,G-0-0,G,explosion,0,2.208333,10.958333,8.75,v=Q9Re4CnFJRg__#00-01-21_00-01-47_label_G-0-0__seg0000_2.208-10.958.wav,danger risk,1,clotho,a man is speaking while fireworks are being shot in the background,-1.0396544933319092,Speech | Vehicle | Fireworks,0.6028 | 0.001 | 0.0001 | 0.0001 | 0.0001,ok,
XD-Violence,v=Q9Re4CnFJRg__#00-01-21_00-01-47_label_G-0-0,True,,v=Q9Re4CnFJRg__#00-01-21_00-01-47_label_G-0-0.mp4,G-0-0,G,explosion,1,19.166667,25.625,6.458333,v=Q9Re4CnFJRg__#00-01-21_00-01-47_label_G-0-0__seg0001_19.167-25.625.wav,danger risk,1,clotho,fireworks are going off in the distance while people are talking in the background,-0.7463025450706482,Speech,0.75 | 0.0016 | 0.0002 | 0.0005 | 0.0001,ok,
XD-Violence,v=QWwDsPSe7iM__#1_label_B4-0-0,True,,v=QWwDsPSe7iM__#1_label_B4-0-0.mp4,B4-0-0,B4,riot,0,0.0,60.0,60.0,v=QWwDsPSe7iM__#1_label_B4-0-0__seg0000_0.000-60.000.wav,danger risk,1,clotho,a crowd of people are cheering and yelling while a car horn honks,-1.197528839111328,"Speech | Outside, urban or manmade",0.8089 | 0.0038 | 0.0004 | 0.0004 | 0.0013,ok,
XD-Violence,v=QWwDsPSe7iM__#1_label_B4-0-0,True,,v=QWwDsPSe7iM__#1_label_B4-0-0.mp4,B4-0-0,B4,riot,1,60.0,92.25,32.25,v=QWwDsPSe7iM__#1_label_B4-0-0__seg0001_60.000-92.250.wav,danger risk,1,clotho,a man is speaking while a car drives by,-1.1457240581512451,Speech,0.9202 | 0.047 | 0.0025 | 0.0008 | 0.0064,ok,
XD-Violence,v=Qc3pAEeK16A__#1_label_B1-0-0,True,,v=Qc3pAEeK16A__#1_label_B1-0-0.mp4,B1-0-0,B1,fighting,0,2.916667,9.875,6.958333,v=Qc3pAEeK16A__#1_label_B1-0-0__seg0000_2.917-9.875.wav,danger risk,1,clotho,a crowd of people are talking and cheering,-1.1789427995681765,Speech | Basketball bounce,0.6233 | 0.0013 | 0.0003 | 0.0008 | 0.0004,ok,
XD-Violence,v=Qc3pAEeK16A__#1_label_B1-0-0,True,,v=Qc3pAEeK16A__#1_label_B1-0-0.mp4,B1-0-0,B1,fighting,1,40.833333,50.75,9.916667,v=Qc3pAEeK16A__#1_label_B1-0-0__seg0001_40.833-50.750.wav,danger risk,1,clotho,a crowd of people are cheering and talking,-1.2828375101089478,Speech | Basketball bounce,0.5783 | 0.0018 | 0.0002 | 0.0007 | 0.0004,ok,
XD-Violence,v=ROrpKx3aIjA__#1_label_G-0-0,True,,v=ROrpKx3aIjA__#1_label_G-0-0.mp4,G-0-0,G,explosion,0,29.708333,34.583333,4.875,v=ROrpKx3aIjA__#1_label_G-0-0__seg0000_29.708-34.583.wav,danger risk,1,clotho,a man is speaking while a car is driving by,-1.4093258380889893,Speech | Explosion,0.6806 | 0.0008 | 0.0007 | 0.0063 | 0.0003,ok,
XD-Violence,v=RUjrMYWhLng__#1_label_B6-0-0,True,,v=RUjrMYWhLng__#1_label_B6-0-0.mp4,B6-0-0,B6,car accident,0,13.75,73.75,60.0,v=RUjrMYWhLng__#1_label_B6-0-0__seg0000_13.750-73.750.wav,danger risk,1,clotho,a man is speaking while cars are driving by in the background,-0.883476197719574,Speech | Vehicle | Car,0.791 | 0.0101 | 0.0016 | 0.0013 | 0.01,ok,
XD-Violence,v=RUjrMYWhLng__#1_label_B6-0-0,True,,v=RUjrMYWhLng__#1_label_B6-0-0.mp4,B6-0-0,B6,car accident,1,73.75,109.166667,35.416667,v=RUjrMYWhLng__#1_label_B6-0-0__seg0001_73.750-109.167.wav,danger risk,1,clotho,a man speaks while cars drive by and a car drives by,-1.0280630588531494,Speech | Music | Vehicle | Car,0.4065 | 0.0006 | 0.0003 | 0.0004 | 0.0003,ok,
XD-Violence,v=RUjrMYWhLng__#1_label_B6-0-0,True,,v=RUjrMYWhLng__#1_label_B6-0-0.mp4,B6-0-0,B6,car accident,2,146.916667,156.666667,9.75,v=RUjrMYWhLng__#1_label_B6-0-0__seg0002_146.917-156.667.wav,danger risk,1,clotho,people are talking and laughing with static in the background,-1.2183825969696045,Speech | Explosion,0.7945 | 0.0007 | 0.0003 | 0.0013 | 0.0003,ok,
XD-Violence,v=RUjrMYWhLng__#1_label_B6-0-0,True,,v=RUjrMYWhLng__#1_label_B6-0-0.mp4,B6-0-0,B6,car accident,3,161.458333,184.166667,22.708333,v=RUjrMYWhLng__#1_label_B6-0-0__seg0003_161.458-184.167.wav,danger risk,1,clotho,people are talking while a machine is running in the background,-0.9228991866111756,Speech,0.7494 | 0.0008 | 0.0005 | 0.0029 | 0.0004,ok,
XD-Violence,v=RUjrMYWhLng__#1_label_B6-0-0,True,,v=RUjrMYWhLng__#1_label_B6-0-0.mp4,B6-0-0,B6,car accident,4,195.625,255.625,60.0,v=RUjrMYWhLng__#1_label_B6-0-0__seg0004_195.625-255.625.wav,danger risk,1,clotho,a man is speaking while a car is driving by,-1.0239263772964478,Speech | Music | Vehicle | Car,0.6364 | 0.0041 | 0.0002 | 0.0004 | 0.0003,ok,
XD-Violence,v=RUjrMYWhLng__#1_label_B6-0-0,True,,v=RUjrMYWhLng__#1_label_B6-0-0.mp4,B6-0-0,B6,car accident,5,255.625,272.5,16.875,v=RUjrMYWhLng__#1_label_B6-0-0__seg0005_255.625-272.500.wav,danger risk,1,clotho,a man is speaking while music is playing in the background,-0.7893512845039368,Music,0.1482 | 0.0076 | 0.0002 | 0.0001 | 0.0004,ok,
XD-Violence,v=RUjrMYWhLng__#1_label_B6-0-0,True,,v=RUjrMYWhLng__#1_label_B6-0-0.mp4,B6-0-0,B6,car accident,6,281.583333,300.833333,19.25,v=RUjrMYWhLng__#1_label_B6-0-0__seg0006_281.583-300.833.wav,danger risk,1,clotho,a person is walking on a hard surface,-1.363208293914795,Silence,0.0323 | 0.0021 | 0.0002 | 0.0004 | 0.0001,ok,
XD-Violence,v=RUjrMYWhLng__#1_label_B6-0-0,True,,v=RUjrMYWhLng__#1_label_B6-0-0.mp4,B6-0-0,B6,car accident,7,351.666667,379.625,27.958333,v=RUjrMYWhLng__#1_label_B6-0-0__seg0007_351.667-379.625.wav,danger risk,1,clotho,a person is walking on a hard surface,-1.3661493062973022,Silence,0.0334 | 0.002 | 0.0002 | 0.0003 | 0.0001,ok,
XD-Violence,v=RUjrMYWhLng__#1_label_B6-0-0,True,,v=RUjrMYWhLng__#1_label_B6-0-0.mp4,B6-0-0,B6,car accident,8,386.666667,431.25,44.583333,v=RUjrMYWhLng__#1_label_B6-0-0__seg0008_386.667-431.250.wav,danger risk,1,clotho,a man is speaking while a door is opened and closed,-1.2087737321853638,Speech | Music,0.6551 | 0.0014 | 0.0006 | 0.0004 | 0.0005,ok,
XD-Violence,v=Rc9EOFjtj0c__#1_label_B6-0-0,True,,v=Rc9EOFjtj0c__#1_label_B6-0-0.mp4,B6-0-0,B6,car accident,0,23.5,26.041667,2.541667,v=Rc9EOFjtj0c__#1_label_B6-0-0__seg0000_23.500-26.042.wav,danger risk,1,clotho,a dog is barking and a person is breathing in the background,-1.1572169065475464,Speech,0.4896 | 0.0133 | 0.0042 | 0.0006 | 0.0001,ok,
XD-Violence,v=Rc9EOFjtj0c__#1_label_B6-0-0,True,,v=Rc9EOFjtj0c__#1_label_B6-0-0.mp4,B6-0-0,B6,car accident,1,37.25,41.166667,3.916667,v=Rc9EOFjtj0c__#1_label_B6-0-0__seg0001_37.250-41.167.wav,danger risk,1,clotho,a metallic object is being dragged across a hard surface,-1.019290328025818,Music,0.0254 | 0.0001 | 0.0002 | 0.0001 | 0.0,ok,
XD-Violence,v=Rc9EOFjtj0c__#1_label_B6-0-0,True,,v=Rc9EOFjtj0c__#1_label_B6-0-0.mp4,B6-0-0,B6,car accident,2,54.458333,57.875,3.416667,v=Rc9EOFjtj0c__#1_label_B6-0-0__seg0002_54.458-57.875.wav,danger risk,1,clotho,a machine is running at a constant rate,-1.2641465663909912,Mechanical fan,0.0763 | 0.0032 | 0.0007 | 0.0 | 0.0002,ok,
XD-Violence,v=Rc9EOFjtj0c__#1_label_B6-0-0,True,,v=Rc9EOFjtj0c__#1_label_B6-0-0.mp4,B6-0-0,B6,car accident,3,67.291667,75.833333,8.541667,v=Rc9EOFjtj0c__#1_label_B6-0-0__seg0003_67.292-75.833.wav,danger risk,1,clotho,a musical instrument is playing a song with a high pitched squeak,-1.2626190185546875,Music,0.0185 | 0.0002 | 0.0004 | 0.0002 | 0.0,ok,
XD-Violence,v=Rc9EOFjtj0c__#1_label_B6-0-0,True,,v=Rc9EOFjtj0c__#1_label_B6-0-0.mp4,B6-0-0,B6,car accident,4,77.166667,82.5,5.333333,v=Rc9EOFjtj0c__#1_label_B6-0-0__seg0004_77.167-82.500.wav,danger risk,1,clotho,a musical instrument is playing a song with varying volumes and pitches,-1.05222749710083,Music,0.0164 | 0.0002 | 0.0005 | 0.0002 | 0.0,ok,
XD-Violence,v=Rc9EOFjtj0c__#1_label_B6-0-0,True,,v=Rc9EOFjtj0c__#1_label_B6-0-0.mp4,B6-0-0,B6,car accident,5,94.291667,97.0,2.708333,v=Rc9EOFjtj0c__#1_label_B6-0-0__seg0005_94.292-97.000.wav,danger risk,1,clotho,a musical instrument is being played with a high pitch,-1.1772106885910034,Music,0.0544 | 0.0003 | 0.001 | 0.0002 | 0.0001,ok,
XD-Violence,v=Rc9EOFjtj0c__#1_label_B6-0-0,True,,v=Rc9EOFjtj0c__#1_label_B6-0-0.mp4,B6-0-0,B6,car accident,6,112.541667,114.083333,1.541667,v=Rc9EOFjtj0c__#1_label_B6-0-0__seg0006_112.542-114.083.wav,danger risk,1,clotho,a dog is barking while a car is racing and tires are squealing,-1.552277445793152,Speech | Vehicle,0.3669 | 0.0008 | 0.0002 | 0.0004 | 0.0001,ok,
XD-Violence,v=Rc9EOFjtj0c__#1_label_B6-0-0,True,,v=Rc9EOFjtj0c__#1_label_B6-0-0.mp4,B6-0-0,B6,car accident,7,120.875,124.166667,3.291667,v=Rc9EOFjtj0c__#1_label_B6-0-0__seg0007_120.875-124.167.wav,danger risk,1,clotho,a musical instrument is playing a song with a high pitch,-1.0902507305145264,Music,0.0072 | 0.0004 | 0.0001 | 0.0002 | 0.0,ok,
XD-Violence,v=Rc9EOFjtj0c__#1_label_B6-0-0,True,,v=Rc9EOFjtj0c__#1_label_B6-0-0.mp4,B6-0-0,B6,car accident,8,129.541667,136.25,6.708333,v=Rc9EOFjtj0c__#1_label_B6-0-0__seg0008_129.542-136.250.wav,danger risk,1,clotho,music is playing and a musical instrument is being played,-1.0295748710632324,Music,0.014 | 0.0005 | 0.0005 | 0.0005 | 0.0001,ok,
XD-Violence,v=Rc9EOFjtj0c__#1_label_B6-0-0,True,,v=Rc9EOFjtj0c__#1_label_B6-0-0.mp4,B6-0-0,B6,car accident,9,137.541667,139.25,1.708333,v=Rc9EOFjtj0c__#1_label_B6-0-0__seg0009_137.542-139.250.wav,danger risk,1,clotho,music is playing and a song is being played,-1.1707897186279297,Music,0.009 | 0.0002 | 0.0001 | 0.0001 | 0.0,ok,
XD-Violence,v=S-7rRLrxnVQ__#1_label_B4-0-0,True,,v=S-7rRLrxnVQ__#1_label_B4-0-0.mp4,B4-0-0,B4,riot,0,0.0,60.0,60.0,v=S-7rRLrxnVQ__#1_label_B4-0-0__seg0000_0.000-60.000.wav,danger risk,1,clotho,a group of people are talking to each other while music plays in the background,-0.8318566679954529,Speech | Music,0.8786 | 0.0103 | 0.0046 | 0.0017 | 0.0008,ok,
XD-Violence,v=S-7rRLrxnVQ__#1_label_B4-0-0,True,,v=S-7rRLrxnVQ__#1_label_B4-0-0.mp4,B4-0-0,B4,riot,1,60.0,63.208333,3.208333,v=S-7rRLrxnVQ__#1_label_B4-0-0__seg0001_60.000-63.208.wav,danger risk,1,clotho,a woman is speaking and a child is laughing,-1.2121360301971436,Speech | Music,0.8486 | 0.0165 | 0.0927 | 0.0043 | 0.0047,ok,
XD-Violence,v=S-7rRLrxnVQ__#1_label_B4-0-0,True,,v=S-7rRLrxnVQ__#1_label_B4-0-0.mp4,B4-0-0,B4,riot,2,82.083333,126.583333,44.5,v=S-7rRLrxnVQ__#1_label_B4-0-0__seg0002_82.083-126.583.wav,danger risk,1,clotho,a woman is speaking while a car is driving in the background,-1.0267460346221924,Speech | Music,0.8609 | 0.042 | 0.0633 | 0.0014 | 0.0225,ok,
XD-Violence,v=SE5fxK7SasU__#00-03-23_00-04-08_label_B4-0-0,True,,v=SE5fxK7SasU__#00-03-23_00-04-08_label_B4-0-0.mp4,B4-0-0,B4,riot,0,0.0,45.041667,45.041667,v=SE5fxK7SasU__#00-03-23_00-04-08_label_B4-0-0__seg0000_0.000-45.042.wav,danger risk,1,clotho,a crowd of people are cheering and yelling loudly,-1.0523827075958252,Speech | Chatter | Crowd,0.7696 | 0.0103 | 0.0055 | 0.0025 | 0.0067,ok,
XD-Violence,v=SMy2_qNO2Y0__#00-01-50_00-03-13_label_G-0-0,True,,v=SMy2_qNO2Y0__#00-01-50_00-03-13_label_G-0-0.mp4,G-0-0,G,explosion,0,10.708333,12.916667,2.208333,v=SMy2_qNO2Y0__#00-01-50_00-03-13_label_G-0-0__seg0000_10.708-12.917.wav,danger risk,1,clotho,a machine is running while a man is speaking in the background,-1.041631817817688,Speech | Slam,0.3265 | 0.0001 | 0.0 | 0.0001 | 0.0001,ok,
XD-Violence,v=SMy2_qNO2Y0__#00-01-50_00-03-13_label_G-0-0,True,,v=SMy2_qNO2Y0__#00-01-50_00-03-13_label_G-0-0.mp4,G-0-0,G,explosion,1,43.333333,54.166667,10.833333,v=SMy2_qNO2Y0__#00-01-50_00-03-13_label_G-0-0__seg0001_43.333-54.167.wav,danger risk,1,clotho,a person is walking on a hard surface,-1.3556073904037476,Silence,0.03 | 0.0019 | 0.0002 | 0.0003 | 0.0001,ok,
XD-Violence,v=T-LH8Gv5zzY__#1_label_B4-0-0,True,,v=T-LH8Gv5zzY__#1_label_B4-0-0.mp4,B4-0-0,B4,riot,0,0.0,60.0,60.0,v=T-LH8Gv5zzY__#1_label_B4-0-0__seg0000_0.000-60.000.wav,danger risk,1,clotho,a crowd of people are talking and a siren is blaring,-1.0948702096939087,"Speech | Run | Outside, urban or manmade",0.9022 | 0.0468 | 0.0029 | 0.0016 | 0.0171,ok,
XD-Violence,v=T-LH8Gv5zzY__#1_label_B4-0-0,True,,v=T-LH8Gv5zzY__#1_label_B4-0-0.mp4,B4-0-0,B4,riot,1,60.0,101.041667,41.041667,v=T-LH8Gv5zzY__#1_label_B4-0-0__seg0001_60.000-101.042.wav,danger risk,1,clotho,a group of people chant together in unison,-0.8623002171516418,Speech,0.7985 | 0.0545 | 0.0131 | 0.0018 | 0.0324,ok,
XD-Violence,v=TOEVc-pOEwM__#00-08-40_00-10-40_label_B6-0-0,True,,v=TOEVc-pOEwM__#00-08-40_00-10-40_label_B6-0-0.mp4,B6-0-0,B6,car accident,0,1.666667,3.958333,2.291667,v=TOEVc-pOEwM__#00-08-40_00-10-40_label_B6-0-0__seg0000_1.667-3.958.wav,danger risk,1,clotho,a man is speaking while a car is driving on the road,-1.0599935054779053,Speech | Music | Vehicle | Car,0.5663 | 0.01 | 0.0003 | 0.0001 | 0.0005,ok,
XD-Violence,v=TOEVc-pOEwM__#00-08-40_00-10-40_label_B6-0-0,True,,v=TOEVc-pOEwM__#00-08-40_00-10-40_label_B6-0-0.mp4,B6-0-0,B6,car accident,1,14.583333,22.083333,7.5,v=TOEVc-pOEwM__#00-08-40_00-10-40_label_B6-0-0__seg0001_14.583-22.083.wav,danger risk,1,clotho,a person is walking on a hard surface,-1.3487480878829956,Silence,0.0312 | 0.0017 | 0.0001 | 0.0003 | 0.0001,ok,
XD-Violence,v=TOEVc-pOEwM__#00-08-40_00-10-40_label_B6-0-0,True,,v=TOEVc-pOEwM__#00-08-40_00-10-40_label_B6-0-0.mp4,B6-0-0,B6,car accident,2,33.166667,51.0,17.833333,v=TOEVc-pOEwM__#00-08-40_00-10-40_label_B6-0-0__seg0002_33.167-51.000.wav,danger risk,1,clotho,a man speaks and then a door opens and closes,-0.949276328086853,Speech,0.6766 | 0.0058 | 0.0082 | 0.0009 | 0.0041,ok,
XD-Violence,v=TOEVc-pOEwM__#00-08-40_00-10-40_label_B6-0-0,True,,v=TOEVc-pOEwM__#00-08-40_00-10-40_label_B6-0-0.mp4,B6-0-0,B6,car accident,3,63.0,69.083333,6.083333,v=TOEVc-pOEwM__#00-08-40_00-10-40_label_B6-0-0__seg0003_63.000-69.083.wav,danger risk,1,clotho,a man is speaking while the wind is blowing,-0.950727105140686,Speech | Wind noise (microphone) | Vehicle,0.7979 | 0.0027 | 0.0002 | 0.0003 | 0.0006,ok,
XD-Violence,v=TOEVc-pOEwM__#00-08-40_00-10-40_label_B6-0-0,True,,v=TOEVc-pOEwM__#00-08-40_00-10-40_label_B6-0-0.mp4,B6-0-0,B6,car accident,4,82.625,90.25,7.625,v=TOEVc-pOEwM__#00-08-40_00-10-40_label_B6-0-0__seg0004_82.625-90.250.wav,danger risk,1,clotho,a man is speaking while music plays in the background,-0.7864170670509338,Speech | Music | Tick-tock,0.4872 | 0.0004 | 0.0001 | 0.0 | 0.0003,ok,
XD-Violence,v=TOEVc-pOEwM__#00-08-40_00-10-40_label_B6-0-0,True,,v=TOEVc-pOEwM__#00-08-40_00-10-40_label_B6-0-0.mp4,B6-0-0,B6,car accident,5,101.833333,105.5,3.666667,v=TOEVc-pOEwM__#00-08-40_00-10-40_label_B6-0-0__seg0005_101.833-105.500.wav,danger risk,1,clotho,a man is speaking while music is playing in the background,-0.913181722164154,Music | Vehicle | Car,0.2707 | 0.0005 | 0.0001 | 0.0001 | 0.0001,ok,
XD-Violence,v=TOEVc-pOEwM__#00-08-40_00-10-40_label_B6-0-0,True,,v=TOEVc-pOEwM__#00-08-40_00-10-40_label_B6-0-0.mp4,B6-0-0,B6,car accident,6,118.541667,120.0,1.458333,v=TOEVc-pOEwM__#00-08-40_00-10-40_label_B6-0-0__seg0006_118.542-120.000.wav,danger risk,1,clotho,a man is speaking and a child is yelling,-1.3840293884277344,Speech,0.8168 | 0.0246 | 0.0014 | 0.0028 | 0.001,ok,
XD-Violence,v=TfS-MJoVNjM__#1_label_B4-0-0,True,,v=TfS-MJoVNjM__#1_label_B4-0-0.mp4,B4-0-0,B4,riot,0,0.0,54.541667,54.541667,v=TfS-MJoVNjM__#1_label_B4-0-0__seg0000_0.000-54.542.wav,danger risk,1,clotho,a crowd of people are shouting and yelling while a gun is fired,-1.15656578540802,"Speech | Outside, urban or manmade",0.8598 | 0.002 | 0.0002 | 0.0004 | 0.0005,ok,
XD-Violence,v=TsuuRo6PEXM__#1_label_B1-0-0,True,,v=TsuuRo6PEXM__#1_label_B1-0-0.mp4,B1-0-0,B1,fighting,0,12.791667,50.75,37.958333,v=TsuuRo6PEXM__#1_label_B1-0-0__seg0000_12.792-50.750.wav,danger risk,1,clotho,a crowd of people are talking and cheering,-1.0864757299423218,Speech | Music | Basketball bounce,0.7562 | 0.0071 | 0.0013 | 0.0019 | 0.0018,ok,
XD-Violence,v=TsuuRo6PEXM__#1_label_B1-0-0,True,,v=TsuuRo6PEXM__#1_label_B1-0-0.mp4,B1-0-0,B1,fighting,1,96.083333,133.333333,37.25,v=TsuuRo6PEXM__#1_label_B1-0-0__seg0001_96.083-133.333.wav,danger risk,1,clotho,a man is speaking while music plays in the background,-0.7401334643363953,Speech | Music | Basketball bounce,0.8091 | 0.0448 | 0.0018 | 0.0014 | 0.002,ok,
XD-Violence,v=U6MC8JJJZSY__#1_label_G-0-0,True,,v=U6MC8JJJZSY__#1_label_G-0-0.mp4,G-0-0,G,explosion,0,6.25,32.458333,26.208333,v=U6MC8JJJZSY__#1_label_G-0-0__seg0000_6.250-32.458.wav,danger risk,1,clotho,a gun is fired in the distance and then stops,-1.401189923286438,Artillery fire,0.0701 | 0.0005 | 0.0002 | 0.0004 | 0.0002,ok,
XD-Violence,v=UK--hvgP2uY__#1_label_G-0-0,True,,v=UK--hvgP2uY__#1_label_G-0-0.mp4,G-0-0,G,explosion,0,96.25,108.125,11.875,v=UK--hvgP2uY__#1_label_G-0-0__seg0000_96.250-108.125.wav,danger risk,1,clotho,the wind is blowing very strong and gusts strongly,-1.2716280221939087,Music | Eruption,0.0383 | 0.0001 | 0.0 | 0.0002 | 0.0,ok,
XD-Violence,v=UK2w9Sh47fM__#1_label_G-0-0,True,,v=UK2w9Sh47fM__#1_label_G-0-0.mp4,G-0-0,G,explosion,0,8.75,20.833333,12.083333,v=UK2w9Sh47fM__#1_label_G-0-0__seg0000_8.750-20.833.wav,danger risk,1,clotho,a group of people are talking and laughing with each other,-1.2890969514846802,Speech | Explosion,0.8127 | 0.0302 | 0.0025 | 0.0011 | 0.0023,ok,
XD-Violence,v=UYFR-XbyZQc__#00-01-19_00-02-42_label_G-0-0,True,,v=UYFR-XbyZQc__#00-01-19_00-02-42_label_G-0-0.mp4,G-0-0,G,explosion,0,1.375,13.875,12.5,v=UYFR-XbyZQc__#00-01-19_00-02-42_label_G-0-0__seg0000_1.375-13.875.wav,danger risk,1,clotho,a man is speaking while a gun is fired in the background,-0.7986757755279541,"Speech | Gunshot, gunfire | Artillery fire",0.4689 | 0.0018 | 0.0002 | 0.0008 | 0.0003,ok,
XD-Violence,v=UzxuX79xq4s__#1_label_B4-0-0,True,,v=UzxuX79xq4s__#1_label_B4-0-0.mp4,B4-0-0,B4,riot,0,11.25,35.0,23.75,v=UzxuX79xq4s__#1_label_B4-0-0__seg0000_11.250-35.000.wav,danger risk,1,clotho,a woman is speaking while a crowd of people are talking in the background,-0.8161078691482544,"Speech | Run | Outside, urban or manmade",0.8616 | 0.0108 | 0.0598 | 0.0018 | 0.0234,ok,
XD-Violence,v=UzxuX79xq4s__#1_label_B4-0-0,True,,v=UzxuX79xq4s__#1_label_B4-0-0.mp4,B4-0-0,B4,riot,1,54.666667,114.666667,60.0,v=UzxuX79xq4s__#1_label_B4-0-0__seg0001_54.667-114.667.wav,danger risk,1,clotho,a man is speaking and then a woman is talking,-1.1145732402801514,Speech,0.7001 | 0.0592 | 0.0177 | 0.0004 | 0.0766,ok,
XD-Violence,v=UzxuX79xq4s__#1_label_B4-0-0,True,,v=UzxuX79xq4s__#1_label_B4-0-0.mp4,B4-0-0,B4,riot,2,114.666667,124.541667,9.875,v=UzxuX79xq4s__#1_label_B4-0-0__seg0002_114.667-124.542.wav,danger risk,1,clotho,a man is speaking and then a woman is giving a speech,-1.0098674297332764,"Speech | Female speech, woman speaking | Narration, monologue",0.8468 | 0.184 | 0.3196 | 0.0011 | 0.2825,ok,
XD-Violence,v=UzxuX79xq4s__#1_label_B4-0-0,True,,v=UzxuX79xq4s__#1_label_B4-0-0.mp4,B4-0-0,B4,riot,3,142.916667,194.166667,51.25,v=UzxuX79xq4s__#1_label_B4-0-0__seg0003_142.917-194.167.wav,danger risk,1,clotho,a man is speaking while a bell is ringing,-0.8712018728256226,Speech,0.8947 | 0.0924 | 0.0099 | 0.0003 | 0.0317,ok,
XD-Violence,v=V7FtjJStY1M__#1_label_G-0-0,True,,v=V7FtjJStY1M__#1_label_G-0-0.mp4,G-0-0,G,explosion,0,1.833333,14.958333,13.125,v=V7FtjJStY1M__#1_label_G-0-0__seg0000_1.833-14.958.wav,danger risk,1,clotho,a man is speaking while a car horn honks and a dog barks,-1.1195000410079956,Speech,0.8013 | 0.0104 | 0.0009 | 0.0009 | 0.0012,ok,
XD-Violence,v=WiS3TIvykeY__#1_label_B4-0-0,True,,v=WiS3TIvykeY__#1_label_B4-0-0.mp4,B4-0-0,B4,riot,0,0.0,60.0,60.0,v=WiS3TIvykeY__#1_label_B4-0-0__seg0000_0.000-60.000.wav,danger risk,1,clotho,a crowd of people are cheering and yelling while a siren is blaring,-1.2263919115066528,Speech,0.6729 | 0.0102 | 0.0005 | 0.0006 | 0.0011,ok,
XD-Violence,v=WiS3TIvykeY__#1_label_B4-0-0,True,,v=WiS3TIvykeY__#1_label_B4-0-0.mp4,B4-0-0,B4,riot,1,60.0,65.0,5.0,v=WiS3TIvykeY__#1_label_B4-0-0__seg0001_60.000-65.000.wav,danger risk,1,clotho,fireworks are going off in the distance while a car drives by,-1.02386212348938,Fireworks | Firecracker,0.1047 | 0.0007 | 0.0002 | 0.0001 | 0.0001,ok,
XD-Violence,v=X1arMZmYhsk__#00-13-00_00-14-09_label_B6-0-0,True,,v=X1arMZmYhsk__#00-13-00_00-14-09_label_B6-0-0.mp4,B6-0-0,B6,car accident,0,13.708333,18.75,5.041667,v=X1arMZmYhsk__#00-13-00_00-14-09_label_B6-0-0__seg0000_13.708-18.750.wav,danger risk,1,clotho,the wind is blowing and the rain is hitting the ground,-1.2916877269744873,Silence,0.0225 | 0.0008 | 0.0005 | 0.0002 | 0.0001,ok,
XD-Violence,v=X1arMZmYhsk__#00-13-00_00-14-09_label_B6-0-0,True,,v=X1arMZmYhsk__#00-13-00_00-14-09_label_B6-0-0.mp4,B6-0-0,B6,car accident,1,27.5,31.083333,3.583333,v=X1arMZmYhsk__#00-13-00_00-14-09_label_B6-0-0__seg0001_27.500-31.083.wav,danger risk,1,clotho,a large metal object is being dragged across a hard surface,-1.1902120113372805,,0.0124 | 0.0003 | 0.0001 | 0.0001 | 0.0001,ok,
XD-Violence,v=X1arMZmYhsk__#00-13-00_00-14-09_label_B6-0-0,True,,v=X1arMZmYhsk__#00-13-00_00-14-09_label_B6-0-0.mp4,B6-0-0,B6,car accident,2,39.291667,41.25,1.958333,v=X1arMZmYhsk__#00-13-00_00-14-09_label_B6-0-0__seg0002_39.292-41.250.wav,danger risk,1,clotho,a bird is chirping and a car is driving by,-1.2412834167480469,Speech | Music | Vehicle | Field recording,0.3627 | 0.0008 | 0.0002 | 0.0003 | 0.0004,ok,
XD-Violence,v=X1arMZmYhsk__#00-13-00_00-14-09_label_B6-0-0,True,,v=X1arMZmYhsk__#00-13-00_00-14-09_label_B6-0-0.mp4,B6-0-0,B6,car accident,3,50.0,52.083333,2.083333,v=X1arMZmYhsk__#00-13-00_00-14-09_label_B6-0-0__seg0003_50.000-52.083.wav,danger risk,1,clotho,a person is walking on a hard surface,-1.3390895128250122,,0.0215 | 0.0009 | 0.0001 | 0.0 | 0.0,ok,
XD-Violence,v=X1arMZmYhsk__#00-13-00_00-14-09_label_B6-0-0,True,,v=X1arMZmYhsk__#00-13-00_00-14-09_label_B6-0-0.mp4,B6-0-0,B6,car accident,4,64.666667,67.5,2.833333,v=X1arMZmYhsk__#00-13-00_00-14-09_label_B6-0-0__seg0004_64.667-67.500.wav,danger risk,1,clotho,children are playing and screaming in the water,-1.6071724891662598,Speech,0.6966 | 0.0015 | 0.0005 | 0.042 | 0.0,ok,
XD-Violence,v=X4I8FhpGJwo__#00-07-40_00-08-50_label_B6-0-0,True,,v=X4I8FhpGJwo__#00-07-40_00-08-50_label_B6-0-0.mp4,B6-0-0,B6,car accident,0,10.75,12.5,1.75,v=X4I8FhpGJwo__#00-07-40_00-08-50_label_B6-0-0__seg0000_10.750-12.500.wav,danger risk,1,clotho,a machine is running and then a horn beeps and then a beep is followed,-1.7016417980194092,,0.0314 | 0.0009 | 0.0001 | 0.0001 | 0.0001,ok,
XD-Violence,v=X4I8FhpGJwo__#00-07-40_00-08-50_label_B6-0-0,True,,v=X4I8FhpGJwo__#00-07-40_00-08-50_label_B6-0-0.mp4,B6-0-0,B6,car accident,1,23.0,24.916667,1.916667,v=X4I8FhpGJwo__#00-07-40_00-08-50_label_B6-0-0__seg0001_23.000-24.917.wav,danger risk,1,clotho,a person is walking on a hard surface,-1.352888822555542,Silence,0.0164 | 0.0009 | 0.0001 | 0.0 | 0.0,ok,
XD-Violence,v=X4I8FhpGJwo__#00-07-40_00-08-50_label_B6-0-0,True,,v=X4I8FhpGJwo__#00-07-40_00-08-50_label_B6-0-0.mp4,B6-0-0,B6,car accident,2,47.916667,54.125,6.208333,v=X4I8FhpGJwo__#00-07-40_00-08-50_label_B6-0-0__seg0002_47.917-54.125.wav,danger risk,1,clotho,a man is speaking while a metal object is being dragged across a hard surface,-1.0862584114074707,Speech | Vehicle | Bicycle,0.5914 | 0.0008 | 0.0002 | 0.0001 | 0.0003,ok,
XD-Violence,v=X4I8FhpGJwo__#00-09-00_00-10-45_label_B6-0-0,True,,v=X4I8FhpGJwo__#00-09-00_00-10-45_label_B6-0-0.mp4,B6-0-0,B6,car accident,0,4.375,6.875,2.5,v=X4I8FhpGJwo__#00-09-00_00-10-45_label_B6-0-0__seg0000_4.375-6.875.wav,danger risk,1,clotho,music is playing and a woman is singing,-1.244730830192566,Music,0.0048 | 0.0003 | 0.0003 | 0.0001 | 0.0001,ok,
XD-Violence,v=X4I8FhpGJwo__#00-09-00_00-10-45_label_B6-0-0,True,,v=X4I8FhpGJwo__#00-09-00_00-10-45_label_B6-0-0.mp4,B6-0-0,B6,car accident,1,22.916667,26.375,3.458333,v=X4I8FhpGJwo__#00-09-00_00-10-45_label_B6-0-0__seg0001_22.917-26.375.wav,danger risk,1,clotho,a machine is running and a dog is barking in the background,-1.127812385559082,,0.0197 | 0.0009 | 0.0004 | 0.0001 | 0.0001,ok,
XD-Violence,v=X4I8FhpGJwo__#00-09-00_00-10-45_label_B6-0-0,True,,v=X4I8FhpGJwo__#00-09-00_00-10-45_label_B6-0-0.mp4,B6-0-0,B6,car accident,2,53.041667,60.0,6.958333,v=X4I8FhpGJwo__#00-09-00_00-10-45_label_B6-0-0__seg0002_53.042-60.000.wav,danger risk,1,clotho,a person is walking on a hard surface,-1.3511264324188232,Silence,0.028 | 0.0016 | 0.0001 | 0.0002 | 0.0001,ok,
XD-Violence,v=X4I8FhpGJwo__#00-09-00_00-10-45_label_B6-0-0,True,,v=X4I8FhpGJwo__#00-09-00_00-10-45_label_B6-0-0.mp4,B6-0-0,B6,car accident,3,68.333333,70.833333,2.5,v=X4I8FhpGJwo__#00-09-00_00-10-45_label_B6-0-0__seg0003_68.333-70.833.wav,danger risk,1,clotho,a metal object is being dragged across a hard surface,-1.253698468208313,Music,0.0295 | 0.0001 | 0.0 | 0.0006 | 0.0,ok,
XD-Violence,v=X4I8FhpGJwo__#00-09-00_00-10-45_label_B6-0-0,True,,v=X4I8FhpGJwo__#00-09-00_00-10-45_label_B6-0-0.mp4,B6-0-0,B6,car accident,4,84.041667,85.416667,1.375,v=X4I8FhpGJwo__#00-09-00_00-10-45_label_B6-0-0__seg0004_84.042-85.417.wav,danger risk,1,clotho,someone is playing a guitar with a musical instrument,-1.3110967874526978,Music,0.0185 | 0.0001 | 0.0 | 0.0002 | 0.0001,ok,
XD-Violence,v=X4I8FhpGJwo__#00-09-00_00-10-45_label_B6-0-0,True,,v=X4I8FhpGJwo__#00-09-00_00-10-45_label_B6-0-0.mp4,B6-0-0,B6,car accident,5,98.416667,102.083333,3.666667,v=X4I8FhpGJwo__#00-09-00_00-10-45_label_B6-0-0__seg0005_98.417-102.083.wav,danger risk,1,clotho,children are talking and playing on a playground,-1.087642788887024,Speech | Vehicle | Bus,0.5854 | 0.0034 | 0.0029 | 0.0012 | 0.0015,ok,
XD-Violence,v=X6Tbn8_X-Os__#1_label_B1-0-0,True,,v=X6Tbn8_X-Os__#1_label_B1-0-0.mp4,B1-0-0,B1,fighting,0,8.333333,38.083333,29.75,v=X6Tbn8_X-Os__#1_label_B1-0-0__seg0000_8.333-38.083.wav,danger risk,1,clotho,a crowd of people are cheering and yelling,-1.153488278388977,Speech | Basketball bounce,0.7219 | 0.0204 | 0.0013 | 0.0004 | 0.0166,ok,
XD-Violence,v=X6Tbn8_X-Os__#1_label_B1-0-0,True,,v=X6Tbn8_X-Os__#1_label_B1-0-0.mp4,B1-0-0,B1,fighting,1,74.583333,134.583333,60.0,v=X6Tbn8_X-Os__#1_label_B1-0-0__seg0001_74.583-134.583.wav,danger risk,1,clotho,a man is speaking while music plays in the background,-0.727510392665863,Speech | Music,0.766 | 0.0344 | 0.0015 | 0.0004 | 0.0046,ok,
XD-Violence,v=X6Tbn8_X-Os__#1_label_B1-0-0,True,,v=X6Tbn8_X-Os__#1_label_B1-0-0.mp4,B1-0-0,B1,fighting,2,134.583333,143.75,9.166667,v=X6Tbn8_X-Os__#1_label_B1-0-0__seg0002_134.583-143.750.wav,danger risk,1,clotho,a man is speaking while music is playing in the background,-0.7631828784942627,Speech | Music,0.6652 | 0.0115 | 0.0003 | 0.0 | 0.0009,ok,
XD-Violence,v=Y1hxr1MWLjM__#1_label_B1-0-0,True,,v=Y1hxr1MWLjM__#1_label_B1-0-0.mp4,B1-0-0,B1,fighting,0,80.0,103.458333,23.458333,v=Y1hxr1MWLjM__#1_label_B1-0-0__seg0000_80.000-103.458.wav,danger risk,1,clotho,a large group of people are talking to each other,-1.1425989866256714,Speech | Music,0.6548 | 0.0077 | 0.0004 | 0.0015 | 0.0005,ok,
XD-Violence,v=Y43UkfAe_bc__#00-00-00_00-01-40_label_B4-0-0,True,,v=Y43UkfAe_bc__#00-00-00_00-01-40_label_B4-0-0.mp4,B4-0-0,B4,riot,0,0.0,60.0,60.0,v=Y43UkfAe_bc__#00-00-00_00-01-40_label_B4-0-0__seg0000_0.000-60.000.wav,danger risk,1,clotho,a group of people are talking and yelling at each other,-0.9503446221351624,"Speech | Outside, urban or manmade",0.7867 | 0.0546 | 0.0062 | 0.0059 | 0.0208,ok,
XD-Violence,v=Y43UkfAe_bc__#00-00-00_00-01-40_label_B4-0-0,True,,v=Y43UkfAe_bc__#00-00-00_00-01-40_label_B4-0-0.mp4,B4-0-0,B4,riot,1,60.0,100.0,40.0,v=Y43UkfAe_bc__#00-00-00_00-01-40_label_B4-0-0__seg0001_60.000-100.000.wav,danger risk,1,clotho,a crowd of people are talking and yelling,-1.016146898269653,"Speech | Run | Outside, urban or manmade",0.8574 | 0.0792 | 0.0042 | 0.0012 | 0.0191,ok,
XD-Violence,v=YANmwpkuWRo__#1_label_G-0-0,True,,v=YANmwpkuWRo__#1_label_G-0-0.mp4,G-0-0,G,explosion,0,40.333333,44.666667,4.333333,v=YANmwpkuWRo__#1_label_G-0-0__seg0000_40.333-44.667.wav,danger risk,1,clotho,a gun is being fired in the distance,-1.2171962261199951,Explosion,0.0123 | 0.0002 | 0.0001 | 0.0001 | 0.0,ok,
XD-Violence,v=YKtw6uLEGps__#1_label_B4-0-0,True,,v=YKtw6uLEGps__#1_label_B4-0-0.mp4,B4-0-0,B4,riot,0,33.625,88.25,54.625,v=YKtw6uLEGps__#1_label_B4-0-0__seg0000_33.625-88.250.wav,danger risk,1,clotho,a man is giving a speech with his voice,-0.9318124651908876,"Speech | Male speech, man speaking | Narration, monologue",0.8838 | 0.3509 | 0.0654 | 0.0005 | 0.0384,ok,
XD-Violence,v=YdrISbwy_zI__#1_label_G-0-0,True,,v=YdrISbwy_zI__#1_label_G-0-0.mp4,G-0-0,G,explosion,0,22.083333,56.75,34.666667,v=YdrISbwy_zI__#1_label_G-0-0__seg0000_22.083-56.750.wav,danger risk,1,clotho,a man is speaking while music plays in the background,-0.7153692841529846,Speech | Music,0.5942 | 0.02 | 0.0005 | 0.0009 | 0.0007,ok,
XD-Violence,v=YhCSFZNwfHc__#00-01-15_00-01-42_label_G-B2-0,True,,v=YhCSFZNwfHc__#00-01-15_00-01-42_label_G-B2-0.mp4,G-B2-0,G|B2,explosion|shooting,0,0.0,2.708333,2.708333,v=YhCSFZNwfHc__#00-01-15_00-01-42_label_G-B2-0__seg0000_0.000-2.708.wav,danger risk,1,clotho,a gun is fired and a man is speaking,-1.1572179794311523,"Gunshot, gunfire | Machine gun",0.1715 | 0.0003 | 0.0001 | 0.0008 | 0.0001,ok,
XD-Violence,v=YhCSFZNwfHc__#00-01-15_00-01-42_label_G-B2-0,True,,v=YhCSFZNwfHc__#00-01-15_00-01-42_label_G-B2-0.mp4,G-B2-0,G|B2,explosion|shooting,1,11.875,20.833333,8.958333,v=YhCSFZNwfHc__#00-01-15_00-01-42_label_G-B2-0__seg0001_11.875-20.833.wav,danger risk,1,clotho,a man is speaking while fireworks are going off in the background,-0.8656165599822998,Speech,0.8724 | 0.0012 | 0.0001 | 0.0009 | 0.0005,ok,
XD-Violence,v=Z12t5h2mBJc__#1_label_B1-0-0,True,,v=Z12t5h2mBJc__#1_label_B1-0-0.mp4,B1-0-0,B1,fighting,0,0.916667,32.5,31.583333,v=Z12t5h2mBJc__#1_label_B1-0-0__seg0000_0.917-32.500.wav,danger risk,1,clotho,a crowd of people are shouting and cheering,-1.134125590324402,Speech | Basketball bounce,0.7255 | 0.0197 | 0.002 | 0.0015 | 0.0055,ok,
XD-Violence,v=Z12t5h2mBJc__#1_label_B1-0-0,True,,v=Z12t5h2mBJc__#1_label_B1-0-0.mp4,B1-0-0,B1,fighting,1,45.375,53.125,7.75,v=Z12t5h2mBJc__#1_label_B1-0-0__seg0001_45.375-53.125.wav,danger risk,1,clotho,a group of people are shouting and cheering while a crowd cheers,-1.137818694114685,Speech | Basketball bounce,0.6667 | 0.0071 | 0.0009 | 0.0024 | 0.0035,ok,
XD-Violence,v=Z12t5h2mBJc__#1_label_B1-0-0,True,,v=Z12t5h2mBJc__#1_label_B1-0-0.mp4,B1-0-0,B1,fighting,2,60.083333,71.25,11.166667,v=Z12t5h2mBJc__#1_label_B1-0-0__seg0002_60.083-71.250.wav,danger risk,1,clotho,a crowd of people are cheering and yelling,-1.1624709367752075,Speech | Basketball bounce,0.8831 | 0.1135 | 0.0051 | 0.0014 | 0.0139,ok,
XD-Violence,v=Z12t5h2mBJc__#1_label_B1-0-0,True,,v=Z12t5h2mBJc__#1_label_B1-0-0.mp4,B1-0-0,B1,fighting,3,105.625,122.916667,17.291667,v=Z12t5h2mBJc__#1_label_B1-0-0__seg0003_105.625-122.917.wav,danger risk,1,clotho,a crowd of people are talking and cheering,-1.1675597429275513,Speech | Basketball bounce,0.7478 | 0.0127 | 0.0015 | 0.0026 | 0.0035,ok,
XD-Violence,v=Z12t5h2mBJc__#1_label_B1-0-0,True,,v=Z12t5h2mBJc__#1_label_B1-0-0.mp4,B1-0-0,B1,fighting,4,123.958333,150.0,26.041667,v=Z12t5h2mBJc__#1_label_B1-0-0__seg0004_123.958-150.000.wav,danger risk,1,clotho,a crowd of people are talking and cheering while a man is speaking,-1.1572563648223877,Speech | Music | Basketball bounce,0.8095 | 0.0205 | 0.0032 | 0.0024 | 0.0058,ok,
XD-Violence,v=Z12t5h2mBJc__#1_label_B1-0-0,True,,v=Z12t5h2mBJc__#1_label_B1-0-0.mp4,B1-0-0,B1,fighting,5,165.208333,179.166667,13.958333,v=Z12t5h2mBJc__#1_label_B1-0-0__seg0005_165.208-179.167.wav,danger risk,1,clotho,a group of people are singing and music is playing,-1.0224398374557495,Music | Rock and roll,0.0406 | 0.0008 | 0.0003 | 0.0004 | 0.0001,ok,
XD-Violence,v=Z12t5h2mBJc__#1_label_B1-0-0,True,,v=Z12t5h2mBJc__#1_label_B1-0-0.mp4,B1-0-0,B1,fighting,6,187.0,194.333333,7.333333,v=Z12t5h2mBJc__#1_label_B1-0-0__seg0006_187.000-194.333.wav,danger risk,1,clotho,a large group of people are talking to each other,-1.075664758682251,Music | Rock and roll,0.0837 | 0.001 | 0.0002 | 0.0002 | 0.0002,ok,
XD-Violence,v=ZCjNPgNu42g__#1_label_B4-0-0,True,,v=ZCjNPgNu42g__#1_label_B4-0-0.mp4,B4-0-0,B4,riot,0,44.166667,104.166667,60.0,v=ZCjNPgNu42g__#1_label_B4-0-0__seg0000_44.167-104.167.wav,danger risk,1,clotho,a crowd of people are cheering and yelling while music plays in the background,-0.9401389360427856,Speech | Crowd | Music,0.8163 | 0.0213 | 0.0021 | 0.0024 | 0.0074,ok,
XD-Violence,v=ZCjNPgNu42g__#1_label_B4-0-0,True,,v=ZCjNPgNu42g__#1_label_B4-0-0.mp4,B4-0-0,B4,riot,1,104.166667,123.75,19.583333,v=ZCjNPgNu42g__#1_label_B4-0-0__seg0001_104.167-123.750.wav,danger risk,1,clotho,a man is speaking while music is playing in the background,-0.8502948880195618,Speech | Music,0.6736 | 0.0164 | 0.0006 | 0.0003 | 0.0031,ok,
XD-Violence,v=ZkUciDD55kA__#00-00-00_00-00-30_label_G-0-0,True,,v=ZkUciDD55kA__#00-00-00_00-00-30_label_G-0-0.mp4,G-0-0,G,explosion,0,5.166667,25.708333,20.541667,v=ZkUciDD55kA__#00-00-00_00-00-30_label_G-0-0__seg0000_5.167-25.708.wav,danger risk,1,clotho,the wind is blowing and the rain is hitting the ground,-1.13508403301239,,0.0201 | 0.0001 | 0.0 | 0.0001 | 0.0,ok,
XD-Violence,v=ZnFlL84K7HE__#00-27-53_00-34-45_label_B4-0-0,True,,v=ZnFlL84K7HE__#00-27-53_00-34-45_label_B4-0-0.mp4,B4-0-0,B4,riot,0,0.0,60.0,60.0,v=ZnFlL84K7HE__#00-27-53_00-34-45_label_B4-0-0__seg0000_0.000-60.000.wav,danger risk,1,clotho,a man is speaking while fireworks are exploding in the background,-0.7669658064842224,"Speech | Outside, urban or manmade",0.7806 | 0.0081 | 0.0005 | 0.0005 | 0.0013,ok,
XD-Violence,v=ZnFlL84K7HE__#00-27-53_00-34-45_label_B4-0-0,True,,v=ZnFlL84K7HE__#00-27-53_00-34-45_label_B4-0-0.mp4,B4-0-0,B4,riot,1,60.0,120.0,60.0,v=ZnFlL84K7HE__#00-27-53_00-34-45_label_B4-0-0__seg0001_60.000-120.000.wav,danger risk,1,clotho,a man is speaking while fireworks are exploding in the background,-0.7592927813529968,Speech,0.8077 | 0.0121 | 0.0004 | 0.0005 | 0.0019,ok,
XD-Violence,v=ZnFlL84K7HE__#00-27-53_00-34-45_label_B4-0-0,True,,v=ZnFlL84K7HE__#00-27-53_00-34-45_label_B4-0-0.mp4,B4-0-0,B4,riot,2,120.0,180.0,60.0,v=ZnFlL84K7HE__#00-27-53_00-34-45_label_B4-0-0__seg0002_120.000-180.000.wav,danger risk,1,clotho,a man is speaking while fireworks are exploding in the background,-0.7321678996086121,"Speech | Outside, urban or manmade",0.828 | 0.0138 | 0.0001 | 0.0003 | 0.0013,ok,
XD-Violence,v=ZnFlL84K7HE__#00-27-53_00-34-45_label_B4-0-0,True,,v=ZnFlL84K7HE__#00-27-53_00-34-45_label_B4-0-0.mp4,B4-0-0,B4,riot,3,180.0,240.0,60.0,v=ZnFlL84K7HE__#00-27-53_00-34-45_label_B4-0-0__seg0003_180.000-240.000.wav,danger risk,1,clotho,a man is speaking while a gun is fired in the background,-0.8071812987327576,Speech,0.7824 | 0.0359 | 0.0006 | 0.0007 | 0.0018,ok,
XD-Violence,v=ZnFlL84K7HE__#00-27-53_00-34-45_label_B4-0-0,True,,v=ZnFlL84K7HE__#00-27-53_00-34-45_label_B4-0-0.mp4,B4-0-0,B4,riot,4,240.0,300.0,60.0,v=ZnFlL84K7HE__#00-27-53_00-34-45_label_B4-0-0__seg0004_240.000-300.000.wav,danger risk,1,clotho,a man is speaking while a crowd of people are talking,-0.905022382736206,Speech,0.6196 | 0.031 | 0.0008 | 0.0005 | 0.0058,ok,
XD-Violence,v=ZnFlL84K7HE__#00-27-53_00-34-45_label_B4-0-0,True,,v=ZnFlL84K7HE__#00-27-53_00-34-45_label_B4-0-0.mp4,B4-0-0,B4,riot,5,300.0,360.0,60.0,v=ZnFlL84K7HE__#00-27-53_00-34-45_label_B4-0-0__seg0005_300.000-360.000.wav,danger risk,1,clotho,a man is speaking while fireworks are going off in the distance,-0.7328558564186096,Speech,0.8166 | 0.0155 | 0.0003 | 0.0004 | 0.0019,ok,
XD-Violence,v=ZnFlL84K7HE__#00-27-53_00-34-45_label_B4-0-0,True,,v=ZnFlL84K7HE__#00-27-53_00-34-45_label_B4-0-0.mp4,B4-0-0,B4,riot,6,360.0,396.791667,36.791667,v=ZnFlL84K7HE__#00-27-53_00-34-45_label_B4-0-0__seg0006_360.000-396.792.wav,danger risk,1,clotho,a man is speaking while a gun is fired in the background,-0.7512864470481873,Speech | Firecracker,0.8662 | 0.0179 | 0.0007 | 0.0008 | 0.0022,ok,
XD-Violence,v=ZoS8gm5OcOM__#00-06-20_00-07-30_label_B6-0-0,True,,v=ZoS8gm5OcOM__#00-06-20_00-07-30_label_B6-0-0.mp4,B6-0-0,B6,car accident,0,15.166667,26.125,10.958333,v=ZoS8gm5OcOM__#00-06-20_00-07-30_label_B6-0-0__seg0000_15.167-26.125.wav,danger risk,1,clotho,a person is walking on a hard surface,-1.3540130853652954,Silence,0.0317 | 0.0018 | 0.0002 | 0.0003 | 0.0001,ok,
XD-Violence,v=ZoS8gm5OcOM__#00-06-20_00-07-30_label_B6-0-0,True,,v=ZoS8gm5OcOM__#00-06-20_00-07-30_label_B6-0-0.mp4,B6-0-0,B6,car accident,1,61.0,70.0,9.0,v=ZoS8gm5OcOM__#00-06-20_00-07-30_label_B6-0-0__seg0001_61.000-70.000.wav,danger risk,1,clotho,people are talking and laughing in the background while a skateboard is rolling in the,-1.4902175664901731,Speech,0.5772 | 0.0021 | 0.0006 | 0.0074 | 0.0005,ok,
XD-Violence,v=ZoS8gm5OcOM__#00-07-50_00-08-55_label_B6-0-0,True,,v=ZoS8gm5OcOM__#00-07-50_00-08-55_label_B6-0-0.mp4,B6-0-0,B6,car accident,0,11.125,13.333333,2.208333,v=ZoS8gm5OcOM__#00-07-50_00-08-55_label_B6-0-0__seg0000_11.125-13.333.wav,danger risk,1,clotho,a person is playing a musical instrument with drums,-1.2969090938568115,Music,0.0114 | 0.0002 | 0.0 | 0.0001 | 0.0,ok,
XD-Violence,v=ZoS8gm5OcOM__#00-07-50_00-08-55_label_B6-0-0,True,,v=ZoS8gm5OcOM__#00-07-50_00-08-55_label_B6-0-0.mp4,B6-0-0,B6,car accident,1,33.125,35.416667,2.291667,v=ZoS8gm5OcOM__#00-07-50_00-08-55_label_B6-0-0__seg0001_33.125-35.417.wav,danger risk,1,clotho,a man is speaking while a gun is fired,-1.1700748205184937,Speech | Music,0.5681 | 0.0029 | 0.0003 | 0.0002 | 0.001,ok,
XD-Violence,v=ZoS8gm5OcOM__#00-07-50_00-08-55_label_B6-0-0,True,,v=ZoS8gm5OcOM__#00-07-50_00-08-55_label_B6-0-0.mp4,B6-0-0,B6,car accident,2,48.166667,60.583333,12.416667,v=ZoS8gm5OcOM__#00-07-50_00-08-55_label_B6-0-0__seg0002_48.167-60.583.wav,danger risk,1,clotho,a woman is speaking while a car is driving and a man is talking,-1.2879668474197388,Music | Vehicle | Car,0.1949 | 0.0019 | 0.0012 | 0.0013 | 0.0006,ok,
XD-Violence,v=_5Kmb4tqMxs__#1_label_B4-0-0,True,,v=_5Kmb4tqMxs__#1_label_B4-0-0.mp4,B4-0-0,B4,riot,0,0.958333,52.083333,51.125,v=_5Kmb4tqMxs__#1_label_B4-0-0__seg0000_0.958-52.083.wav,danger risk,1,clotho,people are talking while a siren is blaring in the background,-0.9561221599578856,Speech | Emergency vehicle | Police car (siren) | Ambulance (siren) | Siren,0.6501 | 0.0061 | 0.0003 | 0.0018 | 0.0011,ok,
XD-Violence,v=_BgJEXQkjNQ__#1_label_G-0-0,True,,v=_BgJEXQkjNQ__#1_label_G-0-0.mp4,G-0-0,G,explosion,0,71.666667,131.666667,60.0,v=_BgJEXQkjNQ__#1_label_G-0-0__seg0000_71.667-131.667.wav,danger risk,1,clotho,a person is hammering a metal object on a hard surface,-1.3549116849899292,Explosion,0.0654 | 0.0001 | 0.0001 | 0.0004 | 0.0,ok,
XD-Violence,v=_BgJEXQkjNQ__#1_label_G-0-0,True,,v=_BgJEXQkjNQ__#1_label_G-0-0.mp4,G-0-0,G,explosion,1,131.666667,191.666667,60.0,v=_BgJEXQkjNQ__#1_label_G-0-0__seg0001_131.667-191.667.wav,danger risk,1,clotho,birds are chirping in the background as a light breeze blows,-1.1998541355133057,,0.015 | 0.0001 | 0.0 | 0.0003 | 0.0,ok,
XD-Violence,v=_BgJEXQkjNQ__#1_label_G-0-0,True,,v=_BgJEXQkjNQ__#1_label_G-0-0.mp4,G-0-0,G,explosion,2,191.666667,214.375,22.708333,v=_BgJEXQkjNQ__#1_label_G-0-0__seg0002_191.667-214.375.wav,danger risk,1,clotho,birds are chirping in the background while a machine is running,-1.1680790185928345,Field recording,0.1451 | 0.0002 | 0.0001 | 0.0009 | 0.0,ok,
XD-Violence,v=_BgJEXQkjNQ__#1_label_G-0-0,True,,v=_BgJEXQkjNQ__#1_label_G-0-0.mp4,G-0-0,G,explosion,3,220.916667,280.916667,60.0,v=_BgJEXQkjNQ__#1_label_G-0-0__seg0003_220.917-280.917.wav,danger risk,1,clotho,birds are chirping in the background while an airplane flies overhead,-1.1542598009109497,,0.2396 | 0.0002 | 0.0002 | 0.0007 | 0.0,ok,
XD-Violence,v=_BgJEXQkjNQ__#1_label_G-0-0,True,,v=_BgJEXQkjNQ__#1_label_G-0-0.mp4,G-0-0,G,explosion,4,280.916667,330.75,49.833333,v=_BgJEXQkjNQ__#1_label_G-0-0__seg0004_280.917-330.750.wav,danger risk,1,clotho,birds are chirping in the background as a car drives by,-1.0688484907150269,,0.1888 | 0.0002 | 0.0001 | 0.0001 | 0.0,ok,
XD-Violence,v=_YobflFU_HU__#00-06-10_00-07-51_label_B6-0-0,True,,v=_YobflFU_HU__#00-06-10_00-07-51_label_B6-0-0.mp4,B6-0-0,B6,car accident,0,0.0,2.708333,2.708333,v=_YobflFU_HU__#00-06-10_00-07-51_label_B6-0-0__seg0000_0.000-2.708.wav,danger risk,1,clotho,paper is being crumpled up and moved around,-1.316452145576477,Speech,0.3151 | 0.001 | 0.0002 | 0.0004 | 0.0006,ok,
XD-Violence,v=_YobflFU_HU__#00-06-10_00-07-51_label_B6-0-0,True,,v=_YobflFU_HU__#00-06-10_00-07-51_label_B6-0-0.mp4,B6-0-0,B6,car accident,1,12.5,18.291667,5.791667,v=_YobflFU_HU__#00-06-10_00-07-51_label_B6-0-0__seg0001_12.500-18.292.wav,danger risk,1,clotho,a saw is being used to cut a piece of wood,-1.1069716215133667,Vehicle,0.0235 | 0.0002 | 0.0001 | 0.0003 | 0.0001,ok,
XD-Violence,v=_YobflFU_HU__#00-06-10_00-07-51_label_B6-0-0,True,,v=_YobflFU_HU__#00-06-10_00-07-51_label_B6-0-0.mp4,B6-0-0,B6,car accident,2,26.25,29.666667,3.416667,v=_YobflFU_HU__#00-06-10_00-07-51_label_B6-0-0__seg0002_26.250-29.667.wav,danger risk,1,clotho,a car alarm beeps while a vehicle drives by and a horn honks,-1.4244318008422852,Speech | Vehicle,0.3174 | 0.0003 | 0.0 | 0.0001 | 0.0001,ok,
XD-Violence,v=_YobflFU_HU__#00-06-10_00-07-51_label_B6-0-0,True,,v=_YobflFU_HU__#00-06-10_00-07-51_label_B6-0-0.mp4,B6-0-0,B6,car accident,3,47.083333,51.666667,4.583333,v=_YobflFU_HU__#00-06-10_00-07-51_label_B6-0-0__seg0003_47.083-51.667.wav,danger risk,1,clotho,a man is speaking over an intercom while a radio is playing,-1.1297067403793335,Speech | Music,0.631 | 0.0205 | 0.0013 | 0.0001 | 0.0063,ok,
XD-Violence,v=_YobflFU_HU__#00-06-10_00-07-51_label_B6-0-0,True,,v=_YobflFU_HU__#00-06-10_00-07-51_label_B6-0-0.mp4,B6-0-0,B6,car accident,4,62.5,67.5,5.0,v=_YobflFU_HU__#00-06-10_00-07-51_label_B6-0-0__seg0004_62.500-67.500.wav,danger risk,1,clotho,a man is speaking while a car is driving by,-0.9800033569335938,Speech | Music | Vehicle,0.8343 | 0.0047 | 0.0004 | 0.0005 | 0.0015,ok,
XD-Violence,v=_YobflFU_HU__#00-06-10_00-07-51_label_B6-0-0,True,,v=_YobflFU_HU__#00-06-10_00-07-51_label_B6-0-0.mp4,B6-0-0,B6,car accident,5,80.625,85.75,5.125,v=_YobflFU_HU__#00-06-10_00-07-51_label_B6-0-0__seg0005_80.625-85.750.wav,danger risk,1,clotho,children are playing and talking in the background,-1.3451056480407717,Speech,0.8365 | 0.0025 | 0.0012 | 0.0742 | 0.0003,ok,
XD-Violence,v=_YobflFU_HU__#00-06-10_00-07-51_label_B6-0-0,True,,v=_YobflFU_HU__#00-06-10_00-07-51_label_B6-0-0.mp4,B6-0-0,B6,car accident,6,95.416667,99.916667,4.5,v=_YobflFU_HU__#00-06-10_00-07-51_label_B6-0-0__seg0006_95.417-99.917.wav,danger risk,1,clotho,the wind is blowing and a man is speaking,-1.0917699337005615,Speech | Vehicle,0.3004 | 0.0008 | 0.0001 | 0.0004 | 0.0001,ok,
XD-Violence,v=_tsSKAsVZfo__#1_label_B4-0-0,True,,v=_tsSKAsVZfo__#1_label_B4-0-0.mp4,B4-0-0,B4,riot,0,6.375,45.416667,39.041667,v=_tsSKAsVZfo__#1_label_B4-0-0__seg0000_6.375-45.417.wav,danger risk,1,clotho,a crowd of people are cheering and yelling,-1.1642485857009888,Speech | Crowd,0.7981 | 0.0332 | 0.0007 | 0.0008 | 0.0095,ok,
XD-Violence,v=_tsSKAsVZfo__#1_label_B4-0-0,True,,v=_tsSKAsVZfo__#1_label_B4-0-0.mp4,B4-0-0,B4,riot,1,48.75,103.333333,54.583333,v=_tsSKAsVZfo__#1_label_B4-0-0__seg0001_48.750-103.333.wav,danger risk,1,clotho,a crowd of people are cheering and yelling loudly,-1.0716246366500854,Speech | Crowd,0.7386 | 0.0272 | 0.0029 | 0.0018 | 0.0172,ok,
XD-Violence,v=aQ3qMpgZjwg__#00-00-00_00-01-48_label_B4-0-0,True,,v=aQ3qMpgZjwg__#00-00-00_00-01-48_label_B4-0-0.mp4,B4-0-0,B4,riot,0,26.541667,63.75,37.208333,v=aQ3qMpgZjwg__#00-00-00_00-01-48_label_B4-0-0__seg0000_26.542-63.750.wav,danger risk,1,clotho,a crowd of people are talking and yelling at the same time,-0.9553094506263732,"Speech | Chatter | Outside, urban or manmade",0.947 | 0.0706 | 0.0134 | 0.0031 | 0.0479,ok,
XD-Violence,v=aQ3qMpgZjwg__#00-00-00_00-01-48_label_B4-0-0,True,,v=aQ3qMpgZjwg__#00-00-00_00-01-48_label_B4-0-0.mp4,B4-0-0,B4,riot,1,75.0,87.5,12.5,v=aQ3qMpgZjwg__#00-00-00_00-01-48_label_B4-0-0__seg0001_75.000-87.500.wav,danger risk,1,clotho,a crowd of people are talking and yelling,-1.0442739725112915,Speech | Chatter,0.9637 | 0.0445 | 0.0102 | 0.0016 | 0.0316,ok,
XD-Violence,v=aWPWHU8x6kE__#1_label_B4-0-0,True,,v=aWPWHU8x6kE__#1_label_B4-0-0.mp4,B4-0-0,B4,riot,0,140.333333,195.75,55.416667,v=aWPWHU8x6kE__#1_label_B4-0-0__seg0000_140.333-195.750.wav,danger risk,1,clotho,a man is speaking and then a gun is fired,-1.494599223136902,Speech | Music,0.7337 | 0.019 | 0.0041 | 0.0007 | 0.0058,ok,
XD-Violence,v=abATVcjFumY__#1_label_G-0-0,True,,v=abATVcjFumY__#1_label_G-0-0.mp4,G-0-0,G,explosion,0,5.958333,18.75,12.791667,v=abATVcjFumY__#1_label_G-0-0__seg0000_5.958-18.750.wav,danger risk,1,clotho,a man is speaking while a machine is running in the background,-0.9238371253013612,Speech,0.7944 | 0.0017 | 0.0001 | 0.0001 | 0.0002,ok,
XD-Violence,v=abATVcjFumY__#1_label_G-0-0,True,,v=abATVcjFumY__#1_label_G-0-0.mp4,G-0-0,G,explosion,1,65.0,76.25,11.25,v=abATVcjFumY__#1_label_G-0-0__seg0001_65.000-76.250.wav,danger risk,1,clotho,a machine is running and a man is speaking in the background,-0.8656279444694519,Speech | Hum | Mains hum,0.3241 | 0.0015 | 0.0002 | 0.0002 | 0.0001,ok,
XD-Violence,v=afhttnv46Y4__#1_label_B1-0-0,True,,v=afhttnv46Y4__#1_label_B1-0-0.mp4,B1-0-0,B1,fighting,0,12.666667,35.833333,23.166667,v=afhttnv46Y4__#1_label_B1-0-0__seg0000_12.667-35.833.wav,danger risk,1,clotho,a crowd of people are cheering and yelling,-1.1301023960113523,Speech | Basketball bounce,0.6559 | 0.012 | 0.0007 | 0.0007 | 0.002,ok,
XD-Violence,v=afhttnv46Y4__#1_label_B1-0-0,True,,v=afhttnv46Y4__#1_label_B1-0-0.mp4,B1-0-0,B1,fighting,1,59.791667,84.166667,24.375,v=afhttnv46Y4__#1_label_B1-0-0__seg0001_59.792-84.167.wav,danger risk,1,clotho,a crowd of people are cheering and yelling,-1.0682936906814575,Speech | Basketball bounce,0.7023 | 0.0191 | 0.0029 | 0.0008 | 0.0052,ok,
XD-Violence,v=b0MUjeKAGZw__#1_label_B4-0-0,True,,v=b0MUjeKAGZw__#1_label_B4-0-0.mp4,B4-0-0,B4,riot,0,0.0,60.0,60.0,v=b0MUjeKAGZw__#1_label_B4-0-0__seg0000_0.000-60.000.wav,danger risk,1,clotho,a crowd of people are cheering and yelling at a sporting event,-1.0759366750717163,"Speech | Crowd | Hubbub, speech noise, speech babble",0.7244 | 0.0096 | 0.0006 | 0.0005 | 0.0019,ok,
XD-Violence,v=b0MUjeKAGZw__#1_label_B4-0-0,True,,v=b0MUjeKAGZw__#1_label_B4-0-0.mp4,B4-0-0,B4,riot,1,60.0,116.25,56.25,v=b0MUjeKAGZw__#1_label_B4-0-0__seg0001_60.000-116.250.wav,danger risk,1,clotho,a crowd of people are talking and yelling,-1.1785612106323242,Speech,0.7777 | 0.0026 | 0.0004 | 0.0003 | 0.0014,ok,
XD-Violence,v=bDm2-1NZBLw__#1_label_B4-0-0,True,,v=bDm2-1NZBLw__#1_label_B4-0-0.mp4,B4-0-0,B4,riot,0,0.041667,60.041667,60.0,v=bDm2-1NZBLw__#1_label_B4-0-0__seg0000_0.042-60.042.wav,danger risk,1,clotho,a crowd of people are talking while cars are passing by,-1.0495985746383667,"Speech | Vehicle | Bicycle | Outside, urban or manmade",0.863 | 0.0081 | 0.0011 | 0.0011 | 0.0034,ok,
XD-Violence,v=bDm2-1NZBLw__#1_label_B4-0-0,True,,v=bDm2-1NZBLw__#1_label_B4-0-0.mp4,B4-0-0,B4,riot,1,60.041667,92.041667,32.0,v=bDm2-1NZBLw__#1_label_B4-0-0__seg0001_60.042-92.042.wav,danger risk,1,clotho,people are talking while cars are passing by and a motorcycle passes by,-1.055780291557312,Speech | Music | Vehicle,0.7655 | 0.0019 | 0.0003 | 0.0008 | 0.0001,ok,
XD-Violence,v=bfOlheR5nUQ__#00-00-00_00-04-33_label_B4-0-0,True,,v=bfOlheR5nUQ__#00-00-00_00-04-33_label_B4-0-0.mp4,B4-0-0,B4,riot,0,0.0,60.0,60.0,v=bfOlheR5nUQ__#00-00-00_00-04-33_label_B4-0-0__seg0000_0.000-60.000.wav,danger risk,1,clotho,a crowd of people are cheering and yelling,-1.1026380062103271,"Speech | Crowd | Music | Inside, public space",0.8213 | 0.0096 | 0.0036 | 0.0011 | 0.0148,ok,
XD-Violence,v=bfOlheR5nUQ__#00-00-00_00-04-33_label_B4-0-0,True,,v=bfOlheR5nUQ__#00-00-00_00-04-33_label_B4-0-0.mp4,B4-0-0,B4,riot,1,60.0,120.0,60.0,v=bfOlheR5nUQ__#00-00-00_00-04-33_label_B4-0-0__seg0001_60.000-120.000.wav,danger risk,1,clotho,a crowd of people are cheering and yelling while a car drives by,-1.0855607986450195,Speech | Crowd | Music,0.8308 | 0.0072 | 0.0009 | 0.0021 | 0.0028,ok,
XD-Violence,v=bfOlheR5nUQ__#00-00-00_00-04-33_label_B4-0-0,True,,v=bfOlheR5nUQ__#00-00-00_00-04-33_label_B4-0-0.mp4,B4-0-0,B4,riot,2,120.0,180.0,60.0,v=bfOlheR5nUQ__#00-00-00_00-04-33_label_B4-0-0__seg0002_120.000-180.000.wav,danger risk,1,clotho,a crowd of people are cheering and yelling at the same time,-1.12430739402771,Speech | Battle cry | Crowd | Music,0.6836 | 0.0096 | 0.0056 | 0.0034 | 0.0132,ok,
XD-Violence,v=bfOlheR5nUQ__#00-00-00_00-04-33_label_B4-0-0,True,,v=bfOlheR5nUQ__#00-00-00_00-04-33_label_B4-0-0.mp4,B4-0-0,B4,riot,3,180.0,240.0,60.0,v=bfOlheR5nUQ__#00-00-00_00-04-33_label_B4-0-0__seg0003_180.000-240.000.wav,danger risk,1,clotho,a crowd of people are shouting and cheering while a horn is blown,-1.1638448238372805,"Speech | Music | Air horn, truck horn",0.9358 | 0.0091 | 0.0009 | 0.0011 | 0.0049,ok,
XD-Violence,v=bfOlheR5nUQ__#00-00-00_00-04-33_label_B4-0-0,True,,v=bfOlheR5nUQ__#00-00-00_00-04-33_label_B4-0-0.mp4,B4-0-0,B4,riot,4,240.0,273.041667,33.041667,v=bfOlheR5nUQ__#00-00-00_00-04-33_label_B4-0-0__seg0004_240.000-273.042.wav,danger risk,1,clotho,a crowd of people are shouting and yelling,-1.0153898000717163,Speech,0.9276 | 0.0131 | 0.0018 | 0.0016 | 0.0074,ok,
XD-Violence,v=bfOlheR5nUQ__#00-04-33_00-06-02_label_B4-0-0,True,,v=bfOlheR5nUQ__#00-04-33_00-06-02_label_B4-0-0.mp4,B4-0-0,B4,riot,0,0.0,60.0,60.0,v=bfOlheR5nUQ__#00-04-33_00-06-02_label_B4-0-0__seg0000_0.000-60.000.wav,danger risk,1,clotho,a crowd of people are cheering and yelling loudly,-1.1421170234680176,Speech | Battle cry | Crowd,0.5115 | 0.0044 | 0.0012 | 0.001 | 0.004,ok,
XD-Violence,v=bfOlheR5nUQ__#00-04-33_00-06-02_label_B4-0-0,True,,v=bfOlheR5nUQ__#00-04-33_00-06-02_label_B4-0-0.mp4,B4-0-0,B4,riot,1,60.0,88.958333,28.958333,v=bfOlheR5nUQ__#00-04-33_00-06-02_label_B4-0-0__seg0001_60.000-88.958.wav,danger risk,1,clotho,a group of people are shouting and yelling,-1.0583021640777588,Speech | Slam,0.9132 | 0.0104 | 0.002 | 0.0025 | 0.0093,ok,
XD-Violence,v=bhZs3ALdL7Y__#1_label_G-0-0,True,,v=bhZs3ALdL7Y__#1_label_G-0-0.mp4,G-0-0,G,explosion,0,0.0,2.916667,2.916667,v=bhZs3ALdL7Y__#1_label_G-0-0__seg0000_0.000-2.917.wav,danger risk,1,clotho,a large explosion is followed by a loud explosions,-1.4424898624420166,Explosion | Boom,0.045 | 0.0002 | 0.0001 | 0.0007 | 0.0,ok,
XD-Violence,v=cEOM18n8fhU__#1_label_G-0-0,True,,v=cEOM18n8fhU__#1_label_G-0-0.mp4,G-0-0,G,explosion,0,88.875,114.583333,25.708333,v=cEOM18n8fhU__#1_label_G-0-0__seg0000_88.875-114.583.wav,danger risk,1,clotho,a man is speaking while cars are driving by in the background,-0.8784652948379517,Speech | Vehicle,0.7731 | 0.0014 | 0.0003 | 0.0002 | 0.0003,ok,
XD-Violence,v=cO1UefhG7AY__#1_label_G-0-0,True,,v=cO1UefhG7AY__#1_label_G-0-0.mp4,G-0-0,G,explosion,0,43.666667,50.0,6.333333,v=cO1UefhG7AY__#1_label_G-0-0__seg0000_43.667-50.000.wav,danger risk,1,clotho,a man is speaking while a gun is fired in the background,-0.8534160256385803,Speech | Artillery fire,0.4297 | 0.001 | 0.0001 | 0.0006 | 0.0002,ok,
XD-Violence,v=cO1UefhG7AY__#1_label_G-0-0,True,,v=cO1UefhG7AY__#1_label_G-0-0.mp4,G-0-0,G,explosion,1,80.833333,91.25,10.416667,v=cO1UefhG7AY__#1_label_G-0-0__seg0001_80.833-91.250.wav,danger risk,1,clotho,a man is speaking while a gun is fired in the background,-0.970780074596405,Speech,0.8509 | 0.0005 | 0.0003 | 0.0007 | 0.0003,ok,
XD-Violence,v=cO1UefhG7AY__#1_label_G-0-0,True,,v=cO1UefhG7AY__#1_label_G-0-0.mp4,G-0-0,G,explosion,2,174.166667,179.166667,5.0,v=cO1UefhG7AY__#1_label_G-0-0__seg0002_174.167-179.167.wav,danger risk,1,clotho,a person is using a wrench on a piece of paper,-1.109000325202942,Silence,0.0299 | 0.0015 | 0.0001 | 0.0002 | 0.0001,ok,
XD-Violence,v=cuUK-3MNqtw__#1_label_B1-0-0,True,,v=cuUK-3MNqtw__#1_label_B1-0-0.mp4,B1-0-0,B1,fighting,0,53.333333,60.416667,7.083333,v=cuUK-3MNqtw__#1_label_B1-0-0__seg0000_53.333-60.417.wav,danger risk,1,clotho,a basketball bouncing ball bounces and people are talking,-1.615695595741272,Speech | Basketball bounce,0.7148 | 0.0006 | 0.0003 | 0.0011 | 0.0004,ok,
XD-Violence,v=d5lTTPvJLpw__#1_label_B4-0-0,True,,v=d5lTTPvJLpw__#1_label_B4-0-0.mp4,B4-0-0,B4,riot,0,7.833333,15.333333,7.5,v=d5lTTPvJLpw__#1_label_B4-0-0__seg0000_7.833-15.333.wav,danger risk,1,clotho,a man is speaking while music is playing in the background,-0.7253864407539368,Speech | Music,0.7307 | 0.007 | 0.0001 | 0.0006 | 0.0005,ok,
XD-Violence,v=d5lTTPvJLpw__#1_label_B4-0-0,True,,v=d5lTTPvJLpw__#1_label_B4-0-0.mp4,B4-0-0,B4,riot,1,21.166667,33.75,12.583333,v=d5lTTPvJLpw__#1_label_B4-0-0__seg0001_21.167-33.750.wav,danger risk,1,clotho,a man is speaking while a radio is playing in the background,-0.8876173496246338,Speech | Music,0.6774 | 0.0037 | 0.0002 | 0.001 | 0.0003,ok,
XD-Violence,v=d5lTTPvJLpw__#1_label_B4-0-0,True,,v=d5lTTPvJLpw__#1_label_B4-0-0.mp4,B4-0-0,B4,riot,2,38.333333,98.333333,60.0,v=d5lTTPvJLpw__#1_label_B4-0-0__seg0002_38.333-98.333.wav,danger risk,1,clotho,a man is speaking while music plays and a siren sounds in the background,-0.9389050006866456,Speech | Music | Emergency vehicle | Police car (siren) | Siren,0.7223 | 0.0239 | 0.001 | 0.0007 | 0.0023,ok,
XD-Violence,v=d5lTTPvJLpw__#1_label_B4-0-0,True,,v=d5lTTPvJLpw__#1_label_B4-0-0.mp4,B4-0-0,B4,riot,3,98.333333,158.333333,60.0,v=d5lTTPvJLpw__#1_label_B4-0-0__seg0003_98.333-158.333.wav,danger risk,1,clotho,a group of people are talking and a dog is barking,-0.8500345349311829,Speech | Bow-wow | Music,0.8416 | 0.0128 | 0.002 | 0.0023 | 0.0065,ok,
XD-Violence,v=d5lTTPvJLpw__#1_label_B4-0-0,True,,v=d5lTTPvJLpw__#1_label_B4-0-0.mp4,B4-0-0,B4,riot,4,158.333333,218.333333,60.0,v=d5lTTPvJLpw__#1_label_B4-0-0__seg0004_158.333-218.333.wav,danger risk,1,clotho,a man is speaking while a machine is running and a siren is blaring,-1.121029496192932,Speech | Music | Police car (siren),0.8012 | 0.0042 | 0.0014 | 0.0031 | 0.0014,ok,
XD-Violence,v=d5lTTPvJLpw__#1_label_B4-0-0,True,,v=d5lTTPvJLpw__#1_label_B4-0-0.mp4,B4-0-0,B4,riot,5,218.333333,245.0,26.666667,v=d5lTTPvJLpw__#1_label_B4-0-0__seg0005_218.333-245.000.wav,danger risk,1,clotho,a man is speaking while music plays in the background,-0.699431836605072,Speech | Music,0.8637 | 0.0147 | 0.0006 | 0.0002 | 0.0027,ok,
XD-Violence,v=eqtJjxsTgtg__#1_label_G-0-0,True,,v=eqtJjxsTgtg__#1_label_G-0-0.mp4,G-0-0,G,explosion,0,14.291667,20.0,5.708333,v=eqtJjxsTgtg__#1_label_G-0-0__seg0000_14.292-20.000.wav,danger risk,1,clotho,a gun is being fired while people are laughing and talking in the background,-1.0050714015960691,Speech,0.3056 | 0.0014 | 0.0002 | 0.0033 | 0.0001,ok,
XD-Violence,v=f6j3YWgVBto__#00-06-16_00-06-51_label_B6-0-0,True,,v=f6j3YWgVBto__#00-06-16_00-06-51_label_B6-0-0.mp4,B6-0-0,B6,car accident,0,10.0,15.416667,5.416667,v=f6j3YWgVBto__#00-06-16_00-06-51_label_B6-0-0__seg0000_10.000-15.417.wav,danger risk,1,clotho,a heavy object is being hit against another hard surface,-1.3604357242584229,"Explosion | Burst, pop | Eruption",0.0243 | 0.0002 | 0.0003 | 0.0003 | 0.0,ok,
XD-Violence,v=fIlmgvc-bUk__#1_label_B4-0-0,True,,v=fIlmgvc-bUk__#1_label_B4-0-0.mp4,B4-0-0,B4,riot,0,5.125,57.083333,51.958333,v=fIlmgvc-bUk__#1_label_B4-0-0__seg0000_5.125-57.083.wav,danger risk,1,clotho,a crowd of people are cheering and yelling,-1.0837079286575315,Speech | Music | Basketball bounce,0.9023 | 0.0423 | 0.0019 | 0.0006 | 0.0125,ok,
XD-Violence,v=fQQzg2VfJME__#1_label_B4-0-0,True,,v=fQQzg2VfJME__#1_label_B4-0-0.mp4,B4-0-0,B4,riot,0,4.875,54.166667,49.291667,v=fQQzg2VfJME__#1_label_B4-0-0__seg0000_4.875-54.167.wav,danger risk,1,clotho,people are talking while a car horn honks and a whistle blows,-1.3175904750823977,"Speech | Outside, urban or manmade",0.3466 | 0.0016 | 0.0003 | 0.0001 | 0.0007,ok,
XD-Violence,v=fhiAyxpDQMU__#1_label_B4-0-0,True,,v=fhiAyxpDQMU__#1_label_B4-0-0.mp4,B4-0-0,B4,riot,0,0.0,60.0,60.0,v=fhiAyxpDQMU__#1_label_B4-0-0__seg0000_0.000-60.000.wav,danger risk,1,clotho,fireworks are going off in the distance and people are talking,-0.9020127654075624,Speech | Fireworks,0.7728 | 0.0027 | 0.0005 | 0.0008 | 0.0007,ok,
XD-Violence,v=fhiAyxpDQMU__#1_label_B4-0-0,True,,v=fhiAyxpDQMU__#1_label_B4-0-0.mp4,B4-0-0,B4,riot,1,60.0,120.0,60.0,v=fhiAyxpDQMU__#1_label_B4-0-0__seg0001_60.000-120.000.wav,danger risk,1,clotho,a crowd of people are cheering and yelling while a gun is fired,-1.2357150316238403,Speech | Crowd | Music | Fireworks,0.82 | 0.0098 | 0.0009 | 0.001 | 0.0026,ok,
XD-Violence,v=fhiAyxpDQMU__#1_label_B4-0-0,True,,v=fhiAyxpDQMU__#1_label_B4-0-0.mp4,B4-0-0,B4,riot,2,120.0,165.625,45.625,v=fhiAyxpDQMU__#1_label_B4-0-0__seg0002_120.000-165.625.wav,danger risk,1,clotho,a crowd of people are talking and fireworks are going off in the distance,-0.8550735712051392,"Speech | Fireworks | Firecracker | Outside, urban or manmade",0.8653 | 0.011 | 0.0006 | 0.001 | 0.002,ok,
XD-Violence,v=g2v3EkBj9Zc__#1_label_B4-0-0,True,,v=g2v3EkBj9Zc__#1_label_B4-0-0.mp4,B4-0-0,B4,riot,0,0.0,22.083333,22.083333,v=g2v3EkBj9Zc__#1_label_B4-0-0__seg0000_0.000-22.083.wav,danger risk,1,clotho,a group of people are talking and yelling while a dog barks,-1.1804391145706177,Speech | Run,0.8592 | 0.0211 | 0.0017 | 0.0024 | 0.008,ok,
XD-Violence,v=gENp4SyNxkI__#1_label_B1-0-0,True,,v=gENp4SyNxkI__#1_label_B1-0-0.mp4,B1-0-0,B1,fighting,0,0.0,52.083333,52.083333,v=gENp4SyNxkI__#1_label_B1-0-0__seg0000_0.000-52.083.wav,danger risk,1,clotho,a group of people are talking and laughing,-0.8461589813232422,Speech,0.9419 | 0.0185 | 0.0123 | 0.0425 | 0.0105,ok,
XD-Violence,v=gbRIKogNZvE__#1_label_B4-0-0,True,,v=gbRIKogNZvE__#1_label_B4-0-0.mp4,B4-0-0,B4,riot,0,0.0,60.0,60.0,v=gbRIKogNZvE__#1_label_B4-0-0__seg0000_0.000-60.000.wav,danger risk,1,clotho,people are talking in the background while a machine is running,-0.9549126029014589,Speech,0.8403 | 0.0017 | 0.0001 | 0.0003 | 0.0003,ok,
XD-Violence,v=gbRIKogNZvE__#1_label_B4-0-0,True,,v=gbRIKogNZvE__#1_label_B4-0-0.mp4,B4-0-0,B4,riot,1,60.0,120.0,60.0,v=gbRIKogNZvE__#1_label_B4-0-0__seg0001_60.000-120.000.wav,danger risk,1,clotho,people are talking while music is playing in the background,-0.7783176302909851,Speech | Music,0.7758 | 0.001 | 0.0001 | 0.0002 | 0.0001,ok,
XD-Violence,v=gbRIKogNZvE__#1_label_B4-0-0,True,,v=gbRIKogNZvE__#1_label_B4-0-0.mp4,B4-0-0,B4,riot,2,120.0,124.5,4.5,v=gbRIKogNZvE__#1_label_B4-0-0__seg0002_120.000-124.500.wav,danger risk,1,clotho,a crowd of people are talking while a man is speaking,-1.0949301719665527,Speech | Spray,0.8268 | 0.0053 | 0.0004 | 0.0007 | 0.0029,ok,
XD-Violence,v=gp_D8r-2hwk__#1_label_G-0-0,True,,v=gp_D8r-2hwk__#1_label_G-0-0.mp4,G-0-0,G,explosion,0,56.875,66.666667,9.791667,v=gp_D8r-2hwk__#1_label_G-0-0__seg0000_56.875-66.667.wav,danger risk,1,clotho,a man is speaking over a loud speaker,-1.1437619924545288,Speech | Eruption,0.8128 | 0.0161 | 0.0052 | 0.0004 | 0.0029,ok,
XD-Violence,v=gsz_P8t-KM4__#1_label_B4-0-0,True,,v=gsz_P8t-KM4__#1_label_B4-0-0.mp4,B4-0-0,B4,riot,0,0.0,60.0,60.0,v=gsz_P8t-KM4__#1_label_B4-0-0__seg0000_0.000-60.000.wav,danger risk,1,clotho,a crowd of people are cheering and yelling while a siren is going off,-1.0761244297027588,Speech,0.8174 | 0.0102 | 0.0006 | 0.0008 | 0.0026,ok,
XD-Violence,v=gsz_P8t-KM4__#1_label_B4-0-0,True,,v=gsz_P8t-KM4__#1_label_B4-0-0.mp4,B4-0-0,B4,riot,1,60.0,120.0,60.0,v=gsz_P8t-KM4__#1_label_B4-0-0__seg0001_60.000-120.000.wav,danger risk,1,clotho,a crowd of people are cheering and yelling loudly,-1.051826238632202,Speech | Crowd,0.8069 | 0.0071 | 0.0006 | 0.0005 | 0.0014,ok,
XD-Violence,v=gsz_P8t-KM4__#1_label_B4-0-0,True,,v=gsz_P8t-KM4__#1_label_B4-0-0.mp4,B4-0-0,B4,riot,2,120.0,180.0,60.0,v=gsz_P8t-KM4__#1_label_B4-0-0__seg0002_120.000-180.000.wav,danger risk,1,clotho,a crowd of people are shouting and yelling,-1.0911993980407717,Speech | Crowd,0.8317 | 0.0131 | 0.0011 | 0.0011 | 0.0048,ok,
XD-Violence,v=gsz_P8t-KM4__#1_label_B4-0-0,True,,v=gsz_P8t-KM4__#1_label_B4-0-0.mp4,B4-0-0,B4,riot,3,180.0,240.0,60.0,v=gsz_P8t-KM4__#1_label_B4-0-0__seg0003_180.000-240.000.wav,danger risk,1,clotho,a crowd of people are cheering and yelling at the same time,-1.0572679042816162,Speech | Crowd,0.7958 | 0.0062 | 0.0015 | 0.0113 | 0.0046,ok,
XD-Violence,v=gsz_P8t-KM4__#1_label_B4-0-0,True,,v=gsz_P8t-KM4__#1_label_B4-0-0.mp4,B4-0-0,B4,riot,4,240.0,300.0,60.0,v=gsz_P8t-KM4__#1_label_B4-0-0__seg0004_240.000-300.000.wav,danger risk,1,clotho,a crowd of people are cheering and whistling loudly,-1.1053059101104736,Speech | Crowd,0.75 | 0.0128 | 0.0017 | 0.0017 | 0.0046,ok,
XD-Violence,v=gsz_P8t-KM4__#1_label_B4-0-0,True,,v=gsz_P8t-KM4__#1_label_B4-0-0.mp4,B4-0-0,B4,riot,5,300.0,360.0,60.0,v=gsz_P8t-KM4__#1_label_B4-0-0__seg0005_300.000-360.000.wav,danger risk,1,clotho,a crowd of people are cheering and yelling loudly,-1.1434110403060913,Speech | Crowd,0.7202 | 0.0096 | 0.0019 | 0.0016 | 0.0089,ok,
XD-Violence,v=gsz_P8t-KM4__#1_label_B4-0-0,True,,v=gsz_P8t-KM4__#1_label_B4-0-0.mp4,B4-0-0,B4,riot,6,360.0,403.958333,43.958333,v=gsz_P8t-KM4__#1_label_B4-0-0__seg0006_360.000-403.958.wav,danger risk,1,clotho,a group of people are yelling and dogs are barking in the background,-0.901453971862793,"Speech | Animal | Domestic animals, pets | Dog | Yip",0.83 | 0.004 | 0.0005 | 0.0006 | 0.0026,ok,
XD-Violence,v=hAHXCMRvY_I__#1_label_G-0-0,True,,v=hAHXCMRvY_I__#1_label_G-0-0.mp4,G-0-0,G,explosion,0,6.875,11.583333,4.708333,v=hAHXCMRvY_I__#1_label_G-0-0__seg0000_6.875-11.583.wav,danger risk,1,clotho,fireworks are going off in the distance and then a match is lit,-1.13897705078125,"Explosion | Burst, pop",0.0424 | 0.0002 | 0.0 | 0.0001 | 0.0,ok,
XD-Violence,v=hxyhulJYz5I__#00-06-09_00-07-00_label_B6-0-0,True,,v=hxyhulJYz5I__#00-06-09_00-07-00_label_B6-0-0.mp4,B6-0-0,B6,car accident,0,1.041667,2.916667,1.875,v=hxyhulJYz5I__#00-06-09_00-07-00_label_B6-0-0__seg0000_1.042-2.917.wav,danger risk,1,clotho,a car is driving on a road with people talking in the background,-1.0083876848220823,Speech | Vehicle,0.7714 | 0.0003 | 0.0002 | 0.0004 | 0.0001,ok,
XD-Violence,v=hxyhulJYz5I__#00-06-09_00-07-00_label_B6-0-0,True,,v=hxyhulJYz5I__#00-06-09_00-07-00_label_B6-0-0.mp4,B6-0-0,B6,car accident,1,10.666667,15.0,4.333333,v=hxyhulJYz5I__#00-06-09_00-07-00_label_B6-0-0__seg0001_10.667-15.000.wav,danger risk,1,clotho,a train is passing by on the tracks with the wheels squealing,-1.5244266986846924,Train,0.019 | 0.0003 | 0.0001 | 0.0003 | 0.0,ok,
XD-Violence,v=hxyhulJYz5I__#00-06-09_00-07-00_label_B6-0-0,True,,v=hxyhulJYz5I__#00-06-09_00-07-00_label_B6-0-0.mp4,B6-0-0,B6,car accident,2,21.666667,26.666667,5.0,v=hxyhulJYz5I__#00-06-09_00-07-00_label_B6-0-0__seg0002_21.667-26.667.wav,danger risk,1,clotho,a machine is running while a man is speaking in the background,-1.1675937175750732,Speech | Music | Vehicle | Bus,0.5709 | 0.0026 | 0.0004 | 0.0011 | 0.0002,ok,
XD-Violence,v=hxyhulJYz5I__#00-06-09_00-07-00_label_B6-0-0,True,,v=hxyhulJYz5I__#00-06-09_00-07-00_label_B6-0-0.mp4,B6-0-0,B6,car accident,3,28.333333,35.625,7.291667,v=hxyhulJYz5I__#00-06-09_00-07-00_label_B6-0-0__seg0003_28.333-35.625.wav,danger risk,1,clotho,a machine is running at a constant speed and volume,-1.0259674787521362,Silence,0.0162 | 0.0012 | 0.0003 | 0.0006 | 0.0002,ok,
XD-Violence,v=hxyhulJYz5I__#00-06-09_00-07-00_label_B6-0-0,True,,v=hxyhulJYz5I__#00-06-09_00-07-00_label_B6-0-0.mp4,B6-0-0,B6,car accident,4,38.625,41.666667,3.041667,v=hxyhulJYz5I__#00-06-09_00-07-00_label_B6-0-0__seg0004_38.625-41.667.wav,danger risk,1,clotho,a man is speaking while music plays in the background,-0.8024659752845764,Speech | Music,0.6522 | 0.0033 | 0.0005 | 0.0005 | 0.0056,ok,
XD-Violence,v=hxyhulJYz5I__#00-06-09_00-07-00_label_B6-0-0,True,,v=hxyhulJYz5I__#00-06-09_00-07-00_label_B6-0-0.mp4,B6-0-0,B6,car accident,5,47.5,50.833333,3.333333,v=hxyhulJYz5I__#00-06-09_00-07-00_label_B6-0-0__seg0005_47.500-50.833.wav,danger risk,1,clotho,a person is breaking a shovel on a hard surface,-1.708250880241394,Music | Breaking,0.0486 | 0.0001 | 0.0 | 0.0001 | 0.0,ok,
XD-Violence,v=iHuggczItBk__#00-01-00_00-02-45_label_B6-0-0,True,,v=iHuggczItBk__#00-01-00_00-02-45_label_B6-0-0.mp4,B6-0-0,B6,car accident,0,2.916667,5.833333,2.916667,v=iHuggczItBk__#00-01-00_00-02-45_label_B6-0-0__seg0000_2.917-5.833.wav,danger risk,1,clotho,a man is speaking while a radio is playing in the background,-1.0259093046188354,Speech | Music,0.7299 | 0.0084 | 0.0005 | 0.0 | 0.0012,ok,
XD-Violence,v=iHuggczItBk__#00-01-00_00-02-45_label_B6-0-0,True,,v=iHuggczItBk__#00-01-00_00-02-45_label_B6-0-0.mp4,B6-0-0,B6,car accident,1,25.0,29.166667,4.166667,v=iHuggczItBk__#00-01-00_00-02-45_label_B6-0-0__seg0001_25.000-29.167.wav,danger risk,1,clotho,a man is speaking while a gun is being fired,-1.2305461168289185,Speech | Slam,0.8463 | 0.0004 | 0.0002 | 0.0004 | 0.0003,ok,
XD-Violence,v=iHuggczItBk__#00-01-00_00-02-45_label_B6-0-0,True,,v=iHuggczItBk__#00-01-00_00-02-45_label_B6-0-0.mp4,B6-0-0,B6,car accident,2,45.0,50.958333,5.958333,v=iHuggczItBk__#00-01-00_00-02-45_label_B6-0-0__seg0002_45.000-50.958.wav,danger risk,1,clotho,people are talking in the background as a man is speaking,-1.0866883993148804,Speech,0.7635 | 0.007 | 0.0026 | 0.0008 | 0.0079,ok,
XD-Violence,v=iHuggczItBk__#00-01-00_00-02-45_label_B6-0-0,True,,v=iHuggczItBk__#00-01-00_00-02-45_label_B6-0-0.mp4,B6-0-0,B6,car accident,3,60.791667,61.416667,0.625,v=iHuggczItBk__#00-01-00_00-02-45_label_B6-0-0__seg0003_60.792-61.417.wav,danger risk,1,clotho,a gun is being fired in the distance,-1.7393149137496948,,0.0448 | 0.0001 | 0.0 | 0.0002 | 0.0,ok,
XD-Violence,v=iHuggczItBk__#00-01-00_00-02-45_label_B6-0-0,True,,v=iHuggczItBk__#00-01-00_00-02-45_label_B6-0-0.mp4,B6-0-0,B6,car accident,4,72.916667,81.25,8.333333,v=iHuggczItBk__#00-01-00_00-02-45_label_B6-0-0__seg0004_72.917-81.250.wav,danger risk,1,clotho,a man is speaking while music is playing in the background,-0.865479052066803,Speech | Music | Vehicle,0.3243 | 0.0029 | 0.0001 | 0.0002 | 0.0005,ok,
XD-Violence,v=iHuggczItBk__#00-01-00_00-02-45_label_B6-0-0,True,,v=iHuggczItBk__#00-01-00_00-02-45_label_B6-0-0.mp4,B6-0-0,B6,car accident,5,94.041667,96.458333,2.416667,v=iHuggczItBk__#00-01-00_00-02-45_label_B6-0-0__seg0005_94.042-96.458.wav,danger risk,1,clotho,someone is opening and closing a car door,-1.3771018981933594,,0.0241 | 0.0001 | 0.0 | 0.0002 | 0.0,ok,
XD-Violence,v=iHuggczItBk__#00-01-00_00-02-45_label_B6-0-0,True,,v=iHuggczItBk__#00-01-00_00-02-45_label_B6-0-0.mp4,B6-0-0,B6,car accident,6,103.083333,105.0,1.916667,v=iHuggczItBk__#00-01-00_00-02-45_label_B6-0-0__seg0006_103.083-105.000.wav,danger risk,1,clotho,a car is driving on the road with a loud bang,-1.642520785331726,Speech,0.4205 | 0.0003 | 0.0002 | 0.0002 | 0.0001,ok,
XD-Violence,v=iHuggczItBk__#00-03-00_00-03-55_label_B6-0-0,True,,v=iHuggczItBk__#00-03-00_00-03-55_label_B6-0-0.mp4,B6-0-0,B6,car accident,0,7.5,10.0,2.5,v=iHuggczItBk__#00-03-00_00-03-55_label_B6-0-0__seg0000_7.500-10.000.wav,danger risk,1,clotho,a car is driving down the road with a high pitched squeal,-1.37450909614563,Vehicle | Car | Skidding,0.0116 | 0.0 | 0.0001 | 0.0001 | 0.0,ok,
XD-Violence,v=iHuggczItBk__#00-03-00_00-03-55_label_B6-0-0,True,,v=iHuggczItBk__#00-03-00_00-03-55_label_B6-0-0.mp4,B6-0-0,B6,car accident,1,18.75,23.125,4.375,v=iHuggczItBk__#00-03-00_00-03-55_label_B6-0-0__seg0001_18.750-23.125.wav,danger risk,1,clotho,a car is driving on a road with a high speed,-1.3391050100326538,,0.0202 | 0.0 | 0.0001 | 0.0003 | 0.0002,ok,
XD-Violence,v=iHuggczItBk__#00-03-00_00-03-55_label_B6-0-0,True,,v=iHuggczItBk__#00-03-00_00-03-55_label_B6-0-0.mp4,B6-0-0,B6,car accident,2,36.666667,40.0,3.333333,v=iHuggczItBk__#00-03-00_00-03-55_label_B6-0-0__seg0002_36.667-40.000.wav,danger risk,1,clotho,children are playing and screaming while adults are talking and laughing,-1.2563685178756714,Speech,0.759 | 0.0018 | 0.0014 | 0.0024 | 0.0006,ok,
XD-Violence,v=iHuggczItBk__#00-03-00_00-03-55_label_B6-0-0,True,,v=iHuggczItBk__#00-03-00_00-03-55_label_B6-0-0.mp4,B6-0-0,B6,car accident,3,50.0,54.166667,4.166667,v=iHuggczItBk__#00-03-00_00-03-55_label_B6-0-0__seg0003_50.000-54.167.wav,danger risk,1,clotho,a radio is playing with a lot of music,-1.345744490623474,Music,0.0532 | 0.0004 | 0.0004 | 0.0001 | 0.0003,ok,
XD-Violence,v=iHuggczItBk__#00-04-00_00-04-55_label_B6-0-0,True,,v=iHuggczItBk__#00-04-00_00-04-55_label_B6-0-0.mp4,B6-0-0,B6,car accident,0,2.333333,7.208333,4.875,v=iHuggczItBk__#00-04-00_00-04-55_label_B6-0-0__seg0000_2.333-7.208.wav,danger risk,1,clotho,a car is driving on the road with the windshield wipers going off,-1.2615512609481812,Music | Vehicle | Car,0.0652 | 0.0001 | 0.0002 | 0.0005 | 0.0001,ok,
XD-Violence,v=iHuggczItBk__#00-04-00_00-04-55_label_B6-0-0,True,,v=iHuggczItBk__#00-04-00_00-04-55_label_B6-0-0.mp4,B6-0-0,B6,car accident,1,16.041667,18.125,2.083333,v=iHuggczItBk__#00-04-00_00-04-55_label_B6-0-0__seg0001_16.042-18.125.wav,danger risk,1,clotho,a machine is running and a metal object is striking another hard surface,-1.3802765607833862,Music,0.1655 | 0.0001 | 0.0001 | 0.0001 | 0.0,ok,
XD-Violence,v=iHuggczItBk__#00-04-00_00-04-55_label_B6-0-0,True,,v=iHuggczItBk__#00-04-00_00-04-55_label_B6-0-0.mp4,B6-0-0,B6,car accident,2,32.5,34.583333,2.083333,v=iHuggczItBk__#00-04-00_00-04-55_label_B6-0-0__seg0002_32.500-34.583.wav,danger risk,1,clotho,a loud whooshing occurs and is followed by a low rumble,-1.464586615562439,Music | Boom,0.0365 | 0.0001 | 0.0001 | 0.0003 | 0.0,ok,
XD-Violence,v=iWfUqxibqG0__#1_label_G-0-0,True,,v=iWfUqxibqG0__#1_label_G-0-0.mp4,G-0-0,G,explosion,0,7.333333,26.166667,18.833333,v=iWfUqxibqG0__#1_label_G-0-0__seg0000_7.333-26.167.wav,danger risk,1,clotho,a man is speaking and then a car door opens and closes,-1.1190205812454224,Speech | Vehicle,0.9222 | 0.013 | 0.0006 | 0.0005 | 0.0016,ok,
XD-Violence,v=iegHZ_UWWsA__#00-14-05_00-20-33_label_B4-0-0,True,,v=iegHZ_UWWsA__#00-14-05_00-20-33_label_B4-0-0.mp4,B4-0-0,B4,riot,0,46.166667,106.166667,60.0,v=iegHZ_UWWsA__#00-14-05_00-20-33_label_B4-0-0__seg0000_46.167-106.167.wav,danger risk,1,clotho,a man is speaking and then a crowd cheers,-1.0306411981582642,Speech | Music,0.8581 | 0.2776 | 0.0045 | 0.0017 | 0.0244,ok,
XD-Violence,v=iegHZ_UWWsA__#00-14-05_00-20-33_label_B4-0-0,True,,v=iegHZ_UWWsA__#00-14-05_00-20-33_label_B4-0-0.mp4,B4-0-0,B4,riot,1,106.166667,166.166667,60.0,v=iegHZ_UWWsA__#00-14-05_00-20-33_label_B4-0-0__seg0001_106.167-166.167.wav,danger risk,1,clotho,a man is speaking and then a gun is fired,-0.9688930511474608,Speech,0.8224 | 0.0718 | 0.0039 | 0.0013 | 0.0158,ok,
XD-Violence,v=iegHZ_UWWsA__#00-14-05_00-20-33_label_B4-0-0,True,,v=iegHZ_UWWsA__#00-14-05_00-20-33_label_B4-0-0.mp4,B4-0-0,B4,riot,2,166.166667,226.166667,60.0,v=iegHZ_UWWsA__#00-14-05_00-20-33_label_B4-0-0__seg0002_166.167-226.167.wav,danger risk,1,clotho,a man is giving a speech while others are laughing,-0.9812540411949158,Speech,0.9089 | 0.0966 | 0.0078 | 0.0025 | 0.0279,ok,
XD-Violence,v=iegHZ_UWWsA__#00-14-05_00-20-33_label_B4-0-0,True,,v=iegHZ_UWWsA__#00-14-05_00-20-33_label_B4-0-0.mp4,B4-0-0,B4,riot,3,226.166667,227.75,1.583333,v=iegHZ_UWWsA__#00-14-05_00-20-33_label_B4-0-0__seg0003_226.167-227.750.wav,danger risk,1,clotho,a man is speaking and then a gun is fired,-0.9571250677108764,Speech,0.8167 | 0.2665 | 0.0006 | 0.0004 | 0.0031,ok,
XD-Violence,v=iegHZ_UWWsA__#00-14-05_00-20-33_label_B4-0-0,True,,v=iegHZ_UWWsA__#00-14-05_00-20-33_label_B4-0-0.mp4,B4-0-0,B4,riot,4,246.708333,297.083333,50.375,v=iegHZ_UWWsA__#00-14-05_00-20-33_label_B4-0-0__seg0004_246.708-297.083.wav,danger risk,1,clotho,a man is speaking and then a gun is fired,-0.8606632351875305,"Speech | Gunshot, gunfire",0.732 | 0.0338 | 0.0035 | 0.0007 | 0.004,ok,
XD-Violence,v=jYENhkzdpO8__#00-00-00_00-01-31_label_B6-0-0,True,,v=jYENhkzdpO8__#00-00-00_00-01-31_label_B6-0-0.mp4,B6-0-0,B6,car accident,0,10.208333,13.958333,3.75,v=jYENhkzdpO8__#00-00-00_00-01-31_label_B6-0-0__seg0000_10.208-13.958.wav,danger risk,1,clotho,a car engine revs and drives away as a vehicle passes by,-1.47105073928833,,0.0238 | 0.0002 | 0.0001 | 0.0001 | 0.0,ok,
XD-Violence,v=jYENhkzdpO8__#00-00-00_00-01-31_label_B6-0-0,True,,v=jYENhkzdpO8__#00-00-00_00-01-31_label_B6-0-0.mp4,B6-0-0,B6,car accident,1,49.458333,52.166667,2.708333,v=jYENhkzdpO8__#00-00-00_00-01-31_label_B6-0-0__seg0001_49.458-52.167.wav,danger risk,1,clotho,a car door is being opened and closed repeatedly,-1.246293306350708,Vehicle,0.0287 | 0.0001 | 0.0 | 0.0002 | 0.0,ok,
XD-Violence,v=jYENhkzdpO8__#00-00-00_00-01-31_label_B6-0-0,True,,v=jYENhkzdpO8__#00-00-00_00-01-31_label_B6-0-0.mp4,B6-0-0,B6,car accident,2,76.5,83.333333,6.833333,v=jYENhkzdpO8__#00-00-00_00-01-31_label_B6-0-0__seg0002_76.500-83.333.wav,danger risk,1,clotho,a car engine revs and drives away at a steady pace,-1.2052507400512695,Vehicle | Rumble,0.0341 | 0.0001 | 0.0001 | 0.0002 | 0.0001,ok,
XD-Violence,v=k7R_Qo-BiAw__#00-10-30_00-10-51_label_B6-0-0,True,,v=k7R_Qo-BiAw__#00-10-30_00-10-51_label_B6-0-0.mp4,B6-0-0,B6,car accident,0,0.0,6.25,6.25,v=k7R_Qo-BiAw__#00-10-30_00-10-51_label_B6-0-0__seg0000_0.000-6.250.wav,danger risk,1,clotho,a person is walking on a hard surface,-1.3471218347549438,Silence,0.0309 | 0.0016 | 0.0001 | 0.0002 | 0.0001,ok,
XD-Violence,v=k7R_Qo-BiAw__#00-10-30_00-10-51_label_B6-0-0,True,,v=k7R_Qo-BiAw__#00-10-30_00-10-51_label_B6-0-0.mp4,B6-0-0,B6,car accident,1,12.333333,21.041667,8.708333,v=k7R_Qo-BiAw__#00-10-30_00-10-51_label_B6-0-0__seg0001_12.333-21.042.wav,danger risk,1,clotho,a man is speaking while a radio is playing in the background,-0.8812695145606995,Speech | Vehicle | Car,0.8551 | 0.0012 | 0.0002 | 0.0004 | 0.0006,ok,
XD-Violence,v=k98yVPXiYoU__#1_label_G-0-0,True,,v=k98yVPXiYoU__#1_label_G-0-0.mp4,G-0-0,G,explosion,0,2.666667,10.5,7.833333,v=k98yVPXiYoU__#1_label_G-0-0__seg0000_2.667-10.500.wav,danger risk,1,clotho,a man is speaking and then a car is driving by,-1.2717108726501465,Speech | Vehicle,0.7943 | 0.0015 | 0.0005 | 0.0036 | 0.0004,ok,
XD-Violence,v=kPWdgckIhLI__#1_label_B4-0-0,True,,v=kPWdgckIhLI__#1_label_B4-0-0.mp4,B4-0-0,B4,riot,0,0.0,23.25,23.25,v=kPWdgckIhLI__#1_label_B4-0-0__seg0000_0.000-23.250.wav,danger risk,1,clotho,a crowd of people are talking and yelling while a whistle is blowing,-1.1598972082138062,"Speech | Outside, urban or manmade",0.925 | 0.0087 | 0.0015 | 0.0033 | 0.0043,ok,
XD-Violence,v=kVl-6-A9ZO4__#00-08-01_00-09-35_label_B6-0-0,True,,v=kVl-6-A9ZO4__#00-08-01_00-09-35_label_B6-0-0.mp4,B6-0-0,B6,car accident,0,2.708333,5.833333,3.125,v=kVl-6-A9ZO4__#00-08-01_00-09-35_label_B6-0-0__seg0000_2.708-5.833.wav,danger risk,1,clotho,a car horn honks while a man speaks in the background,-1.0711963176727295,Speech | Vehicle | Car,0.5627 | 0.0027 | 0.0002 | 0.0001 | 0.0005,ok,
XD-Violence,v=kVl-6-A9ZO4__#00-08-01_00-09-35_label_B6-0-0,True,,v=kVl-6-A9ZO4__#00-08-01_00-09-35_label_B6-0-0.mp4,B6-0-0,B6,car accident,1,17.833333,20.833333,3.0,v=kVl-6-A9ZO4__#00-08-01_00-09-35_label_B6-0-0__seg0001_17.833-20.833.wav,danger risk,1,clotho,a car is driving on the road while a woman is speaking,-1.0723631381988523,Speech | Vehicle,0.9514 | 0.001 | 0.0027 | 0.0115 | 0.0016,ok,
XD-Violence,v=kVl-6-A9ZO4__#00-08-01_00-09-35_label_B6-0-0,True,,v=kVl-6-A9ZO4__#00-08-01_00-09-35_label_B6-0-0.mp4,B6-0-0,B6,car accident,2,28.875,33.333333,4.458333,v=kVl-6-A9ZO4__#00-08-01_00-09-35_label_B6-0-0__seg0002_28.875-33.333.wav,danger risk,1,clotho,a man is speaking while a vehicle is driving in the background,-1.0320948362350464,Speech | Vehicle,0.7823 | 0.0013 | 0.0003 | 0.0004 | 0.0002,ok,
XD-Violence,v=kVl-6-A9ZO4__#00-08-01_00-09-35_label_B6-0-0,True,,v=kVl-6-A9ZO4__#00-08-01_00-09-35_label_B6-0-0.mp4,B6-0-0,B6,car accident,3,41.083333,46.541667,5.458333,v=kVl-6-A9ZO4__#00-08-01_00-09-35_label_B6-0-0__seg0003_41.083-46.542.wav,danger risk,1,clotho,a group of people are talking while cars drive by,-1.058579683303833,Speech | Vehicle,0.8591 | 0.0006 | 0.0004 | 0.0011 | 0.0004,ok,
XD-Violence,v=kVl-6-A9ZO4__#00-08-01_00-09-35_label_B6-0-0,True,,v=kVl-6-A9ZO4__#00-08-01_00-09-35_label_B6-0-0.mp4,B6-0-0,B6,car accident,4,64.583333,70.833333,6.25,v=kVl-6-A9ZO4__#00-08-01_00-09-35_label_B6-0-0__seg0004_64.583-70.833.wav,danger risk,1,clotho,a man is speaking while a door is being opened and closed,-1.0353758335113523,"Speech | Boat, Water vehicle",0.5991 | 0.0024 | 0.0007 | 0.016 | 0.0005,ok,
XD-Violence,v=kVl-6-A9ZO4__#00-08-01_00-09-35_label_B6-0-0,True,,v=kVl-6-A9ZO4__#00-08-01_00-09-35_label_B6-0-0.mp4,B6-0-0,B6,car accident,5,84.916667,92.416667,7.5,v=kVl-6-A9ZO4__#00-08-01_00-09-35_label_B6-0-0__seg0005_84.917-92.417.wav,danger risk,1,clotho,a radio is playing with a lot of static,-1.2031556367874146,Speech,0.7959 | 0.0071 | 0.0006 | 0.0001 | 0.002,ok,
XD-Violence,v=k_cvJa1kNaM__#1_label_B4-0-0,True,,v=k_cvJa1kNaM__#1_label_B4-0-0.mp4,B4-0-0,B4,riot,0,37.5,97.5,60.0,v=k_cvJa1kNaM__#1_label_B4-0-0__seg0000_37.500-97.500.wav,danger risk,1,clotho,a group of people are talking and yelling,-0.9883549213409424,"Speech | Run | Outside, urban or manmade",0.8593 | 0.038 | 0.0096 | 0.0049 | 0.0141,ok,
XD-Violence,v=k_cvJa1kNaM__#1_label_B4-0-0,True,,v=k_cvJa1kNaM__#1_label_B4-0-0.mp4,B4-0-0,B4,riot,1,97.5,157.5,60.0,v=k_cvJa1kNaM__#1_label_B4-0-0__seg0001_97.500-157.500.wav,danger risk,1,clotho,a group of people are shouting and yelling,-0.9755804538726808,"Speech | Outside, urban or manmade",0.9185 | 0.0139 | 0.0071 | 0.004 | 0.0146,ok,
XD-Violence,v=k_cvJa1kNaM__#1_label_B4-0-0,True,,v=k_cvJa1kNaM__#1_label_B4-0-0.mp4,B4-0-0,B4,riot,2,157.5,187.708333,30.208333,v=k_cvJa1kNaM__#1_label_B4-0-0__seg0002_157.500-187.708.wav,danger risk,1,clotho,a group of people are talking and laughing,-1.1563374996185305,Speech,0.9011 | 0.0024 | 0.0056 | 0.0586 | 0.0025,ok,
XD-Violence,v=k_cvJa1kNaM__#1_label_B4-0-0,True,,v=k_cvJa1kNaM__#1_label_B4-0-0.mp4,B4-0-0,B4,riot,3,200.416667,234.375,33.958333,v=k_cvJa1kNaM__#1_label_B4-0-0__seg0003_200.417-234.375.wav,danger risk,1,clotho,a group of people are shouting and yelling,-0.9939959049224854,"Speech | Run | Outside, urban or manmade",0.9078 | 0.0143 | 0.0197 | 0.0087 | 0.0113,ok,
XD-Violence,v=lcBUb7EOQ4o__#1_label_G-0-0,True,,v=lcBUb7EOQ4o__#1_label_G-0-0.mp4,G-0-0,G,explosion,0,38.041667,43.75,5.708333,v=lcBUb7EOQ4o__#1_label_G-0-0__seg0000_38.042-43.750.wav,danger risk,1,clotho,a machine is turned on and off with a low hum,-1.4060012102127075,Explosion,0.0075 | 0.0001 | 0.0 | 0.0 | 0.0,ok,
XD-Violence,v=lcBUb7EOQ4o__#1_label_G-0-0,True,,v=lcBUb7EOQ4o__#1_label_G-0-0.mp4,G-0-0,G,explosion,1,47.166667,52.916667,5.75,v=lcBUb7EOQ4o__#1_label_G-0-0__seg0001_47.167-52.917.wav,danger risk,1,clotho,a gun is fired and a person is walking on a hard surface,-1.3509575128555298,Artillery fire,0.0482 | 0.0004 | 0.0001 | 0.0003 | 0.0001,ok,
XD-Violence,v=lcBUb7EOQ4o__#1_label_G-0-0,True,,v=lcBUb7EOQ4o__#1_label_G-0-0.mp4,G-0-0,G,explosion,2,54.416667,93.125,38.708333,v=lcBUb7EOQ4o__#1_label_G-0-0__seg0002_54.417-93.125.wav,danger risk,1,clotho,a person is walking on a hard surface,-1.3695870637893677,Silence,0.0325 | 0.0022 | 0.0002 | 0.0004 | 0.0001,ok,
XD-Violence,v=lpkL0Y1MhA8__#1_label_B4-0-0,True,,v=lpkL0Y1MhA8__#1_label_B4-0-0.mp4,B4-0-0,B4,riot,0,0.0,10.333333,10.333333,v=lpkL0Y1MhA8__#1_label_B4-0-0__seg0000_0.000-10.333.wav,danger risk,1,clotho,a man is speaking while a gun is fired in the background,-0.9716854691505432,Speech,0.7509 | 0.0016 | 0.0009 | 0.001 | 0.0004,ok,
XD-Violence,v=lpkL0Y1MhA8__#1_label_B4-0-0,True,,v=lpkL0Y1MhA8__#1_label_B4-0-0.mp4,B4-0-0,B4,riot,1,16.541667,24.375,7.833333,v=lpkL0Y1MhA8__#1_label_B4-0-0__seg0001_16.542-24.375.wav,danger risk,1,clotho,a man is speaking and a whistle is blowing,-1.0611051321029663,"Speech | Run | Outside, urban or manmade",0.8817 | 0.0206 | 0.0047 | 0.0113 | 0.0095,ok,
XD-Violence,v=lpkL0Y1MhA8__#1_label_B4-0-0,True,,v=lpkL0Y1MhA8__#1_label_B4-0-0.mp4,B4-0-0,B4,riot,2,48.541667,80.833333,32.291667,v=lpkL0Y1MhA8__#1_label_B4-0-0__seg0002_48.542-80.833.wav,danger risk,1,clotho,a group of people are talking and laughing with each other,-0.8638562560081482,"Speech | Run | Outside, urban or manmade",0.7939 | 0.0374 | 0.0193 | 0.0025 | 0.0209,ok,
XD-Violence,v=lpkL0Y1MhA8__#1_label_B4-0-0,True,,v=lpkL0Y1MhA8__#1_label_B4-0-0.mp4,B4-0-0,B4,riot,3,99.708333,105.125,5.416667,v=lpkL0Y1MhA8__#1_label_B4-0-0__seg0003_99.708-105.125.wav,danger risk,1,clotho,a man is speaking and a crowd is cheering,-1.041548728942871,"Speech | Run | Outside, urban or manmade",0.8097 | 0.0464 | 0.0086 | 0.0009 | 0.0165,ok,
XD-Violence,v=m5Ya6z6qroo__#1_label_B4-0-0,True,,v=m5Ya6z6qroo__#1_label_B4-0-0.mp4,B4-0-0,B4,riot,0,5.75,65.75,60.0,v=m5Ya6z6qroo__#1_label_B4-0-0__seg0000_5.750-65.750.wav,danger risk,1,clotho,people are talking while a siren is going off in the distance,-0.937854528427124,Speech,0.7156 | 0.0013 | 0.0001 | 0.0003 | 0.0003,ok,
XD-Violence,v=m5Ya6z6qroo__#1_label_B4-0-0,True,,v=m5Ya6z6qroo__#1_label_B4-0-0.mp4,B4-0-0,B4,riot,1,65.75,125.75,60.0,v=m5Ya6z6qroo__#1_label_B4-0-0__seg0001_65.750-125.750.wav,danger risk,1,clotho,a group of people are shouting and yelling while a siren is blaring,-1.039135217666626,"Speech | Chatter | Hubbub, speech noise, speech babble | Outside, urban or manmade",0.8871 | 0.0096 | 0.0009 | 0.0012 | 0.0068,ok,
XD-Violence,v=m5Ya6z6qroo__#1_label_B4-0-0,True,,v=m5Ya6z6qroo__#1_label_B4-0-0.mp4,B4-0-0,B4,riot,2,125.75,185.75,60.0,v=m5Ya6z6qroo__#1_label_B4-0-0__seg0002_125.750-185.750.wav,danger risk,1,clotho,a crowd of people are cheering and yelling while a car horn honks,-1.1505428552627563,"Speech | Fireworks | Outside, urban or manmade",0.9175 | 0.0134 | 0.0012 | 0.0009 | 0.0017,ok,
XD-Violence,v=m5Ya6z6qroo__#1_label_B4-0-0,True,,v=m5Ya6z6qroo__#1_label_B4-0-0.mp4,B4-0-0,B4,riot,3,185.75,229.375,43.625,v=m5Ya6z6qroo__#1_label_B4-0-0__seg0003_185.750-229.375.wav,danger risk,1,clotho,a crowd of people are cheering and yelling,-1.1274389028549194,Speech | Chatter | Music,0.9087 | 0.0409 | 0.0069 | 0.0005 | 0.0312,ok,
XD-Violence,v=m5zK-tzYCQM__#1_label_B4-0-0,True,,v=m5zK-tzYCQM__#1_label_B4-0-0.mp4,B4-0-0,B4,riot,0,5.25,65.25,60.0,v=m5zK-tzYCQM__#1_label_B4-0-0__seg0000_5.250-65.250.wav,danger risk,1,clotho,a crowd of people are talking and cheering,-1.1754668951034546,"Speech | Run | Outside, urban or manmade",0.92 | 0.0401 | 0.0048 | 0.0019 | 0.0107,ok,
XD-Violence,v=m5zK-tzYCQM__#1_label_B4-0-0,True,,v=m5zK-tzYCQM__#1_label_B4-0-0.mp4,B4-0-0,B4,riot,1,65.25,67.916667,2.666667,v=m5zK-tzYCQM__#1_label_B4-0-0__seg0001_65.250-67.917.wav,danger risk,1,clotho,a crowd of people are talking and laughing,-1.2112864255905151,Speech,0.8494 | 0.0784 | 0.0128 | 0.0007 | 0.0281,ok,
XD-Violence,v=m8EkFsaGPzU__#1_label_B4-0-0,True,,v=m8EkFsaGPzU__#1_label_B4-0-0.mp4,B4-0-0,B4,riot,0,0.0,60.0,60.0,v=m8EkFsaGPzU__#1_label_B4-0-0__seg0000_0.000-60.000.wav,danger risk,1,clotho,people are talking and banging against each other in the background,-1.1894270181655884,Speech,0.8569 | 0.0009 | 0.0001 | 0.0002 | 0.0001,ok,
XD-Violence,v=m8EkFsaGPzU__#1_label_B4-0-0,True,,v=m8EkFsaGPzU__#1_label_B4-0-0.mp4,B4-0-0,B4,riot,1,60.0,120.0,60.0,v=m8EkFsaGPzU__#1_label_B4-0-0__seg0001_60.000-120.000.wav,danger risk,1,clotho,a crowd of people are talking while a car drives by,-1.1887142658233645,Speech,0.8073 | 0.0013 | 0.0004 | 0.0005 | 0.0008,ok,
XD-Violence,v=m8EkFsaGPzU__#1_label_B4-0-0,True,,v=m8EkFsaGPzU__#1_label_B4-0-0.mp4,B4-0-0,B4,riot,2,120.0,140.833333,20.833333,v=m8EkFsaGPzU__#1_label_B4-0-0__seg0002_120.000-140.833.wav,danger risk,1,clotho,a crowd of people are talking while a machine is running,-1.205318570137024,Speech,0.8591 | 0.0021 | 0.0005 | 0.0008 | 0.0006,ok,
XD-Violence,v=m8EkFsaGPzU__#1_label_B4-0-0,True,,v=m8EkFsaGPzU__#1_label_B4-0-0.mp4,B4-0-0,B4,riot,3,188.458333,237.5,49.041667,v=m8EkFsaGPzU__#1_label_B4-0-0__seg0003_188.458-237.500.wav,danger risk,1,clotho,a crowd of people are cheering and talking in the background,-1.1826456785202026,Speech | Fireworks | Firecracker,0.774 | 0.0005 | 0.0001 | 0.0004 | 0.0002,ok,
XD-Violence,v=nLAapCIlr-o__#00-07-22_00-08-19_label_B6-0-0,True,,v=nLAapCIlr-o__#00-07-22_00-08-19_label_B6-0-0.mp4,B6-0-0,B6,car accident,0,3.541667,5.833333,2.291667,v=nLAapCIlr-o__#00-07-22_00-08-19_label_B6-0-0__seg0000_3.542-5.833.wav,danger risk,1,clotho,a man is speaking as a door opens and closes,-0.9773557782173156,Speech | Hammer,0.6824 | 0.0007 | 0.0001 | 0.0 | 0.0005,ok,
XD-Violence,v=nLAapCIlr-o__#00-07-22_00-08-19_label_B6-0-0,True,,v=nLAapCIlr-o__#00-07-22_00-08-19_label_B6-0-0.mp4,B6-0-0,B6,car accident,1,16.625,27.083333,10.458333,v=nLAapCIlr-o__#00-07-22_00-08-19_label_B6-0-0__seg0001_16.625-27.083.wav,danger risk,1,clotho,a low hum is followed by a steady buzz,-1.3726896047592163,Sine wave,0.0049 | 0.0005 | 0.0001 | 0.0 | 0.0,ok,
XD-Violence,v=nLAapCIlr-o__#00-07-22_00-08-19_label_B6-0-0,True,,v=nLAapCIlr-o__#00-07-22_00-08-19_label_B6-0-0.mp4,B6-0-0,B6,car accident,2,38.375,44.833333,6.458333,v=nLAapCIlr-o__#00-07-22_00-08-19_label_B6-0-0__seg0002_38.375-44.833.wav,danger risk,1,clotho,a man is speaking while music is playing in the background,-0.9950592517852784,Music,0.1137 | 0.0006 | 0.0002 | 0.0001 | 0.0003,ok,
XD-Violence,v=nLAapCIlr-o__#00-08-35_00-10-25_label_B6-0-0,True,,v=nLAapCIlr-o__#00-08-35_00-10-25_label_B6-0-0.mp4,B6-0-0,B6,car accident,0,4.375,8.333333,3.958333,v=nLAapCIlr-o__#00-08-35_00-10-25_label_B6-0-0__seg0000_4.375-8.333.wav,danger risk,1,clotho,a child is speaking while a siren wails in the background,-1.282362461090088,Speech,0.484 | 0.0008 | 0.0005 | 0.003 | 0.0017,ok,
XD-Violence,v=nLAapCIlr-o__#00-08-35_00-10-25_label_B6-0-0,True,,v=nLAapCIlr-o__#00-08-35_00-10-25_label_B6-0-0.mp4,B6-0-0,B6,car accident,1,27.583333,35.0,7.416667,v=nLAapCIlr-o__#00-08-35_00-10-25_label_B6-0-0__seg0001_27.583-35.000.wav,danger risk,1,clotho,a person is walking on a hard surface,-1.351131796836853,Silence,0.0301 | 0.0018 | 0.0001 | 0.0003 | 0.0001,ok,
XD-Violence,v=nLAapCIlr-o__#00-08-35_00-10-25_label_B6-0-0,True,,v=nLAapCIlr-o__#00-08-35_00-10-25_label_B6-0-0.mp4,B6-0-0,B6,car accident,2,53.958333,57.75,3.791667,v=nLAapCIlr-o__#00-08-35_00-10-25_label_B6-0-0__seg0002_53.958-57.750.wav,danger risk,1,clotho,a woman is speaking on a radio with a man and a voice is talking,-1.539361596107483,Speech | Music | Vehicle,0.898 | 0.0304 | 0.0148 | 0.0001 | 0.0085,ok,
XD-Violence,v=nLAapCIlr-o__#00-08-35_00-10-25_label_B6-0-0,True,,v=nLAapCIlr-o__#00-08-35_00-10-25_label_B6-0-0.mp4,B6-0-0,B6,car accident,3,77.166667,79.708333,2.541667,v=nLAapCIlr-o__#00-08-35_00-10-25_label_B6-0-0__seg0003_77.167-79.708.wav,danger risk,1,clotho,people are screaming and yelling while a crowd cheers,-1.6179139614105225,Speech | Music,0.7677 | 0.0039 | 0.0003 | 0.0007 | 0.0003,ok,
XD-Violence,v=nLAapCIlr-o__#00-08-35_00-10-25_label_B6-0-0,True,,v=nLAapCIlr-o__#00-08-35_00-10-25_label_B6-0-0.mp4,B6-0-0,B6,car accident,4,87.75,91.541667,3.791667,v=nLAapCIlr-o__#00-08-35_00-10-25_label_B6-0-0__seg0004_87.750-91.542.wav,danger risk,1,clotho,a car door is being opened and closed while a child screams in the background,-1.4368559122085571,Speech | Vehicle,0.3128 | 0.0002 | 0.0004 | 0.0012 | 0.0,ok,
XD-Violence,v=nLAapCIlr-o__#00-08-35_00-10-25_label_B6-0-0,True,,v=nLAapCIlr-o__#00-08-35_00-10-25_label_B6-0-0.mp4,B6-0-0,B6,car accident,5,107.916667,109.583333,1.666667,v=nLAapCIlr-o__#00-08-35_00-10-25_label_B6-0-0__seg0005_107.917-109.583.wav,danger risk,1,clotho,a quiet whooshing occurs and gets louder and more intense,-1.2726844549179075,Silence,0.0343 | 0.0008 | 0.0005 | 0.0001 | 0.0003,ok,
XD-Violence,v=nLAapCIlr-o__#00-11-00_00-12-45_label_B6-0-0,True,,v=nLAapCIlr-o__#00-11-00_00-12-45_label_B6-0-0.mp4,B6-0-0,B6,car accident,0,1.458333,3.125,1.666667,v=nLAapCIlr-o__#00-11-00_00-12-45_label_B6-0-0__seg0000_1.458-3.125.wav,danger risk,1,clotho,a metal object is being dragged across a hard surface,-1.361189842224121,,0.0272 | 0.0 | 0.0 | 0.0001 | 0.0,ok,
XD-Violence,v=nLAapCIlr-o__#00-11-00_00-12-45_label_B6-0-0,True,,v=nLAapCIlr-o__#00-11-00_00-12-45_label_B6-0-0.mp4,B6-0-0,B6,car accident,1,13.291667,15.083333,1.791667,v=nLAapCIlr-o__#00-11-00_00-12-45_label_B6-0-0__seg0001_13.292-15.083.wav,danger risk,1,clotho,a car is driving on a road with a high speed,-1.2860342264175415,Vehicle | Car,0.0129 | 0.0 | 0.0 | 0.0001 | 0.0,ok,
XD-Violence,v=nLAapCIlr-o__#00-11-00_00-12-45_label_B6-0-0,True,,v=nLAapCIlr-o__#00-11-00_00-12-45_label_B6-0-0.mp4,B6-0-0,B6,car accident,2,35.583333,38.208333,2.625,v=nLAapCIlr-o__#00-11-00_00-12-45_label_B6-0-0__seg0002_35.583-38.208.wav,danger risk,1,clotho,a baby is crying and screaming while people are talking in the background,-1.1883715391159058,Speech,0.4175 | 0.0003 | 0.0001 | 0.0013 | 0.0,ok,
XD-Violence,v=nLAapCIlr-o__#00-11-00_00-12-45_label_B6-0-0,True,,v=nLAapCIlr-o__#00-11-00_00-12-45_label_B6-0-0.mp4,B6-0-0,B6,car accident,3,63.458333,66.5,3.041667,v=nLAapCIlr-o__#00-11-00_00-12-45_label_B6-0-0__seg0003_63.458-66.500.wav,danger risk,1,clotho,a loud banging occurs and is followed by a few gunshots,-1.809756636619568,,0.1444 | 0.0006 | 0.0002 | 0.0007 | 0.0,ok,
XD-Violence,v=nLAapCIlr-o__#00-11-00_00-12-45_label_B6-0-0,True,,v=nLAapCIlr-o__#00-11-00_00-12-45_label_B6-0-0.mp4,B6-0-0,B6,car accident,4,72.791667,75.0,2.208333,v=nLAapCIlr-o__#00-11-00_00-12-45_label_B6-0-0__seg0004_72.792-75.000.wav,danger risk,1,clotho,a person is playing with a gun in the background,-1.722314476966858,Breaking,0.2691 | 0.0019 | 0.0005 | 0.0069 | 0.0001,ok,
XD-Violence,v=nLAapCIlr-o__#00-11-00_00-12-45_label_B6-0-0,True,,v=nLAapCIlr-o__#00-11-00_00-12-45_label_B6-0-0.mp4,B6-0-0,B6,car accident,5,83.875,87.416667,3.541667,v=nLAapCIlr-o__#00-11-00_00-12-45_label_B6-0-0__seg0005_83.875-87.417.wav,danger risk,1,clotho,someone is opening and closing a door with heavy objects,-1.5248656272888184,Slam,0.1575 | 0.0011 | 0.0002 | 0.0029 | 0.0001,ok,
XD-Violence,v=nLAapCIlr-o__#00-11-00_00-12-45_label_B6-0-0,True,,v=nLAapCIlr-o__#00-11-00_00-12-45_label_B6-0-0.mp4,B6-0-0,B6,car accident,6,100.708333,105.041667,4.333333,v=nLAapCIlr-o__#00-11-00_00-12-45_label_B6-0-0__seg0006_100.708-105.042.wav,danger risk,1,clotho,a machine is running at a constant rate and then it is turned off,-1.285591721534729,,0.0188 | 0.0017 | 0.0013 | 0.0001 | 0.0003,ok,
XD-Violence,v=nLAapCIlr-o__#00-16-10_00-18-09_label_B6-0-0,True,,v=nLAapCIlr-o__#00-16-10_00-18-09_label_B6-0-0.mp4,B6-0-0,B6,car accident,0,0.625,5.0,4.375,v=nLAapCIlr-o__#00-16-10_00-18-09_label_B6-0-0__seg0000_0.625-5.000.wav,danger risk,1,clotho,people are talking and laughing in a noisy environment,-1.159339189529419,Speech,0.7471 | 0.0032 | 0.0072 | 0.0035 | 0.0005,ok,
XD-Violence,v=nLAapCIlr-o__#00-16-10_00-18-09_label_B6-0-0,True,,v=nLAapCIlr-o__#00-16-10_00-18-09_label_B6-0-0.mp4,B6-0-0,B6,car accident,1,28.833333,32.083333,3.25,v=nLAapCIlr-o__#00-16-10_00-18-09_label_B6-0-0__seg0001_28.833-32.083.wav,danger risk,1,clotho,a man is speaking while a car is driving and a motorcycle is revving,-1.504565954208374,Speech | Music | Vehicle | Car,0.6399 | 0.0022 | 0.0001 | 0.0002 | 0.0002,ok,
XD-Violence,v=nLAapCIlr-o__#00-16-10_00-18-09_label_B6-0-0,True,,v=nLAapCIlr-o__#00-16-10_00-18-09_label_B6-0-0.mp4,B6-0-0,B6,car accident,2,55.708333,61.916667,6.208333,v=nLAapCIlr-o__#00-16-10_00-18-09_label_B6-0-0__seg0002_55.708-61.917.wav,danger risk,1,clotho,the wind is blowing and the rain is hitting the ground,-1.2086644172668457,,0.0355 | 0.0001 | 0.0001 | 0.0002 | 0.0,ok,
XD-Violence,v=nLAapCIlr-o__#00-16-10_00-18-09_label_B6-0-0,True,,v=nLAapCIlr-o__#00-16-10_00-18-09_label_B6-0-0.mp4,B6-0-0,B6,car accident,3,78.083333,83.333333,5.25,v=nLAapCIlr-o__#00-16-10_00-18-09_label_B6-0-0__seg0003_78.083-83.333.wav,danger risk,1,clotho,a large number of hail are falling on the windshield wipers,-1.765457272529602,Vehicle,0.0856 | 0.0001 | 0.0 | 0.0003 | 0.0,ok,
XD-Violence,v=nLAapCIlr-o__#00-16-10_00-18-09_label_B6-0-0,True,,v=nLAapCIlr-o__#00-16-10_00-18-09_label_B6-0-0.mp4,B6-0-0,B6,car accident,4,93.333333,100.0,6.666667,v=nLAapCIlr-o__#00-16-10_00-18-09_label_B6-0-0__seg0004_93.333-100.000.wav,danger risk,1,clotho,a man is speaking while a car is driving in the background,-0.944518506526947,"Speech | Vehicle | Boat, Water vehicle",0.8215 | 0.003 | 0.0003 | 0.0023 | 0.0006,ok,
XD-Violence,v=nLAapCIlr-o__#00-16-10_00-18-09_label_B6-0-0,True,,v=nLAapCIlr-o__#00-16-10_00-18-09_label_B6-0-0.mp4,B6-0-0,B6,car accident,5,116.375,117.916667,1.541667,v=nLAapCIlr-o__#00-16-10_00-18-09_label_B6-0-0__seg0005_116.375-117.917.wav,danger risk,1,clotho,a person screams in the background as a door opens and closes,-1.665394902229309,Music,0.0882 | 0.0002 | 0.0001 | 0.0003 | 0.0,ok,
XD-Violence,v=ntaXjnpusxM__#1_label_G-0-0,True,,v=ntaXjnpusxM__#1_label_G-0-0.mp4,G-0-0,G,explosion,0,13.0,20.833333,7.833333,v=ntaXjnpusxM__#1_label_G-0-0__seg0000_13.000-20.833.wav,danger risk,1,clotho,a man is speaking and then a loud explosion occurs,-1.064429759979248,Speech | Explosion,0.7876 | 0.0054 | 0.0005 | 0.0021 | 0.0008,ok,
XD-Violence,v=oipd63DGadU__#1_label_B1-0-0,True,,v=oipd63DGadU__#1_label_B1-0-0.mp4,B1-0-0,B1,fighting,0,3.041667,31.666667,28.625,v=oipd63DGadU__#1_label_B1-0-0__seg0000_3.042-31.667.wav,danger risk,1,clotho,a man is speaking and then a woman laughs,-1.1715366840362549,Speech,0.896 | 0.0144 | 0.001 | 0.0021 | 0.013,ok,
XD-Violence,v=oipd63DGadU__#1_label_B1-0-0,True,,v=oipd63DGadU__#1_label_B1-0-0.mp4,B1-0-0,B1,fighting,1,41.25,43.333333,2.083333,v=oipd63DGadU__#1_label_B1-0-0__seg0001_41.250-43.333.wav,danger risk,1,clotho,a man is speaking while a group of men are talking,-0.9760982990264891,Speech,0.8854 | 0.0889 | 0.0009 | 0.0003 | 0.01,ok,
XD-Violence,v=osjdmjNJUdg__#1_label_B1-0-0,True,,v=osjdmjNJUdg__#1_label_B1-0-0.mp4,B1-0-0,B1,fighting,0,7.958333,35.666667,27.708333,v=osjdmjNJUdg__#1_label_B1-0-0__seg0000_7.958-35.667.wav,danger risk,1,clotho,a crowd of people are talking and cheering,-1.0708200931549072,Speech | Basketball bounce,0.713 | 0.002 | 0.0005 | 0.0008 | 0.0014,ok,
XD-Violence,v=osjdmjNJUdg__#1_label_B1-0-0,True,,v=osjdmjNJUdg__#1_label_B1-0-0.mp4,B1-0-0,B1,fighting,1,57.5,82.708333,25.208333,v=osjdmjNJUdg__#1_label_B1-0-0__seg0001_57.500-82.708.wav,danger risk,1,clotho,a man is speaking while a crowd cheers,-1.0347208976745603,Speech | Music | Basketball bounce,0.8052 | 0.0169 | 0.0005 | 0.0007 | 0.0015,ok,
XD-Violence,v=ovQ1VTJ_IUI__#1_label_B1-0-0,True,,v=ovQ1VTJ_IUI__#1_label_B1-0-0.mp4,B1-0-0,B1,fighting,0,5.833333,15.416667,9.583333,v=ovQ1VTJ_IUI__#1_label_B1-0-0__seg0000_5.833-15.417.wav,danger risk,1,clotho,a crowd of people are cheering and yelling,-1.1712270975112915,Speech | Basketball bounce,0.7764 | 0.0021 | 0.0006 | 0.0009 | 0.0019,ok,
XD-Violence,v=ovQ1VTJ_IUI__#1_label_B1-0-0,True,,v=ovQ1VTJ_IUI__#1_label_B1-0-0.mp4,B1-0-0,B1,fighting,1,27.5,35.875,8.375,v=ovQ1VTJ_IUI__#1_label_B1-0-0__seg0001_27.500-35.875.wav,danger risk,1,clotho,a crowd of people are talking and cheering,-1.1273117065429688,Speech | Basketball bounce,0.7877 | 0.0391 | 0.0037 | 0.0015 | 0.0119,ok,
XD-Violence,v=p7kvQ4OpDgU__#1_label_B4-0-0,True,,v=p7kvQ4OpDgU__#1_label_B4-0-0.mp4,B4-0-0,B4,riot,0,11.25,57.083333,45.833333,v=p7kvQ4OpDgU__#1_label_B4-0-0__seg0000_11.250-57.083.wav,danger risk,1,clotho,a man is speaking while a crowd cheers and a whistle blows,-1.1998870372772217,"Speech | Run | Music | Outside, urban or manmade",0.9127 | 0.0206 | 0.0008 | 0.0019 | 0.0022,ok,
XD-Violence,v=pFamvR9CpYw__#00-00-00_00-06-36_label_B4-0-0,True,,v=pFamvR9CpYw__#00-00-00_00-06-36_label_B4-0-0.mp4,B4-0-0,B4,riot,0,5.625,54.166667,48.541667,v=pFamvR9CpYw__#00-00-00_00-06-36_label_B4-0-0__seg0000_5.625-54.167.wav,danger risk,1,clotho,a man is speaking while music is playing in the background,-1.050645351409912,Speech | Music,0.9033 | 0.0112 | 0.0032 | 0.0028 | 0.0039,ok,
XD-Violence,v=pFamvR9CpYw__#00-00-00_00-06-36_label_B4-0-0,True,,v=pFamvR9CpYw__#00-00-00_00-06-36_label_B4-0-0.mp4,B4-0-0,B4,riot,1,76.25,107.5,31.25,v=pFamvR9CpYw__#00-00-00_00-06-36_label_B4-0-0__seg0001_76.250-107.500.wav,danger risk,1,clotho,a man is speaking while a crowd of people are talking,-1.003376841545105,"Speech | Run | Outside, urban or manmade",0.812 | 0.0164 | 0.0245 | 0.0039 | 0.0322,ok,
XD-Violence,v=pFamvR9CpYw__#00-00-00_00-06-36_label_B4-0-0,True,,v=pFamvR9CpYw__#00-00-00_00-06-36_label_B4-0-0.mp4,B4-0-0,B4,riot,2,130.0,134.166667,4.166667,v=pFamvR9CpYw__#00-00-00_00-06-36_label_B4-0-0__seg0002_130.000-134.167.wav,danger risk,1,clotho,a group of people are shouting and cheering while a crowd cheers,-0.9757583141326904,Speech,0.7813 | 0.0611 | 0.0184 | 0.001 | 0.0287,ok,
XD-Violence,v=pFamvR9CpYw__#00-00-00_00-06-36_label_B4-0-0,True,,v=pFamvR9CpYw__#00-00-00_00-06-36_label_B4-0-0.mp4,B4-0-0,B4,riot,3,153.333333,213.333333,60.0,v=pFamvR9CpYw__#00-00-00_00-06-36_label_B4-0-0__seg0003_153.333-213.333.wav,danger risk,1,clotho,a man is speaking while a train is passing by,-0.9644206762313844,Speech,0.801 | 0.0129 | 0.0056 | 0.0024 | 0.0073,ok,
XD-Violence,v=pFamvR9CpYw__#00-00-00_00-06-36_label_B4-0-0,True,,v=pFamvR9CpYw__#00-00-00_00-06-36_label_B4-0-0.mp4,B4-0-0,B4,riot,4,213.333333,273.333333,60.0,v=pFamvR9CpYw__#00-00-00_00-06-36_label_B4-0-0__seg0004_213.333-273.333.wav,danger risk,1,clotho,a man is speaking while a siren is blaring,-0.9398977160453796,Speech | Emergency vehicle | Police car (siren) | Ambulance (siren) | Siren,0.5519 | 0.0084 | 0.0008 | 0.0024 | 0.0027,ok,
XD-Violence,v=pFamvR9CpYw__#00-00-00_00-06-36_label_B4-0-0,True,,v=pFamvR9CpYw__#00-00-00_00-06-36_label_B4-0-0.mp4,B4-0-0,B4,riot,5,273.333333,293.75,20.416667,v=pFamvR9CpYw__#00-00-00_00-06-36_label_B4-0-0__seg0005_273.333-293.750.wav,danger risk,1,clotho,a crowd of people are cheering and yelling while a man is speaking,-1.156187653541565,Speech,0.8796 | 0.0229 | 0.011 | 0.0085 | 0.0154,ok,
XD-Violence,v=pFamvR9CpYw__#00-00-00_00-06-36_label_B4-0-0,True,,v=pFamvR9CpYw__#00-00-00_00-06-36_label_B4-0-0.mp4,B4-0-0,B4,riot,6,321.666667,381.666667,60.0,v=pFamvR9CpYw__#00-00-00_00-06-36_label_B4-0-0__seg0006_321.667-381.667.wav,danger risk,1,clotho,a man is speaking while a crowd of people are shouting,-1.1075416803359983,"Speech | Run | Hubbub, speech noise, speech babble | Music | Outside, urban or manmade",0.9102 | 0.009 | 0.01 | 0.003 | 0.0098,ok,
XD-Violence,v=pFamvR9CpYw__#00-00-00_00-06-36_label_B4-0-0,True,,v=pFamvR9CpYw__#00-00-00_00-06-36_label_B4-0-0.mp4,B4-0-0,B4,riot,7,381.666667,395.833333,14.166667,v=pFamvR9CpYw__#00-00-00_00-06-36_label_B4-0-0__seg0007_381.667-395.833.wav,danger risk,1,clotho,a group of people are talking and cheering while a crowd cheers,-1.0917799472808838,"Speech | Run | Music | Outside, urban or manmade",0.8882 | 0.0231 | 0.0023 | 0.0014 | 0.0148,ok,
XD-Violence,v=pFamvR9CpYw__#00-06-36_00-15-20_label_B4-0-0,True,,v=pFamvR9CpYw__#00-06-36_00-15-20_label_B4-0-0.mp4,B4-0-0,B4,riot,0,0.0,60.0,60.0,v=pFamvR9CpYw__#00-06-36_00-15-20_label_B4-0-0__seg0000_0.000-60.000.wav,danger risk,1,clotho,a man is speaking while a crowd of people are cheering,-1.0351656675338743,"Speech | Hubbub, speech noise, speech babble | Music",0.9111 | 0.0237 | 0.0141 | 0.0014 | 0.0194,ok,
XD-Violence,v=pFamvR9CpYw__#00-06-36_00-15-20_label_B4-0-0,True,,v=pFamvR9CpYw__#00-06-36_00-15-20_label_B4-0-0.mp4,B4-0-0,B4,riot,1,60.0,82.708333,22.708333,v=pFamvR9CpYw__#00-06-36_00-15-20_label_B4-0-0__seg0001_60.000-82.708.wav,danger risk,1,clotho,a group of people are talking and yelling over each other,-0.9523703455924988,Speech | Music,0.7969 | 0.0121 | 0.0246 | 0.0025 | 0.0123,ok,
XD-Violence,v=pFamvR9CpYw__#00-06-36_00-15-20_label_B4-0-0,True,,v=pFamvR9CpYw__#00-06-36_00-15-20_label_B4-0-0.mp4,B4-0-0,B4,riot,2,102.083333,162.083333,60.0,v=pFamvR9CpYw__#00-06-36_00-15-20_label_B4-0-0__seg0002_102.083-162.083.wav,danger risk,1,clotho,a man is speaking while a crowd of people are talking,-0.9155309200286864,Speech | Music,0.9304 | 0.0153 | 0.0012 | 0.0031 | 0.003,ok,
XD-Violence,v=pFamvR9CpYw__#00-06-36_00-15-20_label_B4-0-0,True,,v=pFamvR9CpYw__#00-06-36_00-15-20_label_B4-0-0.mp4,B4-0-0,B4,riot,3,162.083333,222.083333,60.0,v=pFamvR9CpYw__#00-06-36_00-15-20_label_B4-0-0__seg0003_162.083-222.083.wav,danger risk,1,clotho,a man is speaking and a bell is ringing,-0.8900737762451172,Speech,0.9118 | 0.0094 | 0.0017 | 0.0018 | 0.0052,ok,
XD-Violence,v=pFamvR9CpYw__#00-06-36_00-15-20_label_B4-0-0,True,,v=pFamvR9CpYw__#00-06-36_00-15-20_label_B4-0-0.mp4,B4-0-0,B4,riot,4,222.083333,265.0,42.916667,v=pFamvR9CpYw__#00-06-36_00-15-20_label_B4-0-0__seg0004_222.083-265.000.wav,danger risk,1,clotho,a man is speaking while a crowd of people are cheering,-0.9384880065917968,"Speech | Run | Outside, urban or manmade",0.9289 | 0.0413 | 0.0042 | 0.003 | 0.0091,ok,
XD-Violence,v=pFamvR9CpYw__#00-06-36_00-15-20_label_B4-0-0,True,,v=pFamvR9CpYw__#00-06-36_00-15-20_label_B4-0-0.mp4,B4-0-0,B4,riot,5,310.833333,370.833333,60.0,v=pFamvR9CpYw__#00-06-36_00-15-20_label_B4-0-0__seg0005_310.833-370.833.wav,danger risk,1,clotho,a woman is speaking while a radio is playing in the background,-1.026702642440796,"Speech | Run | Outside, urban or manmade",0.9564 | 0.0202 | 0.0126 | 0.0029 | 0.0176,ok,
XD-Violence,v=pFamvR9CpYw__#00-06-36_00-15-20_label_B4-0-0,True,,v=pFamvR9CpYw__#00-06-36_00-15-20_label_B4-0-0.mp4,B4-0-0,B4,riot,6,370.833333,430.833333,60.0,v=pFamvR9CpYw__#00-06-36_00-15-20_label_B4-0-0__seg0006_370.833-430.833.wav,danger risk,1,clotho,a man is speaking while a crowd of people are talking and laughing,-1.1106269359588623,Speech,0.9356 | 0.014 | 0.0109 | 0.0009 | 0.0097,ok,
XD-Violence,v=pFamvR9CpYw__#00-06-36_00-15-20_label_B4-0-0,True,,v=pFamvR9CpYw__#00-06-36_00-15-20_label_B4-0-0.mp4,B4-0-0,B4,riot,7,430.833333,483.333333,52.5,v=pFamvR9CpYw__#00-06-36_00-15-20_label_B4-0-0__seg0007_430.833-483.333.wav,danger risk,1,clotho,a man is speaking while a crowd of people are shouting and yelling,-1.0638470649719238,Speech,0.8227 | 0.0068 | 0.0068 | 0.0065 | 0.0066,ok,
XD-Violence,v=pFamvR9CpYw__#00-06-36_00-15-20_label_B4-0-0,True,,v=pFamvR9CpYw__#00-06-36_00-15-20_label_B4-0-0.mp4,B4-0-0,B4,riot,8,508.333333,523.958333,15.625,v=pFamvR9CpYw__#00-06-36_00-15-20_label_B4-0-0__seg0008_508.333-523.958.wav,danger risk,1,clotho,a man is speaking while a crowd cheers,-1.106608271598816,Speech | Music,0.9068 | 0.0299 | 0.002 | 0.0013 | 0.0153,ok,
XD-Violence,v=pHZ9gOfmY_k__#1_label_B4-0-0,True,,v=pHZ9gOfmY_k__#1_label_B4-0-0.mp4,B4-0-0,B4,riot,0,0.0,60.0,60.0,v=pHZ9gOfmY_k__#1_label_B4-0-0__seg0000_0.000-60.000.wav,danger risk,1,clotho,fireworks are going off in the distance and people are talking,-0.7928997874259949,Speech | Fireworks | Firecracker,0.8443 | 0.0029 | 0.0005 | 0.002 | 0.0003,ok,
XD-Violence,v=pHZ9gOfmY_k__#1_label_B4-0-0,True,,v=pHZ9gOfmY_k__#1_label_B4-0-0.mp4,B4-0-0,B4,riot,1,60.0,120.0,60.0,v=pHZ9gOfmY_k__#1_label_B4-0-0__seg0001_60.000-120.000.wav,danger risk,1,clotho,people are talking while a gun is fired in the background,-1.1117593050003052,Speech,0.6945 | 0.0043 | 0.0002 | 0.0003 | 0.0014,ok,
XD-Violence,v=pHZ9gOfmY_k__#1_label_B4-0-0,True,,v=pHZ9gOfmY_k__#1_label_B4-0-0.mp4,B4-0-0,B4,riot,2,120.0,180.0,60.0,v=pHZ9gOfmY_k__#1_label_B4-0-0__seg0002_120.000-180.000.wav,danger risk,1,clotho,people are talking and a gun is fired in the distance,-1.0745490789413452,Speech,0.8208 | 0.0073 | 0.0002 | 0.0004 | 0.0011,ok,
XD-Violence,v=pHZ9gOfmY_k__#1_label_B4-0-0,True,,v=pHZ9gOfmY_k__#1_label_B4-0-0.mp4,B4-0-0,B4,riot,3,180.0,215.708333,35.708333,v=pHZ9gOfmY_k__#1_label_B4-0-0__seg0003_180.000-215.708.wav,danger risk,1,clotho,people are talking in the background as a man shouts and a crowd cheers,-1.2344282865524292,Speech | Screaming | Run | Chatter,0.8923 | 0.0342 | 0.0022 | 0.001 | 0.007,ok,
XD-Violence,v=pL2HjXvWuPc__#1_label_B1-0-0,True,,v=pL2HjXvWuPc__#1_label_B1-0-0.mp4,B1-0-0,B1,fighting,0,45.416667,105.416667,60.0,v=pL2HjXvWuPc__#1_label_B1-0-0__seg0000_45.417-105.417.wav,danger risk,1,clotho,a crowd of people are cheering and yelling while music plays in the background,-1.1289615631103516,Speech | Music | Basketball bounce,0.4262 | 0.0053 | 0.0005 | 0.0008 | 0.0003,ok,
XD-Violence,v=pL2HjXvWuPc__#1_label_B1-0-0,True,,v=pL2HjXvWuPc__#1_label_B1-0-0.mp4,B1-0-0,B1,fighting,1,105.416667,141.333333,35.916667,v=pL2HjXvWuPc__#1_label_B1-0-0__seg0001_105.417-141.333.wav,danger risk,1,clotho,a crowd of people are cheering and yelling while music plays in the background,-1.008632779121399,Speech | Music,0.4364 | 0.002 | 0.0003 | 0.0006 | 0.0004,ok,
XD-Violence,v=pMtu7fOHdII__#1_label_B1-0-0,True,,v=pMtu7fOHdII__#1_label_B1-0-0.mp4,B1-0-0,B1,fighting,0,27.083333,35.416667,8.333333,v=pMtu7fOHdII__#1_label_B1-0-0__seg0000_27.083-35.417.wav,danger risk,1,clotho,a crowd of people are shouting and yelling while a whistle is blown,-1.3443032503128052,Speech | Slam,0.5828 | 0.001 | 0.0001 | 0.0017 | 0.0004,ok,
XD-Violence,v=q_DhkdHGXos__#1_label_B1-0-0,True,,v=q_DhkdHGXos__#1_label_B1-0-0.mp4,B1-0-0,B1,fighting,0,0.0,59.166667,59.166667,v=q_DhkdHGXos__#1_label_B1-0-0__seg0000_0.000-59.167.wav,danger risk,1,clotho,a crowd of people are cheering and yelling loudly,-1.0354573726654053,"Speech | Chatter | Crowd | Music | Inside, large room or hall",0.7899 | 0.0026 | 0.0061 | 0.0101 | 0.0028,ok,
XD-Violence,v=qmsQ-obL1Z4__#00-03-26_00-04-04_label_B6-0-0,True,,v=qmsQ-obL1Z4__#00-03-26_00-04-04_label_B6-0-0.mp4,B6-0-0,B6,car accident,0,3.958333,9.166667,5.208333,v=qmsQ-obL1Z4__#00-03-26_00-04-04_label_B6-0-0__seg0000_3.958-9.167.wav,danger risk,1,clotho,a man is speaking while a dog barks in the background,-0.944524586200714,Speech,0.922 | 0.0261 | 0.0031 | 0.0005 | 0.0097,ok,
XD-Violence,v=qmsQ-obL1Z4__#00-03-26_00-04-04_label_B6-0-0,True,,v=qmsQ-obL1Z4__#00-03-26_00-04-04_label_B6-0-0.mp4,B6-0-0,B6,car accident,1,25.625,36.458333,10.833333,v=qmsQ-obL1Z4__#00-03-26_00-04-04_label_B6-0-0__seg0001_25.625-36.458.wav,danger risk,1,clotho,a fire is burning and crackling in the distance,-1.219146966934204,Wind | Fire,0.0109 | 0.0003 | 0.0 | 0.0001 | 0.0,ok,
XD-Violence,v=qqsd-cZr01k__#00-01-00_00-02-45_label_B6-0-0,True,,v=qqsd-cZr01k__#00-01-00_00-02-45_label_B6-0-0.mp4,B6-0-0,B6,car accident,0,3.291667,4.291667,1.0,v=qqsd-cZr01k__#00-01-00_00-02-45_label_B6-0-0__seg0000_3.292-4.292.wav,danger risk,1,clotho,a child is speaking and then a gun is fired,-1.5364352464675903,Music,0.0928 | 0.0004 | 0.0023 | 0.0019 | 0.0002,ok,
XD-Violence,v=qqsd-cZr01k__#00-01-00_00-02-45_label_B6-0-0,True,,v=qqsd-cZr01k__#00-01-00_00-02-45_label_B6-0-0.mp4,B6-0-0,B6,car accident,1,15.875,20.833333,4.958333,v=qqsd-cZr01k__#00-01-00_00-02-45_label_B6-0-0__seg0001_15.875-20.833.wav,danger risk,1,clotho,a car is driving on the road with a loud bang,-1.4485682249069214,Music | Vehicle | Car,0.2199 | 0.0003 | 0.0001 | 0.0005 | 0.0002,ok,
XD-Violence,v=qqsd-cZr01k__#00-01-00_00-02-45_label_B6-0-0,True,,v=qqsd-cZr01k__#00-01-00_00-02-45_label_B6-0-0.mp4,B6-0-0,B6,car accident,2,31.25,34.375,3.125,v=qqsd-cZr01k__#00-01-00_00-02-45_label_B6-0-0__seg0002_31.250-34.375.wav,danger risk,1,clotho,people are shouting and yelling while a gun is fired,-1.338497281074524,Artillery fire,0.2363 | 0.0003 | 0.0003 | 0.0011 | 0.0002,ok,
XD-Violence,v=qqsd-cZr01k__#00-01-00_00-02-45_label_B6-0-0,True,,v=qqsd-cZr01k__#00-01-00_00-02-45_label_B6-0-0.mp4,B6-0-0,B6,car accident,3,42.75,44.166667,1.416667,v=qqsd-cZr01k__#00-01-00_00-02-45_label_B6-0-0__seg0003_42.750-44.167.wav,danger risk,1,clotho,someone is banging on a metal drum while a hammer strikes a hard object,-1.5442489385604858,Rail transport | Train,0.2984 | 0.0004 | 0.0001 | 0.0002 | 0.0001,ok,
XD-Violence,v=qqsd-cZr01k__#00-01-00_00-02-45_label_B6-0-0,True,,v=qqsd-cZr01k__#00-01-00_00-02-45_label_B6-0-0.mp4,B6-0-0,B6,car accident,4,55.833333,57.5,1.666667,v=qqsd-cZr01k__#00-01-00_00-02-45_label_B6-0-0__seg0004_55.833-57.500.wav,danger risk,1,clotho,a man is speaking and then a loud voice is distorted,-1.5294979810714722,Speech,0.5689 | 0.0021 | 0.0002 | 0.0001 | 0.0007,ok,
XD-Violence,v=qqsd-cZr01k__#00-01-00_00-02-45_label_B6-0-0,True,,v=qqsd-cZr01k__#00-01-00_00-02-45_label_B6-0-0.mp4,B6-0-0,B6,car accident,5,70.833333,78.333333,7.5,v=qqsd-cZr01k__#00-01-00_00-02-45_label_B6-0-0__seg0005_70.833-78.333.wav,danger risk,1,clotho,a man is speaking while a radio is playing in the background,-0.9263041019439696,Speech | Music | Vehicle | Car,0.7931 | 0.0014 | 0.0001 | 0.0004 | 0.0002,ok,
XD-Violence,v=qqsd-cZr01k__#00-01-00_00-02-45_label_B6-0-0,True,,v=qqsd-cZr01k__#00-01-00_00-02-45_label_B6-0-0.mp4,B6-0-0,B6,car accident,6,87.5,93.958333,6.458333,v=qqsd-cZr01k__#00-01-00_00-02-45_label_B6-0-0__seg0006_87.500-93.958.wav,danger risk,1,clotho,a man is speaking while cars are racing and tires squeal,-1.1761937141418457,Speech | Vehicle | Car | Skidding,0.5934 | 0.0027 | 0.0003 | 0.0003 | 0.0004,ok,
XD-Violence,v=qqsd-cZr01k__#00-01-00_00-02-45_label_B6-0-0,True,,v=qqsd-cZr01k__#00-01-00_00-02-45_label_B6-0-0.mp4,B6-0-0,B6,car accident,7,101.25,103.333333,2.083333,v=qqsd-cZr01k__#00-01-00_00-02-45_label_B6-0-0__seg0007_101.250-103.333.wav,danger risk,1,clotho,a man is speaking and then a car is driving,-1.5353896617889404,Speech | Vehicle,0.7524 | 0.0005 | 0.0004 | 0.0006 | 0.0001,ok,
XD-Violence,v=qqsd-cZr01k__#00-06-10_00-07-19_label_B6-0-0,True,,v=qqsd-cZr01k__#00-06-10_00-07-19_label_B6-0-0.mp4,B6-0-0,B6,car accident,0,0.0,2.75,2.75,v=qqsd-cZr01k__#00-06-10_00-07-19_label_B6-0-0__seg0000_0.000-2.750.wav,danger risk,1,clotho,the wind is blowing and a car is driving by,-1.2242989540100098,Vehicle | Car | Rumble,0.0313 | 0.0001 | 0.0 | 0.0002 | 0.0,ok,
XD-Violence,v=qqsd-cZr01k__#00-06-10_00-07-19_label_B6-0-0,True,,v=qqsd-cZr01k__#00-06-10_00-07-19_label_B6-0-0.mp4,B6-0-0,B6,car accident,1,8.916667,17.083333,8.166667,v=qqsd-cZr01k__#00-06-10_00-07-19_label_B6-0-0__seg0001_8.917-17.083.wav,danger risk,1,clotho,a car horn honks and a vehicle passes by,-1.2954750061035156,Music | Vehicle,0.0103 | 0.0002 | 0.0001 | 0.0002 | 0.0002,ok,
XD-Violence,v=qqsd-cZr01k__#00-06-10_00-07-19_label_B6-0-0,True,,v=qqsd-cZr01k__#00-06-10_00-07-19_label_B6-0-0.mp4,B6-0-0,B6,car accident,2,27.708333,29.375,1.666667,v=qqsd-cZr01k__#00-06-10_00-07-19_label_B6-0-0__seg0002_27.708-29.375.wav,danger risk,1,clotho,a man is speaking while a gun is being fired,-1.232723355293274,Speech,0.6244 | 0.0005 | 0.0 | 0.0003 | 0.0004,ok,
XD-Violence,v=qqsd-cZr01k__#00-06-10_00-07-19_label_B6-0-0,True,,v=qqsd-cZr01k__#00-06-10_00-07-19_label_B6-0-0.mp4,B6-0-0,B6,car accident,3,35.5,37.5,2.0,v=qqsd-cZr01k__#00-06-10_00-07-19_label_B6-0-0__seg0003_35.500-37.500.wav,danger risk,1,clotho,a car is driving on a road with a windshield wipers in the background,-1.358916997909546,Music | Vehicle,0.0257 | 0.0001 | 0.0001 | 0.0003 | 0.0001,ok,
XD-Violence,v=qqsd-cZr01k__#00-06-10_00-07-19_label_B6-0-0,True,,v=qqsd-cZr01k__#00-06-10_00-07-19_label_B6-0-0.mp4,B6-0-0,B6,car accident,4,46.666667,48.333333,1.666667,v=qqsd-cZr01k__#00-06-10_00-07-19_label_B6-0-0__seg0004_46.667-48.333.wav,danger risk,1,clotho,a group of people are clapping and talking in the background,-1.0667719841003418,Speech,0.6453 | 0.0027 | 0.001 | 0.0008 | 0.0006,ok,
XD-Violence,v=qqsd-cZr01k__#00-06-10_00-07-19_label_B6-0-0,True,,v=qqsd-cZr01k__#00-06-10_00-07-19_label_B6-0-0.mp4,B6-0-0,B6,car accident,5,53.541667,55.416667,1.875,v=qqsd-cZr01k__#00-06-10_00-07-19_label_B6-0-0__seg0005_53.542-55.417.wav,danger risk,1,clotho,a person is playing a song on a piano,-1.3605552911758425,Music,0.0104 | 0.0003 | 0.0001 | 0.0004 | 0.0001,ok,
XD-Violence,v=qqsd-cZr01k__#00-06-10_00-07-19_label_B6-0-0,True,,v=qqsd-cZr01k__#00-06-10_00-07-19_label_B6-0-0.mp4,B6-0-0,B6,car accident,6,56.25,57.708333,1.458333,v=qqsd-cZr01k__#00-06-10_00-07-19_label_B6-0-0__seg0006_56.250-57.708.wav,danger risk,1,clotho,a person is playing a song with a drum,-1.5043091773986816,Music,0.0076 | 0.0003 | 0.0 | 0.0001 | 0.0,ok,
XD-Violence,v=qqsd-cZr01k__#00-06-10_00-07-19_label_B6-0-0,True,,v=qqsd-cZr01k__#00-06-10_00-07-19_label_B6-0-0.mp4,B6-0-0,B6,car accident,7,61.166667,62.916667,1.75,v=qqsd-cZr01k__#00-06-10_00-07-19_label_B6-0-0__seg0007_61.167-62.917.wav,danger risk,1,clotho,a person is playing a piano music in the background,-1.449201583862305,Music,0.012 | 0.0003 | 0.0 | 0.0002 | 0.0,ok,
XD-Violence,v=qqsd-cZr01k__#00-06-10_00-07-19_label_B6-0-0,True,,v=qqsd-cZr01k__#00-06-10_00-07-19_label_B6-0-0.mp4,B6-0-0,B6,car accident,8,66.583333,69.041667,2.458333,v=qqsd-cZr01k__#00-06-10_00-07-19_label_B6-0-0__seg0008_66.583-69.042.wav,danger risk,1,clotho,a person is playing a song with a music box,-1.557775616645813,Music,0.014 | 0.0004 | 0.0001 | 0.0001 | 0.0001,ok,
XD-Violence,v=qrKfaX1lCUM__#1_label_G-0-0,True,,v=qrKfaX1lCUM__#1_label_G-0-0.mp4,G-0-0,G,explosion,0,10.291667,11.666667,1.375,v=qrKfaX1lCUM__#1_label_G-0-0__seg0000_10.292-11.667.wav,danger risk,1,clotho,a man is speaking while a gun is fired in the background,-1.0650622844696045,Speech | Music,0.6906 | 0.0012 | 0.0001 | 0.0001 | 0.0002,ok,
XD-Violence,v=qrKfaX1lCUM__#1_label_G-0-0,True,,v=qrKfaX1lCUM__#1_label_G-0-0.mp4,G-0-0,G,explosion,1,66.708333,69.0,2.291667,v=qrKfaX1lCUM__#1_label_G-0-0__seg0001_66.708-69.000.wav,danger risk,1,clotho,someone is breaking and throwing a ball on a hard surface,-1.7999863624572754,Music | Breaking,0.0467 | 0.0003 | 0.0003 | 0.0006 | 0.0,ok,
XD-Violence,v=qrKfaX1lCUM__#1_label_G-0-0,True,,v=qrKfaX1lCUM__#1_label_G-0-0.mp4,G-0-0,G,explosion,2,70.166667,72.333333,2.166667,v=qrKfaX1lCUM__#1_label_G-0-0__seg0002_70.167-72.333.wav,danger risk,1,clotho,a person is walking on a hard surface with a stick then banging on the,-1.467440128326416,Music,0.0237 | 0.0005 | 0.0005 | 0.001 | 0.0002,ok,
XD-Violence,v=qrKfaX1lCUM__#1_label_G-0-0,True,,v=qrKfaX1lCUM__#1_label_G-0-0.mp4,G-0-0,G,explosion,3,80.333333,87.75,7.416667,v=qrKfaX1lCUM__#1_label_G-0-0__seg0003_80.333-87.750.wav,danger risk,1,clotho,a man is speaking while a spraying sound is in the background,-1.0017123222351074,Speech | Music | Spray,0.6472 | 0.0062 | 0.001 | 0.0007 | 0.0055,ok,
XD-Violence,v=qrKfaX1lCUM__#1_label_G-0-0,True,,v=qrKfaX1lCUM__#1_label_G-0-0.mp4,G-0-0,G,explosion,4,96.791667,98.125,1.333333,v=qrKfaX1lCUM__#1_label_G-0-0__seg0004_96.792-98.125.wav,danger risk,1,clotho,a gun is fired and a child is yelling,-1.767848014831543,Speech,0.5278 | 0.0001 | 0.0003 | 0.0082 | 0.0001,ok,
XD-Violence,v=qrKfaX1lCUM__#1_label_G-0-0,True,,v=qrKfaX1lCUM__#1_label_G-0-0.mp4,G-0-0,G,explosion,5,101.166667,102.958333,1.791667,v=qrKfaX1lCUM__#1_label_G-0-0__seg0005_101.167-102.958.wav,danger risk,1,clotho,a person is walking on a hard surface and a radio is playing in the,-1.3220007419586182,Buzz | Music,0.0634 | 0.0004 | 0.0003 | 0.0005 | 0.0002,ok,
XD-Violence,v=qrKfaX1lCUM__#1_label_G-0-0,True,,v=qrKfaX1lCUM__#1_label_G-0-0.mp4,G-0-0,G,explosion,6,110.208333,119.791667,9.583333,v=qrKfaX1lCUM__#1_label_G-0-0__seg0006_110.208-119.792.wav,danger risk,1,clotho,a man is speaking and then he turns a page on,-1.2996658086776731,Speech | Music,0.8977 | 0.0169 | 0.0023 | 0.0001 | 0.0018,ok,
XD-Violence,v=qrKfaX1lCUM__#1_label_G-0-0,True,,v=qrKfaX1lCUM__#1_label_G-0-0.mp4,G-0-0,G,explosion,7,233.333333,235.208333,1.875,v=qrKfaX1lCUM__#1_label_G-0-0__seg0007_233.333-235.208.wav,danger risk,1,clotho,a gun is fired while a man is speaking,-1.112553358078003,Speech,0.6781 | 0.0006 | 0.0004 | 0.0002 | 0.0002,ok,
XD-Violence,v=qrKfaX1lCUM__#1_label_G-0-0,True,,v=qrKfaX1lCUM__#1_label_G-0-0.mp4,G-0-0,G,explosion,8,242.166667,250.0,7.833333,v=qrKfaX1lCUM__#1_label_G-0-0__seg0008_242.167-250.000.wav,danger risk,1,clotho,a man is speaking and then he turns a piece of music,-1.2630481719970703,Speech | Music,0.8573 | 0.0075 | 0.0022 | 0.0003 | 0.0012,ok,
XD-Violence,v=qyTGi0N4OVg__#1_label_G-0-0,True,,v=qyTGi0N4OVg__#1_label_G-0-0.mp4,G-0-0,G,explosion,0,26.916667,46.666667,19.75,v=qyTGi0N4OVg__#1_label_G-0-0__seg0000_26.917-46.667.wav,danger risk,1,clotho,a man is speaking while a siren is blaring in the background,-1.156075119972229,Speech | Explosion,0.6047 | 0.0006 | 0.0001 | 0.0006 | 0.0001,ok,
XD-Violence,v=rAlZRFZTwxM__#00-03-13_00-07-08_label_G-0-0,True,,v=rAlZRFZTwxM__#00-03-13_00-07-08_label_G-0-0.mp4,G-0-0,G,explosion,0,11.0,12.666667,1.666667,v=rAlZRFZTwxM__#00-03-13_00-07-08_label_G-0-0__seg0000_11.000-12.667.wav,danger risk,1,clotho,a gun is being fired and people are laughing and shouting,-1.4500066041946411,"Speech | Explosion | Burst, pop",0.5991 | 0.0002 | 0.0001 | 0.0008 | 0.0,ok,
XD-Violence,v=rAlZRFZTwxM__#00-03-13_00-07-08_label_G-0-0,True,,v=rAlZRFZTwxM__#00-03-13_00-07-08_label_G-0-0.mp4,G-0-0,G,explosion,1,23.583333,35.791667,12.208333,v=rAlZRFZTwxM__#00-03-13_00-07-08_label_G-0-0__seg0001_23.583-35.792.wav,danger risk,1,clotho,a man is speaking and then another person laughs,-1.0920394659042358,Speech | Music,0.8473 | 0.0402 | 0.0017 | 0.0002 | 0.012,ok,
XD-Violence,v=rAlZRFZTwxM__#00-03-13_00-07-08_label_G-0-0,True,,v=rAlZRFZTwxM__#00-03-13_00-07-08_label_G-0-0.mp4,G-0-0,G,explosion,2,99.625,100.916667,1.291667,v=rAlZRFZTwxM__#00-03-13_00-07-08_label_G-0-0__seg0002_99.625-100.917.wav,danger risk,1,clotho,a drum is being played with drums and cymbals,-1.4098234176635742,Music,0.0755 | 0.0002 | 0.0 | 0.0003 | 0.0,ok,
XD-Violence,v=rAlZRFZTwxM__#00-03-13_00-07-08_label_G-0-0,True,,v=rAlZRFZTwxM__#00-03-13_00-07-08_label_G-0-0.mp4,G-0-0,G,explosion,3,115.833333,132.916667,17.083333,v=rAlZRFZTwxM__#00-03-13_00-07-08_label_G-0-0__seg0003_115.833-132.917.wav,danger risk,1,clotho,a man is speaking and then a loud explosion occurs,-1.126819133758545,Speech | Music,0.9339 | 0.0083 | 0.0025 | 0.0008 | 0.0025,ok,
XD-Violence,v=rJz4NXm6vis__#1_label_B4-0-0,True,,v=rJz4NXm6vis__#1_label_B4-0-0.mp4,B4-0-0,B4,riot,0,0.0,50.416667,50.416667,v=rJz4NXm6vis__#1_label_B4-0-0__seg0000_0.000-50.417.wav,danger risk,1,clotho,a crowd of people are talking while music plays in the background,-0.9883905053138732,"Speech | Run | Music | Outside, urban or manmade",0.7251 | 0.0026 | 0.0004 | 0.001 | 0.0003,ok,
XD-Violence,v=rJz4NXm6vis__#1_label_B4-0-0,True,,v=rJz4NXm6vis__#1_label_B4-0-0.mp4,B4-0-0,B4,riot,1,56.291667,74.875,18.583333,v=rJz4NXm6vis__#1_label_B4-0-0__seg0001_56.292-74.875.wav,danger risk,1,clotho,music is playing while people are talking and laughing,-1.08079993724823,Speech | Music,0.5087 | 0.0039 | 0.0004 | 0.0008 | 0.0002,ok,
XD-Violence,v=rKpXqwE2rg8__#00-01-57_00-03-06_label_B4-0-0,True,,v=rKpXqwE2rg8__#00-01-57_00-03-06_label_B4-0-0.mp4,B4-0-0,B4,riot,0,0.0,60.0,60.0,v=rKpXqwE2rg8__#00-01-57_00-03-06_label_B4-0-0__seg0000_0.000-60.000.wav,danger risk,1,clotho,a crowd of people are shouting and cheering while a man is speaking,-1.2731516361236572,Speech,0.6321 | 0.0048 | 0.0003 | 0.0004 | 0.0021,ok,
XD-Violence,v=rKpXqwE2rg8__#00-01-57_00-03-06_label_B4-0-0,True,,v=rKpXqwE2rg8__#00-01-57_00-03-06_label_B4-0-0.mp4,B4-0-0,B4,riot,1,60.0,69.041667,9.041667,v=rKpXqwE2rg8__#00-01-57_00-03-06_label_B4-0-0__seg0001_60.000-69.042.wav,danger risk,1,clotho,a crowd of people are cheering and yelling while a gun is fired,-1.2201640605926514,Speech,0.6516 | 0.0012 | 0.0002 | 0.0003 | 0.0002,ok,
XD-Violence,v=rXWOpZ7W2fA__#1_label_B1-0-0,True,,v=rXWOpZ7W2fA__#1_label_B1-0-0.mp4,B1-0-0,B1,fighting,0,62.5,65.416667,2.916667,v=rXWOpZ7W2fA__#1_label_B1-0-0__seg0000_62.500-65.417.wav,danger risk,1,clotho,a gun is fired and a man is speaking,-1.430527687072754,"Speech | Music | Thump, thud",0.8463 | 0.0008 | 0.0007 | 0.0009 | 0.0003,ok,
XD-Violence,v=rXWOpZ7W2fA__#1_label_B1-0-0,True,,v=rXWOpZ7W2fA__#1_label_B1-0-0.mp4,B1-0-0,B1,fighting,1,69.375,75.0,5.625,v=rXWOpZ7W2fA__#1_label_B1-0-0__seg0001_69.375-75.000.wav,danger risk,1,clotho,a person is playing video game sounds and screaming,-1.762568712234497,"Speech | Music | Thump, thud | Whack, thwack",0.389 | 0.0008 | 0.0018 | 0.0026 | 0.0002,ok,
XD-Violence,v=rXWOpZ7W2fA__#1_label_B1-0-0,True,,v=rXWOpZ7W2fA__#1_label_B1-0-0.mp4,B1-0-0,B1,fighting,2,81.541667,89.041667,7.5,v=rXWOpZ7W2fA__#1_label_B1-0-0__seg0002_81.542-89.042.wav,danger risk,1,clotho,a large group of people are playing video games and talking to each other,-1.2646242380142212,"Speech | Music | Thump, thud",0.3011 | 0.0014 | 0.0007 | 0.0013 | 0.0002,ok,
XD-Violence,v=sE-DC2trBkI__#00-01-00_00-02-45_label_B6-0-0,True,,v=sE-DC2trBkI__#00-01-00_00-02-45_label_B6-0-0.mp4,B6-0-0,B6,car accident,0,9.375,13.416667,4.041667,v=sE-DC2trBkI__#00-01-00_00-02-45_label_B6-0-0__seg0000_9.375-13.417.wav,danger risk,1,clotho,a car honks its horn while people are talking in the background,-0.9630463123321532,Speech | Vehicle | Car,0.7222 | 0.0006 | 0.0003 | 0.0004 | 0.0003,ok,
XD-Violence,v=sE-DC2trBkI__#00-01-00_00-02-45_label_B6-0-0,True,,v=sE-DC2trBkI__#00-01-00_00-02-45_label_B6-0-0.mp4,B6-0-0,B6,car accident,1,26.666667,31.666667,5.0,v=sE-DC2trBkI__#00-01-00_00-02-45_label_B6-0-0__seg0001_26.667-31.667.wav,danger risk,1,clotho,a man is speaking while cars are passing by in the background,-0.9273033738136292,Speech | Music | Vehicle | Car,0.7542 | 0.0061 | 0.0001 | 0.0002 | 0.0026,ok,
XD-Violence,v=sE-DC2trBkI__#00-01-00_00-02-45_label_B6-0-0,True,,v=sE-DC2trBkI__#00-01-00_00-02-45_label_B6-0-0.mp4,B6-0-0,B6,car accident,2,41.291667,48.333333,7.041667,v=sE-DC2trBkI__#00-01-00_00-02-45_label_B6-0-0__seg0002_41.292-48.333.wav,danger risk,1,clotho,a man is speaking over a phone and over,-1.2639440298080444,Speech,0.6859 | 0.0045 | 0.0034 | 0.0006 | 0.0045,ok,
XD-Violence,v=sE-DC2trBkI__#00-01-00_00-02-45_label_B6-0-0,True,,v=sE-DC2trBkI__#00-01-00_00-02-45_label_B6-0-0.mp4,B6-0-0,B6,car accident,3,60.416667,64.583333,4.166667,v=sE-DC2trBkI__#00-01-00_00-02-45_label_B6-0-0__seg0003_60.417-64.583.wav,danger risk,1,clotho,a man is speaking while cars are driving in the background,-0.8476819396018982,Speech | Music | Vehicle | Car,0.9471 | 0.0088 | 0.0013 | 0.0008 | 0.0065,ok,
XD-Violence,v=sE-DC2trBkI__#00-01-00_00-02-45_label_B6-0-0,True,,v=sE-DC2trBkI__#00-01-00_00-02-45_label_B6-0-0.mp4,B6-0-0,B6,car accident,4,75.625,78.458333,2.833333,v=sE-DC2trBkI__#00-01-00_00-02-45_label_B6-0-0__seg0004_75.625-78.458.wav,danger risk,1,clotho,a person is playing a note on a keyboard,-1.27509605884552,Silence,0.021 | 0.0009 | 0.0001 | 0.0001 | 0.0,ok,
XD-Violence,v=sE-DC2trBkI__#00-01-00_00-02-45_label_B6-0-0,True,,v=sE-DC2trBkI__#00-01-00_00-02-45_label_B6-0-0.mp4,B6-0-0,B6,car accident,5,91.875,93.541667,1.666667,v=sE-DC2trBkI__#00-01-00_00-02-45_label_B6-0-0__seg0005_91.875-93.542.wav,danger risk,1,clotho,a woman is speaking while a door opens and closes,-1.1933778524398804,"Speech | Power windows, electric windows",0.5192 | 0.0003 | 0.0079 | 0.0023 | 0.0053,ok,
XD-Violence,v=sE-DC2trBkI__#00-03-00_00-04-09_label_B6-0-0,True,,v=sE-DC2trBkI__#00-03-00_00-04-09_label_B6-0-0.mp4,B6-0-0,B6,car accident,0,10.75,17.083333,6.333333,v=sE-DC2trBkI__#00-03-00_00-04-09_label_B6-0-0__seg0000_10.750-17.083.wav,danger risk,1,clotho,a man is speaking while a gun is fired in the background,-1.2157588005065918,Speech | Breaking,0.4275 | 0.002 | 0.0006 | 0.0051 | 0.0005,ok,
XD-Violence,v=sE-DC2trBkI__#00-03-00_00-04-09_label_B6-0-0,True,,v=sE-DC2trBkI__#00-03-00_00-04-09_label_B6-0-0.mp4,B6-0-0,B6,car accident,1,29.166667,33.416667,4.25,v=sE-DC2trBkI__#00-03-00_00-04-09_label_B6-0-0__seg0001_29.167-33.417.wav,danger risk,1,clotho,a car is driving down the road with the windows rolled down,-1.3093565702438354,,0.0535 | 0.0001 | 0.0001 | 0.0002 | 0.0,ok,
XD-Violence,v=sE-DC2trBkI__#00-03-00_00-04-09_label_B6-0-0,True,,v=sE-DC2trBkI__#00-03-00_00-04-09_label_B6-0-0.mp4,B6-0-0,B6,car accident,2,39.25,50.625,11.375,v=sE-DC2trBkI__#00-03-00_00-04-09_label_B6-0-0__seg0002_39.250-50.625.wav,danger risk,1,clotho,a person is walking on a hard surface,-1.3552621603012085,Silence,0.0326 | 0.0019 | 0.0002 | 0.0003 | 0.0001,ok,
XD-Violence,v=sE-DC2trBkI__#00-03-00_00-04-09_label_B6-0-0,True,,v=sE-DC2trBkI__#00-03-00_00-04-09_label_B6-0-0.mp4,B6-0-0,B6,car accident,3,59.791667,64.166667,4.375,v=sE-DC2trBkI__#00-03-00_00-04-09_label_B6-0-0__seg0003_59.792-64.167.wav,danger risk,1,clotho,a person is using a wrench on a piece of paper,-1.0993112325668335,Silence,0.0291 | 0.0013 | 0.0001 | 0.0002 | 0.0001,ok,
XD-Violence,v=sE-DC2trBkI__#00-09-00_00-10-05_label_B6-0-0,True,,v=sE-DC2trBkI__#00-09-00_00-10-05_label_B6-0-0.mp4,B6-0-0,B6,car accident,0,8.166667,14.166667,6.0,v=sE-DC2trBkI__#00-09-00_00-10-05_label_B6-0-0__seg0000_8.167-14.167.wav,danger risk,1,clotho,a person is playing a song with a guitar and a man singing in the,-1.4832316637039185,Music | Rock music | Psychedelic rock,0.0083 | 0.0001 | 0.0003 | 0.0003 | 0.0,ok,
XD-Violence,v=sE-DC2trBkI__#00-09-00_00-10-05_label_B6-0-0,True,,v=sE-DC2trBkI__#00-09-00_00-10-05_label_B6-0-0.mp4,B6-0-0,B6,car accident,1,20.625,25.208333,4.583333,v=sE-DC2trBkI__#00-09-00_00-10-05_label_B6-0-0__seg0001_20.625-25.208.wav,danger risk,1,clotho,a man is speaking while a group of people are shouting,-1.0972623825073242,Speech | Vehicle | Bus,0.898 | 0.0052 | 0.0007 | 0.0017 | 0.0052,ok,
XD-Violence,v=sE-DC2trBkI__#00-09-00_00-10-05_label_B6-0-0,True,,v=sE-DC2trBkI__#00-09-00_00-10-05_label_B6-0-0.mp4,B6-0-0,B6,car accident,2,36.666667,42.625,5.958333,v=sE-DC2trBkI__#00-09-00_00-10-05_label_B6-0-0__seg0002_36.667-42.625.wav,danger risk,1,clotho,a man is speaking while a fan is running in the background,-0.8979406356811523,Speech,0.8501 | 0.0503 | 0.002 | 0.0006 | 0.011,ok,
XD-Violence,v=sE-DC2trBkI__#00-09-00_00-10-05_label_B6-0-0,True,,v=sE-DC2trBkI__#00-09-00_00-10-05_label_B6-0-0.mp4,B6-0-0,B6,car accident,3,47.708333,51.25,3.541667,v=sE-DC2trBkI__#00-09-00_00-10-05_label_B6-0-0__seg0003_47.708-51.250.wav,danger risk,1,clotho,a person is playing a note on a keyboard,-1.2690160274505615,Silence,0.0253 | 0.0011 | 0.0001 | 0.0002 | 0.0001,ok,
XD-Violence,v=sE-DC2trBkI__#00-09-00_00-10-05_label_B6-0-0,True,,v=sE-DC2trBkI__#00-09-00_00-10-05_label_B6-0-0.mp4,B6-0-0,B6,car accident,4,59.708333,62.208333,2.5,v=sE-DC2trBkI__#00-09-00_00-10-05_label_B6-0-0__seg0004_59.708-62.208.wav,danger risk,1,clotho,a person is cleaning a piece of wood with a broom,-1.1962521076202393,"Rodents, rats, mice | Snake",0.0367 | 0.0023 | 0.0004 | 0.0001 | 0.0014,ok,
XD-Violence,v=sbEHU4GskX4__#1_label_B1-0-0,True,,v=sbEHU4GskX4__#1_label_B1-0-0.mp4,B1-0-0,B1,fighting,0,25.333333,84.583333,59.25,v=sbEHU4GskX4__#1_label_B1-0-0__seg0000_25.333-84.583.wav,danger risk,1,clotho,a crowd of people are cheering and yelling,-1.1093192100524902,Speech | Basketball bounce,0.6528 | 0.0121 | 0.0012 | 0.0025 | 0.0027,ok,
XD-Violence,v=tP19WuyY3IY__#00-00-00_00-00-51_label_B6-0-0,True,,v=tP19WuyY3IY__#00-00-00_00-00-51_label_B6-0-0.mp4,B6-0-0,B6,car accident,0,4.333333,7.875,3.541667,v=tP19WuyY3IY__#00-00-00_00-00-51_label_B6-0-0__seg0000_4.333-7.875.wav,danger risk,1,clotho,a machine gun is being fired while people are talking in the background,-1.2699180841445925,,0.0451 | 0.0003 | 0.0 | 0.0001 | 0.0,ok,
XD-Violence,v=tP19WuyY3IY__#00-00-00_00-00-51_label_B6-0-0,True,,v=tP19WuyY3IY__#00-00-00_00-00-51_label_B6-0-0.mp4,B6-0-0,B6,car accident,1,21.833333,26.458333,4.625,v=tP19WuyY3IY__#00-00-00_00-00-51_label_B6-0-0__seg0001_21.833-26.458.wav,danger risk,1,clotho,a car engine revs and tires squeal as a man speaks,-1.5727638006210327,Music | Vehicle | Car | Skidding,0.2941 | 0.0001 | 0.0 | 0.0003 | 0.0,ok,
XD-Violence,v=tP19WuyY3IY__#00-00-00_00-00-51_label_B6-0-0,True,,v=tP19WuyY3IY__#00-00-00_00-00-51_label_B6-0-0.mp4,B6-0-0,B6,car accident,2,37.0,40.25,3.25,v=tP19WuyY3IY__#00-00-00_00-00-51_label_B6-0-0__seg0002_37.000-40.250.wav,danger risk,1,clotho,a person is dropping a bottle cap on the ground,-1.6904606819152832,Music,0.04 | 0.0001 | 0.0001 | 0.0005 | 0.0001,ok,
XD-Violence,v=tP19WuyY3IY__#00-06-10_00-07-51_label_B6-0-0,True,,v=tP19WuyY3IY__#00-06-10_00-07-51_label_B6-0-0.mp4,B6-0-0,B6,car accident,0,51.791667,52.916667,1.125,v=tP19WuyY3IY__#00-06-10_00-07-51_label_B6-0-0__seg0000_51.792-52.917.wav,danger risk,1,clotho,a group of people are shouting and yelling,-1.3030145168304443,Speech,0.7928 | 0.0014 | 0.0008 | 0.0015 | 0.0002,ok,
XD-Violence,v=tP19WuyY3IY__#00-06-10_00-07-51_label_B6-0-0,True,,v=tP19WuyY3IY__#00-06-10_00-07-51_label_B6-0-0.mp4,B6-0-0,B6,car accident,1,67.958333,73.583333,5.625,v=tP19WuyY3IY__#00-06-10_00-07-51_label_B6-0-0__seg0001_67.958-73.583.wav,danger risk,1,clotho,a person is walking on a hard surface,-1.3462122678756714,Silence,0.0304 | 0.0016 | 0.0001 | 0.0002 | 0.0001,ok,
XD-Violence,v=tT-SrQC6Ddw__#00-04-00_00-05-15_label_B6-0-0,True,,v=tT-SrQC6Ddw__#00-04-00_00-05-15_label_B6-0-0.mp4,B6-0-0,B6,car accident,0,7.708333,9.416667,1.708333,v=tT-SrQC6Ddw__#00-04-00_00-05-15_label_B6-0-0__seg0000_7.708-9.417.wav,danger risk,1,clotho,a woman is singing a song and a child sings along with music,-1.436177134513855,Music,0.0067 | 0.0001 | 0.0001 | 0.0004 | 0.0,ok,
XD-Violence,v=tT-SrQC6Ddw__#00-04-00_00-05-15_label_B6-0-0,True,,v=tT-SrQC6Ddw__#00-04-00_00-05-15_label_B6-0-0.mp4,B6-0-0,B6,car accident,1,51.541667,55.0,3.458333,v=tT-SrQC6Ddw__#00-04-00_00-05-15_label_B6-0-0__seg0001_51.542-55.000.wav,danger risk,1,clotho,a metal object is being hit against another hard surface,-1.3239741325378418,,0.1912 | 0.0002 | 0.0 | 0.0007 | 0.0002,ok,
XD-Violence,v=tT-SrQC6Ddw__#00-04-00_00-05-15_label_B6-0-0,True,,v=tT-SrQC6Ddw__#00-04-00_00-05-15_label_B6-0-0.mp4,B6-0-0,B6,car accident,2,61.875,68.333333,6.458333,v=tT-SrQC6Ddw__#00-04-00_00-05-15_label_B6-0-0__seg0002_61.875-68.333.wav,danger risk,1,clotho,a machine is running at a constant rate and then it is raining,-1.4948313236236572,Music,0.0365 | 0.0018 | 0.0 | 0.0002 | 0.0001,ok,
XD-Violence,v=tivXK3PGByk__#1_label_B1-0-0,True,,v=tivXK3PGByk__#1_label_B1-0-0.mp4,B1-0-0,B1,fighting,0,43.208333,75.0,31.791667,v=tivXK3PGByk__#1_label_B1-0-0__seg0000_43.208-75.000.wav,danger risk,1,clotho,a crowd of people are shouting and cheering while a man is speaking,-1.1654564142227173,Speech | Music | Basketball bounce,0.7461 | 0.0045 | 0.0016 | 0.0022 | 0.0032,ok,
XD-Violence,v=tivXK3PGByk__#1_label_B1-0-0,True,,v=tivXK3PGByk__#1_label_B1-0-0.mp4,B1-0-0,B1,fighting,1,95.833333,114.583333,18.75,v=tivXK3PGByk__#1_label_B1-0-0__seg0001_95.833-114.583.wav,danger risk,1,clotho,a crowd of people are talking and cheering,-1.1442638635635376,Speech | Basketball bounce,0.7701 | 0.0123 | 0.0011 | 0.001 | 0.0044,ok,
XD-Violence,v=tv0rI-5ycBU__#1_label_B4-0-0,True,,v=tv0rI-5ycBU__#1_label_B4-0-0.mp4,B4-0-0,B4,riot,0,0.0,5.416667,5.416667,v=tv0rI-5ycBU__#1_label_B4-0-0__seg0000_0.000-5.417.wav,danger risk,1,clotho,a large crowd cheers and whistles loudly as a whistle blows,-1.622764229774475,Speech | Cheering | Crowd | Music,0.3068 | 0.0197 | 0.0013 | 0.0003 | 0.0013,ok,
XD-Violence,v=tv0rI-5ycBU__#1_label_B4-0-0,True,,v=tv0rI-5ycBU__#1_label_B4-0-0.mp4,B4-0-0,B4,riot,1,8.583333,68.583333,60.0,v=tv0rI-5ycBU__#1_label_B4-0-0__seg0001_8.583-68.583.wav,danger risk,1,clotho,a crowd of people are cheering and yelling at the same time,-1.0385618209838867,Speech | Crowd,0.751 | 0.0293 | 0.0009 | 0.0004 | 0.0059,ok,
XD-Violence,v=tv0rI-5ycBU__#1_label_B4-0-0,True,,v=tv0rI-5ycBU__#1_label_B4-0-0.mp4,B4-0-0,B4,riot,2,68.583333,122.708333,54.125,v=tv0rI-5ycBU__#1_label_B4-0-0__seg0002_68.583-122.708.wav,danger risk,1,clotho,a crowd of people are cheering and yelling,-1.141255021095276,Speech,0.7932 | 0.0237 | 0.0016 | 0.0008 | 0.0058,ok,
XD-Violence,v=u0Tnw01PNxc__#1_label_B4-0-0,True,,v=u0Tnw01PNxc__#1_label_B4-0-0.mp4,B4-0-0,B4,riot,0,0.0,57.333333,57.333333,v=u0Tnw01PNxc__#1_label_B4-0-0__seg0000_0.000-57.333.wav,danger risk,1,clotho,a man is speaking while a siren is blaring,-1.1023190021514893,"Speech | Outside, urban or manmade",0.7585 | 0.0099 | 0.0007 | 0.0016 | 0.0019,ok,
XD-Violence,v=u5SF4SlqNDQ__#00-00-00_00-01-00_label_G-0-0,True,,v=u5SF4SlqNDQ__#00-00-00_00-01-00_label_G-0-0.mp4,G-0-0,G,explosion,0,26.0,38.0,12.0,v=u5SF4SlqNDQ__#00-00-00_00-01-00_label_G-0-0__seg0000_26.000-38.000.wav,danger risk,1,clotho,the wind is blowing and the rain is hitting the ground,-1.1691652536392212,Eruption,0.0529 | 0.0002 | 0.0001 | 0.0006 | 0.0,ok,
XD-Violence,v=u5SF4SlqNDQ__#00-00-00_00-01-00_label_G-0-0,True,,v=u5SF4SlqNDQ__#00-00-00_00-01-00_label_G-0-0.mp4,G-0-0,G,explosion,1,39.583333,60.041667,20.458333,v=u5SF4SlqNDQ__#00-00-00_00-01-00_label_G-0-0__seg0001_39.583-60.042.wav,danger risk,1,clotho,a man is speaking and then a woman is talking,-1.17255437374115,"Speech | Narration, monologue | Music",0.7225 | 0.2013 | 0.0561 | 0.0005 | 0.0906,ok,
XD-Violence,v=u5SF4SlqNDQ__#00-02-39_00-03-41_label_G-0-0,True,,v=u5SF4SlqNDQ__#00-02-39_00-03-41_label_G-0-0.mp4,G-0-0,G,explosion,0,3.208333,59.583333,56.375,v=u5SF4SlqNDQ__#00-02-39_00-03-41_label_G-0-0__seg0000_3.208-59.583.wav,danger risk,1,clotho,a man is speaking and then a gun is fired,-1.1417958736419678,Speech | Music | Artillery fire | Fireworks,0.72 | 0.0117 | 0.0012 | 0.0006 | 0.0031,ok,
XD-Violence,v=uBXprlsmd18__#00-03-00_00-04-09_label_B6-0-0,True,,v=uBXprlsmd18__#00-03-00_00-04-09_label_B6-0-0.mp4,B6-0-0,B6,car accident,0,4.458333,7.083333,2.625,v=uBXprlsmd18__#00-03-00_00-04-09_label_B6-0-0__seg0000_4.458-7.083.wav,danger risk,1,clotho,a person is playing a note on a keyboard,-1.2677615880966189,Silence,0.0222 | 0.0009 | 0.0001 | 0.0001 | 0.0,ok,
XD-Violence,v=uBXprlsmd18__#00-03-00_00-04-09_label_B6-0-0,True,,v=uBXprlsmd18__#00-03-00_00-04-09_label_B6-0-0.mp4,B6-0-0,B6,car accident,1,40.583333,42.5,1.916667,v=uBXprlsmd18__#00-03-00_00-04-09_label_B6-0-0__seg0001_40.583-42.500.wav,danger risk,1,clotho,a man is speaking and then a car is driving by,-1.5336896181106567,Speech,0.5291 | 0.0006 | 0.0 | 0.0001 | 0.0002,ok,
XD-Violence,v=uBXprlsmd18__#00-03-00_00-04-09_label_B6-0-0,True,,v=uBXprlsmd18__#00-03-00_00-04-09_label_B6-0-0.mp4,B6-0-0,B6,car accident,2,66.666667,69.041667,2.375,v=uBXprlsmd18__#00-03-00_00-04-09_label_B6-0-0__seg0002_66.667-69.042.wav,danger risk,1,clotho,a person is shoveling a shovel on the ground and then a man speaks,-1.839757204055786,Music,0.2308 | 0.0007 | 0.0003 | 0.0004 | 0.0002,ok,
XD-Violence,v=uBXprlsmd18__#00-06-10_00-07-19_label_B6-0-0,True,,v=uBXprlsmd18__#00-06-10_00-07-19_label_B6-0-0.mp4,B6-0-0,B6,car accident,0,14.833333,22.041667,7.208333,v=uBXprlsmd18__#00-06-10_00-07-19_label_B6-0-0__seg0000_14.833-22.042.wav,danger risk,1,clotho,someone is trying to start a car engine and then they begin to laugh,-1.79234516620636,,0.0962 | 0.0023 | 0.001 | 0.0003 | 0.0003,ok,
XD-Violence,v=uBXprlsmd18__#00-06-10_00-07-19_label_B6-0-0,True,,v=uBXprlsmd18__#00-06-10_00-07-19_label_B6-0-0.mp4,B6-0-0,B6,car accident,1,44.791667,48.166667,3.375,v=uBXprlsmd18__#00-06-10_00-07-19_label_B6-0-0__seg0001_44.792-48.167.wav,danger risk,1,clotho,a car is driving on a road while a person is screaming in the background,-1.237288236618042,Speech | Music | Vehicle | Car,0.5406 | 0.0003 | 0.0002 | 0.0013 | 0.0001,ok,
XD-Violence,v=uBXprlsmd18__#00-06-10_00-07-19_label_B6-0-0,True,,v=uBXprlsmd18__#00-06-10_00-07-19_label_B6-0-0.mp4,B6-0-0,B6,car accident,2,60.0,69.041667,9.041667,v=uBXprlsmd18__#00-06-10_00-07-19_label_B6-0-0__seg0002_60.000-69.042.wav,danger risk,1,clotho,a person is walking on a hard surface,-1.3510838747024536,Silence,0.0312 | 0.0017 | 0.0002 | 0.0003 | 0.0001,ok,
XD-Violence,v=uQY15O3LKI0__#1_label_B6-0-0,True,,v=uQY15O3LKI0__#1_label_B6-0-0.mp4,B6-0-0,B6,car accident,0,12.375,14.0,1.625,v=uQY15O3LKI0__#1_label_B6-0-0__seg0000_12.375-14.000.wav,danger risk,1,clotho,a synthesizer is playing a note on a piano,-1.3816843032836914,Music | Scary music,0.0183 | 0.0002 | 0.0001 | 0.0001 | 0.0,ok,
XD-Violence,v=uQY15O3LKI0__#1_label_B6-0-0,True,,v=uQY15O3LKI0__#1_label_B6-0-0.mp4,B6-0-0,B6,car accident,1,25.0,31.25,6.25,v=uQY15O3LKI0__#1_label_B6-0-0__seg0001_25.000-31.250.wav,danger risk,1,clotho,someone is breaking a glass bottle with a shovel to the ground,-1.7828348875045776,,0.1286 | 0.0004 | 0.0001 | 0.0002 | 0.0001,ok,
XD-Violence,v=uQY15O3LKI0__#1_label_B6-0-0,True,,v=uQY15O3LKI0__#1_label_B6-0-0.mp4,B6-0-0,B6,car accident,2,33.791667,38.0,4.208333,v=uQY15O3LKI0__#1_label_B6-0-0__seg0002_33.792-38.000.wav,danger risk,1,clotho,people are talking and banging on a hard surface,-1.3590158224105835,Speech,0.7941 | 0.0002 | 0.0002 | 0.0093 | 0.0001,ok,
XD-Violence,v=uQY15O3LKI0__#1_label_B6-0-0,True,,v=uQY15O3LKI0__#1_label_B6-0-0.mp4,B6-0-0,B6,car accident,3,44.5,50.333333,5.833333,v=uQY15O3LKI0__#1_label_B6-0-0__seg0003_44.500-50.333.wav,danger risk,1,clotho,a person is walking on a hard surface while cars drive by,-1.1987643241882324,Music,0.0949 | 0.0002 | 0.0001 | 0.0002 | 0.0001,ok,
XD-Violence,v=uQY15O3LKI0__#1_label_B6-0-0,True,,v=uQY15O3LKI0__#1_label_B6-0-0.mp4,B6-0-0,B6,car accident,4,55.0,56.25,1.25,v=uQY15O3LKI0__#1_label_B6-0-0__seg0004_55.000-56.250.wav,danger risk,1,clotho,a child is speaking while a baby is crying and laughing in the background,-1.2391985654830933,Speech,0.777 | 0.0022 | 0.0007 | 0.0644 | 0.0,ok,
XD-Violence,v=uQY15O3LKI0__#1_label_B6-0-0,True,,v=uQY15O3LKI0__#1_label_B6-0-0.mp4,B6-0-0,B6,car accident,5,59.375,61.25,1.875,v=uQY15O3LKI0__#1_label_B6-0-0__seg0005_59.375-61.250.wav,danger risk,1,clotho,a man is speaking while a gun is fired,-1.1919430494308472,"Speech | Music | Thump, thud",0.3114 | 0.0015 | 0.0001 | 0.0001 | 0.0001,ok,
XD-Violence,v=uQY15O3LKI0__#1_label_B6-0-0,True,,v=uQY15O3LKI0__#1_label_B6-0-0.mp4,B6-0-0,B6,car accident,6,66.375,68.333333,1.958333,v=uQY15O3LKI0__#1_label_B6-0-0__seg0006_66.375-68.333.wav,danger risk,1,clotho,a squeaking sound is being made with a shovel to make a squeak,-1.7109367847442627,,0.0491 | 0.0006 | 0.0002 | 0.0006 | 0.0001,ok,
XD-Violence,v=uQY15O3LKI0__#1_label_B6-0-0,True,,v=uQY15O3LKI0__#1_label_B6-0-0.mp4,B6-0-0,B6,car accident,7,72.583333,77.5,4.916667,v=uQY15O3LKI0__#1_label_B6-0-0__seg0007_72.583-77.500.wav,danger risk,1,clotho,music is being played on a musical instrument,-1.2645998001098633,Music | Vehicle,0.1211 | 0.0007 | 0.0003 | 0.0003 | 0.0002,ok,
XD-Violence,v=uQY15O3LKI0__#1_label_B6-0-0,True,,v=uQY15O3LKI0__#1_label_B6-0-0.mp4,B6-0-0,B6,car accident,8,81.208333,84.166667,2.958333,v=uQY15O3LKI0__#1_label_B6-0-0__seg0008_81.208-84.167.wav,danger risk,1,clotho,a man is screaming while another person is laughing in the background,-1.518445372581482,Music,0.0528 | 0.0015 | 0.0007 | 0.0001 | 0.0001,ok,
XD-Violence,v=uQY15O3LKI0__#1_label_B6-0-0,True,,v=uQY15O3LKI0__#1_label_B6-0-0.mp4,B6-0-0,B6,car accident,9,89.166667,97.916667,8.75,v=uQY15O3LKI0__#1_label_B6-0-0__seg0009_89.167-97.917.wav,danger risk,1,clotho,a car door is opening and closing as a vehicle drives by,-1.247889757156372,,0.0475 | 0.0001 | 0.0001 | 0.0006 | 0.0,ok,
XD-Violence,v=uQY15O3LKI0__#1_label_B6-0-0,True,,v=uQY15O3LKI0__#1_label_B6-0-0.mp4,B6-0-0,B6,car accident,10,106.25,112.5,6.25,v=uQY15O3LKI0__#1_label_B6-0-0__seg0010_106.250-112.500.wav,danger risk,1,clotho,music is playing and a man is singing,-1.1102622747421265,Music,0.1747 | 0.001 | 0.0003 | 0.0001 | 0.0,ok,
XD-Violence,v=uQY15O3LKI0__#1_label_B6-0-0,True,,v=uQY15O3LKI0__#1_label_B6-0-0.mp4,B6-0-0,B6,car accident,11,119.458333,124.166667,4.708333,v=uQY15O3LKI0__#1_label_B6-0-0__seg0011_119.458-124.167.wav,danger risk,1,clotho,a car horn honks while a man speaks,-1.309376239776611,Speech | Vehicle | Car | Toot,0.7356 | 0.0009 | 0.0013 | 0.0003 | 0.0005,ok,
XD-Violence,v=uQY15O3LKI0__#1_label_B6-0-0,True,,v=uQY15O3LKI0__#1_label_B6-0-0.mp4,B6-0-0,B6,car accident,12,128.041667,130.0,1.958333,v=uQY15O3LKI0__#1_label_B6-0-0__seg0012_128.042-130.000.wav,danger risk,1,clotho,a man is speaking while a metal object is being moved,-1.3675055503845217,Speech | Music,0.5449 | 0.0004 | 0.0001 | 0.0007 | 0.0004,ok,
XD-Violence,v=uQY15O3LKI0__#1_label_B6-0-0,True,,v=uQY15O3LKI0__#1_label_B6-0-0.mp4,B6-0-0,B6,car accident,13,135.625,139.583333,3.958333,v=uQY15O3LKI0__#1_label_B6-0-0__seg0013_135.625-139.583.wav,danger risk,1,clotho,a car horn is honking while traffic is passing by in the background,-1.046451449394226,"Vehicle | Toot | Outside, urban or manmade",0.0372 | 0.0001 | 0.0001 | 0.0001 | 0.0,ok,
XD-Violence,v=uQY15O3LKI0__#1_label_B6-0-0,True,,v=uQY15O3LKI0__#1_label_B6-0-0.mp4,B6-0-0,B6,car accident,14,145.375,146.916667,1.541667,v=uQY15O3LKI0__#1_label_B6-0-0__seg0014_145.375-146.917.wav,danger risk,1,clotho,a man is speaking while a gun is fired,-1.51864755153656,Speech,0.6947 | 0.0005 | 0.0009 | 0.0004 | 0.0005,ok,
XD-Violence,v=uQY15O3LKI0__#1_label_B6-0-0,True,,v=uQY15O3LKI0__#1_label_B6-0-0.mp4,B6-0-0,B6,car accident,15,150.958333,154.166667,3.208333,v=uQY15O3LKI0__#1_label_B6-0-0__seg0015_150.958-154.167.wav,danger risk,1,clotho,a person is screaming while another woman is speaking in the background,-1.1905066967010498,Speech | Music,0.7123 | 0.0036 | 0.0025 | 0.0037 | 0.0006,ok,
XD-Violence,v=uQY15O3LKI0__#1_label_B6-0-0,True,,v=uQY15O3LKI0__#1_label_B6-0-0.mp4,B6-0-0,B6,car accident,16,158.5,165.208333,6.708333,v=uQY15O3LKI0__#1_label_B6-0-0__seg0016_158.500-165.208.wav,danger risk,1,clotho,a woman is speaking while a door is being opened and closed,-1.0739202499389648,Speech | Vehicle,0.6786 | 0.0005 | 0.0017 | 0.0282 | 0.0018,ok,
XD-Violence,v=uprb6aBzymw__#00-03-03_00-05-13_label_B4-0-0,True,,v=uprb6aBzymw__#00-03-03_00-05-13_label_B4-0-0.mp4,B4-0-0,B4,riot,0,0.0,5.208333,5.208333,v=uprb6aBzymw__#00-03-03_00-05-13_label_B4-0-0__seg0000_0.000-5.208.wav,danger risk,1,clotho,a group of people are shouting and cheering while a crowd cheers,-1.0827279090881348,Speech | Run,0.7916 | 0.0282 | 0.0068 | 0.0018 | 0.0113,ok,
XD-Violence,v=uprb6aBzymw__#00-03-03_00-05-13_label_B4-0-0,True,,v=uprb6aBzymw__#00-03-03_00-05-13_label_B4-0-0.mp4,B4-0-0,B4,riot,1,22.083333,32.916667,10.833333,v=uprb6aBzymw__#00-03-03_00-05-13_label_B4-0-0__seg0001_22.083-32.917.wav,danger risk,1,clotho,a man is speaking and then he is breathing,-1.1225972175598145,"Speech | Narration, monologue",0.7793 | 0.0791 | 0.0324 | 0.0002 | 0.0397,ok,
XD-Violence,v=uprb6aBzymw__#00-03-03_00-05-13_label_B4-0-0,True,,v=uprb6aBzymw__#00-03-03_00-05-13_label_B4-0-0.mp4,B4-0-0,B4,riot,2,85.208333,120.291667,35.083333,v=uprb6aBzymw__#00-03-03_00-05-13_label_B4-0-0__seg0002_85.208-120.292.wav,danger risk,1,clotho,a man is speaking and then he is breathing,-1.1661850214004517,Speech,0.725 | 0.1449 | 0.0451 | 0.0005 | 0.0456,ok,
XD-Violence,v=utQ5AvXtNLA__#1_label_B4-0-0,True,,v=utQ5AvXtNLA__#1_label_B4-0-0.mp4,B4-0-0,B4,riot,0,0.0,37.208333,37.208333,v=utQ5AvXtNLA__#1_label_B4-0-0__seg0000_0.000-37.208.wav,danger risk,1,clotho,a crowd of people are cheering and yelling loudly,-1.0866210460662842,Speech | Chatter | Crowd,0.7181 | 0.0215 | 0.0039 | 0.0019 | 0.0087,ok,
XD-Violence,v=v-Plzx73K68__#1_label_B4-0-0,True,,v=v-Plzx73K68__#1_label_B4-0-0.mp4,B4-0-0,B4,riot,0,13.166667,38.375,25.208333,v=v-Plzx73K68__#1_label_B4-0-0__seg0000_13.167-38.375.wav,danger risk,1,clotho,a crowd of people are shouting and yelling,-1.1628717184066772,"Speech | Music | Beep, bleep",0.899 | 0.0079 | 0.0038 | 0.0013 | 0.0011,ok,
XD-Violence,v=v_LxqgpRouM__#1_label_G-0-0,True,,v=v_LxqgpRouM__#1_label_G-0-0.mp4,G-0-0,G,explosion,0,6.166667,37.0,30.833333,v=v_LxqgpRouM__#1_label_G-0-0__seg0000_6.167-37.000.wav,danger risk,1,clotho,a man is speaking while a gun is fired in the background,-1.004715085029602,"Speech | Explosion | Artillery fire | Burst, pop",0.9097 | 0.0005 | 0.0002 | 0.0008 | 0.0003,ok,
XD-Violence,v=vaSOMEIe1Bg__#1_label_G-0-0,True,,v=vaSOMEIe1Bg__#1_label_G-0-0.mp4,G-0-0,G,explosion,0,12.5,57.5,45.0,v=vaSOMEIe1Bg__#1_label_G-0-0__seg0000_12.500-57.500.wav,danger risk,1,clotho,a man is speaking while a car is driving in the background,-0.986818552017212,Speech | Vehicle,0.9078 | 0.0009 | 0.0002 | 0.0008 | 0.0001,ok,
XD-Violence,v=vhACO_m5pH0__#00-09-42_00-10-40_label_B6-0-0,True,,v=vhACO_m5pH0__#00-09-42_00-10-40_label_B6-0-0.mp4,B6-0-0,B6,car accident,0,9.916667,13.083333,3.166667,v=vhACO_m5pH0__#00-09-42_00-10-40_label_B6-0-0__seg0000_9.917-13.083.wav,danger risk,1,clotho,a doorbell is ringing while a siren is blaring in the background,-1.0753324031829834,Music | Ding-dong,0.029 | 0.0001 | 0.0 | 0.0001 | 0.0,ok,
XD-Violence,v=vhACO_m5pH0__#00-09-42_00-10-40_label_B6-0-0,True,,v=vhACO_m5pH0__#00-09-42_00-10-40_label_B6-0-0.mp4,B6-0-0,B6,car accident,1,19.791667,21.666667,1.875,v=vhACO_m5pH0__#00-09-42_00-10-40_label_B6-0-0__seg0001_19.792-21.667.wav,danger risk,1,clotho,a quiet whooshing occurs and gets louder and more intense,-1.2654383182525637,Silence,0.0303 | 0.0015 | 0.0004 | 0.0001 | 0.0002,ok,
XD-Violence,v=vhACO_m5pH0__#00-09-42_00-10-40_label_B6-0-0,True,,v=vhACO_m5pH0__#00-09-42_00-10-40_label_B6-0-0.mp4,B6-0-0,B6,car accident,2,37.958333,40.0,2.041667,v=vhACO_m5pH0__#00-09-42_00-10-40_label_B6-0-0__seg0002_37.958-40.000.wav,danger risk,1,clotho,a person is walking on a hard surface,-1.346111536026001,,0.0194 | 0.0008 | 0.0001 | 0.0 | 0.0,ok,
XD-Violence,v=vhACO_m5pH0__#00-09-42_00-10-40_label_B6-0-0,True,,v=vhACO_m5pH0__#00-09-42_00-10-40_label_B6-0-0.mp4,B6-0-0,B6,car accident,3,45.166667,50.333333,5.166667,v=vhACO_m5pH0__#00-09-42_00-10-40_label_B6-0-0__seg0003_45.167-50.333.wav,danger risk,1,clotho,a man is speaking over a radio in the background,-1.0015151500701904,Speech | Radio,0.7956 | 0.0314 | 0.0054 | 0.0001 | 0.0439,ok,
XD-Violence,v=vhACO_m5pH0__#00-10-42_00-11-40_label_B6-0-0,True,,v=vhACO_m5pH0__#00-10-42_00-11-40_label_B6-0-0.mp4,B6-0-0,B6,car accident,0,2.0,2.291667,0.291667,v=vhACO_m5pH0__#00-10-42_00-11-40_label_B6-0-0__seg0000_2.000-2.292.wav,danger risk,1,clotho,a machine is running at a steady pace,-1.3345026969909668,,0.0331 | 0.0002 | 0.0002 | 0.0001 | 0.0,ok,
XD-Violence,v=vhACO_m5pH0__#00-10-42_00-11-40_label_B6-0-0,True,,v=vhACO_m5pH0__#00-10-42_00-11-40_label_B6-0-0.mp4,B6-0-0,B6,car accident,1,12.625,14.75,2.125,v=vhACO_m5pH0__#00-10-42_00-11-40_label_B6-0-0__seg0001_12.625-14.750.wav,danger risk,1,clotho,a man is speaking while a car is driving in the background,-1.0963730812072754,Speech,0.4312 | 0.0012 | 0.0 | 0.0001 | 0.0004,ok,
XD-Violence,v=vhACO_m5pH0__#00-10-42_00-11-40_label_B6-0-0,True,,v=vhACO_m5pH0__#00-10-42_00-11-40_label_B6-0-0.mp4,B6-0-0,B6,car accident,2,37.083333,42.666667,5.583333,v=vhACO_m5pH0__#00-10-42_00-11-40_label_B6-0-0__seg0002_37.083-42.667.wav,danger risk,1,clotho,a person is walking on a hard surface,-1.3452763557434082,Silence,0.0299 | 0.0015 | 0.0001 | 0.0002 | 0.0001,ok,
XD-Violence,v=vhACO_m5pH0__#00-14-42_00-15-40_label_B6-0-0,True,,v=vhACO_m5pH0__#00-14-42_00-15-40_label_B6-0-0.mp4,B6-0-0,B6,car accident,0,0.833333,5.833333,5.0,v=vhACO_m5pH0__#00-14-42_00-15-40_label_B6-0-0__seg0000_0.833-5.833.wav,danger risk,1,clotho,a man is speaking while a car is driving in the background,-1.1815730333328247,Speech | Music | Vehicle,0.7944 | 0.0004 | 0.0002 | 0.0012 | 0.001,ok,
XD-Violence,v=vhACO_m5pH0__#00-14-42_00-15-40_label_B6-0-0,True,,v=vhACO_m5pH0__#00-14-42_00-15-40_label_B6-0-0.mp4,B6-0-0,B6,car accident,1,19.166667,20.833333,1.666667,v=vhACO_m5pH0__#00-14-42_00-15-40_label_B6-0-0__seg0001_19.167-20.833.wav,danger risk,1,clotho,a beeping sound is being played with beeps in the background,-1.5394421815872192,Music,0.0966 | 0.0005 | 0.0002 | 0.0004 | 0.0,ok,
XD-Violence,v=vhACO_m5pH0__#00-14-42_00-15-40_label_B6-0-0,True,,v=vhACO_m5pH0__#00-14-42_00-15-40_label_B6-0-0.mp4,B6-0-0,B6,car accident,2,30.625,34.166667,3.541667,v=vhACO_m5pH0__#00-14-42_00-15-40_label_B6-0-0__seg0002_30.625-34.167.wav,danger risk,1,clotho,a person is playing a note on a keyboard,-1.2690160274505615,Silence,0.0253 | 0.0011 | 0.0001 | 0.0002 | 0.0001,ok,
XD-Violence,v=vhACO_m5pH0__#00-14-42_00-15-40_label_B6-0-0,True,,v=vhACO_m5pH0__#00-14-42_00-15-40_label_B6-0-0.mp4,B6-0-0,B6,car accident,3,40.416667,44.583333,4.166667,v=vhACO_m5pH0__#00-14-42_00-15-40_label_B6-0-0__seg0003_40.417-44.583.wav,danger risk,1,clotho,someone is opening and closing a heavy object,-1.461734414100647,Vehicle,0.0419 | 0.0009 | 0.0001 | 0.0001 | 0.0001,ok,
XD-Violence,v=vhACO_m5pH0__#00-14-42_00-15-40_label_B6-0-0,True,,v=vhACO_m5pH0__#00-14-42_00-15-40_label_B6-0-0.mp4,B6-0-0,B6,car accident,4,51.041667,52.75,1.708333,v=vhACO_m5pH0__#00-14-42_00-15-40_label_B6-0-0__seg0004_51.042-52.750.wav,danger risk,1,clotho,a beeping alarm beeps while people talk in the background,-1.1794466972351074,Speech,0.6194 | 0.0004 | 0.0001 | 0.0001 | 0.0001,ok,
XD-Violence,v=vhACO_m5pH0__#00-17-42_00-18-40_label_B6-0-0,True,,v=vhACO_m5pH0__#00-17-42_00-18-40_label_B6-0-0.mp4,B6-0-0,B6,car accident,0,0.0,1.875,1.875,v=vhACO_m5pH0__#00-17-42_00-18-40_label_B6-0-0__seg0000_0.000-1.875.wav,danger risk,1,clotho,a man is speaking while a child is talking in the background,-1.0692719221115112,Speech | Vehicle,0.5788 | 0.0028 | 0.0017 | 0.0062 | 0.0027,ok,
XD-Violence,v=vhACO_m5pH0__#00-17-42_00-18-40_label_B6-0-0,True,,v=vhACO_m5pH0__#00-17-42_00-18-40_label_B6-0-0.mp4,B6-0-0,B6,car accident,1,6.166667,9.083333,2.916667,v=vhACO_m5pH0__#00-17-42_00-18-40_label_B6-0-0__seg0001_6.167-9.083.wav,danger risk,1,clotho,a car alarm is sounding while a siren is blaring,-1.2005077600479126,Siren,0.0371 | 0.0002 | 0.0003 | 0.0008 | 0.0001,ok,
XD-Violence,v=vhACO_m5pH0__#00-17-42_00-18-40_label_B6-0-0,True,,v=vhACO_m5pH0__#00-17-42_00-18-40_label_B6-0-0.mp4,B6-0-0,B6,car accident,2,18.333333,20.25,1.916667,v=vhACO_m5pH0__#00-17-42_00-18-40_label_B6-0-0__seg0002_18.333-20.250.wav,danger risk,1,clotho,a person is playing a video game sound effects and a child screams,-1.7227801084518433,Music,0.0969 | 0.0009 | 0.0004 | 0.0007 | 0.0002,ok,
XD-Violence,v=vhACO_m5pH0__#00-17-42_00-18-40_label_B6-0-0,True,,v=vhACO_m5pH0__#00-17-42_00-18-40_label_B6-0-0.mp4,B6-0-0,B6,car accident,3,26.666667,29.583333,2.916667,v=vhACO_m5pH0__#00-17-42_00-18-40_label_B6-0-0__seg0003_26.667-29.583.wav,danger risk,1,clotho,a metal object is being hit against a hard surface,-1.2401361465454102,,0.0344 | 0.0 | 0.0 | 0.0001 | 0.0,ok,
XD-Violence,v=vhACO_m5pH0__#00-17-42_00-18-40_label_B6-0-0,True,,v=vhACO_m5pH0__#00-17-42_00-18-40_label_B6-0-0.mp4,B6-0-0,B6,car accident,4,35.833333,37.5,1.666667,v=vhACO_m5pH0__#00-17-42_00-18-40_label_B6-0-0__seg0004_35.833-37.500.wav,danger risk,1,clotho,a heavy object is being dragged across a hard surface,-1.509476900100708,,0.0485 | 0.0005 | 0.0001 | 0.0066 | 0.0,ok,
XD-Violence,v=vhACO_m5pH0__#00-17-42_00-18-40_label_B6-0-0,True,,v=vhACO_m5pH0__#00-17-42_00-18-40_label_B6-0-0.mp4,B6-0-0,B6,car accident,5,42.083333,44.166667,2.083333,v=vhACO_m5pH0__#00-17-42_00-18-40_label_B6-0-0__seg0005_42.083-44.167.wav,danger risk,1,clotho,a heavy object is being dragged across a hard surface,-1.2382729053497314,,0.0428 | 0.0003 | 0.0001 | 0.0028 | 0.0001,ok,
XD-Violence,v=vhACO_m5pH0__#00-17-42_00-18-40_label_B6-0-0,True,,v=vhACO_m5pH0__#00-17-42_00-18-40_label_B6-0-0.mp4,B6-0-0,B6,car accident,6,52.0,54.166667,2.166667,v=vhACO_m5pH0__#00-17-42_00-18-40_label_B6-0-0__seg0006_52.000-54.167.wav,danger risk,1,clotho,a beeping sound is followed by a beep and a car alarm going off,-1.2623580694198608,,0.0085 | 0.0001 | 0.0001 | 0.0001 | 0.0,ok,
XD-Violence,v=vhACO_m5pH0__#00-20-42_00-22-40_label_B6-0-0,True,,v=vhACO_m5pH0__#00-20-42_00-22-40_label_B6-0-0.mp4,B6-0-0,B6,car accident,0,1.25,5.416667,4.166667,v=vhACO_m5pH0__#00-20-42_00-22-40_label_B6-0-0__seg0000_1.250-5.417.wav,danger risk,1,clotho,a person is playing a note on a keyboard,-1.2900426387786863,Silence,0.0266 | 0.0013 | 0.0001 | 0.0002 | 0.0001,ok,
XD-Violence,v=vhACO_m5pH0__#00-20-42_00-22-40_label_B6-0-0,True,,v=vhACO_m5pH0__#00-20-42_00-22-40_label_B6-0-0.mp4,B6-0-0,B6,car accident,1,12.5,15.833333,3.333333,v=vhACO_m5pH0__#00-20-42_00-22-40_label_B6-0-0__seg0001_12.500-15.833.wav,danger risk,1,clotho,the wind is blowing and howling while a man is screaming,-1.578696608543396,Speech,0.4514 | 0.0017 | 0.0002 | 0.0008 | 0.0001,ok,
XD-Violence,v=vhACO_m5pH0__#00-20-42_00-22-40_label_B6-0-0,True,,v=vhACO_m5pH0__#00-20-42_00-22-40_label_B6-0-0.mp4,B6-0-0,B6,car accident,2,26.041667,28.333333,2.291667,v=vhACO_m5pH0__#00-20-42_00-22-40_label_B6-0-0__seg0002_26.042-28.333.wav,danger risk,1,clotho,a beeping sound is being played with a beep in the background,-1.2328110933303833,Music,0.0539 | 0.0006 | 0.0001 | 0.0003 | 0.0,ok,
XD-Violence,v=vhACO_m5pH0__#00-20-42_00-22-40_label_B6-0-0,True,,v=vhACO_m5pH0__#00-20-42_00-22-40_label_B6-0-0.mp4,B6-0-0,B6,car accident,3,34.583333,38.333333,3.75,v=vhACO_m5pH0__#00-20-42_00-22-40_label_B6-0-0__seg0003_34.583-38.333.wav,danger risk,1,clotho,a gun is fired and then a car drives by,-1.465624213218689,Breaking,0.033 | 0.0004 | 0.0002 | 0.0002 | 0.0001,ok,
XD-Violence,v=vhACO_m5pH0__#00-20-42_00-22-40_label_B6-0-0,True,,v=vhACO_m5pH0__#00-20-42_00-22-40_label_B6-0-0.mp4,B6-0-0,B6,car accident,4,42.291667,45.208333,2.916667,v=vhACO_m5pH0__#00-20-42_00-22-40_label_B6-0-0__seg0004_42.292-45.208.wav,danger risk,1,clotho,a car is being started up and the brakes are squealing,-1.5901473760604858,Vehicle,0.1376 | 0.0005 | 0.0007 | 0.0002 | 0.0002,ok,
XD-Violence,v=vhACO_m5pH0__#00-20-42_00-22-40_label_B6-0-0,True,,v=vhACO_m5pH0__#00-20-42_00-22-40_label_B6-0-0.mp4,B6-0-0,B6,car accident,5,56.083333,57.0,0.916667,v=vhACO_m5pH0__#00-20-42_00-22-40_label_B6-0-0__seg0005_56.083-57.000.wav,danger risk,1,clotho,a machine is running and then it is turned off,-1.2777419090270996,,0.1046 | 0.0005 | 0.0001 | 0.0002 | 0.0001,ok,
XD-Violence,v=vhACO_m5pH0__#00-20-42_00-22-40_label_B6-0-0,True,,v=vhACO_m5pH0__#00-20-42_00-22-40_label_B6-0-0.mp4,B6-0-0,B6,car accident,6,66.5,68.416667,1.916667,v=vhACO_m5pH0__#00-20-42_00-22-40_label_B6-0-0__seg0006_66.500-68.417.wav,danger risk,1,clotho,a person is screaming in a large room,-1.4479289054870603,,0.1433 | 0.0023 | 0.0003 | 0.0003 | 0.0006,ok,
XD-Violence,v=vhACO_m5pH0__#00-20-42_00-22-40_label_B6-0-0,True,,v=vhACO_m5pH0__#00-20-42_00-22-40_label_B6-0-0.mp4,B6-0-0,B6,car accident,7,75.833333,77.875,2.041667,v=vhACO_m5pH0__#00-20-42_00-22-40_label_B6-0-0__seg0007_75.833-77.875.wav,danger risk,1,clotho,a person is walking on a hard surface,-1.346111536026001,,0.0194 | 0.0008 | 0.0001 | 0.0 | 0.0,ok,
XD-Violence,v=vhACO_m5pH0__#00-20-42_00-22-40_label_B6-0-0,True,,v=vhACO_m5pH0__#00-20-42_00-22-40_label_B6-0-0.mp4,B6-0-0,B6,car accident,8,84.166667,87.5,3.333333,v=vhACO_m5pH0__#00-20-42_00-22-40_label_B6-0-0__seg0008_84.167-87.500.wav,danger risk,1,clotho,a large metal object is being thrown into a glass jar,-1.5924087762832642,Music | Boom | Shatter,0.0391 | 0.0007 | 0.0003 | 0.0004 | 0.0005,ok,
XD-Violence,v=vhACO_m5pH0__#00-20-42_00-22-40_label_B6-0-0,True,,v=vhACO_m5pH0__#00-20-42_00-22-40_label_B6-0-0.mp4,B6-0-0,B6,car accident,9,94.083333,97.708333,3.625,v=vhACO_m5pH0__#00-20-42_00-22-40_label_B6-0-0__seg0009_94.083-97.708.wav,danger risk,1,clotho,a person is playing a note on a keyboard,-1.2765798568725586,Silence,0.0261 | 0.001 | 0.0001 | 0.0002 | 0.0001,ok,
XD-Violence,v=vhACO_m5pH0__#00-20-42_00-22-40_label_B6-0-0,True,,v=vhACO_m5pH0__#00-20-42_00-22-40_label_B6-0-0.mp4,B6-0-0,B6,car accident,10,105.416667,106.666667,1.25,v=vhACO_m5pH0__#00-20-42_00-22-40_label_B6-0-0__seg0010_105.417-106.667.wav,danger risk,1,clotho,a large object is being thrown into a pile of metal,-1.635325312614441,"Music | Thump, thud",0.0278 | 0.0002 | 0.0004 | 0.0002 | 0.0001,ok,
XD-Violence,v=vhACO_m5pH0__#00-20-42_00-22-40_label_B6-0-0,True,,v=vhACO_m5pH0__#00-20-42_00-22-40_label_B6-0-0.mp4,B6-0-0,B6,car accident,11,111.25,114.541667,3.291667,v=vhACO_m5pH0__#00-20-42_00-22-40_label_B6-0-0__seg0011_111.250-114.542.wav,danger risk,1,clotho,a man is speaking while music is playing in the background,-0.9492335915565492,Speech | Music,0.4195 | 0.0044 | 0.0001 | 0.0001 | 0.0002,ok,
XD-Violence,v=vv-MFJPi4Qs__#1_label_G-0-0,True,,v=vv-MFJPi4Qs__#1_label_G-0-0.mp4,G-0-0,G,explosion,0,27.041667,28.333333,1.291667,v=vv-MFJPi4Qs__#1_label_G-0-0__seg0000_27.042-28.333.wav,danger risk,1,clotho,a machine gun is fired and then gunshots are firing,-2.1132662296295166,,0.2513 | 0.0005 | 0.0003 | 0.0007 | 0.0001,ok,
XD-Violence,v=w16YmhAZ1_Y__#1_label_G-0-0,True,,v=w16YmhAZ1_Y__#1_label_G-0-0.mp4,G-0-0,G,explosion,0,2.666667,13.125,10.458333,v=w16YmhAZ1_Y__#1_label_G-0-0__seg0000_2.667-13.125.wav,danger risk,1,clotho,fireworks are exploding in the distance while people are talking,-1.1243938207626345,Speech | Explosion,0.8163 | 0.003 | 0.001 | 0.0017 | 0.0007,ok,
XD-Violence,v=w2NgAYJHnS0__#1_label_G-0-0,True,,v=w2NgAYJHnS0__#1_label_G-0-0.mp4,G-0-0,G,explosion,0,2.083333,12.5,10.416667,v=w2NgAYJHnS0__#1_label_G-0-0__seg0000_2.083-12.500.wav,danger risk,1,clotho,a gun is fired and then it is shot several times,-1.4901446104049685,Explosion,0.0277 | 0.0001 | 0.0001 | 0.0007 | 0.0,ok,
XD-Violence,v=wG-2t0M8CPc__#1_label_B1-0-0,True,,v=wG-2t0M8CPc__#1_label_B1-0-0.mp4,B1-0-0,B1,fighting,0,32.541667,52.291667,19.75,v=wG-2t0M8CPc__#1_label_B1-0-0__seg0000_32.542-52.292.wav,danger risk,1,clotho,a crowd of people are cheering and yelling,-1.1386475563049316,Speech,0.8075 | 0.0237 | 0.0038 | 0.0024 | 0.0068,ok,
XD-Violence,v=wG-2t0M8CPc__#1_label_B1-0-0,True,,v=wG-2t0M8CPc__#1_label_B1-0-0.mp4,B1-0-0,B1,fighting,1,55.208333,70.833333,15.625,v=wG-2t0M8CPc__#1_label_B1-0-0__seg0001_55.208-70.833.wav,danger risk,1,clotho,a man is speaking and a crowd is cheering,-1.049096941947937,"Speech | Run | Outside, urban or manmade",0.8715 | 0.1593 | 0.0037 | 0.002 | 0.0046,ok,
XD-Violence,v=wPkBaI6vOv0__#00-00-00_00-01-00_label_G-0-0,True,,v=wPkBaI6vOv0__#00-00-00_00-01-00_label_G-0-0.mp4,G-0-0,G,explosion,0,1.041667,10.416667,9.375,v=wPkBaI6vOv0__#00-00-00_00-01-00_label_G-0-0__seg0000_1.042-10.417.wav,danger risk,1,clotho,a woman is speaking while a car alarm goes off,-1.1170684099197388,Speech,0.5915 | 0.0007 | 0.0004 | 0.0046 | 0.0005,ok,
XD-Violence,v=wPkBaI6vOv0__#00-00-00_00-01-00_label_G-0-0,True,,v=wPkBaI6vOv0__#00-00-00_00-01-00_label_G-0-0.mp4,G-0-0,G,explosion,1,19.5,22.083333,2.583333,v=wPkBaI6vOv0__#00-00-00_00-01-00_label_G-0-0__seg0001_19.500-22.083.wav,danger risk,1,clotho,a gun is fired and echoes in the distance,-1.0885899066925049,,0.0882 | 0.0004 | 0.0 | 0.0002 | 0.0,ok,
XD-Violence,v=wPkBaI6vOv0__#00-00-00_00-01-00_label_G-0-0,True,,v=wPkBaI6vOv0__#00-00-00_00-01-00_label_G-0-0.mp4,G-0-0,G,explosion,2,25.75,35.833333,10.083333,v=wPkBaI6vOv0__#00-00-00_00-01-00_label_G-0-0__seg0002_25.750-35.833.wav,danger risk,1,clotho,a train is passing by on the tracks and the wheels are squealing,-1.4029853343963623,,0.0117 | 0.0 | 0.0 | 0.0 | 0.0,ok,
XD-Violence,v=wPkBaI6vOv0__#00-00-00_00-01-00_label_G-0-0,True,,v=wPkBaI6vOv0__#00-00-00_00-01-00_label_G-0-0.mp4,G-0-0,G,explosion,3,56.25,59.791667,3.541667,v=wPkBaI6vOv0__#00-00-00_00-01-00_label_G-0-0__seg0003_56.250-59.792.wav,danger risk,1,clotho,people are laughing and screaming while they are shouting,-1.5500866174697876,Speech,0.6258 | 0.0026 | 0.0001 | 0.0014 | 0.0006,ok,
XD-Violence,v=wVey5JDRf_g__#00-00-00_00-01-20_label_B6-0-0,True,,v=wVey5JDRf_g__#00-00-00_00-01-20_label_B6-0-0.mp4,B6-0-0,B6,car accident,0,2.125,8.75,6.625,v=wVey5JDRf_g__#00-00-00_00-01-20_label_B6-0-0__seg0000_2.125-8.750.wav,danger risk,1,clotho,a large metal object is being dragged across a hard surface and people are talking,-1.2762750387191772,Speech | Music | Vehicle | Car,0.6176 | 0.0002 | 0.0002 | 0.0056 | 0.0,ok,
XD-Violence,v=wVey5JDRf_g__#00-00-00_00-01-20_label_B6-0-0,True,,v=wVey5JDRf_g__#00-00-00_00-01-20_label_B6-0-0.mp4,B6-0-0,B6,car accident,1,11.375,17.083333,5.708333,v=wVey5JDRf_g__#00-00-00_00-01-20_label_B6-0-0__seg0001_11.375-17.083.wav,danger risk,1,clotho,someone is opening and closing a drawer repeatedly,-1.2566407918930054,,0.0226 | 0.0003 | 0.0002 | 0.0004 | 0.0001,ok,
XD-Violence,v=wVey5JDRf_g__#00-00-00_00-01-20_label_B6-0-0,True,,v=wVey5JDRf_g__#00-00-00_00-01-20_label_B6-0-0.mp4,B6-0-0,B6,car accident,2,22.666667,30.0,7.333333,v=wVey5JDRf_g__#00-00-00_00-01-20_label_B6-0-0__seg0002_22.667-30.000.wav,danger risk,1,clotho,a train is passing by and people are talking,-1.3356683254241943,Speech | Music | Rail transport | Train | Slosh,0.8134 | 0.0013 | 0.0002 | 0.0064 | 0.0003,ok,
XD-Violence,v=wVey5JDRf_g__#00-00-00_00-01-20_label_B6-0-0,True,,v=wVey5JDRf_g__#00-00-00_00-01-20_label_B6-0-0.mp4,B6-0-0,B6,car accident,3,34.5,40.416667,5.916667,v=wVey5JDRf_g__#00-00-00_00-01-20_label_B6-0-0__seg0003_34.500-40.417.wav,danger risk,1,clotho,a gun is being fired and then a man is speaking,-1.536264419555664,,0.1797 | 0.0004 | 0.0003 | 0.0002 | 0.0001,ok,
XD-Violence,v=wVey5JDRf_g__#00-00-00_00-01-20_label_B6-0-0,True,,v=wVey5JDRf_g__#00-00-00_00-01-20_label_B6-0-0.mp4,B6-0-0,B6,car accident,4,47.291667,52.916667,5.625,v=wVey5JDRf_g__#00-00-00_00-01-20_label_B6-0-0__seg0004_47.292-52.917.wav,danger risk,1,clotho,people are talking and moving around in a large room,-1.1347593069076538,Speech | Music,0.7454 | 0.0028 | 0.0021 | 0.0028 | 0.001,ok,
XD-Violence,v=wVey5JDRf_g__#00-00-00_00-01-20_label_B6-0-0,True,,v=wVey5JDRf_g__#00-00-00_00-01-20_label_B6-0-0.mp4,B6-0-0,B6,car accident,5,58.875,62.5,3.625,v=wVey5JDRf_g__#00-00-00_00-01-20_label_B6-0-0__seg0005_58.875-62.500.wav,danger risk,1,clotho,a man is speaking while a car is driving in the background,-1.0353819131851196,Speech,0.5538 | 0.0122 | 0.0006 | 0.0003 | 0.002,ok,
XD-Violence,v=wVey5JDRf_g__#00-00-00_00-01-20_label_B6-0-0,True,,v=wVey5JDRf_g__#00-00-00_00-01-20_label_B6-0-0.mp4,B6-0-0,B6,car accident,6,67.416667,71.25,3.833333,v=wVey5JDRf_g__#00-00-00_00-01-20_label_B6-0-0__seg0006_67.417-71.250.wav,danger risk,1,clotho,a man is speaking while a car is driving in the background,-1.0079638957977295,Speech | Music | Vehicle,0.8022 | 0.0047 | 0.0001 | 0.0006 | 0.0013,ok,
XD-Violence,v=wVey5JDRf_g__#00-00-00_00-01-20_label_B6-0-0,True,,v=wVey5JDRf_g__#00-00-00_00-01-20_label_B6-0-0.mp4,B6-0-0,B6,car accident,7,75.916667,80.0,4.083333,v=wVey5JDRf_g__#00-00-00_00-01-20_label_B6-0-0__seg0007_75.917-80.000.wav,danger risk,1,clotho,a machine is running and a metal object is being moved across a hard surface,-1.269260287284851,Speech | Breaking,0.6626 | 0.0008 | 0.0001 | 0.0011 | 0.0001,ok,
XD-Violence,v=wVey5JDRf_g__#00-01-30_00-02-41_label_B6-0-0,True,,v=wVey5JDRf_g__#00-01-30_00-02-41_label_B6-0-0.mp4,B6-0-0,B6,car accident,0,5.916667,12.333333,6.416667,v=wVey5JDRf_g__#00-01-30_00-02-41_label_B6-0-0__seg0000_5.917-12.333.wav,danger risk,1,clotho,a car engine revs and drives away at a steady pace,-1.3120626211166382,Vehicle,0.0236 | 0.0003 | 0.0005 | 0.0001 | 0.0005,ok,
XD-Violence,v=wVey5JDRf_g__#00-01-30_00-02-41_label_B6-0-0,True,,v=wVey5JDRf_g__#00-01-30_00-02-41_label_B6-0-0.mp4,B6-0-0,B6,car accident,1,18.625,21.166667,2.541667,v=wVey5JDRf_g__#00-01-30_00-02-41_label_B6-0-0__seg0001_18.625-21.167.wav,danger risk,1,clotho,windshield wipers are operating and people are talking in the background,-1.168634057044983,Speech | Explosion,0.5081 | 0.0005 | 0.0001 | 0.0001 | 0.0002,ok,
XD-Violence,v=wVey5JDRf_g__#00-01-30_00-02-41_label_B6-0-0,True,,v=wVey5JDRf_g__#00-01-30_00-02-41_label_B6-0-0.mp4,B6-0-0,B6,car accident,2,25.25,29.583333,4.333333,v=wVey5JDRf_g__#00-01-30_00-02-41_label_B6-0-0__seg0002_25.250-29.583.wav,danger risk,1,clotho,a person is singing a song in the background,-1.501713514328003,Female singing | Music,0.042 | 0.0007 | 0.0006 | 0.0 | 0.0003,ok,
XD-Violence,v=wVey5JDRf_g__#00-01-30_00-02-41_label_B6-0-0,True,,v=wVey5JDRf_g__#00-01-30_00-02-41_label_B6-0-0.mp4,B6-0-0,B6,car accident,3,33.333333,36.25,2.916667,v=wVey5JDRf_g__#00-01-30_00-02-41_label_B6-0-0__seg0003_33.333-36.250.wav,danger risk,1,clotho,a large metal object is being hit against another hard surface,-1.3052480220794678,,0.0186 | 0.0003 | 0.0001 | 0.0001 | 0.0,ok,
XD-Violence,v=wVey5JDRf_g__#00-01-30_00-02-41_label_B6-0-0,True,,v=wVey5JDRf_g__#00-01-30_00-02-41_label_B6-0-0.mp4,B6-0-0,B6,car accident,4,41.666667,49.375,7.708333,v=wVey5JDRf_g__#00-01-30_00-02-41_label_B6-0-0__seg0004_41.667-49.375.wav,danger risk,1,clotho,a gun is being fired in the background while a man is speaking,-1.3400657176971436,,0.071 | 0.0003 | 0.0 | 0.0002 | 0.0,ok,
XD-Violence,v=wVey5JDRf_g__#00-01-30_00-02-41_label_B6-0-0,True,,v=wVey5JDRf_g__#00-01-30_00-02-41_label_B6-0-0.mp4,B6-0-0,B6,car accident,5,58.916667,64.583333,5.666667,v=wVey5JDRf_g__#00-01-30_00-02-41_label_B6-0-0__seg0005_58.917-64.583.wav,danger risk,1,clotho,a car is driving on the road with a loud engine,-1.4307562112808228,Music | Vehicle,0.0272 | 0.0004 | 0.0 | 0.0004 | 0.0001,ok,
XD-Violence,v=wVey5JDRf_g__#00-01-30_00-02-41_label_B6-0-0,True,,v=wVey5JDRf_g__#00-01-30_00-02-41_label_B6-0-0.mp4,B6-0-0,B6,car accident,6,68.125,70.833333,2.708333,v=wVey5JDRf_g__#00-01-30_00-02-41_label_B6-0-0__seg0006_68.125-70.833.wav,danger risk,1,clotho,a man is speaking and then a gun is fired,-1.2798253297805786,Speech,0.3203 | 0.0003 | 0.0002 | 0.0002 | 0.0006,ok,
XD-Violence,v=wVey5JDRf_g__#00-04-09_00-05-06_label_B6-0-0,True,,v=wVey5JDRf_g__#00-04-09_00-05-06_label_B6-0-0.mp4,B6-0-0,B6,car accident,0,3.541667,8.333333,4.791667,v=wVey5JDRf_g__#00-04-09_00-05-06_label_B6-0-0__seg0000_3.542-8.333.wav,danger risk,1,clotho,a loud whooshing occurs followed by a low rumble and a bird chirping,-1.6795488595962524,,0.0379 | 0.0002 | 0.0001 | 0.0003 | 0.0,ok,
XD-Violence,v=wVey5JDRf_g__#00-04-09_00-05-06_label_B6-0-0,True,,v=wVey5JDRf_g__#00-04-09_00-05-06_label_B6-0-0.mp4,B6-0-0,B6,car accident,1,14.666667,18.25,3.583333,v=wVey5JDRf_g__#00-04-09_00-05-06_label_B6-0-0__seg0001_14.667-18.250.wav,danger risk,1,clotho,a man is speaking and then a gun is fired,-1.234829306602478,"Speech | Explosion | Burst, pop",0.7955 | 0.0006 | 0.0017 | 0.0004 | 0.0017,ok,
XD-Violence,v=wVey5JDRf_g__#00-04-09_00-05-06_label_B6-0-0,True,,v=wVey5JDRf_g__#00-04-09_00-05-06_label_B6-0-0.mp4,B6-0-0,B6,car accident,2,22.791667,28.75,5.958333,v=wVey5JDRf_g__#00-04-09_00-05-06_label_B6-0-0__seg0002_22.792-28.750.wav,danger risk,1,clotho,a car is driving on the road with the windshield wipers going back and forth,-1.183813214302063,Speech | Vehicle,0.3723 | 0.001 | 0.0004 | 0.0006 | 0.0001,ok,
XD-Violence,v=wVey5JDRf_g__#00-04-09_00-05-06_label_B6-0-0,True,,v=wVey5JDRf_g__#00-04-09_00-05-06_label_B6-0-0.mp4,B6-0-0,B6,car accident,3,32.375,34.708333,2.333333,v=wVey5JDRf_g__#00-04-09_00-05-06_label_B6-0-0__seg0003_32.375-34.708.wav,danger risk,1,clotho,a car door is being opened and closed,-1.263088583946228,Vehicle,0.1202 | 0.0003 | 0.0001 | 0.0005 | 0.0,ok,
XD-Violence,v=wVey5JDRf_g__#00-04-09_00-05-06_label_B6-0-0,True,,v=wVey5JDRf_g__#00-04-09_00-05-06_label_B6-0-0.mp4,B6-0-0,B6,car accident,4,38.25,39.666667,1.416667,v=wVey5JDRf_g__#00-04-09_00-05-06_label_B6-0-0__seg0004_38.250-39.667.wav,danger risk,1,clotho,a car door is being opened and closed repeatedly,-1.1806929111480713,Vehicle | Car | Skidding,0.0541 | 0.0002 | 0.0002 | 0.0001 | 0.0001,ok,
XD-Violence,v=wVey5JDRf_g__#00-04-09_00-05-06_label_B6-0-0,True,,v=wVey5JDRf_g__#00-04-09_00-05-06_label_B6-0-0.mp4,B6-0-0,B6,car accident,5,43.958333,48.75,4.791667,v=wVey5JDRf_g__#00-04-09_00-05-06_label_B6-0-0__seg0005_43.958-48.750.wav,danger risk,1,clotho,a man is speaking while a car is driving by,-1.1437151432037354,Speech | Vehicle,0.7375 | 0.0007 | 0.0001 | 0.0007 | 0.0002,ok,
XD-Violence,v=wVey5JDRf_g__#00-04-09_00-05-06_label_B6-0-0,True,,v=wVey5JDRf_g__#00-04-09_00-05-06_label_B6-0-0.mp4,B6-0-0,B6,car accident,6,54.75,56.875,2.125,v=wVey5JDRf_g__#00-04-09_00-05-06_label_B6-0-0__seg0006_54.750-56.875.wav,danger risk,1,clotho,a car door is being opened and closed,-1.2250741720199585,,0.0321 | 0.0 | 0.0 | 0.0003 | 0.0,ok,
XD-Violence,v=waIS8TaJxts__#00-00-00_00-00-51_label_B6-0-0,True,,v=waIS8TaJxts__#00-00-00_00-00-51_label_B6-0-0.mp4,B6-0-0,B6,car accident,0,20.416667,26.041667,5.625,v=waIS8TaJxts__#00-00-00_00-00-51_label_B6-0-0__seg0000_20.417-26.042.wav,danger risk,1,clotho,a car is driving on a bumpy road with the windshield wipers going back and,-1.3974053859710691,Vehicle | Bicycle,0.1154 | 0.0004 | 0.0001 | 0.0014 | 0.0001,ok,
XD-Violence,v=waIS8TaJxts__#00-00-00_00-00-51_label_B6-0-0,True,,v=waIS8TaJxts__#00-00-00_00-00-51_label_B6-0-0.mp4,B6-0-0,B6,car accident,1,41.25,44.791667,3.541667,v=waIS8TaJxts__#00-00-00_00-00-51_label_B6-0-0__seg0001_41.250-44.792.wav,danger risk,1,clotho,a person is playing a note on a keyboard,-1.2690160274505615,Silence,0.0253 | 0.0011 | 0.0001 | 0.0002 | 0.0001,ok,
XD-Violence,v=waIS8TaJxts__#00-00-00_00-00-51_label_B6-0-0,True,,v=waIS8TaJxts__#00-00-00_00-00-51_label_B6-0-0.mp4,B6-0-0,B6,car accident,2,46.375,50.833333,4.458333,v=waIS8TaJxts__#00-00-00_00-00-51_label_B6-0-0__seg0002_46.375-50.833.wav,danger risk,1,clotho,a person is using a wrench on a piece of paper,-1.105542540550232,Silence,0.0262 | 0.0013 | 0.0001 | 0.0002 | 0.0001,ok,
XD-Violence,v=waIS8TaJxts__#00-01-30_00-02-45_label_B6-0-0,True,,v=waIS8TaJxts__#00-01-30_00-02-45_label_B6-0-0.mp4,B6-0-0,B6,car accident,0,7.875,10.625,2.75,v=waIS8TaJxts__#00-01-30_00-02-45_label_B6-0-0__seg0000_7.875-10.625.wav,danger risk,1,clotho,an airplane is flying overhead and its engine is whirring in the distance,-1.282313346862793,Music,0.0341 | 0.0005 | 0.0001 | 0.0004 | 0.0001,ok,
XD-Violence,v=waIS8TaJxts__#00-01-30_00-02-45_label_B6-0-0,True,,v=waIS8TaJxts__#00-01-30_00-02-45_label_B6-0-0.mp4,B6-0-0,B6,car accident,1,47.708333,75.0,27.291667,v=waIS8TaJxts__#00-01-30_00-02-45_label_B6-0-0__seg0001_47.708-75.000.wav,danger risk,1,clotho,a car engine revs and tires squeal as a man speaks,-1.365694522857666,"Speech | Vehicle | Car | Skidding | Race car, auto racing",0.7774 | 0.0005 | 0.0001 | 0.0006 | 0.0002,ok,
XD-Violence,v=waIS8TaJxts__#00-05-50_00-06-20_label_B6-0-0,True,,v=waIS8TaJxts__#00-05-50_00-06-20_label_B6-0-0.mp4,B6-0-0,B6,car accident,0,11.875,22.333333,10.458333,v=waIS8TaJxts__#00-05-50_00-06-20_label_B6-0-0__seg0000_11.875-22.333.wav,danger risk,1,clotho,a car is being revved up and the tires squeal again,-1.4822596311569214,Vehicle | Car | Skidding,0.068 | 0.0004 | 0.0003 | 0.0003 | 0.0001,ok,
XD-Violence,v=waIS8TaJxts__#00-07-40_00-08-50_label_B6-0-0,True,,v=waIS8TaJxts__#00-07-40_00-08-50_label_B6-0-0.mp4,B6-0-0,B6,car accident,0,13.708333,15.625,1.916667,v=waIS8TaJxts__#00-07-40_00-08-50_label_B6-0-0__seg0000_13.708-15.625.wav,danger risk,1,clotho,a man is speaking while music is playing in the background,-0.9200900197029114,Music,0.0529 | 0.0023 | 0.0004 | 0.0001 | 0.0003,ok,
XD-Violence,v=waIS8TaJxts__#00-07-40_00-08-50_label_B6-0-0,True,,v=waIS8TaJxts__#00-07-40_00-08-50_label_B6-0-0.mp4,B6-0-0,B6,car accident,1,30.166667,38.333333,8.166667,v=waIS8TaJxts__#00-07-40_00-08-50_label_B6-0-0__seg0001_30.167-38.333.wav,danger risk,1,clotho,a person is walking on a hard surface,-1.350423812866211,Silence,0.0318 | 0.0018 | 0.0002 | 0.0003 | 0.0001,ok,
XD-Violence,v=waIS8TaJxts__#00-07-40_00-08-50_label_B6-0-0,True,,v=waIS8TaJxts__#00-07-40_00-08-50_label_B6-0-0.mp4,B6-0-0,B6,car accident,2,53.166667,60.833333,7.666667,v=waIS8TaJxts__#00-07-40_00-08-50_label_B6-0-0__seg0002_53.167-60.833.wav,danger risk,1,clotho,a man is speaking while cars are driving by in the background,-0.9188111424446106,Speech | Music | Vehicle | Car,0.8137 | 0.0009 | 0.0001 | 0.0006 | 0.0006,ok,
XD-Violence,v=waIS8TaJxts__#00-09-00_00-10-45_label_B6-0-0,True,,v=waIS8TaJxts__#00-09-00_00-10-45_label_B6-0-0.mp4,B6-0-0,B6,car accident,0,10.708333,22.5,11.791667,v=waIS8TaJxts__#00-09-00_00-10-45_label_B6-0-0__seg0000_10.708-22.500.wav,danger risk,1,clotho,a person is walking on a hard surface,-1.356757640838623,Silence,0.0302 | 0.0019 | 0.0002 | 0.0003 | 0.0001,ok,
XD-Violence,v=waIS8TaJxts__#00-09-00_00-10-45_label_B6-0-0,True,,v=waIS8TaJxts__#00-09-00_00-10-45_label_B6-0-0.mp4,B6-0-0,B6,car accident,1,45.083333,51.875,6.791667,v=waIS8TaJxts__#00-09-00_00-10-45_label_B6-0-0__seg0001_45.083-51.875.wav,danger risk,1,clotho,a person is walking on a hard surface,-1.3470520973205566,Silence,0.0302 | 0.0016 | 0.0001 | 0.0003 | 0.0001,ok,
XD-Violence,v=waIS8TaJxts__#00-09-00_00-10-45_label_B6-0-0,True,,v=waIS8TaJxts__#00-09-00_00-10-45_label_B6-0-0.mp4,B6-0-0,B6,car accident,2,61.166667,75.208333,14.041667,v=waIS8TaJxts__#00-09-00_00-10-45_label_B6-0-0__seg0002_61.167-75.208.wav,danger risk,1,clotho,a man is speaking over a loud speaker over a loudspeaker,-1.1448920965194702,Speech | Vehicle,0.8373 | 0.0111 | 0.0036 | 0.0001 | 0.0248,ok,
XD-Violence,v=waIS8TaJxts__#00-09-00_00-10-45_label_B6-0-0,True,,v=waIS8TaJxts__#00-09-00_00-10-45_label_B6-0-0.mp4,B6-0-0,B6,car accident,3,95.958333,103.75,7.791667,v=waIS8TaJxts__#00-09-00_00-10-45_label_B6-0-0__seg0003_95.958-103.750.wav,danger risk,1,clotho,a person is walking on a hard surface,-1.3489222526550293,Silence,0.0311 | 0.0017 | 0.0001 | 0.0003 | 0.0001,ok,
XD-Violence,v=wnd3IYH7x1o__#1_label_G-0-0,True,,v=wnd3IYH7x1o__#1_label_G-0-0.mp4,G-0-0,G,explosion,0,10.833333,18.333333,7.5,v=wnd3IYH7x1o__#1_label_G-0-0__seg0000_10.833-18.333.wav,danger risk,1,clotho,a loud whooshing occurs followed by a low rumble of thunder,-1.4136953353881836,Explosion | Artillery fire,0.0555 | 0.0001 | 0.0 | 0.0003 | 0.0,ok,
XD-Violence,v=wnd3IYH7x1o__#1_label_G-0-0,True,,v=wnd3IYH7x1o__#1_label_G-0-0.mp4,G-0-0,G,explosion,1,31.083333,41.666667,10.583333,v=wnd3IYH7x1o__#1_label_G-0-0__seg0001_31.083-41.667.wav,danger risk,1,clotho,a jet airliner approaches and then passes off,-1.49965500831604,Explosion,0.0393 | 0.0 | 0.0 | 0.0004 | 0.0,ok,
XD-Violence,v=xbPWQKZspfU__#1_label_B1-0-0,True,,v=xbPWQKZspfU__#1_label_B1-0-0.mp4,B1-0-0,B1,fighting,0,14.833333,50.0,35.166667,v=xbPWQKZspfU__#1_label_B1-0-0__seg0000_14.833-50.000.wav,danger risk,1,clotho,a crowd of people are cheering and yelling,-1.1443750858306885,Speech | Music | Basketball bounce,0.7576 | 0.0138 | 0.0005 | 0.0006 | 0.0036,ok,
XD-Violence,v=xbPWQKZspfU__#1_label_B1-0-0,True,,v=xbPWQKZspfU__#1_label_B1-0-0.mp4,B1-0-0,B1,fighting,1,112.875,147.666667,34.791667,v=xbPWQKZspfU__#1_label_B1-0-0__seg0001_112.875-147.667.wav,danger risk,1,clotho,a crowd of people are talking and cheering while music plays in the background,-0.9478816390037536,Speech | Music | Basketball bounce,0.6929 | 0.0131 | 0.0006 | 0.0011 | 0.0025,ok,
XD-Violence,v=xbPWQKZspfU__#1_label_B1-0-0,True,,v=xbPWQKZspfU__#1_label_B1-0-0.mp4,B1-0-0,B1,fighting,2,163.625,199.25,35.625,v=xbPWQKZspfU__#1_label_B1-0-0__seg0002_163.625-199.250.wav,danger risk,1,clotho,a crowd of people are talking and cheering while music plays in the background,-1.0009719133377075,Speech | Music | Basketball bounce,0.5867 | 0.0063 | 0.0002 | 0.0012 | 0.0003,ok,
XD-Violence,v=xe4ee56aHSg__#1_label_G-0-0,True,,v=xe4ee56aHSg__#1_label_G-0-0.mp4,G-0-0,G,explosion,0,11.25,22.125,10.875,v=xe4ee56aHSg__#1_label_G-0-0__seg0000_11.250-22.125.wav,danger risk,1,clotho,a man is speaking and a person is shouting in the background,-1.215798020362854,Speech,0.8746 | 0.0954 | 0.0031 | 0.0057 | 0.0351,ok,
XD-Violence,v=y1z12D5bx7c__#1_label_B4-0-0,True,,v=y1z12D5bx7c__#1_label_B4-0-0.mp4,B4-0-0,B4,riot,0,0.0,60.0,60.0,v=y1z12D5bx7c__#1_label_B4-0-0__seg0000_0.000-60.000.wav,danger risk,1,clotho,people are talking while a siren is going off in the distance,-0.9913005828857422,Speech,0.7593 | 0.0042 | 0.0002 | 0.0007 | 0.0007,ok,
XD-Violence,v=y1z12D5bx7c__#1_label_B4-0-0,True,,v=y1z12D5bx7c__#1_label_B4-0-0.mp4,B4-0-0,B4,riot,1,60.0,120.0,60.0,v=y1z12D5bx7c__#1_label_B4-0-0__seg0001_60.000-120.000.wav,danger risk,1,clotho,a crowd of people are cheering and yelling while a car drives by,-1.174138426780701,Speech,0.8559 | 0.0024 | 0.0003 | 0.0003 | 0.0008,ok,
XD-Violence,v=y1z12D5bx7c__#1_label_B4-0-0,True,,v=y1z12D5bx7c__#1_label_B4-0-0.mp4,B4-0-0,B4,riot,2,120.0,180.0,60.0,v=y1z12D5bx7c__#1_label_B4-0-0__seg0002_120.000-180.000.wav,danger risk,1,clotho,a group of people are talking and a horn is blown,-1.2628463506698608,"Speech | Outside, urban or manmade",0.7905 | 0.0079 | 0.0005 | 0.0009 | 0.0027,ok,
XD-Violence,v=y1z12D5bx7c__#1_label_B4-0-0,True,,v=y1z12D5bx7c__#1_label_B4-0-0.mp4,B4-0-0,B4,riot,3,180.0,201.958333,21.958333,v=y1z12D5bx7c__#1_label_B4-0-0__seg0003_180.000-201.958.wav,danger risk,1,clotho,people are talking while a siren goes off in the distance,-0.7754395604133606,Speech | Vehicle | Emergency vehicle | Ambulance (siren) | Siren,0.633 | 0.0063 | 0.0002 | 0.0006 | 0.0005,ok,
XD-Violence,v=yDqThVpu1AM__#1_label_B4-0-0,True,,v=yDqThVpu1AM__#1_label_B4-0-0.mp4,B4-0-0,B4,riot,0,0.0,30.958333,30.958333,v=yDqThVpu1AM__#1_label_B4-0-0__seg0000_0.000-30.958.wav,danger risk,1,clotho,a crowd of people are clapping and cheering,-1.4030743837356567,Music | Chop,0.1576 | 0.0006 | 0.0001 | 0.0002 | 0.0001,ok,
XD-Violence,v=yrpZJ8Vr3aA__#1_label_B1-0-0,True,,v=yrpZJ8Vr3aA__#1_label_B1-0-0.mp4,B1-0-0,B1,fighting,0,5.0,52.916667,47.916667,v=yrpZJ8Vr3aA__#1_label_B1-0-0__seg0000_5.000-52.917.wav,danger risk,1,clotho,a crowd of people are talking and cheering,-1.1184687614440918,Speech | Basketball bounce,0.6762 | 0.0022 | 0.0004 | 0.0009 | 0.0012,ok,
XD-Violence,v=yrpZJ8Vr3aA__#1_label_B1-0-0,True,,v=yrpZJ8Vr3aA__#1_label_B1-0-0.mp4,B1-0-0,B1,fighting,1,90.833333,98.0,7.166667,v=yrpZJ8Vr3aA__#1_label_B1-0-0__seg0001_90.833-98.000.wav,danger risk,1,clotho,a crowd of people are talking and cheering,-1.1021784543991089,Speech | Basketball bounce,0.6279 | 0.0025 | 0.0002 | 0.0007 | 0.0019,ok,
XD-Violence,v=yvnj5VIDsNI__#1_label_B4-0-0,True,,v=yvnj5VIDsNI__#1_label_B4-0-0.mp4,B4-0-0,B4,riot,0,0.0,49.875,49.875,v=yvnj5VIDsNI__#1_label_B4-0-0__seg0000_0.000-49.875.wav,danger risk,1,clotho,a woman is speaking and then a gun is fired,-1.0720139741897583,Speech | Firecracker,0.8496 | 0.0033 | 0.0139 | 0.0031 | 0.0026,ok,
XD-Violence,v=yvnj5VIDsNI__#1_label_B4-0-0,True,,v=yvnj5VIDsNI__#1_label_B4-0-0.mp4,B4-0-0,B4,riot,1,145.666667,154.583333,8.916667,v=yvnj5VIDsNI__#1_label_B4-0-0__seg0001_145.667-154.583.wav,danger risk,1,clotho,a woman is giving a speech and then a man is speaking,-1.244020938873291,Speech,0.8176 | 0.0214 | 0.2841 | 0.0009 | 0.2394,ok,
XD-Violence,v=yvnj5VIDsNI__#1_label_B4-0-0,True,,v=yvnj5VIDsNI__#1_label_B4-0-0.mp4,B4-0-0,B4,riot,2,156.875,162.916667,6.041667,v=yvnj5VIDsNI__#1_label_B4-0-0__seg0002_156.875-162.917.wav,danger risk,1,clotho,a woman is speaking and then a man is giving a speech,-0.954644501209259,Speech,0.7873 | 0.0147 | 0.1547 | 0.0019 | 0.2733,ok,
XD-Violence,v=yy-KIWDcBr4__#00-08-35_00-10-25_label_B6-0-0,True,,v=yy-KIWDcBr4__#00-08-35_00-10-25_label_B6-0-0.mp4,B6-0-0,B6,car accident,0,0.0,7.791667,7.791667,v=yy-KIWDcBr4__#00-08-35_00-10-25_label_B6-0-0__seg0000_0.000-7.792.wav,danger risk,1,clotho,a man is speaking while cars drive by in the background,-0.9544677138328552,"Speech | Music | Vehicle | Car | Traffic noise, roadway noise",0.8601 | 0.0004 | 0.0003 | 0.0012 | 0.0003,ok,
XD-Violence,v=yy-KIWDcBr4__#00-08-35_00-10-25_label_B6-0-0,True,,v=yy-KIWDcBr4__#00-08-35_00-10-25_label_B6-0-0.mp4,B6-0-0,B6,car accident,1,11.25,15.0,3.75,v=yy-KIWDcBr4__#00-08-35_00-10-25_label_B6-0-0__seg0001_11.250-15.000.wav,danger risk,1,clotho,a man is shouting while a car drives by and a child speaks,-1.411369562149048,Speech | Vehicle | Car,0.8574 | 0.0011 | 0.0005 | 0.0038 | 0.0001,ok,
XD-Violence,v=yy-KIWDcBr4__#00-08-35_00-10-25_label_B6-0-0,True,,v=yy-KIWDcBr4__#00-08-35_00-10-25_label_B6-0-0.mp4,B6-0-0,B6,car accident,2,35.5,38.75,3.25,v=yy-KIWDcBr4__#00-08-35_00-10-25_label_B6-0-0__seg0002_35.500-38.750.wav,danger risk,1,clotho,a person is playing a note on a keyboard,-1.261862874031067,Silence,0.0247 | 0.001 | 0.0001 | 0.0002 | 0.0,ok,
XD-Violence,v=yy-KIWDcBr4__#00-08-35_00-10-25_label_B6-0-0,True,,v=yy-KIWDcBr4__#00-08-35_00-10-25_label_B6-0-0.mp4,B6-0-0,B6,car accident,3,48.125,51.25,3.125,v=yy-KIWDcBr4__#00-08-35_00-10-25_label_B6-0-0__seg0003_48.125-51.250.wav,danger risk,1,clotho,a musical instrument is playing a song with varying pitches,-1.169047474861145,Music | Ambient music | New-age music,0.012 | 0.0002 | 0.0001 | 0.0003 | 0.0,ok,
XD-Violence,v=yy-KIWDcBr4__#00-08-35_00-10-25_label_B6-0-0,True,,v=yy-KIWDcBr4__#00-08-35_00-10-25_label_B6-0-0.mp4,B6-0-0,B6,car accident,4,62.541667,64.833333,2.291667,v=yy-KIWDcBr4__#00-08-35_00-10-25_label_B6-0-0__seg0004_62.542-64.833.wav,danger risk,1,clotho,a beeping sound is being played with a high pitched beep,-1.3834511041641235,"Beep, bleep",0.0366 | 0.0007 | 0.0002 | 0.0002 | 0.0,ok,
XD-Violence,v=yy-KIWDcBr4__#00-08-35_00-10-25_label_B6-0-0,True,,v=yy-KIWDcBr4__#00-08-35_00-10-25_label_B6-0-0.mp4,B6-0-0,B6,car accident,5,87.5,91.666667,4.166667,v=yy-KIWDcBr4__#00-08-35_00-10-25_label_B6-0-0__seg0005_87.500-91.667.wav,danger risk,1,clotho,a man is laughing and talking while another person is coughing in the background,-1.1003941297531128,Speech | Vehicle,0.8689 | 0.004 | 0.0007 | 0.001 | 0.0002,ok,
XD-Violence,v=yy-KIWDcBr4__#00-16-10_00-17-19_label_B6-0-0,True,,v=yy-KIWDcBr4__#00-16-10_00-17-19_label_B6-0-0.mp4,B6-0-0,B6,car accident,0,0.0,3.75,3.75,v=yy-KIWDcBr4__#00-16-10_00-17-19_label_B6-0-0__seg0000_0.000-3.750.wav,danger risk,1,clotho,the wind is blowing and a man is speaking,-1.2670868635177612,"Speech | Male speech, man speaking",0.4703 | 0.388 | 0.0033 | 0.0008 | 0.0042,ok,
XD-Violence,v=yy-KIWDcBr4__#00-16-10_00-17-19_label_B6-0-0,True,,v=yy-KIWDcBr4__#00-16-10_00-17-19_label_B6-0-0.mp4,B6-0-0,B6,car accident,1,14.583333,17.666667,3.083333,v=yy-KIWDcBr4__#00-16-10_00-17-19_label_B6-0-0__seg0001_14.583-17.667.wav,danger risk,1,clotho,a car is breaking up and down the gravel,-1.8887799978256223,,0.0687 | 0.0002 | 0.0002 | 0.0001 | 0.0001,ok,
XD-Violence,v=yy-KIWDcBr4__#00-16-10_00-17-19_label_B6-0-0,True,,v=yy-KIWDcBr4__#00-16-10_00-17-19_label_B6-0-0.mp4,B6-0-0,B6,car accident,2,21.416667,22.916667,1.5,v=yy-KIWDcBr4__#00-16-10_00-17-19_label_B6-0-0__seg0002_21.417-22.917.wav,danger risk,1,clotho,a man is speaking while a loud wind is blowing,-1.200242280960083,Speech | Music,0.7036 | 0.0012 | 0.0002 | 0.0003 | 0.0001,ok,
XD-Violence,v=yy-KIWDcBr4__#00-16-10_00-17-19_label_B6-0-0,True,,v=yy-KIWDcBr4__#00-16-10_00-17-19_label_B6-0-0.mp4,B6-0-0,B6,car accident,3,35.666667,39.833333,4.166667,v=yy-KIWDcBr4__#00-16-10_00-17-19_label_B6-0-0__seg0003_35.667-39.833.wav,danger risk,1,clotho,windshield wipers are going off and off while people are talking in the background,-1.228710651397705,Speech,0.5214 | 0.0004 | 0.0 | 0.0002 | 0.0002,ok,
XD-Violence,v=yy-KIWDcBr4__#00-16-10_00-17-19_label_B6-0-0,True,,v=yy-KIWDcBr4__#00-16-10_00-17-19_label_B6-0-0.mp4,B6-0-0,B6,car accident,4,43.333333,45.958333,2.625,v=yy-KIWDcBr4__#00-16-10_00-17-19_label_B6-0-0__seg0004_43.333-45.958.wav,danger risk,1,clotho,a man is speaking while music plays in the background,-0.8631696701049805,Speech | Music,0.4018 | 0.0009 | 0.0001 | 0.0013 | 0.0023,ok,
XD-Violence,v=yy-KIWDcBr4__#00-16-10_00-17-19_label_B6-0-0,True,,v=yy-KIWDcBr4__#00-16-10_00-17-19_label_B6-0-0.mp4,B6-0-0,B6,car accident,5,65.666667,69.041667,3.375,v=yy-KIWDcBr4__#00-16-10_00-17-19_label_B6-0-0__seg0005_65.667-69.042.wav,danger risk,1,clotho,a metal object is being hit against another hard surface repeatedly,-1.3358210325241089,Music,0.0836 | 0.0003 | 0.0002 | 0.0001 | 0.0001,ok,
XD-Violence,v=zI0q5UDP47g__#1_label_B4-0-0,True,,v=zI0q5UDP47g__#1_label_B4-0-0.mp4,B4-0-0,B4,riot,0,2.75,62.75,60.0,v=zI0q5UDP47g__#1_label_B4-0-0__seg0000_2.750-62.750.wav,danger risk,1,clotho,a crowd of people are shouting and yelling,-1.121084213256836,"Speech | Outside, urban or manmade",0.8293 | 0.0051 | 0.0019 | 0.0044 | 0.002,ok,
XD-Violence,v=zI0q5UDP47g__#1_label_B4-0-0,True,,v=zI0q5UDP47g__#1_label_B4-0-0.mp4,B4-0-0,B4,riot,1,62.75,122.75,60.0,v=zI0q5UDP47g__#1_label_B4-0-0__seg0001_62.750-122.750.wav,danger risk,1,clotho,a group of people are shouting and yelling while a gun is fired,-1.0978357791900637,"Speech | Hubbub, speech noise, speech babble | Explosion | Firecracker",0.8514 | 0.0018 | 0.0008 | 0.0022 | 0.0005,ok,
XD-Violence,v=zI0q5UDP47g__#1_label_B4-0-0,True,,v=zI0q5UDP47g__#1_label_B4-0-0.mp4,B4-0-0,B4,riot,2,122.75,148.333333,25.583333,v=zI0q5UDP47g__#1_label_B4-0-0__seg0002_122.750-148.333.wav,danger risk,1,clotho,a group of people are shouting and yelling,-1.0591825246810913,"Speech | Chatter | Outside, urban or manmade",0.8816 | 0.0171 | 0.0103 | 0.0025 | 0.0058,ok,
XD-Violence,v=zQbnQBCTSiA__#1_label_B1-0-0,True,,v=zQbnQBCTSiA__#1_label_B1-0-0.mp4,B1-0-0,B1,fighting,0,27.625,63.75,36.125,v=zQbnQBCTSiA__#1_label_B1-0-0__seg0000_27.625-63.750.wav,danger risk,1,clotho,a radio is playing with a lot of noises and a man is speaking,-1.435276746749878,"Speech | Music | Whack, thwack | Smash, crash",0.4331 | 0.0018 | 0.0005 | 0.0001 | 0.0001,ok,
XD-Violence,v=zQbnQBCTSiA__#1_label_B1-0-0,True,,v=zQbnQBCTSiA__#1_label_B1-0-0.mp4,B1-0-0,B1,fighting,1,84.166667,106.375,22.208333,v=zQbnQBCTSiA__#1_label_B1-0-0__seg0001_84.167-106.375.wav,danger risk,1,clotho,a machine is running and making a loud noise,-1.5386053323745728,"Music | Whack, thwack | Smash, crash",0.019 | 0.0003 | 0.0002 | 0.0001 | 0.0,ok,
XD-Violence,v=zQbnQBCTSiA__#1_label_B1-0-0,True,,v=zQbnQBCTSiA__#1_label_B1-0-0.mp4,B1-0-0,B1,fighting,2,138.291667,154.583333,16.291667,v=zQbnQBCTSiA__#1_label_B1-0-0__seg0002_138.292-154.583.wav,danger risk,1,clotho,people are talking and laughing with each other while music is playing,-1.2571736574172974,"Speech | Music | Whack, thwack",0.6699 | 0.0033 | 0.0016 | 0.0013 | 0.0005,ok,
XD-Violence,v=zQbnQBCTSiA__#1_label_B1-0-0,True,,v=zQbnQBCTSiA__#1_label_B1-0-0.mp4,B1-0-0,B1,fighting,3,173.208333,186.583333,13.375,v=zQbnQBCTSiA__#1_label_B1-0-0__seg0003_173.208-186.583.wav,danger risk,1,clotho,a radio is playing with a lot of noises,-1.5916786193847656,"Music | Whack, thwack",0.023 | 0.0003 | 0.0006 | 0.0001 | 0.0,ok,
XD-Violence,v=zQbnQBCTSiA__#1_label_B1-0-0,True,,v=zQbnQBCTSiA__#1_label_B1-0-0.mp4,B1-0-0,B1,fighting,4,191.541667,205.416667,13.875,v=zQbnQBCTSiA__#1_label_B1-0-0__seg0004_191.542-205.417.wav,danger risk,1,clotho,a machine is running and a man is speaking,-1.3284296989440918,"Music | Whack, thwack",0.2278 | 0.0008 | 0.0005 | 0.0003 | 0.0,ok,
XD-Violence,v=zoIn2hOrUIM__#00-01-00_00-02-45_label_B6-0-0,True,,v=zoIn2hOrUIM__#00-01-00_00-02-45_label_B6-0-0.mp4,B6-0-0,B6,car accident,0,6.5,10.0,3.5,v=zoIn2hOrUIM__#00-01-00_00-02-45_label_B6-0-0__seg0000_6.500-10.000.wav,danger risk,1,clotho,a gun is being fired in the distance,-1.179717183113098,,0.0333 | 0.0001 | 0.0 | 0.0001 | 0.0,ok,
XD-Violence,v=zoIn2hOrUIM__#00-01-00_00-02-45_label_B6-0-0,True,,v=zoIn2hOrUIM__#00-01-00_00-02-45_label_B6-0-0.mp4,B6-0-0,B6,car accident,1,21.708333,24.166667,2.458333,v=zoIn2hOrUIM__#00-01-00_00-02-45_label_B6-0-0__seg0001_21.708-24.167.wav,danger risk,1,clotho,a car door is being opened and closed while people are laughing and shouting,-1.4712882041931152,Speech,0.333 | 0.0002 | 0.0001 | 0.0024 | 0.0001,ok,
XD-Violence,v=zoIn2hOrUIM__#00-01-00_00-02-45_label_B6-0-0,True,,v=zoIn2hOrUIM__#00-01-00_00-02-45_label_B6-0-0.mp4,B6-0-0,B6,car accident,2,54.791667,57.083333,2.291667,v=zoIn2hOrUIM__#00-01-00_00-02-45_label_B6-0-0__seg0002_54.792-57.083.wav,danger risk,1,clotho,a machine gun is being fired and repeatedly,-1.6265519857406616,Boom,0.1012 | 0.0004 | 0.0 | 0.0003 | 0.0002,ok,
XD-Violence,v=zoIn2hOrUIM__#00-01-00_00-02-45_label_B6-0-0,True,,v=zoIn2hOrUIM__#00-01-00_00-02-45_label_B6-0-0.mp4,B6-0-0,B6,car accident,3,70.583333,73.583333,3.0,v=zoIn2hOrUIM__#00-01-00_00-02-45_label_B6-0-0__seg0003_70.583-73.583.wav,danger risk,1,clotho,a man is speaking while a skateboard is rolling in the background,-1.199457049369812,Speech | Vehicle,0.829 | 0.002 | 0.0003 | 0.0002 | 0.0011,ok,
XD-Violence,v=zoIn2hOrUIM__#00-01-00_00-02-45_label_B6-0-0,True,,v=zoIn2hOrUIM__#00-01-00_00-02-45_label_B6-0-0.mp4,B6-0-0,B6,car accident,4,86.125,89.416667,3.291667,v=zoIn2hOrUIM__#00-01-00_00-02-45_label_B6-0-0__seg0004_86.125-89.417.wav,danger risk,1,clotho,a machine gun is being fired while people are talking in the background,-1.1735248565673828,Speech | Music,0.3778 | 0.0005 | 0.0002 | 0.0004 | 0.0001,ok,
XD-Violence,v=zoIn2hOrUIM__#00-01-00_00-02-45_label_B6-0-0,True,,v=zoIn2hOrUIM__#00-01-00_00-02-45_label_B6-0-0.mp4,B6-0-0,B6,car accident,5,102.5,105.041667,2.541667,v=zoIn2hOrUIM__#00-01-00_00-02-45_label_B6-0-0__seg0005_102.500-105.042.wav,danger risk,1,clotho,a machine is running at a fast pace,-1.330069065093994,,0.0594 | 0.0003 | 0.0 | 0.0001 | 0.0001,ok,
XD-Violence,v=zoIn2hOrUIM__#00-06-10_00-07-19_label_B6-0-0,True,,v=zoIn2hOrUIM__#00-06-10_00-07-19_label_B6-0-0.mp4,B6-0-0,B6,car accident,0,9.416667,11.25,1.833333,v=zoIn2hOrUIM__#00-06-10_00-07-19_label_B6-0-0__seg0000_9.417-11.250.wav,danger risk,1,clotho,a car is driving down the road with the windows rolled down,-1.342157244682312,Vehicle,0.0293 | 0.0001 | 0.0001 | 0.0004 | 0.0002,ok,
XD-Violence,v=zoIn2hOrUIM__#00-06-10_00-07-19_label_B6-0-0,True,,v=zoIn2hOrUIM__#00-06-10_00-07-19_label_B6-0-0.mp4,B6-0-0,B6,car accident,1,15.375,17.083333,1.708333,v=zoIn2hOrUIM__#00-06-10_00-07-19_label_B6-0-0__seg0001_15.375-17.083.wav,danger risk,1,clotho,a gun is being fired in the distance,-1.2984634637832642,,0.0158 | 0.0002 | 0.0001 | 0.0001 | 0.0,ok,
XD-Violence,v=zoIn2hOrUIM__#00-06-10_00-07-19_label_B6-0-0,True,,v=zoIn2hOrUIM__#00-06-10_00-07-19_label_B6-0-0.mp4,B6-0-0,B6,car accident,2,32.916667,34.375,1.458333,v=zoIn2hOrUIM__#00-06-10_00-07-19_label_B6-0-0__seg0002_32.917-34.375.wav,danger risk,1,clotho,a person is sawing through a sheet of paper,-1.3128039836883545,,0.0217 | 0.0002 | 0.0 | 0.0001 | 0.0,ok,
XD-Violence,v=zoIn2hOrUIM__#00-06-10_00-07-19_label_B6-0-0,True,,v=zoIn2hOrUIM__#00-06-10_00-07-19_label_B6-0-0.mp4,B6-0-0,B6,car accident,3,44.916667,46.25,1.333333,v=zoIn2hOrUIM__#00-06-10_00-07-19_label_B6-0-0__seg0003_44.917-46.250.wav,danger risk,1,clotho,a baby is crying and screaming while another person is shouting in the background,-1.304012417793274,Speech | Music,0.4557 | 0.0093 | 0.0024 | 0.0019 | 0.0001,ok,
XD-Violence,v=zoIn2hOrUIM__#00-06-10_00-07-19_label_B6-0-0,True,,v=zoIn2hOrUIM__#00-06-10_00-07-19_label_B6-0-0.mp4,B6-0-0,B6,car accident,4,60.916667,61.375,0.458333,v=zoIn2hOrUIM__#00-06-10_00-07-19_label_B6-0-0__seg0004_60.917-61.375.wav,danger risk,1,clotho,a drum is being played at a fast pace,-1.2819888591766355,Music,0.011 | 0.0 | 0.0 | 0.0001 | 0.0,ok,
XD-Violence,wangted.2008__#0-22-55_0-23-40_label_B2-0-0,True,,wangted.2008__#0-22-55_0-23-40_label_B2-0-0.mp4,B2-0-0,B2,shooting,0,16.458333,23.333333,6.875,wangted.2008__#0-22-55_0-23-40_label_B2-0-0__seg0000_16.458-23.333.wav,danger risk,1,clotho,a machine gun is fired and then a man is speaking,-1.6773897409439087,Speech | Fusillade | Boom,0.3637 | 0.0012 | 0.0003 | 0.0008 | 0.0002,ok,
XD-Violence,wangted.2008__#0-22-55_0-23-40_label_B2-0-0,True,,wangted.2008__#0-22-55_0-23-40_label_B2-0-0.mp4,B2-0-0,B2,shooting,1,26.333333,29.041667,2.708333,wangted.2008__#0-22-55_0-23-40_label_B2-0-0__seg0001_26.333-29.042.wav,danger risk,1,clotho,a machine gun is firing and gunshots and gunfire is being fired,-1.9850594997406008,"Gunshot, gunfire",0.0644 | 0.0002 | 0.0001 | 0.0006 | 0.0001,ok,
XD-Violence,wangted.2008__#0-45-25_0-47-01_label_B1-0-0,True,,wangted.2008__#0-45-25_0-47-01_label_B1-0-0.mp4,B1-0-0,B1,fighting,0,1.166667,51.875,50.708333,wangted.2008__#0-45-25_0-47-01_label_B1-0-0__seg0000_1.167-51.875.wav,danger risk,1,clotho,a man is speaking and then a gun is fired,-1.0848703384399414,"Speech | Thump, thud",0.8375 | 0.0074 | 0.0073 | 0.0003 | 0.0039,ok,
XD-Violence,wangted.2008__#0-48-30_0-49-00_label_B2-0-0,True,,wangted.2008__#0-48-30_0-49-00_label_B2-0-0.mp4,B2-0-0,B2,shooting,0,14.416667,21.291667,6.875,wangted.2008__#0-48-30_0-49-00_label_B2-0-0__seg0000_14.417-21.292.wav,danger risk,1,clotho,a gun is fired repeatedly and then a person is firing a machine guns,-1.4659925699234009,Music | Fusillade,0.0323 | 0.0005 | 0.0003 | 0.0008 | 0.0002,ok,
XD-Violence,A.Beautiful.Mind.2001__#00-25-20_00-29-20_label_A,False,normal (non-violent) class not used in this study,A.Beautiful.Mind.2001__#00-25-20_00-29-20_label_A.mp4,A,A,normal,0,0.0,60.0,60.0,A.Beautiful.Mind.2001__#00-25-20_00-29-20_label_A__seg0000_0.000-60.000.wav,no danger risk,0,clotho,a man is speaking while music plays in the background,-0.7055816650390625,"Speech | Male speech, man speaking | Music",0.8202 | 0.3625 | 0.0051 | 0.0012 | 0.0182,ok,
XD-Violence,A.Beautiful.Mind.2001__#00-25-20_00-29-20_label_A,False,normal (non-violent) class not used in this study,A.Beautiful.Mind.2001__#00-25-20_00-29-20_label_A.mp4,A,A,normal,1,60.0,120.0,60.0,A.Beautiful.Mind.2001__#00-25-20_00-29-20_label_A__seg0001_60.000-120.000.wav,no danger risk,0,clotho,a man is speaking while music is playing in the background,-0.775485098361969,Speech | Music,0.6098 | 0.0474 | 0.0018 | 0.0007 | 0.0032,ok,
XD-Violence,A.Beautiful.Mind.2001__#00-25-20_00-29-20_label_A,False,normal (non-violent) class not used in this study,A.Beautiful.Mind.2001__#00-25-20_00-29-20_label_A.mp4,A,A,normal,2,120.0,180.0,60.0,A.Beautiful.Mind.2001__#00-25-20_00-29-20_label_A__seg0002_120.000-180.000.wav,no danger risk,0,clotho,a man is speaking and then a car drives by,-1.0730775594711304,Speech | Police car (siren),0.8868 | 0.1874 | 0.0032 | 0.002 | 0.0116,ok,
XD-Violence,A.Beautiful.Mind.2001__#00-25-20_00-29-20_label_A,False,normal (non-violent) class not used in this study,A.Beautiful.Mind.2001__#00-25-20_00-29-20_label_A.mp4,A,A,normal,3,180.0,240.0,60.0,A.Beautiful.Mind.2001__#00-25-20_00-29-20_label_A__seg0003_180.000-240.000.wav,no danger risk,0,clotho,a man is speaking and then a car door is opened and closed,-0.9534834623336792,Speech,0.8521 | 0.0114 | 0.0022 | 0.0038 | 0.0057,ok,
XD-Violence,A.Beautiful.Mind.2001__#00-25-20_00-29-20_label_A,False,normal (non-violent) class not used in this study; caption generation failed (segment <= 0.17 s),A.Beautiful.Mind.2001__#00-25-20_00-29-20_label_A.mp4,A,A,normal,4,240.0,240.041667,0.041667,A.Beautiful.Mind.2001__#00-25-20_00-29-20_label_A__seg0004_240.000-240.042.wav,no danger risk,0,clotho,,,,,error,CoNeTTE error: input too short for the encoder's convolution kernel
XD-Violence,A.Beautiful.Mind.2001__#00-40-52_00-42-01_label_A,False,normal (non-violent) class not used in this study,A.Beautiful.Mind.2001__#00-40-52_00-42-01_label_A.mp4,A,A,normal,0,0.0,60.0,60.0,A.Beautiful.Mind.2001__#00-40-52_00-42-01_label_A__seg0000_0.000-60.000.wav,no danger risk,0,clotho,a man is speaking while music plays in the background,-0.8294414281845093,Speech | Music,0.8225 | 0.0068 | 0.007 | 0.0057 | 0.0285,ok,
XD-Violence,A.Beautiful.Mind.2001__#00-40-52_00-42-01_label_A,False,normal (non-violent) class not used in this study,A.Beautiful.Mind.2001__#00-40-52_00-42-01_label_A.mp4,A,A,normal,1,60.0,69.041667,9.041667,A.Beautiful.Mind.2001__#00-40-52_00-42-01_label_A__seg0001_60.000-69.042.wav,no danger risk,0,clotho,a man is speaking while music is playing in the background,-0.7692420482635498,Speech | Music,0.838 | 0.0358 | 0.0173 | 0.0016 | 0.0606,ok,
XD-Violence,A.Beautiful.Mind.2001__#00-50-26_00-55-16_label_A,False,normal (non-violent) class not used in this study,A.Beautiful.Mind.2001__#00-50-26_00-55-16_label_A.mp4,A,A,normal,0,0.0,60.0,60.0,A.Beautiful.Mind.2001__#00-50-26_00-55-16_label_A__seg0000_0.000-60.000.wav,no danger risk,0,clotho,a man is speaking while birds are chirping in the background,-0.624910831451416,"Speech | Outside, rural or natural",0.8177 | 0.0915 | 0.0056 | 0.005 | 0.037,ok,
XD-Violence,A.Beautiful.Mind.2001__#00-50-26_00-55-16_label_A,False,normal (non-violent) class not used in this study,A.Beautiful.Mind.2001__#00-50-26_00-55-16_label_A.mp4,A,A,normal,1,60.0,120.0,60.0,A.Beautiful.Mind.2001__#00-50-26_00-55-16_label_A__seg0001_60.000-120.000.wav,no danger risk,0,clotho,a man is speaking and then a door is opened and closed,-1.0335911512374878,Speech | Whispering | Music,0.8452 | 0.1557 | 0.0074 | 0.0009 | 0.0268,ok,
XD-Violence,A.Beautiful.Mind.2001__#00-50-26_00-55-16_label_A,False,normal (non-violent) class not used in this study,A.Beautiful.Mind.2001__#00-50-26_00-55-16_label_A.mp4,A,A,normal,2,120.0,180.0,60.0,A.Beautiful.Mind.2001__#00-50-26_00-55-16_label_A__seg0002_120.000-180.000.wav,no danger risk,0,clotho,a woman is speaking and breathing in the background,-1.2239367961883545,Speech | Whispering,0.8366 | 0.0142 | 0.0294 | 0.0163 | 0.0174,ok,
XD-Violence,A.Beautiful.Mind.2001__#00-50-26_00-55-16_label_A,False,normal (non-violent) class not used in this study,A.Beautiful.Mind.2001__#00-50-26_00-55-16_label_A.mp4,A,A,normal,3,180.0,240.0,60.0,A.Beautiful.Mind.2001__#00-50-26_00-55-16_label_A__seg0003_180.000-240.000.wav,no danger risk,0,clotho,a woman is speaking and a person is whispering,-1.2537457942962646,Speech | Whispering | Music,0.8167 | 0.0137 | 0.0218 | 0.0022 | 0.0316,ok,
XD-Violence,A.Beautiful.Mind.2001__#00-50-26_00-55-16_label_A,False,normal (non-violent) class not used in this study,A.Beautiful.Mind.2001__#00-50-26_00-55-16_label_A.mp4,A,A,normal,4,240.0,290.083333,50.083333,A.Beautiful.Mind.2001__#00-50-26_00-55-16_label_A__seg0004_240.000-290.083.wav,no danger risk,0,clotho,people are talking and a bell is ringing in the background,-1.0889195203781128,Speech | Music,0.7102 | 0.0408 | 0.0056 | 0.0029 | 0.012,ok,
XD-Violence,A.Beautiful.Mind.2001__#01-14-30_01-16-59_label_A,False,normal (non-violent) class not used in this study,A.Beautiful.Mind.2001__#01-14-30_01-16-59_label_A.mp4,A,A,normal,0,0.0,60.0,60.0,A.Beautiful.Mind.2001__#01-14-30_01-16-59_label_A__seg0000_0.000-60.000.wav,no danger risk,0,clotho,a man is speaking and then he is breathing,-1.3044887781143188,Speech | Whispering,0.7989 | 0.0076 | 0.0035 | 0.001 | 0.0015,ok,
XD-Violence,A.Beautiful.Mind.2001__#01-14-30_01-16-59_label_A,False,normal (non-violent) class not used in this study,A.Beautiful.Mind.2001__#01-14-30_01-16-59_label_A.mp4,A,A,normal,1,60.0,120.0,60.0,A.Beautiful.Mind.2001__#01-14-30_01-16-59_label_A__seg0001_60.000-120.000.wav,no danger risk,0,clotho,a person is whispering and breathing in the background,-1.114098310470581,Speech | Whispering,0.7648 | 0.0171 | 0.007 | 0.0002 | 0.0004,ok,
XD-Violence,A.Beautiful.Mind.2001__#01-14-30_01-16-59_label_A,False,normal (non-violent) class not used in this study,A.Beautiful.Mind.2001__#01-14-30_01-16-59_label_A.mp4,A,A,normal,2,120.0,149.041667,29.041667,A.Beautiful.Mind.2001__#01-14-30_01-16-59_label_A__seg0002_120.000-149.042.wav,no danger risk,0,clotho,a woman is speaking and then he is whispering,-1.2592337131500244,Speech | Whispering,0.8118 | 0.0072 | 0.0101 | 0.0055 | 0.0068,ok,
XD-Violence,About.Time.2013__#00-23-50_00-24-31_label_A,False,normal (non-violent) class not used in this study,About.Time.2013__#00-23-50_00-24-31_label_A.mp4,A,A,normal,0,0.0,41.041667,41.041667,About.Time.2013__#00-23-50_00-24-31_label_A__seg0000_0.000-41.042.wav,no danger risk,0,clotho,a woman is speaking and a person is breathing in the background,-1.142166256904602,Speech | Music,0.8891 | 0.0299 | 0.078 | 0.0154 | 0.0448,ok,
XD-Violence,About.Time.2013__#00-30-50_00-32-31_label_A,False,normal (non-violent) class not used in this study,About.Time.2013__#00-30-50_00-32-31_label_A.mp4,A,A,normal,0,0.0,60.0,60.0,About.Time.2013__#00-30-50_00-32-31_label_A__seg0000_0.000-60.000.wav,no danger risk,0,clotho,a man is giving a speech while a crowd of people are cheering,-1.0198850631713867,Speech | Applause | Music,0.9097 | 0.1925 | 0.0691 | 0.0011 | 0.039,ok,
XD-Violence,About.Time.2013__#00-30-50_00-32-31_label_A,False,normal (non-violent) class not used in this study,About.Time.2013__#00-30-50_00-32-31_label_A.mp4,A,A,normal,1,60.0,101.041667,41.041667,About.Time.2013__#00-30-50_00-32-31_label_A__seg0001_60.000-101.042.wav,no danger risk,0,clotho,a man is speaking while music is playing in the background,-0.7354006767272949,Speech | Music,0.7515 | 0.1605 | 0.0151 | 0.0006 | 0.0189,ok,
XD-Violence,About.Time.2013__#00-40-52_00-42-31_label_A,False,normal (non-violent) class not used in this study,About.Time.2013__#00-40-52_00-42-31_label_A.mp4,A,A,normal,0,0.0,60.0,60.0,About.Time.2013__#00-40-52_00-42-31_label_A__seg0000_0.000-60.000.wav,no danger risk,0,clotho,a group of people are talking to each other while music is playing in the,-0.8167852759361267,Speech | Chatter | Music,0.8916 | 0.0397 | 0.0636 | 0.0061 | 0.0338,ok,
XD-Violence,About.Time.2013__#00-40-52_00-42-31_label_A,False,normal (non-violent) class not used in this study,About.Time.2013__#00-40-52_00-42-31_label_A.mp4,A,A,normal,1,60.0,99.041667,39.041667,About.Time.2013__#00-40-52_00-42-31_label_A__seg0001_60.000-99.042.wav,no danger risk,0,clotho,a man is speaking while others are talking in the background,-0.8459720611572266,"Speech | Music | Inside, public space",0.8197 | 0.0403 | 0.0538 | 0.0082 | 0.0703,ok,
XD-Violence,Bad.Boys.1995__#00-10-00_00-11-52_label_A,False,normal (non-violent) class not used in this study,Bad.Boys.1995__#00-10-00_00-11-52_label_A.mp4,A,A,normal,0,0.0,60.0,60.0,Bad.Boys.1995__#00-10-00_00-11-52_label_A__seg0000_0.000-60.000.wav,no danger risk,0,clotho,a man is speaking while cars are driving by and people are talking in the,-0.9006482362747192,Speech | Music,0.9339 | 0.0029 | 0.0099 | 0.2417 | 0.0031,ok,
XD-Violence,Bad.Boys.1995__#00-10-00_00-11-52_label_A,False,normal (non-violent) class not used in this study,Bad.Boys.1995__#00-10-00_00-11-52_label_A.mp4,A,A,normal,1,60.0,112.041667,52.041667,Bad.Boys.1995__#00-10-00_00-11-52_label_A__seg0001_60.000-112.042.wav,no danger risk,0,clotho,a man is speaking and then a child is talking,-1.229947209358215,"Speech | Inside, small room | Inside, large room or hall",0.9344 | 0.0028 | 0.0084 | 0.1771 | 0.0166,ok,
XD-Violence,Bad.Boys.II.2003__#01-11-16_01-14-00_label_A,False,normal (non-violent) class not used in this study,Bad.Boys.II.2003__#01-11-16_01-14-00_label_A.mp4,A,A,normal,0,0.0,60.0,60.0,Bad.Boys.II.2003__#01-11-16_01-14-00_label_A__seg0000_0.000-60.000.wav,no danger risk,0,clotho,a man is speaking while music plays in the background,-0.6997765898704529,Speech | Music,0.8824 | 0.0416 | 0.0047 | 0.0008 | 0.0182,ok,
XD-Violence,Bad.Boys.II.2003__#01-11-16_01-14-00_label_A,False,normal (non-violent) class not used in this study,Bad.Boys.II.2003__#01-11-16_01-14-00_label_A.mp4,A,A,normal,1,60.0,120.0,60.0,Bad.Boys.II.2003__#01-11-16_01-14-00_label_A__seg0001_60.000-120.000.wav,no danger risk,0,clotho,a man is speaking while water is flowing in the background,-0.7587311267852783,"Speech | Music | Boat, Water vehicle | Rowboat, canoe, kayak",0.8662 | 0.0069 | 0.003 | 0.0009 | 0.0051,ok,
XD-Violence,Bad.Boys.II.2003__#01-11-16_01-14-00_label_A,False,normal (non-violent) class not used in this study,Bad.Boys.II.2003__#01-11-16_01-14-00_label_A.mp4,A,A,normal,2,120.0,164.041667,44.041667,Bad.Boys.II.2003__#01-11-16_01-14-00_label_A__seg0002_120.000-164.042.wav,no danger risk,0,clotho,a man is speaking and then another woman is talking,-1.3277952671051023,Speech | Music,0.7659 | 0.0173 | 0.0047 | 0.0012 | 0.0353,ok,
XD-Violence,Be.with.You.2018__#00-04-20_00-05-35_label_A,False,normal (non-violent) class not used in this study,Be.with.You.2018__#00-04-20_00-05-35_label_A.mp4,A,A,normal,0,0.0,60.0,60.0,Be.with.You.2018__#00-04-20_00-05-35_label_A__seg0000_0.000-60.000.wav,no danger risk,0,clotho,a person is walking on a hard surface and then a door opens and closes,-1.212375521659851,Music,0.007 | 0.0005 | 0.0001 | 0.0007 | 0.0001,ok,
XD-Violence,Be.with.You.2018__#00-04-20_00-05-35_label_A,False,normal (non-violent) class not used in this study,Be.with.You.2018__#00-04-20_00-05-35_label_A.mp4,A,A,normal,1,60.0,75.041667,15.041667,Be.with.You.2018__#00-04-20_00-05-35_label_A__seg0001_60.000-75.042.wav,no danger risk,0,clotho,music is playing and a musical instrument is being played,-1.1775071620941162,Music | Clarinet,0.0082 | 0.0007 | 0.0003 | 0.0003 | 0.0002,ok,
XD-Violence,Be.with.You.2018__#00-16-18_00-18-09_label_A,False,normal (non-violent) class not used in this study,Be.with.You.2018__#00-16-18_00-18-09_label_A.mp4,A,A,normal,0,0.0,60.0,60.0,Be.with.You.2018__#00-16-18_00-18-09_label_A__seg0000_0.000-60.000.wav,no danger risk,0,clotho,a man is speaking while a person is talking in the background,-1.018033742904663,Speech,0.9173 | 0.0424 | 0.0053 | 0.0173 | 0.0193,ok,
XD-Violence,Be.with.You.2018__#00-16-18_00-18-09_label_A,False,normal (non-violent) class not used in this study,Be.with.You.2018__#00-16-18_00-18-09_label_A.mp4,A,A,normal,1,60.0,111.041667,51.041667,Be.with.You.2018__#00-16-18_00-18-09_label_A__seg0001_60.000-111.042.wav,no danger risk,0,clotho,a group of people are shouting and yelling while music plays in the background,-0.867590069770813,Speech | Cheering | Crowd | Music,0.8527 | 0.0314 | 0.0126 | 0.0216 | 0.0094,ok,
XD-Violence,Be.with.You.2018__#00-23-50_00-24-31_label_A,False,normal (non-violent) class not used in this study,Be.with.You.2018__#00-23-50_00-24-31_label_A.mp4,A,A,normal,0,0.0,41.041667,41.041667,Be.with.You.2018__#00-23-50_00-24-31_label_A__seg0000_0.000-41.042.wav,no danger risk,0,clotho,a man is speaking while birds are chirping in the background,-0.8796404004096985,Speech | Environmental noise,0.6383 | 0.0021 | 0.002 | 0.1021 | 0.0018,ok,
XD-Violence,Be.with.You.2018__#01-14-30_01-16-59_label_A,False,normal (non-violent) class not used in this study,Be.with.You.2018__#01-14-30_01-16-59_label_A.mp4,A,A,normal,0,0.0,60.0,60.0,Be.with.You.2018__#01-14-30_01-16-59_label_A__seg0000_0.000-60.000.wav,no danger risk,0,clotho,a person is talking while birds are chirping in the background,-0.9950539469718932,Speech | Fowl | Music,0.6192 | 0.0034 | 0.0078 | 0.1239 | 0.0007,ok,
XD-Violence,Be.with.You.2018__#01-14-30_01-16-59_label_A,False,normal (non-violent) class not used in this study,Be.with.You.2018__#01-14-30_01-16-59_label_A.mp4,A,A,normal,1,60.0,120.0,60.0,Be.with.You.2018__#01-14-30_01-16-59_label_A__seg0001_60.000-120.000.wav,no danger risk,0,clotho,a woman speaks and then a child laughs,-1.2775297164916992,"Speech | Sigh | Music | Inside, small room",0.8582 | 0.0063 | 0.0013 | 0.1972 | 0.0039,ok,
XD-Violence,Be.with.You.2018__#01-14-30_01-16-59_label_A,False,normal (non-violent) class not used in this study,Be.with.You.2018__#01-14-30_01-16-59_label_A.mp4,A,A,normal,2,120.0,149.041667,29.041667,Be.with.You.2018__#01-14-30_01-16-59_label_A__seg0002_120.000-149.042.wav,no danger risk,0,clotho,a woman is speaking while a door is opened and closed,-1.0320314168930054,Speech | Music,0.6698 | 0.0057 | 0.0061 | 0.0116 | 0.003,ok,
XD-Violence,Be.with.You.2018__#01-42-06_01-45-53_label_A,False,normal (non-violent) class not used in this study,Be.with.You.2018__#01-42-06_01-45-53_label_A.mp4,A,A,normal,0,0.0,60.0,60.0,Be.with.You.2018__#01-42-06_01-45-53_label_A__seg0000_0.000-60.000.wav,no danger risk,0,clotho,a woman is giving a speech to himself,-1.1545331478118896,Speech | Whispering | Music,0.8525 | 0.018 | 0.1103 | 0.1985 | 0.0366,ok,
XD-Violence,Be.with.You.2018__#01-42-06_01-45-53_label_A,False,normal (non-violent) class not used in this study,Be.with.You.2018__#01-42-06_01-45-53_label_A.mp4,A,A,normal,1,60.0,120.0,60.0,Be.with.You.2018__#01-42-06_01-45-53_label_A__seg0001_60.000-120.000.wav,no danger risk,0,clotho,a woman is giving a speech while music plays in the background,-0.81761634349823,Speech | Music,0.7038 | 0.0346 | 0.1267 | 0.0388 | 0.0339,ok,
XD-Violence,Be.with.You.2018__#01-42-06_01-45-53_label_A,False,normal (non-violent) class not used in this study,Be.with.You.2018__#01-42-06_01-45-53_label_A.mp4,A,A,normal,2,120.0,180.0,60.0,Be.with.You.2018__#01-42-06_01-45-53_label_A__seg0002_120.000-180.000.wav,no danger risk,0,clotho,a person is walking on a hard surface while a woman speaks in the background,-1.0299710035324097,Speech | Music,0.7221 | 0.004 | 0.002 | 0.0042 | 0.0006,ok,
XD-Violence,Be.with.You.2018__#01-42-06_01-45-53_label_A,False,normal (non-violent) class not used in this study,Be.with.You.2018__#01-42-06_01-45-53_label_A.mp4,A,A,normal,3,180.0,227.041667,47.041667,Be.with.You.2018__#01-42-06_01-45-53_label_A__seg0003_180.000-227.042.wav,no danger risk,0,clotho,a door is opened and closed while a person walks in the background,-1.1866060495376587,Music | Thunk,0.2996 | 0.0011 | 0.0002 | 0.1669 | 0.0001,ok,
XD-Violence,Before.Sunrise.1995__#00-03-00_00-04-05_label_A,False,normal (non-violent) class not used in this study,Before.Sunrise.1995__#00-03-00_00-04-05_label_A.mp4,A,A,normal,0,0.0,60.0,60.0,Before.Sunrise.1995__#00-03-00_00-04-05_label_A__seg0000_0.000-60.000.wav,no danger risk,0,clotho,a man is speaking and then a door is opened and closed,-0.9876013398170472,Speech,0.9083 | 0.0073 | 0.041 | 0.0045 | 0.0421,ok,
XD-Violence,Before.Sunrise.1995__#00-03-00_00-04-05_label_A,False,normal (non-violent) class not used in this study,Before.Sunrise.1995__#00-03-00_00-04-05_label_A.mp4,A,A,normal,1,60.0,65.041667,5.041667,Before.Sunrise.1995__#00-03-00_00-04-05_label_A__seg0001_60.000-65.042.wav,no danger risk,0,clotho,a man is speaking while a train is passing by,-0.8739491105079651,Speech | Train,0.7424 | 0.0433 | 0.001 | 0.0003 | 0.003,ok,
XD-Violence,Before.Sunrise.1995__#00-04-20_00-05-35_label_A,False,normal (non-violent) class not used in this study,Before.Sunrise.1995__#00-04-20_00-05-35_label_A.mp4,A,A,normal,0,0.0,60.0,60.0,Before.Sunrise.1995__#00-04-20_00-05-35_label_A__seg0000_0.000-60.000.wav,no danger risk,0,clotho,a man is speaking and then a door opens and closes,-1.016460418701172,Speech,0.8898 | 0.006 | 0.0652 | 0.0028 | 0.0152,ok,
XD-Violence,Before.Sunrise.1995__#00-04-20_00-05-35_label_A,False,normal (non-violent) class not used in this study,Before.Sunrise.1995__#00-04-20_00-05-35_label_A.mp4,A,A,normal,1,60.0,75.041667,15.041667,Before.Sunrise.1995__#00-04-20_00-05-35_label_A__seg0001_60.000-75.042.wav,no danger risk,0,clotho,a woman is speaking and then a door opens and closes,-0.910650074481964,Speech | Train,0.815 | 0.0025 | 0.0199 | 0.0015 | 0.0056,ok,
XD-Violence,Before.Sunrise.1995__#00-23-50_00-24-31_label_A,False,normal (non-violent) class not used in this study,Before.Sunrise.1995__#00-23-50_00-24-31_label_A.mp4,A,A,normal,0,0.0,41.041667,41.041667,Before.Sunrise.1995__#00-23-50_00-24-31_label_A__seg0000_0.000-41.042.wav,no danger risk,0,clotho,a woman is speaking and then a child laughs,-1.1920667886734009,Speech,0.8282 | 0.02 | 0.1952 | 0.0599 | 0.2885,ok,
XD-Violence,Before.Sunrise.1995__#00-40-52_00-42-01_label_A,False,normal (non-violent) class not used in this study,Before.Sunrise.1995__#00-40-52_00-42-01_label_A.mp4,A,A,normal,0,0.0,60.0,60.0,Before.Sunrise.1995__#00-40-52_00-42-01_label_A__seg0000_0.000-60.000.wav,no danger risk,0,clotho,a woman is speaking and a child is talking in the background,-1.0567125082015991,Speech,0.8481 | 0.0161 | 0.0193 | 0.0375 | 0.0183,ok,
XD-Violence,Before.Sunrise.1995__#00-40-52_00-42-01_label_A,False,normal (non-violent) class not used in this study,Before.Sunrise.1995__#00-40-52_00-42-01_label_A.mp4,A,A,normal,1,60.0,69.041667,9.041667,Before.Sunrise.1995__#00-40-52_00-42-01_label_A__seg0001_60.000-69.042.wav,no danger risk,0,clotho,a woman is speaking and then a child speaks,-1.3005081415176392,Speech | Whispering,0.6392 | 0.0043 | 0.043 | 0.0026 | 0.0181,ok,
XD-Violence,Before.Sunrise.1995__#00-42-52_00-45-31_label_A,False,normal (non-violent) class not used in this study,Before.Sunrise.1995__#00-42-52_00-45-31_label_A.mp4,A,A,normal,0,0.0,60.0,60.0,Before.Sunrise.1995__#00-42-52_00-45-31_label_A__seg0000_0.000-60.000.wav,no danger risk,0,clotho,a woman is speaking and someone is whispering,-1.19390606880188,Speech | Whispering,0.735 | 0.0048 | 0.0215 | 0.0014 | 0.0021,ok,
XD-Violence,Before.Sunrise.1995__#00-42-52_00-45-31_label_A,False,normal (non-violent) class not used in this study,Before.Sunrise.1995__#00-42-52_00-45-31_label_A.mp4,A,A,normal,1,60.0,120.0,60.0,Before.Sunrise.1995__#00-42-52_00-45-31_label_A__seg0001_60.000-120.000.wav,no danger risk,0,clotho,a man is speaking and he is whispering,-1.2118231058120728,Speech,0.8857 | 0.0129 | 0.0178 | 0.0014 | 0.0088,ok,
XD-Violence,Before.Sunrise.1995__#00-42-52_00-45-31_label_A,False,normal (non-violent) class not used in this study,Before.Sunrise.1995__#00-42-52_00-45-31_label_A.mp4,A,A,normal,2,120.0,159.041667,39.041667,Before.Sunrise.1995__#00-42-52_00-45-31_label_A__seg0002_120.000-159.042.wav,no danger risk,0,clotho,a man is speaking and then he is whispering,-1.27356219291687,Speech | Whispering,0.8427 | 0.0129 | 0.007 | 0.0007 | 0.0052,ok,
XD-Violence,Before.Sunrise.1995__#01-36-45_01-38-10_label_A,False,normal (non-violent) class not used in this study,Before.Sunrise.1995__#01-36-45_01-38-10_label_A.mp4,A,A,normal,0,0.0,60.0,60.0,Before.Sunrise.1995__#01-36-45_01-38-10_label_A__seg0000_0.000-60.000.wav,no danger risk,0,clotho,music is playing in the background while a musical instrument is being played,-1.2388144731521606,Music | Bowed string instrument | Cello,0.013 | 0.0003 | 0.0002 | 0.0003 | 0.0,ok,
XD-Violence,Before.Sunrise.1995__#01-36-45_01-38-10_label_A,False,normal (non-violent) class not used in this study,Before.Sunrise.1995__#01-36-45_01-38-10_label_A.mp4,A,A,normal,1,60.0,85.021333,25.021333,Before.Sunrise.1995__#01-36-45_01-38-10_label_A__seg0001_60.000-85.021.wav,no danger risk,0,clotho,music is playing in the background and a piano is being played,-1.3430728912353516,Music | Harpsichord,0.0132 | 0.0004 | 0.0002 | 0.0001 | 0.0,ok,
XD-Violence,Before.Sunset.2004__#00-23-50_00-24-31_label_A,False,normal (non-violent) class not used in this study,Before.Sunset.2004__#00-23-50_00-24-31_label_A.mp4,A,A,normal,0,0.0,41.041667,41.041667,Before.Sunset.2004__#00-23-50_00-24-31_label_A__seg0000_0.000-41.042.wav,no danger risk,0,clotho,a woman is speaking and then a man is talking,-1.2568061351776123,Speech | Conversation,0.8536 | 0.0104 | 0.0946 | 0.006 | 0.4241,ok,
XD-Violence,Before.Sunset.2004__#01-14-30_01-16-51_label_A,False,normal (non-violent) class not used in this study,Before.Sunset.2004__#01-14-30_01-16-51_label_A.mp4,A,A,normal,0,0.0,60.0,60.0,Before.Sunset.2004__#01-14-30_01-16-51_label_A__seg0000_0.000-60.000.wav,no danger risk,0,clotho,a woman is speaking while water is flowing in the background,-0.9850345253944396,Speech | Music,0.7332 | 0.0034 | 0.0219 | 0.0027 | 0.0018,ok,
XD-Violence,Before.Sunset.2004__#01-14-30_01-16-51_label_A,False,normal (non-violent) class not used in this study,Before.Sunset.2004__#01-14-30_01-16-51_label_A.mp4,A,A,normal,1,60.0,120.0,60.0,Before.Sunset.2004__#01-14-30_01-16-51_label_A__seg0001_60.000-120.000.wav,no danger risk,0,clotho,a woman is speaking and a baby is laughing in the background,-1.0626829862594604,Speech | Music | Jingle bell,0.6024 | 0.0032 | 0.047 | 0.0085 | 0.0087,ok,
XD-Violence,Before.Sunset.2004__#01-14-30_01-16-51_label_A,False,normal (non-violent) class not used in this study,Before.Sunset.2004__#01-14-30_01-16-51_label_A.mp4,A,A,normal,2,120.0,141.041667,21.041667,Before.Sunset.2004__#01-14-30_01-16-51_label_A__seg0002_120.000-141.042.wav,no danger risk,0,clotho,a man is speaking and then another woman laughs,-1.2174971103668213,Speech | Music | Jingle bell,0.5932 | 0.0196 | 0.0201 | 0.0044 | 0.0159,ok,
XD-Violence,Black.Hawk.Down.2001__#00-06-44_00-07-39_label_A,False,normal (non-violent) class not used in this study,Black.Hawk.Down.2001__#00-06-44_00-07-39_label_A.mp4,A,A,normal,0,0.0,55.041667,55.041667,Black.Hawk.Down.2001__#00-06-44_00-07-39_label_A__seg0000_0.000-55.042.wav,no danger risk,0,clotho,a man is speaking and then a door is opened and closed,-0.8109585046768188,Speech,0.9342 | 0.0585 | 0.0012 | 0.0009 | 0.0042,ok,
XD-Violence,Black.Hawk.Down.2001__#01-36-44_01-37-33_label_A,False,normal (non-violent) class not used in this study,Black.Hawk.Down.2001__#01-36-44_01-37-33_label_A.mp4,A,A,normal,0,0.0,49.021333,49.021333,Black.Hawk.Down.2001__#01-36-44_01-37-33_label_A__seg0000_0.000-49.021.wav,no danger risk,0,clotho,a man is speaking while a horse is walking in the background,-1.0447195768356323,Speech | Music,0.8508 | 0.0243 | 0.0027 | 0.0007 | 0.009,ok,
XD-Violence,Brick.Mansions.2014__#00-08-37_00-10-04_label_A,False,normal (non-violent) class not used in this study,Brick.Mansions.2014__#00-08-37_00-10-04_label_A.mp4,A,A,normal,0,0.0,60.0,60.0,Brick.Mansions.2014__#00-08-37_00-10-04_label_A__seg0000_0.000-60.000.wav,no danger risk,0,clotho,a man is speaking while water is poured into a container,-1.130214810371399,Speech | Music,0.7401 | 0.001 | 0.0002 | 0.0008 | 0.0001,ok,
XD-Violence,Brick.Mansions.2014__#00-08-37_00-10-04_label_A,False,normal (non-violent) class not used in this study,Brick.Mansions.2014__#00-08-37_00-10-04_label_A.mp4,A,A,normal,1,60.0,87.021667,27.021667,Brick.Mansions.2014__#00-08-37_00-10-04_label_A__seg0001_60.000-87.022.wav,no danger risk,0,clotho,a man is speaking and then a woman laughs,-1.121288180351257,Speech | Music,0.8709 | 0.1854 | 0.0096 | 0.0019 | 0.07,ok,
XD-Violence,Bullet.in.the.Head.1990__#00-03-59_00-04-40_label_A,False,normal (non-violent) class not used in this study,Bullet.in.the.Head.1990__#00-03-59_00-04-40_label_A.mp4,A,A,normal,0,0.0,41.041667,41.041667,Bullet.in.the.Head.1990__#00-03-59_00-04-40_label_A__seg0000_0.000-41.042.wav,no danger risk,0,clotho,a man is speaking while a child is laughing and a horn is blown,-1.405585527420044,Speech | Music,0.7643 | 0.0051 | 0.0009 | 0.0207 | 0.0017,ok,
XD-Violence,Bullet.in.the.Head.1990__#00-25-11_00-26-15_label_A,False,normal (non-violent) class not used in this study,Bullet.in.the.Head.1990__#00-25-11_00-26-15_label_A.mp4,A,A,normal,0,0.0,60.0,60.0,Bullet.in.the.Head.1990__#00-25-11_00-26-15_label_A__seg0000_0.000-60.000.wav,no danger risk,0,clotho,a man is speaking while cars are passing by and birds are chirping,-0.7425929307937622,"Speech | Vehicle | Traffic noise, roadway noise",0.8264 | 0.0546 | 0.0056 | 0.0005 | 0.0264,ok,
XD-Violence,Bullet.in.the.Head.1990__#00-25-11_00-26-15_label_A,False,normal (non-violent) class not used in this study,Bullet.in.the.Head.1990__#00-25-11_00-26-15_label_A.mp4,A,A,normal,1,60.0,64.041667,4.041667,Bullet.in.the.Head.1990__#00-25-11_00-26-15_label_A__seg0001_60.000-64.042.wav,no danger risk,0,clotho,a person is walking on a road with a lot of cars driving by,-1.3339619636535645,Speech,0.4113 | 0.0006 | 0.0004 | 0.0024 | 0.0004,ok,
XD-Violence,Bullet.in.the.Head.1990__#00-51-46_00-52-50_label_A,False,normal (non-violent) class not used in this study,Bullet.in.the.Head.1990__#00-51-46_00-52-50_label_A.mp4,A,A,normal,0,0.0,60.0,60.0,Bullet.in.the.Head.1990__#00-51-46_00-52-50_label_A__seg0000_0.000-60.000.wav,no danger risk,0,clotho,a man is speaking and then a bell rings,-1.2572002410888672,Speech | Music,0.8314 | 0.0198 | 0.0033 | 0.0012 | 0.0048,ok,
XD-Violence,Bullet.in.the.Head.1990__#00-51-46_00-52-50_label_A,False,normal (non-violent) class not used in this study,Bullet.in.the.Head.1990__#00-51-46_00-52-50_label_A.mp4,A,A,normal,1,60.0,64.041667,4.041667,Bullet.in.the.Head.1990__#00-51-46_00-52-50_label_A__seg0001_60.000-64.042.wav,no danger risk,0,clotho,a group of people are laughing and talking,-1.037165641784668,Speech,0.8649 | 0.0699 | 0.0071 | 0.0001 | 0.0168,ok,
XD-Violence,Bullet.in.the.Head.1990__#01-58-25_01-59-30_label_A,False,normal (non-violent) class not used in this study,Bullet.in.the.Head.1990__#01-58-25_01-59-30_label_A.mp4,A,A,normal,0,0.0,60.0,60.0,Bullet.in.the.Head.1990__#01-58-25_01-59-30_label_A__seg0000_0.000-60.000.wav,no danger risk,0,clotho,a man is speaking while cars are driving by in the background,-0.8713646531105042,Speech | Music,0.783 | 0.0315 | 0.0045 | 0.001 | 0.0036,ok,
XD-Violence,Bullet.in.the.Head.1990__#01-58-25_01-59-30_label_A,False,normal (non-violent) class not used in this study,Bullet.in.the.Head.1990__#01-58-25_01-59-30_label_A.mp4,A,A,normal,1,60.0,65.041667,5.041667,Bullet.in.the.Head.1990__#01-58-25_01-59-30_label_A__seg0001_60.000-65.042.wav,no danger risk,0,clotho,a car is racing by and tires are squealing,-1.4374854564666748,"Music | Vehicle | Car | Skidding | Race car, auto racing",0.0406 | 0.0001 | 0.0001 | 0.0002 | 0.0,ok,
XD-Violence,Casino.Royale.2006__#00-28-10_00-30-10_label_A,False,normal (non-violent) class not used in this study,Casino.Royale.2006__#00-28-10_00-30-10_label_A.mp4,A,A,normal,0,0.0,60.0,60.0,Casino.Royale.2006__#00-28-10_00-30-10_label_A__seg0000_0.000-60.000.wav,no danger risk,0,clotho,music is playing in the background while a person is walking,-1.335309624671936,Music,0.0192 | 0.0015 | 0.0006 | 0.0006 | 0.0002,ok,
XD-Violence,Casino.Royale.2006__#00-28-10_00-30-10_label_A,False,normal (non-violent) class not used in this study,Casino.Royale.2006__#00-28-10_00-30-10_label_A.mp4,A,A,normal,1,60.0,120.0,60.0,Casino.Royale.2006__#00-28-10_00-30-10_label_A__seg0001_60.000-120.000.wav,no danger risk,0,clotho,a man is speaking and then a car drives by,-1.1392406225204468,Speech,0.8652 | 0.0215 | 0.0199 | 0.0038 | 0.0344,ok,
XD-Violence,Casino.Royale.2006__#00-28-10_00-30-10_label_A,False,normal (non-violent) class not used in this study; caption generation failed (segment <= 0.17 s),Casino.Royale.2006__#00-28-10_00-30-10_label_A.mp4,A,A,normal,2,120.0,120.041667,0.041667,Casino.Royale.2006__#00-28-10_00-30-10_label_A__seg0002_120.000-120.042.wav,no danger risk,0,clotho,,,,,error,CoNeTTE error: input too short for the encoder's convolution kernel
XD-Violence,City.Of.Men.2007__#01-36-01_01-37-31_label_A,False,normal (non-violent) class not used in this study,City.Of.Men.2007__#01-36-01_01-37-31_label_A.mp4,A,A,normal,0,0.0,60.0,60.0,City.Of.Men.2007__#01-36-01_01-37-31_label_A__seg0000_0.000-60.000.wav,no danger risk,0,clotho,a man speaks and then a door opens and closes,-1.015290379524231,Speech,0.8392 | 0.0014 | 0.0038 | 0.0532 | 0.0003,ok,
XD-Violence,City.Of.Men.2007__#01-36-01_01-37-31_label_A,False,normal (non-violent) class not used in this study,City.Of.Men.2007__#01-36-01_01-37-31_label_A.mp4,A,A,normal,1,60.0,90.041667,30.041667,City.Of.Men.2007__#01-36-01_01-37-31_label_A__seg0001_60.000-90.042.wav,no danger risk,0,clotho,a man is speaking and a child is talking in the background,-1.016219139099121,Speech,0.7211 | 0.0097 | 0.0013 | 0.25 | 0.0086,ok,
XD-Violence,City.of.God.2002__#00-33-10_00-34-50_label_A,False,normal (non-violent) class not used in this study,City.of.God.2002__#00-33-10_00-34-50_label_A.mp4,A,A,normal,0,0.0,60.0,60.0,City.of.God.2002__#00-33-10_00-34-50_label_A__seg0000_0.000-60.000.wav,no danger risk,0,clotho,a man is speaking while music is playing in the background,-0.8001952171325684,Speech | Music,0.9111 | 0.0181 | 0.0092 | 0.0022 | 0.0103,ok,
XD-Violence,City.of.God.2002__#00-33-10_00-34-50_label_A,False,normal (non-violent) class not used in this study,City.of.God.2002__#00-33-10_00-34-50_label_A.mp4,A,A,normal,1,60.0,100.041667,40.041667,City.of.God.2002__#00-33-10_00-34-50_label_A__seg0001_60.000-100.042.wav,no danger risk,0,clotho,a man is speaking and then he turns a page over,-1.3138189315795898,Speech,0.8605 | 0.0175 | 0.0053 | 0.0013 | 0.0372,ok,
XD-Violence,Deadpool.2.2018__#0-02-35_0-03-12_label_A,False,normal (non-violent) class not used in this study,Deadpool.2.2018__#0-02-35_0-03-12_label_A.mp4,A,A,normal,0,0.0,37.083333,37.083333,Deadpool.2.2018__#0-02-35_0-03-12_label_A__seg0000_0.000-37.083.wav,no danger risk,0,clotho,a man is speaking and then a phone rings,-1.0746865272521973,Speech | Music,0.955 | 0.0369 | 0.0124 | 0.0012 | 0.0213,ok,
XD-Violence,Deadpool.2016__#0-18-35_0-18-55_label_A,False,normal (non-violent) class not used in this study,Deadpool.2016__#0-18-35_0-18-55_label_A.mp4,A,A,normal,0,0.0,20.041667,20.041667,Deadpool.2016__#0-18-35_0-18-55_label_A__seg0000_0.000-20.042.wav,no danger risk,0,clotho,a man is speaking while water is being poured into a container,-1.0536482334136963,Speech | Whispering | Music,0.8569 | 0.0288 | 0.0058 | 0.0007 | 0.0092,ok,
XD-Violence,Death.Proof.2007__#00-02-04_00-05-00_label_A,False,normal (non-violent) class not used in this study,Death.Proof.2007__#00-02-04_00-05-00_label_A.mp4,A,A,normal,0,0.0,60.0,60.0,Death.Proof.2007__#00-02-04_00-05-00_label_A__seg0000_0.000-60.000.wav,no danger risk,0,clotho,music is playing and people are talking in the background,-0.9290459156036376,Speech | Music | Timpani,0.612 | 0.0006 | 0.0003 | 0.0061 | 0.0001,ok,
XD-Violence,Death.Proof.2007__#00-02-04_00-05-00_label_A,False,normal (non-violent) class not used in this study,Death.Proof.2007__#00-02-04_00-05-00_label_A.mp4,A,A,normal,1,60.0,120.0,60.0,Death.Proof.2007__#00-02-04_00-05-00_label_A__seg0001_60.000-120.000.wav,no danger risk,0,clotho,a woman is speaking while cars are honking and a horn is blowing,-1.0139433145523071,"Speech | Music | Outside, urban or manmade",0.8999 | 0.0031 | 0.0304 | 0.0262 | 0.0061,ok,
XD-Violence,Death.Proof.2007__#00-02-04_00-05-00_label_A,False,normal (non-violent) class not used in this study,Death.Proof.2007__#00-02-04_00-05-00_label_A.mp4,A,A,normal,2,120.0,176.041667,56.041667,Death.Proof.2007__#00-02-04_00-05-00_label_A__seg0002_120.000-176.042.wav,no danger risk,0,clotho,a woman is speaking while cars are passing by,-0.949027419090271,Speech,0.8905 | 0.006 | 0.0157 | 0.0081 | 0.0082,ok,
XD-Violence,Desperado.1995__#00-19-00_00-20-31_label_A,False,normal (non-violent) class not used in this study,Desperado.1995__#00-19-00_00-20-31_label_A.mp4,A,A,normal,0,0.0,60.0,60.0,Desperado.1995__#00-19-00_00-20-31_label_A__seg0000_0.000-60.000.wav,no danger risk,0,clotho,a man is speaking while a machine is running,-1.2569825649261477,Speech | Music | Skateboard,0.8598 | 0.0033 | 0.001 | 0.003 | 0.0014,ok,
XD-Violence,Desperado.1995__#00-19-00_00-20-31_label_A,False,normal (non-violent) class not used in this study,Desperado.1995__#00-19-00_00-20-31_label_A.mp4,A,A,normal,1,60.0,91.041667,31.041667,Desperado.1995__#00-19-00_00-20-31_label_A__seg0001_60.000-91.042.wav,no danger risk,0,clotho,a man is speaking and then he is laughing,-1.231669783592224,Speech | Music,0.8462 | 0.0277 | 0.0118 | 0.0051 | 0.0204,ok,
XD-Violence,Desperado.1995__#01-22-10_01-23-17_label_A,False,normal (non-violent) class not used in this study,Desperado.1995__#01-22-10_01-23-17_label_A.mp4,A,A,normal,0,0.0,60.0,60.0,Desperado.1995__#01-22-10_01-23-17_label_A__seg0000_0.000-60.000.wav,no danger risk,0,clotho,a man is speaking and then a car door is opened and closed,-0.908770740032196,"Speech | Inside, small room",0.8833 | 0.0257 | 0.0031 | 0.0026 | 0.0023,ok,
XD-Violence,Desperado.1995__#01-22-10_01-23-17_label_A,False,normal (non-violent) class not used in this study,Desperado.1995__#01-22-10_01-23-17_label_A.mp4,A,A,normal,1,60.0,67.041667,7.041667,Desperado.1995__#01-22-10_01-23-17_label_A__seg0001_60.000-67.042.wav,no danger risk,0,clotho,a man is speaking and then he is breathing,-1.1646697521209717,Speech,0.8597 | 0.2268 | 0.0058 | 0.0004 | 0.0135,ok,
XD-Violence,Election.2005__#00-03-35_00-05-05_label_A,False,normal (non-violent) class not used in this study,Election.2005__#00-03-35_00-05-05_label_A.mp4,A,A,normal,0,0.0,60.0,60.0,Election.2005__#00-03-35_00-05-05_label_A__seg0000_0.000-60.000.wav,no danger risk,0,clotho,a man is speaking and then a phone rings,-1.011547327041626,Speech,0.8547 | 0.0339 | 0.0035 | 0.0042 | 0.0415,ok,
XD-Violence,Election.2005__#00-03-35_00-05-05_label_A,False,normal (non-violent) class not used in this study,Election.2005__#00-03-35_00-05-05_label_A.mp4,A,A,normal,1,60.0,90.020167,30.020167,Election.2005__#00-03-35_00-05-05_label_A__seg0001_60.000-90.020.wav,no danger risk,0,clotho,a man is speaking and then a door opens and closes,-0.9757577776908876,"Speech | Walk, footsteps | Music",0.9135 | 0.0207 | 0.0013 | 0.0007 | 0.0147,ok,
XD-Violence,Fast.Five.2011__#01-59-16_02-01-12_label_A,False,normal (non-violent) class not used in this study,Fast.Five.2011__#01-59-16_02-01-12_label_A.mp4,A,A,normal,0,0.0,60.0,60.0,Fast.Five.2011__#01-59-16_02-01-12_label_A__seg0000_0.000-60.000.wav,no danger risk,0,clotho,a car is started and a man is speaking while a motorcycle is revved up,-1.3950291872024536,Speech | Music,0.5791 | 0.0012 | 0.0014 | 0.0015 | 0.0003,ok,
XD-Violence,Fast.Five.2011__#01-59-16_02-01-12_label_A,False,normal (non-violent) class not used in this study,Fast.Five.2011__#01-59-16_02-01-12_label_A.mp4,A,A,normal,1,60.0,116.041667,56.041667,Fast.Five.2011__#01-59-16_02-01-12_label_A__seg0001_60.000-116.042.wav,no danger risk,0,clotho,a man is speaking while a radio is playing in the background,-0.934104025363922,"Speech | Music | Ocean | Outside, rural or natural",0.8621 | 0.0675 | 0.0017 | 0.0004 | 0.0065,ok,
XD-Violence,Fast.Furious.2009__#01-08-33_01-10-18_label_A,False,normal (non-violent) class not used in this study,Fast.Furious.2009__#01-08-33_01-10-18_label_A.mp4,A,A,normal,0,0.0,60.0,60.0,Fast.Furious.2009__#01-08-33_01-10-18_label_A__seg0000_0.000-60.000.wav,no danger risk,0,clotho,a man is speaking and then he turns a page on,-1.3006430864334106,Speech | Music,0.7766 | 0.0093 | 0.0181 | 0.0104 | 0.0771,ok,
XD-Violence,Fast.Furious.2009__#01-08-33_01-10-18_label_A,False,normal (non-violent) class not used in this study,Fast.Furious.2009__#01-08-33_01-10-18_label_A.mp4,A,A,normal,1,60.0,105.041667,45.041667,Fast.Furious.2009__#01-08-33_01-10-18_label_A__seg0001_60.000-105.042.wav,no danger risk,0,clotho,a man is speaking and then he turns a page over and over,-1.075713872909546,Speech | Music,0.881 | 0.0289 | 0.0068 | 0.0006 | 0.0153,ok,
XD-Violence,Fast.Furious.6.2013__#01-37-00_01-38-05_label_A,False,normal (non-violent) class not used in this study,Fast.Furious.6.2013__#01-37-00_01-38-05_label_A.mp4,A,A,normal,0,0.0,60.0,60.0,Fast.Furious.6.2013__#01-37-00_01-38-05_label_A__seg0000_0.000-60.000.wav,no danger risk,0,clotho,a man is speaking and then another woman is talking,-1.2499009370803833,"Speech | Male speech, man speaking | Music",0.8114 | 0.3407 | 0.0656 | 0.0004 | 0.1666,ok,
XD-Violence,Fast.Furious.6.2013__#01-37-00_01-38-05_label_A,False,normal (non-violent) class not used in this study,Fast.Furious.6.2013__#01-37-00_01-38-05_label_A.mp4,A,A,normal,1,60.0,65.041667,5.041667,Fast.Furious.6.2013__#01-37-00_01-38-05_label_A__seg0001_60.000-65.042.wav,no danger risk,0,clotho,a man is speaking and then a woman is talking,-1.2363752126693726,"Speech | Male speech, man speaking | Conversation | Narration, monologue | Music",0.8451 | 0.4431 | 0.0872 | 0.0001 | 0.3083,ok,
XD-Violence,Flipped.2010__#00-08-55_00-10-50_label_A,False,normal (non-violent) class not used in this study,Flipped.2010__#00-08-55_00-10-50_label_A.mp4,A,A,normal,0,0.0,60.0,60.0,Flipped.2010__#00-08-55_00-10-50_label_A__seg0000_0.000-60.000.wav,no danger risk,0,clotho,a man is speaking while a car is driving by,-1.2064508199691772,Speech | Music,0.8246 | 0.0209 | 0.0124 | 0.007 | 0.0165,ok,
XD-Violence,Flipped.2010__#00-08-55_00-10-50_label_A,False,normal (non-violent) class not used in this study,Flipped.2010__#00-08-55_00-10-50_label_A.mp4,A,A,normal,1,60.0,115.083333,55.083333,Flipped.2010__#00-08-55_00-10-50_label_A__seg0001_60.000-115.083.wav,no danger risk,0,clotho,a man is speaking while birds are chirping in the background,-0.7400112152099609,Speech | Music,0.751 | 0.0457 | 0.0084 | 0.0743 | 0.0093,ok,
XD-Violence,Flipped.2010__#00-42-52_00-45-31_label_A,False,normal (non-violent) class not used in this study,Flipped.2010__#00-42-52_00-45-31_label_A.mp4,A,A,normal,0,0.0,60.0,60.0,Flipped.2010__#00-42-52_00-45-31_label_A__seg0000_0.000-60.000.wav,no danger risk,0,clotho,a woman is speaking and then a door is opened and closed,-0.9370671510696412,"Speech | Inside, small room",0.9133 | 0.0036 | 0.0059 | 0.0563 | 0.011,ok,
XD-Violence,Flipped.2010__#00-42-52_00-45-31_label_A,False,normal (non-violent) class not used in this study,Flipped.2010__#00-42-52_00-45-31_label_A.mp4,A,A,normal,1,60.0,120.0,60.0,Flipped.2010__#00-42-52_00-45-31_label_A__seg0001_60.000-120.000.wav,no danger risk,0,clotho,a woman is speaking and a child is singing in the background,-1.0595062971115112,Speech | Music,0.709 | 0.0036 | 0.046 | 0.0102 | 0.0057,ok,
XD-Violence,Flipped.2010__#00-42-52_00-45-31_label_A,False,normal (non-violent) class not used in this study,Flipped.2010__#00-42-52_00-45-31_label_A.mp4,A,A,normal,2,120.0,159.041667,39.041667,Flipped.2010__#00-42-52_00-45-31_label_A__seg0002_120.000-159.042.wav,no danger risk,0,clotho,a man is speaking and then he is talking,-1.1896129846572876,"Speech | Walk, footsteps",0.8421 | 0.0076 | 0.0142 | 0.0343 | 0.0202,ok,
XD-Violence,Flipped.2010__#00-45-40_00-47-30_label_A,False,normal (non-violent) class not used in this study,Flipped.2010__#00-45-40_00-47-30_label_A.mp4,A,A,normal,0,0.0,60.0,60.0,Flipped.2010__#00-45-40_00-47-30_label_A__seg0000_0.000-60.000.wav,no danger risk,0,clotho,a woman is speaking while music is playing in the background,-0.7076523900032043,Speech | Music,0.8283 | 0.0067 | 0.0061 | 0.0057 | 0.0022,ok,
XD-Violence,Flipped.2010__#00-45-40_00-47-30_label_A,False,normal (non-violent) class not used in this study,Flipped.2010__#00-45-40_00-47-30_label_A.mp4,A,A,normal,1,60.0,110.041667,50.041667,Flipped.2010__#00-45-40_00-47-30_label_A__seg0001_60.000-110.042.wav,no danger risk,0,clotho,a woman is speaking and then a bell rings,-0.9074932336807252,Speech | Music,0.7904 | 0.0021 | 0.0065 | 0.0076 | 0.0068,ok,
XD-Violence,Flipped.2010__#01-07-30_01-09-51_label_A,False,normal (non-violent) class not used in this study,Flipped.2010__#01-07-30_01-09-51_label_A.mp4,A,A,normal,0,0.0,60.0,60.0,Flipped.2010__#01-07-30_01-09-51_label_A__seg0000_0.000-60.000.wav,no danger risk,0,clotho,a woman is speaking while music plays in the background,-0.7078772187232971,Speech | Music,0.8311 | 0.0458 | 0.0608 | 0.0517 | 0.0427,ok,
XD-Violence,Flipped.2010__#01-07-30_01-09-51_label_A,False,normal (non-violent) class not used in this study,Flipped.2010__#01-07-30_01-09-51_label_A.mp4,A,A,normal,1,60.0,120.0,60.0,Flipped.2010__#01-07-30_01-09-51_label_A__seg0001_60.000-120.000.wav,no danger risk,0,clotho,a woman is speaking and a child is talking in the background,-1.0562891960144043,Speech | Music | Basketball bounce,0.7485 | 0.0459 | 0.2552 | 0.0069 | 0.0571,ok,
XD-Violence,Flipped.2010__#01-07-30_01-09-51_label_A,False,normal (non-violent) class not used in this study,Flipped.2010__#01-07-30_01-09-51_label_A.mp4,A,A,normal,2,120.0,141.021333,21.021333,Flipped.2010__#01-07-30_01-09-51_label_A__seg0002_120.000-141.021.wav,no danger risk,0,clotho,a woman is giving a speech and applause,-0.9910644888877868,"Speech | Female speech, woman speaking | Applause",0.7019 | 0.0444 | 0.4079 | 0.0121 | 0.1013,ok,
XD-Violence,Flipped.2010__#01-10-30_01-13-51_label_A,False,normal (non-violent) class not used in this study,Flipped.2010__#01-10-30_01-13-51_label_A.mp4,A,A,normal,0,0.0,60.0,60.0,Flipped.2010__#01-10-30_01-13-51_label_A__seg0000_0.000-60.000.wav,no danger risk,0,clotho,a woman is speaking and then a child speaks,-1.180674433708191,Speech | Music,0.7 | 0.0087 | 0.228 | 0.0734 | 0.0422,ok,
XD-Violence,Flipped.2010__#01-10-30_01-13-51_label_A,False,normal (non-violent) class not used in this study,Flipped.2010__#01-10-30_01-13-51_label_A.mp4,A,A,normal,1,60.0,120.0,60.0,Flipped.2010__#01-10-30_01-13-51_label_A__seg0001_60.000-120.000.wav,no danger risk,0,clotho,a woman is giving a speech and then a child speaks,-1.1025831699371338,"Speech | Female speech, woman speaking",0.8505 | 0.0292 | 0.3542 | 0.0156 | 0.0583,ok,
XD-Violence,Flipped.2010__#01-10-30_01-13-51_label_A,False,normal (non-violent) class not used in this study,Flipped.2010__#01-10-30_01-13-51_label_A.mp4,A,A,normal,2,120.0,180.0,60.0,Flipped.2010__#01-10-30_01-13-51_label_A__seg0002_120.000-180.000.wav,no danger risk,0,clotho,a woman is speaking while music plays in the background,-0.7335285544395447,Speech | Music,0.7681 | 0.0275 | 0.0879 | 0.0098 | 0.077,ok,
XD-Violence,Flipped.2010__#01-10-30_01-13-51_label_A,False,normal (non-violent) class not used in this study,Flipped.2010__#01-10-30_01-13-51_label_A.mp4,A,A,normal,3,180.0,201.041667,21.041667,Flipped.2010__#01-10-30_01-13-51_label_A__seg0003_180.000-201.042.wav,no danger risk,0,clotho,a woman is speaking while music is playing in the background,-0.743231475353241,Speech | Music | Tap,0.7253 | 0.0075 | 0.0122 | 0.0184 | 0.0105,ok,
XD-Violence,From.Dusk.Till.Dawn.1996__#00-31-52_00-34-21_label_A,False,normal (non-violent) class not used in this study,From.Dusk.Till.Dawn.1996__#00-31-52_00-34-21_label_A.mp4,A,A,normal,0,0.0,60.0,60.0,From.Dusk.Till.Dawn.1996__#00-31-52_00-34-21_label_A__seg0000_0.000-60.000.wav,no danger risk,0,clotho,a man is speaking while music is playing in the background,-0.725527822971344,Speech | Music,0.9221 | 0.0191 | 0.0024 | 0.0018 | 0.0106,ok,
XD-Violence,From.Dusk.Till.Dawn.1996__#00-31-52_00-34-21_label_A,False,normal (non-violent) class not used in this study,From.Dusk.Till.Dawn.1996__#00-31-52_00-34-21_label_A.mp4,A,A,normal,1,60.0,120.0,60.0,From.Dusk.Till.Dawn.1996__#00-31-52_00-34-21_label_A__seg0001_60.000-120.000.wav,no danger risk,0,clotho,a man is speaking while a car is driving by,-1.0184663534164429,Speech | Music | Vehicle,0.7952 | 0.0126 | 0.0003 | 0.0004 | 0.0011,ok,
XD-Violence,From.Dusk.Till.Dawn.1996__#00-31-52_00-34-21_label_A,False,normal (non-violent) class not used in this study,From.Dusk.Till.Dawn.1996__#00-31-52_00-34-21_label_A.mp4,A,A,normal,2,120.0,149.021333,29.021333,From.Dusk.Till.Dawn.1996__#00-31-52_00-34-21_label_A__seg0002_120.000-149.021.wav,no danger risk,0,clotho,a man is speaking while music plays in the background,-0.6829238533973694,Speech | Music | Vehicle,0.8755 | 0.0215 | 0.0003 | 0.0002 | 0.0018,ok,
XD-Violence,Fury.2014__#01-13-32_01-14-43_label_A,False,normal (non-violent) class not used in this study,Fury.2014__#01-13-32_01-14-43_label_A.mp4,A,A,normal,0,0.0,60.0,60.0,Fury.2014__#01-13-32_01-14-43_label_A__seg0000_0.000-60.000.wav,no danger risk,0,clotho,a man is speaking and then he is talking,-1.187400460243225,Speech | Music,0.8558 | 0.0506 | 0.0018 | 0.0002 | 0.0489,ok,
XD-Violence,Fury.2014__#01-13-32_01-14-43_label_A,False,normal (non-violent) class not used in this study,Fury.2014__#01-13-32_01-14-43_label_A.mp4,A,A,normal,1,60.0,71.041667,11.041667,Fury.2014__#01-13-32_01-14-43_label_A__seg0001_60.000-71.042.wav,no danger risk,0,clotho,a man is speaking and then he is talking,-1.1003658771514893,Speech,0.7367 | 0.1767 | 0.002 | 0.0001 | 0.1296,ok,
XD-Violence,Gladiator.2000__#02-43-00_02-43-59_label_A,False,normal (non-violent) class not used in this study,Gladiator.2000__#02-43-00_02-43-59_label_A.mp4,A,A,normal,0,0.0,59.041667,59.041667,Gladiator.2000__#02-43-00_02-43-59_label_A__seg0000_0.000-59.042.wav,no danger risk,0,clotho,a man is speaking and then music plays in the background,-1.1310778856277466,Speech | Music,0.6665 | 0.0208 | 0.0028 | 0.0006 | 0.0015,ok,
XD-Violence,God.Bless.America.2011__#00-51-00_00-52-00_label_A,False,normal (non-violent) class not used in this study,God.Bless.America.2011__#00-51-00_00-52-00_label_A.mp4,A,A,normal,0,0.0,60.0,60.0,God.Bless.America.2011__#00-51-00_00-52-00_label_A__seg0000_0.000-60.000.wav,no danger risk,0,clotho,a man is speaking while birds are chirping in the background,-0.695885181427002,Speech | Vehicle,0.7992 | 0.0067 | 0.0026 | 0.0034 | 0.0231,ok,
XD-Violence,God.Bless.America.2011__#00-51-00_00-52-00_label_A,False,normal (non-violent) class not used in this study; caption generation failed (segment <= 0.17 s),God.Bless.America.2011__#00-51-00_00-52-00_label_A.mp4,A,A,normal,1,60.0,60.041667,0.041667,God.Bless.America.2011__#00-51-00_00-52-00_label_A__seg0001_60.000-60.042.wav,no danger risk,0,clotho,,,,,error,CoNeTTE error: input too short for the encoder's convolution kernel
XD-Violence,God.Bless.America.2011__#00-58-09_01-04-00_label_A,False,normal (non-violent) class not used in this study,God.Bless.America.2011__#00-58-09_01-04-00_label_A.mp4,A,A,normal,0,0.0,60.0,60.0,God.Bless.America.2011__#00-58-09_01-04-00_label_A__seg0000_0.000-60.000.wav,no danger risk,0,clotho,a woman is speaking and someone is breathing in the background,-1.1311763525009155,Speech | Sigh,0.7178 | 0.0082 | 0.0188 | 0.0871 | 0.0223,ok,
XD-Violence,God.Bless.America.2011__#00-58-09_01-04-00_label_A,False,normal (non-violent) class not used in this study,God.Bless.America.2011__#00-58-09_01-04-00_label_A.mp4,A,A,normal,1,60.0,120.0,60.0,God.Bless.America.2011__#00-58-09_01-04-00_label_A__seg0001_60.000-120.000.wav,no danger risk,0,clotho,a woman is giving a speech while others are talking in the background,-0.943037450313568,Speech | Conversation,0.7828 | 0.0276 | 0.2317 | 0.0811 | 0.3262,ok,
XD-Violence,God.Bless.America.2011__#00-58-09_01-04-00_label_A,False,normal (non-violent) class not used in this study,God.Bless.America.2011__#00-58-09_01-04-00_label_A.mp4,A,A,normal,2,120.0,180.0,60.0,God.Bless.America.2011__#00-58-09_01-04-00_label_A__seg0002_120.000-180.000.wav,no danger risk,0,clotho,a woman is giving a speech while others are talking in the background,-0.9653838276863098,Speech,0.5539 | 0.0103 | 0.1345 | 0.1298 | 0.2787,ok,
XD-Violence,God.Bless.America.2011__#00-58-09_01-04-00_label_A,False,normal (non-violent) class not used in this study,God.Bless.America.2011__#00-58-09_01-04-00_label_A.mp4,A,A,normal,3,180.0,240.0,60.0,God.Bless.America.2011__#00-58-09_01-04-00_label_A__seg0003_180.000-240.000.wav,no danger risk,0,clotho,a woman is giving a speech while he is speaking,-1.113866686820984,Speech | Sigh,0.8811 | 0.014 | 0.0762 | 0.0119 | 0.0927,ok,
XD-Violence,God.Bless.America.2011__#00-58-09_01-04-00_label_A,False,normal (non-violent) class not used in this study,God.Bless.America.2011__#00-58-09_01-04-00_label_A.mp4,A,A,normal,4,240.0,300.0,60.0,God.Bless.America.2011__#00-58-09_01-04-00_label_A__seg0004_240.000-300.000.wav,no danger risk,0,clotho,a woman is speaking and then a man is giving a speech,-0.995616376399994,Speech,0.8551 | 0.1147 | 0.0879 | 0.1041 | 0.2871,ok,
XD-Violence,God.Bless.America.2011__#00-58-09_01-04-00_label_A,False,normal (non-violent) class not used in this study,God.Bless.America.2011__#00-58-09_01-04-00_label_A.mp4,A,A,normal,5,300.0,351.041667,51.041667,God.Bless.America.2011__#00-58-09_01-04-00_label_A__seg0005_300.000-351.042.wav,no danger risk,0,clotho,a woman is speaking and then a man is talking,-1.2230671644210815,Speech | Music,0.7156 | 0.0109 | 0.0959 | 0.0234 | 0.0504,ok,
XD-Violence,God.Bless.America.2011__#01-23-13_01-25-31_label_A,False,normal (non-violent) class not used in this study,God.Bless.America.2011__#01-23-13_01-25-31_label_A.mp4,A,A,normal,0,0.0,60.0,60.0,God.Bless.America.2011__#01-23-13_01-25-31_label_A__seg0000_0.000-60.000.wav,no danger risk,0,clotho,a woman is speaking and a child is singing in the background,-1.192085027694702,Speech | Music,0.5442 | 0.0052 | 0.0125 | 0.0088 | 0.0018,ok,
XD-Violence,God.Bless.America.2011__#01-23-13_01-25-31_label_A,False,normal (non-violent) class not used in this study,God.Bless.America.2011__#01-23-13_01-25-31_label_A.mp4,A,A,normal,1,60.0,120.0,60.0,God.Bless.America.2011__#01-23-13_01-25-31_label_A__seg0001_60.000-120.000.wav,no danger risk,0,clotho,a man is singing a song while a person sings in the background,-1.1917434930801392,Speech | Music,0.5129 | 0.0145 | 0.0094 | 0.0029 | 0.0014,ok,
XD-Violence,God.Bless.America.2011__#01-23-13_01-25-31_label_A,False,normal (non-violent) class not used in this study,God.Bless.America.2011__#01-23-13_01-25-31_label_A.mp4,A,A,normal,2,120.0,138.041667,18.041667,God.Bless.America.2011__#01-23-13_01-25-31_label_A__seg0002_120.000-138.042.wav,no danger risk,0,clotho,a guitar is playing a song with a high pitch,-1.5390677452087402,Music | Musical instrument | Guitar,0.0053 | 0.0005 | 0.0004 | 0.0002 | 0.0001,ok,
XD-Violence,GoldenEye.1995__#00-56-11_00-56-51_label_A,False,normal (non-violent) class not used in this study,GoldenEye.1995__#00-56-11_00-56-51_label_A.mp4,A,A,normal,0,0.0,40.083333,40.083333,GoldenEye.1995__#00-56-11_00-56-51_label_A__seg0000_0.000-40.083.wav,no danger risk,0,clotho,a man speaks and then a door opens and closes,-0.8687978982925415,"Speech | Music | Thunk | Inside, large room or hall",0.8927 | 0.0009 | 0.0119 | 0.0031 | 0.0009,ok,
XD-Violence,GoldenEye.1995__#01-02-11_01-03-43_label_A,False,normal (non-violent) class not used in this study,GoldenEye.1995__#01-02-11_01-03-43_label_A.mp4,A,A,normal,0,0.0,60.0,60.0,GoldenEye.1995__#01-02-11_01-03-43_label_A__seg0000_0.000-60.000.wav,no danger risk,0,clotho,a man is speaking and water is dripping in the background,-0.8588378429412842,Speech,0.8379 | 0.029 | 0.0008 | 0.0003 | 0.0021,ok,
XD-Violence,GoldenEye.1995__#01-02-11_01-03-43_label_A,False,normal (non-violent) class not used in this study,GoldenEye.1995__#01-02-11_01-03-43_label_A.mp4,A,A,normal,1,60.0,92.041667,32.041667,GoldenEye.1995__#01-02-11_01-03-43_label_A__seg0001_60.000-92.042.wav,no danger risk,0,clotho,a man is speaking and then he is breathing,-1.0657919645309448,Speech,0.8586 | 0.0678 | 0.0029 | 0.0005 | 0.0081,ok,
XD-Violence,GoldenEye.1995__#01-33-40_01-34-30_label_A,False,normal (non-violent) class not used in this study,GoldenEye.1995__#01-33-40_01-34-30_label_A.mp4,A,A,normal,0,0.0,50.041667,50.041667,GoldenEye.1995__#01-33-40_01-34-30_label_A__seg0000_0.000-50.042.wav,no danger risk,0,clotho,a man is speaking while music is playing in the background,-0.8044593930244446,Speech | Music,0.7575 | 0.0307 | 0.008 | 0.0009 | 0.0108,ok,
XD-Violence,Good.Will.Hunting.1997__#00-08-55_00-10-50_label_A,False,normal (non-violent) class not used in this study,Good.Will.Hunting.1997__#00-08-55_00-10-50_label_A.mp4,A,A,normal,0,0.0,60.0,60.0,Good.Will.Hunting.1997__#00-08-55_00-10-50_label_A__seg0000_0.000-60.000.wav,no danger risk,0,clotho,a man is speaking while a car is driving by,-1.080020785331726,Speech,0.8431 | 0.024 | 0.0011 | 0.0179 | 0.0066,ok,
XD-Violence,Good.Will.Hunting.1997__#00-08-55_00-10-50_label_A,False,normal (non-violent) class not used in this study,Good.Will.Hunting.1997__#00-08-55_00-10-50_label_A.mp4,A,A,normal,1,60.0,115.083333,55.083333,Good.Will.Hunting.1997__#00-08-55_00-10-50_label_A__seg0001_60.000-115.083.wav,no danger risk,0,clotho,a man is speaking while others are talking in the background,-0.8534849286079407,Speech | Basketball bounce,0.8102 | 0.0136 | 0.0021 | 0.0055 | 0.0052,ok,
XD-Violence,Good.Will.Hunting.1997__#00-58-18_01-02-30_label_A,False,normal (non-violent) class not used in this study,Good.Will.Hunting.1997__#00-58-18_01-02-30_label_A.mp4,A,A,normal,0,0.0,60.0,60.0,Good.Will.Hunting.1997__#00-58-18_01-02-30_label_A__seg0000_0.000-60.000.wav,no danger risk,0,clotho,a man is speaking while birds are chirping in the background,-0.7702595591545105,"Speech | Walk, footsteps | Music",0.8985 | 0.0101 | 0.0035 | 0.0055 | 0.0053,ok,
XD-Violence,Good.Will.Hunting.1997__#00-58-18_01-02-30_label_A,False,normal (non-violent) class not used in this study,Good.Will.Hunting.1997__#00-58-18_01-02-30_label_A.mp4,A,A,normal,1,60.0,120.0,60.0,Good.Will.Hunting.1997__#00-58-18_01-02-30_label_A__seg0001_60.000-120.000.wav,no danger risk,0,clotho,a woman is speaking and a child is talking in the background,-1.14616596698761,Speech | Music,0.8083 | 0.0014 | 0.013 | 0.2451 | 0.0067,ok,
XD-Violence,Good.Will.Hunting.1997__#00-58-18_01-02-30_label_A,False,normal (non-violent) class not used in this study,Good.Will.Hunting.1997__#00-58-18_01-02-30_label_A.mp4,A,A,normal,2,120.0,180.0,60.0,Good.Will.Hunting.1997__#00-58-18_01-02-30_label_A__seg0002_120.000-180.000.wav,no danger risk,0,clotho,a woman speaks and then a bell rings three times,-1.012892723083496,Speech | Music,0.8482 | 0.0066 | 0.0481 | 0.0096 | 0.078,ok,
XD-Violence,Good.Will.Hunting.1997__#00-58-18_01-02-30_label_A,False,normal (non-violent) class not used in this study,Good.Will.Hunting.1997__#00-58-18_01-02-30_label_A.mp4,A,A,normal,3,180.0,240.0,60.0,Good.Will.Hunting.1997__#00-58-18_01-02-30_label_A__seg0003_180.000-240.000.wav,no danger risk,0,clotho,a man is speaking and a bell is ringing,-0.9186164140701294,Speech | Music,0.9649 | 0.0275 | 0.0189 | 0.0018 | 0.0244,ok,
XD-Violence,Good.Will.Hunting.1997__#00-58-18_01-02-30_label_A,False,normal (non-violent) class not used in this study,Good.Will.Hunting.1997__#00-58-18_01-02-30_label_A.mp4,A,A,normal,4,240.0,252.041667,12.041667,Good.Will.Hunting.1997__#00-58-18_01-02-30_label_A__seg0004_240.000-252.042.wav,no danger risk,0,clotho,a woman is speaking and a child is laughing,-1.1958112716674805,Speech | Conversation,0.8704 | 0.009 | 0.2516 | 0.012 | 0.406,ok,
XD-Violence,Haywire.2011__#00-02-06_00-03-29_label_A,False,normal (non-violent) class not used in this study,Haywire.2011__#00-02-06_00-03-29_label_A.mp4,A,A,normal,0,0.0,60.0,60.0,Haywire.2011__#00-02-06_00-03-29_label_A__seg0000_0.000-60.000.wav,no danger risk,0,clotho,a man is speaking and then he turns a page over and over,-1.1583595275878906,Speech | Music,0.855 | 0.0144 | 0.0273 | 0.0002 | 0.0113,ok,
XD-Violence,Haywire.2011__#00-02-06_00-03-29_label_A,False,normal (non-violent) class not used in this study,Haywire.2011__#00-02-06_00-03-29_label_A.mp4,A,A,normal,1,60.0,83.041667,23.041667,Haywire.2011__#00-02-06_00-03-29_label_A__seg0001_60.000-83.042.wav,no danger risk,0,clotho,a man is speaking and then he is breathing,-1.3374314308166504,Speech,0.8448 | 0.0121 | 0.0142 | 0.0019 | 0.019,ok,
XD-Violence,Hear.Me.2009__#00-30-50_00-32-31_label_A,False,normal (non-violent) class not used in this study,Hear.Me.2009__#00-30-50_00-32-31_label_A.mp4,A,A,normal,0,0.0,60.0,60.0,Hear.Me.2009__#00-30-50_00-32-31_label_A__seg0000_0.000-60.000.wav,no danger risk,0,clotho,a man is speaking and a bell is ringing,-1.287911057472229,Speech | Music,0.3134 | 0.0062 | 0.0004 | 0.0003 | 0.0007,ok,
XD-Violence,Hear.Me.2009__#00-30-50_00-32-31_label_A,False,normal (non-violent) class not used in this study,Hear.Me.2009__#00-30-50_00-32-31_label_A.mp4,A,A,normal,1,60.0,101.041667,41.041667,Hear.Me.2009__#00-30-50_00-32-31_label_A__seg0001_60.000-101.042.wav,no danger risk,0,clotho,a person opens a door and closes the doorbell and a bell rings,-1.375529408454895,Music,0.0599 | 0.0008 | 0.0012 | 0.0006 | 0.0004,ok,
XD-Violence,Hear.Me.2009__#00-49-48_00-51-12_label_A,False,normal (non-violent) class not used in this study,Hear.Me.2009__#00-49-48_00-51-12_label_A.mp4,A,A,normal,0,0.0,60.0,60.0,Hear.Me.2009__#00-49-48_00-51-12_label_A__seg0000_0.000-60.000.wav,no danger risk,0,clotho,a man is speaking while dishes are being moved around in the background,-0.8985219597816467,Speech,0.886 | 0.0055 | 0.0022 | 0.0172 | 0.0026,ok,
XD-Violence,Hear.Me.2009__#00-49-48_00-51-12_label_A,False,normal (non-violent) class not used in this study,Hear.Me.2009__#00-49-48_00-51-12_label_A.mp4,A,A,normal,1,60.0,84.041667,24.041667,Hear.Me.2009__#00-49-48_00-51-12_label_A__seg0001_60.000-84.042.wav,no danger risk,0,clotho,a man is speaking and then a glass is broken,-1.51188862323761,Speech,0.6859 | 0.0012 | 0.0005 | 0.0003 | 0.0002,ok,
XD-Violence,Hot.Fuzz.2007__#00-19-20_00-22-06_label_A,False,normal (non-violent) class not used in this study,Hot.Fuzz.2007__#00-19-20_00-22-06_label_A.mp4,A,A,normal,0,0.0,60.0,60.0,Hot.Fuzz.2007__#00-19-20_00-22-06_label_A__seg0000_0.000-60.000.wav,no danger risk,0,clotho,a man is speaking and then another person laughs,-1.136543035507202,Speech | Music,0.8668 | 0.0627 | 0.0058 | 0.0009 | 0.0151,ok,
XD-Violence,Hot.Fuzz.2007__#00-19-20_00-22-06_label_A,False,normal (non-violent) class not used in this study,Hot.Fuzz.2007__#00-19-20_00-22-06_label_A.mp4,A,A,normal,1,60.0,120.0,60.0,Hot.Fuzz.2007__#00-19-20_00-22-06_label_A__seg0001_60.000-120.000.wav,no danger risk,0,clotho,a man is speaking while a crowd of people are laughing and talking,-0.952951431274414,Speech | Music,0.8829 | 0.0706 | 0.0081 | 0.0019 | 0.0271,ok,
XD-Violence,Hot.Fuzz.2007__#00-19-20_00-22-06_label_A,False,normal (non-violent) class not used in this study,Hot.Fuzz.2007__#00-19-20_00-22-06_label_A.mp4,A,A,normal,2,120.0,166.083333,46.083333,Hot.Fuzz.2007__#00-19-20_00-22-06_label_A__seg0002_120.000-166.083.wav,no danger risk,0,clotho,a man is speaking while a bell is ringing,-1.0696487426757812,Speech | Music,0.9103 | 0.0186 | 0.0047 | 0.0018 | 0.0136,ok,
XD-Violence,IP.Man.2.2010__#00-02-50_00-06-45_label_A,False,normal (non-violent) class not used in this study,IP.Man.2.2010__#00-02-50_00-06-45_label_A.mp4,A,A,normal,0,0.0,60.0,60.0,IP.Man.2.2010__#00-02-50_00-06-45_label_A__seg0000_0.000-60.000.wav,no danger risk,0,clotho,a man is speaking while birds are chirping in the background,-0.8262696266174316,Speech | Music,0.8404 | 0.0075 | 0.0052 | 0.0046 | 0.0044,ok,
XD-Violence,IP.Man.2.2010__#00-02-50_00-06-45_label_A,False,normal (non-violent) class not used in this study,IP.Man.2.2010__#00-02-50_00-06-45_label_A.mp4,A,A,normal,1,60.0,120.0,60.0,IP.Man.2.2010__#00-02-50_00-06-45_label_A__seg0001_60.000-120.000.wav,no danger risk,0,clotho,a man is speaking while a door is opened and closed,-1.1225504875183103,Speech | Music,0.7877 | 0.0415 | 0.0029 | 0.0028 | 0.004,ok,
XD-Violence,IP.Man.2.2010__#00-02-50_00-06-45_label_A,False,normal (non-violent) class not used in this study,IP.Man.2.2010__#00-02-50_00-06-45_label_A.mp4,A,A,normal,2,120.0,180.0,60.0,IP.Man.2.2010__#00-02-50_00-06-45_label_A__seg0002_120.000-180.000.wav,no danger risk,0,clotho,a man is speaking and then a door is opened and closed,-1.0857374668121338,Speech | Music,0.8121 | 0.0037 | 0.0037 | 0.0536 | 0.0027,ok,
XD-Violence,IP.Man.2.2010__#00-02-50_00-06-45_label_A,False,normal (non-violent) class not used in this study,IP.Man.2.2010__#00-02-50_00-06-45_label_A.mp4,A,A,normal,3,180.0,235.020167,55.020167,IP.Man.2.2010__#00-02-50_00-06-45_label_A__seg0003_180.000-235.020.wav,no danger risk,0,clotho,a man is speaking while birds are chirping in the background,-0.7690425515174866,Speech | Bird | Music | Environmental noise,0.7377 | 0.0085 | 0.0044 | 0.0015 | 0.0106,ok,
XD-Violence,IP.Man.2.2010__#00-54-00_00-57-12_label_A,False,normal (non-violent) class not used in this study,IP.Man.2.2010__#00-54-00_00-57-12_label_A.mp4,A,A,normal,0,0.0,60.0,60.0,IP.Man.2.2010__#00-54-00_00-57-12_label_A__seg0000_0.000-60.000.wav,no danger risk,0,clotho,a man is speaking and then a door opens and closes,-0.8027679324150085,"Speech | Walk, footsteps | Tap",0.8101 | 0.0084 | 0.0023 | 0.0031 | 0.0073,ok,
XD-Violence,IP.Man.2.2010__#00-54-00_00-57-12_label_A,False,normal (non-violent) class not used in this study,IP.Man.2.2010__#00-54-00_00-57-12_label_A.mp4,A,A,normal,1,60.0,120.0,60.0,IP.Man.2.2010__#00-54-00_00-57-12_label_A__seg0001_60.000-120.000.wav,no danger risk,0,clotho,a man is speaking and then a liquid is poured,-0.9383839964866638,Speech,0.8925 | 0.0571 | 0.0017 | 0.0004 | 0.0011,ok,
XD-Violence,IP.Man.2.2010__#00-54-00_00-57-12_label_A,False,normal (non-violent) class not used in this study,IP.Man.2.2010__#00-54-00_00-57-12_label_A.mp4,A,A,normal,2,120.0,180.0,60.0,IP.Man.2.2010__#00-54-00_00-57-12_label_A__seg0002_120.000-180.000.wav,no danger risk,0,clotho,a man is speaking and then a cricket is chirping,-1.0910216569900513,Speech | Music,0.7593 | 0.0708 | 0.0018 | 0.0002 | 0.0073,ok,
XD-Violence,IP.Man.2.2010__#00-54-00_00-57-12_label_A,False,normal (non-violent) class not used in this study,IP.Man.2.2010__#00-54-00_00-57-12_label_A.mp4,A,A,normal,3,180.0,192.022,12.022,IP.Man.2.2010__#00-54-00_00-57-12_label_A__seg0003_180.000-192.022.wav,no danger risk,0,clotho,a man is speaking while music is playing in the background,-0.7412521839141846,Speech | Music,0.8812 | 0.2511 | 0.018 | 0.0007 | 0.0342,ok,
XD-Violence,IP.Man.2.2010__#01-44-00_01-44-42_label_A,False,normal (non-violent) class not used in this study,IP.Man.2.2010__#01-44-00_01-44-42_label_A.mp4,A,A,normal,0,0.0,42.0165,42.0165,IP.Man.2.2010__#01-44-00_01-44-42_label_A__seg0000_0.000-42.017.wav,no danger risk,0,clotho,a man is speaking and then another woman laughs,-1.0763099193572998,Speech | Sigh | Music,0.8978 | 0.0363 | 0.0358 | 0.0228 | 0.0542,ok,
XD-Violence,Ip.Man.2008__#00-02-56_00-05-24_label_A,False,normal (non-violent) class not used in this study,Ip.Man.2008__#00-02-56_00-05-24_label_A.mp4,A,A,normal,0,0.0,60.0,60.0,Ip.Man.2008__#00-02-56_00-05-24_label_A__seg0000_0.000-60.000.wav,no danger risk,0,clotho,a man is speaking and then he turns a glass,-1.45935320854187,Speech,0.7923 | 0.1324 | 0.0027 | 0.0005 | 0.0042,ok,
XD-Violence,Ip.Man.2008__#00-02-56_00-05-24_label_A,False,normal (non-violent) class not used in this study,Ip.Man.2008__#00-02-56_00-05-24_label_A.mp4,A,A,normal,1,60.0,120.0,60.0,Ip.Man.2008__#00-02-56_00-05-24_label_A__seg0001_60.000-120.000.wav,no danger risk,0,clotho,a man is speaking and then a bottle is opened and closed,-1.140743374824524,"Speech | Music | Chink, clink",0.7377 | 0.0014 | 0.0001 | 0.0006 | 0.0014,ok,
XD-Violence,Ip.Man.2008__#00-02-56_00-05-24_label_A,False,normal (non-violent) class not used in this study,Ip.Man.2008__#00-02-56_00-05-24_label_A.mp4,A,A,normal,2,120.0,148.041667,28.041667,Ip.Man.2008__#00-02-56_00-05-24_label_A__seg0002_120.000-148.042.wav,no danger risk,0,clotho,a man is speaking and then opening a door and closing,-1.0502492189407349,Speech | Music,0.7646 | 0.0091 | 0.0009 | 0.0012 | 0.0026,ok,
XD-Violence,Ip.Man.2008__#00-40-25_00-40-45_label_A,False,normal (non-violent) class not used in this study,Ip.Man.2008__#00-40-25_00-40-45_label_A.mp4,A,A,normal,0,0.0,20.041667,20.041667,Ip.Man.2008__#00-40-25_00-40-45_label_A__seg0000_0.000-20.042.wav,no danger risk,0,clotho,a woman is speaking and then a child is talking,-1.1074618101119995,"Speech | Child speech, kid speaking | Clicking",0.7221 | 0.0057 | 0.0301 | 0.3734 | 0.0605,ok,
XD-Violence,Ip.Man.2008__#01-04-27_01-06-22_label_A,False,normal (non-violent) class not used in this study,Ip.Man.2008__#01-04-27_01-06-22_label_A.mp4,A,A,normal,0,0.0,60.0,60.0,Ip.Man.2008__#01-04-27_01-06-22_label_A__seg0000_0.000-60.000.wav,no danger risk,0,clotho,a man is speaking and a musical instrument is playing,-1.1353554725646973,Speech | Music | Environmental noise,0.6256 | 0.0036 | 0.0013 | 0.0005 | 0.0013,ok,
XD-Violence,Ip.Man.2008__#01-04-27_01-06-22_label_A,False,normal (non-violent) class not used in this study,Ip.Man.2008__#01-04-27_01-06-22_label_A.mp4,A,A,normal,1,60.0,115.041667,55.041667,Ip.Man.2008__#01-04-27_01-06-22_label_A__seg0001_60.000-115.042.wav,no danger risk,0,clotho,a woman is speaking while birds are chirping in the background,-0.8602840900421143,Speech | Music,0.7597 | 0.0517 | 0.0395 | 0.0034 | 0.0463,ok,
XD-Violence,Jason.Bourne.2016__#0-51-37_0-53-20_label_A,False,normal (non-violent) class not used in this study,Jason.Bourne.2016__#0-51-37_0-53-20_label_A.mp4,A,A,normal,0,0.0,60.0,60.0,Jason.Bourne.2016__#0-51-37_0-53-20_label_A__seg0000_0.000-60.000.wav,no danger risk,0,clotho,a woman is speaking over an intercom and a phone rings,-1.025691270828247,"Speech | Music | Telephone | Telephone bell ringing | Inside, large room or hall",0.9164 | 0.0048 | 0.0773 | 0.0009 | 0.0371,ok,
XD-Violence,Jason.Bourne.2016__#0-51-37_0-53-20_label_A,False,normal (non-violent) class not used in this study,Jason.Bourne.2016__#0-51-37_0-53-20_label_A.mp4,A,A,normal,1,60.0,103.041667,43.041667,Jason.Bourne.2016__#0-51-37_0-53-20_label_A__seg0001_60.000-103.042.wav,no danger risk,0,clotho,a man is speaking over a tannoy system and music is playing,-1.1196707487106323,"Speech | Male speech, man speaking | Music",0.9186 | 0.5048 | 0.0881 | 0.0026 | 0.2863,ok,
XD-Violence,Kill.Bill.Vol.1.2003__#00-21-42_00-22-42_label_A,False,normal (non-violent) class not used in this study,Kill.Bill.Vol.1.2003__#00-21-42_00-22-42_label_A.mp4,A,A,normal,0,0.0,60.0,60.0,Kill.Bill.Vol.1.2003__#00-21-42_00-22-42_label_A__seg0000_0.000-60.000.wav,no danger risk,0,clotho,a woman speaks and then a door opens and closes,-1.0722824335098269,Speech | Thunderstorm | Thunder,0.564 | 0.0007 | 0.0007 | 0.0008 | 0.0002,ok,
XD-Violence,Kill.Bill.Vol.1.2003__#00-21-42_00-22-42_label_A,False,normal (non-violent) class not used in this study; caption generation failed (segment <= 0.17 s),Kill.Bill.Vol.1.2003__#00-21-42_00-22-42_label_A.mp4,A,A,normal,1,60.0,60.041667,0.041667,Kill.Bill.Vol.1.2003__#00-21-42_00-22-42_label_A__seg0001_60.000-60.042.wav,no danger risk,0,clotho,,,,,error,CoNeTTE error: input too short for the encoder's convolution kernel
XD-Violence,Kill.Bill.Vol.1.2003__#01-08-15_01-09-15_label_A,False,normal (non-violent) class not used in this study,Kill.Bill.Vol.1.2003__#01-08-15_01-09-15_label_A.mp4,A,A,normal,0,0.0,60.0,60.0,Kill.Bill.Vol.1.2003__#01-08-15_01-09-15_label_A__seg0000_0.000-60.000.wav,no danger risk,0,clotho,a group of people are talking and laughing while music plays in the background,-0.8411539196968079,Speech | Singing | Music,0.5356 | 0.008 | 0.0121 | 0.011 | 0.0025,ok,
XD-Violence,Kill.Bill.Vol.1.2003__#01-08-15_01-09-15_label_A,False,normal (non-violent) class not used in this study; caption generation failed (segment <= 0.17 s),Kill.Bill.Vol.1.2003__#01-08-15_01-09-15_label_A.mp4,A,A,normal,1,60.0,60.041667,0.041667,Kill.Bill.Vol.1.2003__#01-08-15_01-09-15_label_A__seg0001_60.000-60.042.wav,no danger risk,0,clotho,,,,,error,CoNeTTE error: input too short for the encoder's convolution kernel
XD-Violence,Kill.Bill.Vol.2.2004__#01-03-13_01-04-13_label_A,False,normal (non-violent) class not used in this study,Kill.Bill.Vol.2.2004__#01-03-13_01-04-13_label_A.mp4,A,A,normal,0,0.0,60.0,60.0,Kill.Bill.Vol.2.2004__#01-03-13_01-04-13_label_A__seg0000_0.000-60.000.wav,no danger risk,0,clotho,a person is playing a musical instrument while a car is driving by,-1.2393842935562134,Music | Vehicle,0.0219 | 0.0001 | 0.0001 | 0.0003 | 0.0,ok,
XD-Violence,Kill.Bill.Vol.2.2004__#01-03-13_01-04-13_label_A,False,normal (non-violent) class not used in this study; caption generation failed (segment <= 0.17 s),Kill.Bill.Vol.2.2004__#01-03-13_01-04-13_label_A.mp4,A,A,normal,1,60.0,60.041667,0.041667,Kill.Bill.Vol.2.2004__#01-03-13_01-04-13_label_A__seg0001_60.000-60.042.wav,no danger risk,0,clotho,,,,,error,CoNeTTE error: input too short for the encoder's convolution kernel
XD-Violence,Kingsman.The.Golden.Circle.2017__#00-44-52_00-46-20_label_A,False,normal (non-violent) class not used in this study,Kingsman.The.Golden.Circle.2017__#00-44-52_00-46-20_label_A.mp4,A,A,normal,0,0.0,60.0,60.0,Kingsman.The.Golden.Circle.2017__#00-44-52_00-46-20_label_A__seg0000_0.000-60.000.wav,no danger risk,0,clotho,a man is speaking while music plays in the background,-0.741782009601593,Speech | Music,0.7024 | 0.0266 | 0.0027 | 0.0008 | 0.0049,ok,
XD-Violence,Kingsman.The.Golden.Circle.2017__#00-44-52_00-46-20_label_A,False,normal (non-violent) class not used in this study,Kingsman.The.Golden.Circle.2017__#00-44-52_00-46-20_label_A.mp4,A,A,normal,1,60.0,88.041667,28.041667,Kingsman.The.Golden.Circle.2017__#00-44-52_00-46-20_label_A__seg0001_60.000-88.042.wav,no danger risk,0,clotho,a man is speaking and then he turns the page over,-1.2745612859725952,"Speech | Male speech, man speaking | Narration, monologue | Music",0.8972 | 0.8302 | 0.0446 | 0.0002 | 0.2684,ok,
XD-Violence,Kingsman.The.Golden.Circle.2017__#02-09-30_02-10-45_label_A,False,normal (non-violent) class not used in this study,Kingsman.The.Golden.Circle.2017__#02-09-30_02-10-45_label_A.mp4,A,A,normal,0,0.0,60.0,60.0,Kingsman.The.Golden.Circle.2017__#02-09-30_02-10-45_label_A__seg0000_0.000-60.000.wav,no danger risk,0,clotho,a man is speaking and then another woman laughs,-1.1600065231323242,Speech | Music,0.7771 | 0.1727 | 0.042 | 0.0032 | 0.0684,ok,
XD-Violence,Kingsman.The.Golden.Circle.2017__#02-09-30_02-10-45_label_A,False,normal (non-violent) class not used in this study,Kingsman.The.Golden.Circle.2017__#02-09-30_02-10-45_label_A.mp4,A,A,normal,1,60.0,75.041667,15.041667,Kingsman.The.Golden.Circle.2017__#02-09-30_02-10-45_label_A__seg0001_60.000-75.042.wav,no danger risk,0,clotho,a woman is giving a speech over an intercom,-0.9942344427108764,"Speech | Female speech, woman speaking | Narration, monologue | Music",0.7969 | 0.1543 | 0.5626 | 0.0026 | 0.1344,ok,
XD-Violence,Kingsman.The.Secret.Service.2014__#00-25-29_00-26-24_label_A,False,normal (non-violent) class not used in this study,Kingsman.The.Secret.Service.2014__#00-25-29_00-26-24_label_A.mp4,A,A,normal,0,0.0,55.041667,55.041667,Kingsman.The.Secret.Service.2014__#00-25-29_00-26-24_label_A__seg0000_0.000-55.042.wav,no danger risk,0,clotho,a man is speaking while music plays in the background,-0.8149794936180115,Speech | Music,0.8387 | 0.0138 | 0.0072 | 0.001 | 0.0041,ok,
XD-Violence,Law.Abiding.Citizen.2009__#00-00-35_00-01-31_label_A,False,normal (non-violent) class not used in this study,Law.Abiding.Citizen.2009__#00-00-35_00-01-31_label_A.mp4,A,A,normal,0,0.0,56.041667,56.041667,Law.Abiding.Citizen.2009__#00-00-35_00-01-31_label_A__seg0000_0.000-56.042.wav,no danger risk,0,clotho,a man is speaking and then a door is opened and closed,-1.09613299369812,Speech | Music,0.8781 | 0.0041 | 0.0042 | 0.1001 | 0.0053,ok,
XD-Violence,Lord.of.War__#00-59-20_01-00-35_label_A,False,normal (non-violent) class not used in this study,Lord.of.War__#00-59-20_01-00-35_label_A.mp4,A,A,normal,0,0.0,60.0,60.0,Lord.of.War__#00-59-20_01-00-35_label_A__seg0000_0.000-60.000.wav,no danger risk,0,clotho,a man is speaking and then a door is opened and closed,-0.8140400648117065,Speech,0.9015 | 0.2171 | 0.0083 | 0.0008 | 0.0338,ok,
XD-Violence,Lord.of.War__#00-59-20_01-00-35_label_A,False,normal (non-violent) class not used in this study,Lord.of.War__#00-59-20_01-00-35_label_A.mp4,A,A,normal,1,60.0,75.041667,15.041667,Lord.of.War__#00-59-20_01-00-35_label_A__seg0001_60.000-75.042.wav,no danger risk,0,clotho,a man is speaking while birds are chirping in the background,-0.6493297815322876,Speech,0.5063 | 0.0382 | 0.001 | 0.0003 | 0.0025,ok,
XD-Violence,Love.Actually.2003__#00-51-55_00-55-16_label_A,False,normal (non-violent) class not used in this study,Love.Actually.2003__#00-51-55_00-55-16_label_A.mp4,A,A,normal,0,0.0,60.0,60.0,Love.Actually.2003__#00-51-55_00-55-16_label_A__seg0000_0.000-60.000.wav,no danger risk,0,clotho,a woman is speaking and then a door is opened and closed,-0.9280365705490112,Speech | Conversation,0.8768 | 0.0137 | 0.1885 | 0.037 | 0.3616,ok,
XD-Violence,Love.Actually.2003__#00-51-55_00-55-16_label_A,False,normal (non-violent) class not used in this study,Love.Actually.2003__#00-51-55_00-55-16_label_A.mp4,A,A,normal,1,60.0,120.0,60.0,Love.Actually.2003__#00-51-55_00-55-16_label_A__seg0001_60.000-120.000.wav,no danger risk,0,clotho,a woman is speaking and then a child speaks,-1.3389670848846436,Speech | Music,0.8071 | 0.0065 | 0.0441 | 0.0871 | 0.0202,ok,
XD-Violence,Love.Actually.2003__#00-51-55_00-55-16_label_A,False,normal (non-violent) class not used in this study,Love.Actually.2003__#00-51-55_00-55-16_label_A.mp4,A,A,normal,2,120.0,180.0,60.0,Love.Actually.2003__#00-51-55_00-55-16_label_A__seg0002_120.000-180.000.wav,no danger risk,0,clotho,a woman is singing a song in the background and then a person is laughing,-1.528183102607727,Speech | Music | Sad music,0.4209 | 0.012 | 0.0156 | 0.0061 | 0.0052,ok,
XD-Violence,Love.Actually.2003__#00-51-55_00-55-16_label_A,False,normal (non-violent) class not used in this study,Love.Actually.2003__#00-51-55_00-55-16_label_A.mp4,A,A,normal,3,180.0,201.083333,21.083333,Love.Actually.2003__#00-51-55_00-55-16_label_A__seg0003_180.000-201.083.wav,no danger risk,0,clotho,a person is playing a song on a piano and a man is speaking,-1.2105411291122437,Speech | Music | Sad music,0.5435 | 0.0346 | 0.0026 | 0.0013 | 0.0027,ok,
XD-Violence,Love.Actually.2003__#01-04-40_01-06-59_label_A,False,normal (non-violent) class not used in this study,Love.Actually.2003__#01-04-40_01-06-59_label_A.mp4,A,A,normal,0,0.0,60.0,60.0,Love.Actually.2003__#01-04-40_01-06-59_label_A__seg0000_0.000-60.000.wav,no danger risk,0,clotho,a man is singing and a woman is speaking in the background,-1.2737603187561035,Speech | Music,0.7261 | 0.0138 | 0.0445 | 0.0042 | 0.0047,ok,
XD-Violence,Love.Actually.2003__#01-04-40_01-06-59_label_A,False,normal (non-violent) class not used in this study,Love.Actually.2003__#01-04-40_01-06-59_label_A.mp4,A,A,normal,1,60.0,120.0,60.0,Love.Actually.2003__#01-04-40_01-06-59_label_A__seg0001_60.000-120.000.wav,no danger risk,0,clotho,a group of people are laughing and talking to each other,-0.8111125826835632,Speech | Laughter | Music,0.7902 | 0.095 | 0.0162 | 0.0023 | 0.0049,ok,
XD-Violence,Love.Actually.2003__#01-04-40_01-06-59_label_A,False,normal (non-violent) class not used in this study,Love.Actually.2003__#01-04-40_01-06-59_label_A.mp4,A,A,normal,2,120.0,139.021333,19.021333,Love.Actually.2003__#01-04-40_01-06-59_label_A__seg0002_120.000-139.021.wav,no danger risk,0,clotho,a group of people are talking to each other while music plays in the background,-0.8391565084457397,Speech | Chatter | Music,0.8661 | 0.0291 | 0.0547 | 0.0056 | 0.015,ok,
XD-Violence,Love.Actually.2003__#01-17-00_01-19-40_label_A,False,normal (non-violent) class not used in this study,Love.Actually.2003__#01-17-00_01-19-40_label_A.mp4,A,A,normal,0,0.0,60.0,60.0,Love.Actually.2003__#01-17-00_01-19-40_label_A__seg0000_0.000-60.000.wav,no danger risk,0,clotho,a man is speaking while cars are passing by and people are talking in the,-0.8507422804832458,Speech | Music,0.8807 | 0.0322 | 0.0235 | 0.0022 | 0.0421,ok,
XD-Violence,Love.Actually.2003__#01-17-00_01-19-40_label_A,False,normal (non-violent) class not used in this study,Love.Actually.2003__#01-17-00_01-19-40_label_A.mp4,A,A,normal,1,60.0,120.0,60.0,Love.Actually.2003__#01-17-00_01-19-40_label_A__seg0001_60.000-120.000.wav,no danger risk,0,clotho,a man is speaking while music is playing in the background,-0.7915152907371521,Speech | Music,0.7334 | 0.1144 | 0.0209 | 0.0018 | 0.0524,ok,
XD-Violence,Love.Actually.2003__#01-17-00_01-19-40_label_A,False,normal (non-violent) class not used in this study,Love.Actually.2003__#01-17-00_01-19-40_label_A.mp4,A,A,normal,2,120.0,160.083333,40.083333,Love.Actually.2003__#01-17-00_01-19-40_label_A__seg0002_120.000-160.083.wav,no danger risk,0,clotho,a man is speaking while a scraping occurs and then he talks to another person,-1.6637338399887085,Speech | Music,0.6823 | 0.0062 | 0.0032 | 0.0026 | 0.0012,ok,
XD-Violence,Love.Actually.2003__#01-34-18_01-38-11_label_A,False,normal (non-violent) class not used in this study,Love.Actually.2003__#01-34-18_01-38-11_label_A.mp4,A,A,normal,0,0.0,60.0,60.0,Love.Actually.2003__#01-34-18_01-38-11_label_A__seg0000_0.000-60.000.wav,no danger risk,0,clotho,a man is speaking while music plays in the background,-0.7784748077392578,Speech | Music,0.8731 | 0.0086 | 0.001 | 0.0094 | 0.0022,ok,
XD-Violence,Love.Actually.2003__#01-34-18_01-38-11_label_A,False,normal (non-violent) class not used in this study,Love.Actually.2003__#01-34-18_01-38-11_label_A.mp4,A,A,normal,1,60.0,120.0,60.0,Love.Actually.2003__#01-34-18_01-38-11_label_A__seg0001_60.000-120.000.wav,no danger risk,0,clotho,a man is speaking while music plays in the background,-0.8280628323554993,Speech | Music,0.6844 | 0.0207 | 0.011 | 0.0038 | 0.0087,ok,
XD-Violence,Love.Actually.2003__#01-34-18_01-38-11_label_A,False,normal (non-violent) class not used in this study,Love.Actually.2003__#01-34-18_01-38-11_label_A.mp4,A,A,normal,2,120.0,180.0,60.0,Love.Actually.2003__#01-34-18_01-38-11_label_A__seg0002_120.000-180.000.wav,no danger risk,0,clotho,a man is speaking and then a child laughs,-1.3085635900497437,Speech | Music,0.5907 | 0.0058 | 0.0061 | 0.0187 | 0.0028,ok,
XD-Violence,Love.Actually.2003__#01-34-18_01-38-11_label_A,False,normal (non-violent) class not used in this study,Love.Actually.2003__#01-34-18_01-38-11_label_A.mp4,A,A,normal,3,180.0,233.041667,53.041667,Love.Actually.2003__#01-34-18_01-38-11_label_A__seg0003_180.000-233.042.wav,no danger risk,0,clotho,a chorus sings in the background as a soft music plays in the distance,-1.271299958229065,Music | Opera,0.0121 | 0.001 | 0.0022 | 0.0002 | 0.0002,ok,
XD-Violence,Love.Actually.2003__#01-39-05_01-46-40_label_A,False,normal (non-violent) class not used in this study,Love.Actually.2003__#01-39-05_01-46-40_label_A.mp4,A,A,normal,0,0.0,60.0,60.0,Love.Actually.2003__#01-39-05_01-46-40_label_A__seg0000_0.000-60.000.wav,no danger risk,0,clotho,a man is speaking and then he is talking,-1.1810604333877563,"Speech | Male speech, man speaking | Music",0.942 | 0.3509 | 0.0062 | 0.0003 | 0.1278,ok,
XD-Violence,Love.Actually.2003__#01-39-05_01-46-40_label_A,False,normal (non-violent) class not used in this study,Love.Actually.2003__#01-39-05_01-46-40_label_A.mp4,A,A,normal,1,60.0,120.0,60.0,Love.Actually.2003__#01-39-05_01-46-40_label_A__seg0001_60.000-120.000.wav,no danger risk,0,clotho,a man is speaking and then he is breathing,-1.1490707397460938,Speech,0.8655 | 0.1197 | 0.0036 | 0.0014 | 0.0326,ok,
XD-Violence,Love.Actually.2003__#01-39-05_01-46-40_label_A,False,normal (non-violent) class not used in this study,Love.Actually.2003__#01-39-05_01-46-40_label_A.mp4,A,A,normal,2,120.0,180.0,60.0,Love.Actually.2003__#01-39-05_01-46-40_label_A__seg0002_120.000-180.000.wav,no danger risk,0,clotho,a woman is speaking and then he coughs,-1.236479640007019,Speech,0.8589 | 0.0124 | 0.0265 | 0.0216 | 0.0351,ok,
XD-Violence,Love.Actually.2003__#01-39-05_01-46-40_label_A,False,normal (non-violent) class not used in this study,Love.Actually.2003__#01-39-05_01-46-40_label_A.mp4,A,A,normal,3,180.0,240.0,60.0,Love.Actually.2003__#01-39-05_01-46-40_label_A__seg0003_180.000-240.000.wav,no danger risk,0,clotho,a man is speaking and then he turns a page on and off,-1.259776949882507,Speech | Music,0.6567 | 0.0088 | 0.0024 | 0.0014 | 0.0014,ok,
XD-Violence,Love.Actually.2003__#01-39-05_01-46-40_label_A,False,normal (non-violent) class not used in this study,Love.Actually.2003__#01-39-05_01-46-40_label_A.mp4,A,A,normal,4,240.0,300.0,60.0,Love.Actually.2003__#01-39-05_01-46-40_label_A__seg0004_240.000-300.000.wav,no danger risk,0,clotho,a man is speaking and then a doorbell rings,-0.8970821499824524,"Speech | Music | Ding-dong | Inside, small room",0.7901 | 0.0033 | 0.0014 | 0.1028 | 0.0095,ok,
XD-Violence,Love.Actually.2003__#01-39-05_01-46-40_label_A,False,normal (non-violent) class not used in this study,Love.Actually.2003__#01-39-05_01-46-40_label_A.mp4,A,A,normal,5,300.0,360.0,60.0,Love.Actually.2003__#01-39-05_01-46-40_label_A__seg0005_300.000-360.000.wav,no danger risk,0,clotho,a man is speaking and then a door is opened and closed,-0.8272892832756042,Speech | Music,0.7016 | 0.0157 | 0.0026 | 0.0027 | 0.0166,ok,
XD-Violence,Love.Actually.2003__#01-39-05_01-46-40_label_A,False,normal (non-violent) class not used in this study,Love.Actually.2003__#01-39-05_01-46-40_label_A.mp4,A,A,normal,6,360.0,420.0,60.0,Love.Actually.2003__#01-39-05_01-46-40_label_A__seg0006_360.000-420.000.wav,no danger risk,0,clotho,a woman is speaking and a child is talking in the background,-1.0613949298858645,"Speech | Music | Inside, small room",0.8444 | 0.0375 | 0.1129 | 0.0278 | 0.2092,ok,
XD-Violence,Love.Actually.2003__#01-39-05_01-46-40_label_A,False,normal (non-violent) class not used in this study,Love.Actually.2003__#01-39-05_01-46-40_label_A.mp4,A,A,normal,7,420.0,455.041667,35.041667,Love.Actually.2003__#01-39-05_01-46-40_label_A__seg0007_420.000-455.042.wav,no danger risk,0,clotho,a man is speaking while a car is driving by,-1.0462361574172974,Speech | Conversation | Music,0.8788 | 0.0929 | 0.0435 | 0.0088 | 0.4451,ok,
XD-Violence,Love.Death.and.Robots.S01E02__#00-03-15_00-04-20_label_A,False,normal (non-violent) class not used in this study,Love.Death.and.Robots.S01E02__#00-03-15_00-04-20_label_A.mp4,A,A,normal,0,0.0,60.0,60.0,Love.Death.and.Robots.S01E02__#00-03-15_00-04-20_label_A__seg0000_0.000-60.000.wav,no danger risk,0,clotho,a man is speaking and then he turns a page over and over,-1.040574312210083,Speech | Music,0.8933 | 0.0062 | 0.0008 | 0.0003 | 0.0035,ok,
XD-Violence,Love.Death.and.Robots.S01E02__#00-03-15_00-04-20_label_A,False,normal (non-violent) class not used in this study,Love.Death.and.Robots.S01E02__#00-03-15_00-04-20_label_A.mp4,A,A,normal,1,60.0,65.021333,5.021333,Love.Death.and.Robots.S01E02__#00-03-15_00-04-20_label_A__seg0001_60.000-65.021.wav,no danger risk,0,clotho,a woman is speaking while a dog barks and a man speaks,-1.1610703468322754,Speech | Music,0.7426 | 0.0058 | 0.0011 | 0.0002 | 0.0066,ok,
XD-Violence,Love.Death.and.Robots.S01E04__#00-14-28_00-15-27_label_A,False,normal (non-violent) class not used in this study,Love.Death.and.Robots.S01E04__#00-14-28_00-15-27_label_A.mp4,A,A,normal,0,0.0,59.021333,59.021333,Love.Death.and.Robots.S01E04__#00-14-28_00-15-27_label_A__seg0000_0.000-59.021.wav,no danger risk,0,clotho,a man is speaking while birds are chirping in the background,-0.7925355434417725,Speech | Music,0.7929 | 0.0372 | 0.0052 | 0.0031 | 0.0038,ok,
XD-Violence,Love.Me.If.You.Dare.2003__#00-11-20_00-15-08_label_A,False,normal (non-violent) class not used in this study,Love.Me.If.You.Dare.2003__#00-11-20_00-15-08_label_A.mp4,A,A,normal,0,0.0,60.0,60.0,Love.Me.If.You.Dare.2003__#00-11-20_00-15-08_label_A__seg0000_0.000-60.000.wav,no danger risk,0,clotho,a woman is speaking and then a car door is opened and closed,-0.9051433801651,Speech,0.8937 | 0.0022 | 0.0016 | 0.0997 | 0.0032,ok,
XD-Violence,Love.Me.If.You.Dare.2003__#00-11-20_00-15-08_label_A,False,normal (non-violent) class not used in this study,Love.Me.If.You.Dare.2003__#00-11-20_00-15-08_label_A.mp4,A,A,normal,1,60.0,120.0,60.0,Love.Me.If.You.Dare.2003__#00-11-20_00-15-08_label_A__seg0001_60.000-120.000.wav,no danger risk,0,clotho,a man is speaking while music plays in the background,-0.8171280026435852,Speech | Music,0.6688 | 0.0093 | 0.0025 | 0.0133 | 0.0145,ok,
XD-Violence,Love.Me.If.You.Dare.2003__#00-11-20_00-15-08_label_A,False,normal (non-violent) class not used in this study,Love.Me.If.You.Dare.2003__#00-11-20_00-15-08_label_A.mp4,A,A,normal,2,120.0,180.0,60.0,Love.Me.If.You.Dare.2003__#00-11-20_00-15-08_label_A__seg0002_120.000-180.000.wav,no danger risk,0,clotho,a man is speaking and then another woman is talking,-1.204467535018921,Speech | Music,0.8233 | 0.0337 | 0.0357 | 0.0005 | 0.0506,ok,
XD-Violence,Love.Me.If.You.Dare.2003__#00-11-20_00-15-08_label_A,False,normal (non-violent) class not used in this study,Love.Me.If.You.Dare.2003__#00-11-20_00-15-08_label_A.mp4,A,A,normal,3,180.0,228.083333,48.083333,Love.Me.If.You.Dare.2003__#00-11-20_00-15-08_label_A__seg0003_180.000-228.083.wav,no danger risk,0,clotho,a woman is speaking and then a baby is coughing,-1.363227605819702,Speech | Whispering,0.8625 | 0.0011 | 0.0025 | 0.0108 | 0.0032,ok,
XD-Violence,Love.Me.If.You.Dare.2003__#00-33-52_00-39-00_label_A,False,normal (non-violent) class not used in this study,Love.Me.If.You.Dare.2003__#00-33-52_00-39-00_label_A.mp4,A,A,normal,0,0.0,60.0,60.0,Love.Me.If.You.Dare.2003__#00-33-52_00-39-00_label_A__seg0000_0.000-60.000.wav,no danger risk,0,clotho,a man is speaking while music plays in the background,-0.8284046649932861,Speech | Music,0.7546 | 0.037 | 0.0066 | 0.0033 | 0.0098,ok,
XD-Violence,Love.Me.If.You.Dare.2003__#00-33-52_00-39-00_label_A,False,normal (non-violent) class not used in this study,Love.Me.If.You.Dare.2003__#00-33-52_00-39-00_label_A.mp4,A,A,normal,1,60.0,120.0,60.0,Love.Me.If.You.Dare.2003__#00-33-52_00-39-00_label_A__seg0001_60.000-120.000.wav,no danger risk,0,clotho,a man is speaking while a door opens and closes,-0.9059491753578186,Speech | Music,0.7871 | 0.0245 | 0.003 | 0.0022 | 0.0079,ok,
XD-Violence,Love.Me.If.You.Dare.2003__#00-33-52_00-39-00_label_A,False,normal (non-violent) class not used in this study,Love.Me.If.You.Dare.2003__#00-33-52_00-39-00_label_A.mp4,A,A,normal,2,120.0,180.0,60.0,Love.Me.If.You.Dare.2003__#00-33-52_00-39-00_label_A__seg0002_120.000-180.000.wav,no danger risk,0,clotho,a man is speaking and then a car door opens and closes,-0.8768638372421265,Speech,0.8201 | 0.0055 | 0.0003 | 0.0007 | 0.0004,ok,
XD-Violence,Love.Me.If.You.Dare.2003__#00-33-52_00-39-00_label_A,False,normal (non-violent) class not used in this study,Love.Me.If.You.Dare.2003__#00-33-52_00-39-00_label_A.mp4,A,A,normal,3,180.0,240.0,60.0,Love.Me.If.You.Dare.2003__#00-33-52_00-39-00_label_A__seg0003_180.000-240.000.wav,no danger risk,0,clotho,a woman is speaking and then a door is opened and closed,-0.8762029409408569,Speech | Music | Door,0.9145 | 0.0104 | 0.0062 | 0.0067 | 0.004,ok,
XD-Violence,Love.Me.If.You.Dare.2003__#00-33-52_00-39-00_label_A,False,normal (non-violent) class not used in this study,Love.Me.If.You.Dare.2003__#00-33-52_00-39-00_label_A.mp4,A,A,normal,4,240.0,300.0,60.0,Love.Me.If.You.Dare.2003__#00-33-52_00-39-00_label_A__seg0004_240.000-300.000.wav,no danger risk,0,clotho,a man speaks and then a door opens and closes,-0.9933289885520936,Speech | Music,0.8605 | 0.004 | 0.0013 | 0.0009 | 0.0008,ok,
XD-Violence,Love.Me.If.You.Dare.2003__#00-33-52_00-39-00_label_A,False,normal (non-violent) class not used in this study,Love.Me.If.You.Dare.2003__#00-33-52_00-39-00_label_A.mp4,A,A,normal,5,300.0,308.083333,8.083333,Love.Me.If.You.Dare.2003__#00-33-52_00-39-00_label_A__seg0005_300.000-308.083.wav,no danger risk,0,clotho,a woman is speaking and birds are chirping in the background,-0.9803683757781982,Speech | Bird | Environmental noise,0.4388 | 0.0009 | 0.0038 | 0.001 | 0.001,ok,
XD-Violence,Love.Me.If.You.Dare.2003__#01-04-40_01-06-59_label_A,False,normal (non-violent) class not used in this study,Love.Me.If.You.Dare.2003__#01-04-40_01-06-59_label_A.mp4,A,A,normal,0,0.0,60.0,60.0,Love.Me.If.You.Dare.2003__#01-04-40_01-06-59_label_A__seg0000_0.000-60.000.wav,no danger risk,0,clotho,a man is speaking while music plays in the background,-0.7367284297943115,Speech | Music | Bicycle,0.8636 | 0.0511 | 0.0028 | 0.0006 | 0.0143,ok,
XD-Violence,Love.Me.If.You.Dare.2003__#01-04-40_01-06-59_label_A,False,normal (non-violent) class not used in this study,Love.Me.If.You.Dare.2003__#01-04-40_01-06-59_label_A.mp4,A,A,normal,1,60.0,120.0,60.0,Love.Me.If.You.Dare.2003__#01-04-40_01-06-59_label_A__seg0001_60.000-120.000.wav,no danger risk,0,clotho,a man is speaking and then a child speaks,-1.26564621925354,Speech | Music,0.8425 | 0.0514 | 0.0124 | 0.0035 | 0.1229,ok,
XD-Violence,Love.Me.If.You.Dare.2003__#01-04-40_01-06-59_label_A,False,normal (non-violent) class not used in this study,Love.Me.If.You.Dare.2003__#01-04-40_01-06-59_label_A.mp4,A,A,normal,2,120.0,139.083333,19.083333,Love.Me.If.You.Dare.2003__#01-04-40_01-06-59_label_A__seg0002_120.000-139.083.wav,no danger risk,0,clotho,a woman is speaking while birds are chirping in the background,-0.722248375415802,Speech,0.883 | 0.0117 | 0.0476 | 0.0026 | 0.0737,ok,
XD-Violence,Mission.Impossible.Ghost.Protocol.2011__#00-49-03_00-51-21_label_A,False,normal (non-violent) class not used in this study,Mission.Impossible.Ghost.Protocol.2011__#00-49-03_00-51-21_label_A.mp4,A,A,normal,0,0.0,60.0,60.0,Mission.Impossible.Ghost.Protocol.2011__#00-49-03_00-51-21_label_A__seg0000_0.000-60.000.wav,no danger risk,0,clotho,a man is speaking and then a bell rings,-1.1449860334396362,Speech | Music,0.8625 | 0.2141 | 0.0152 | 0.0001 | 0.0716,ok,
XD-Violence,Mission.Impossible.Ghost.Protocol.2011__#00-49-03_00-51-21_label_A,False,normal (non-violent) class not used in this study,Mission.Impossible.Ghost.Protocol.2011__#00-49-03_00-51-21_label_A.mp4,A,A,normal,1,60.0,120.0,60.0,Mission.Impossible.Ghost.Protocol.2011__#00-49-03_00-51-21_label_A__seg0001_60.000-120.000.wav,no danger risk,0,clotho,a man is speaking and then a woman is talking,-1.174601674079895,"Speech | Male speech, man speaking | Conversation | Narration, monologue | Music",0.9006 | 0.5845 | 0.271 | 0.0008 | 0.4953,ok,
XD-Violence,Mission.Impossible.Ghost.Protocol.2011__#00-49-03_00-51-21_label_A,False,normal (non-violent) class not used in this study,Mission.Impossible.Ghost.Protocol.2011__#00-49-03_00-51-21_label_A.mp4,A,A,normal,2,120.0,138.041667,18.041667,Mission.Impossible.Ghost.Protocol.2011__#00-49-03_00-51-21_label_A__seg0002_120.000-138.042.wav,no danger risk,0,clotho,a man is speaking and then he is talking,-1.16653573513031,Speech,0.9121 | 0.1627 | 0.0129 | 0.0002 | 0.0772,ok,
XD-Violence,Mission.Impossible.Ghost.Protocol.2011__#01-07-24_01-09-09_label_A,False,normal (non-violent) class not used in this study,Mission.Impossible.Ghost.Protocol.2011__#01-07-24_01-09-09_label_A.mp4,A,A,normal,0,0.0,60.0,60.0,Mission.Impossible.Ghost.Protocol.2011__#01-07-24_01-09-09_label_A__seg0000_0.000-60.000.wav,no danger risk,0,clotho,a man is speaking and then he turns on a table,-1.315186858177185,Speech,0.9033 | 0.0139 | 0.0258 | 0.0094 | 0.0995,ok,
XD-Violence,Mission.Impossible.Ghost.Protocol.2011__#01-07-24_01-09-09_label_A,False,normal (non-violent) class not used in this study,Mission.Impossible.Ghost.Protocol.2011__#01-07-24_01-09-09_label_A.mp4,A,A,normal,1,60.0,105.041667,45.041667,Mission.Impossible.Ghost.Protocol.2011__#01-07-24_01-09-09_label_A__seg0001_60.000-105.042.wav,no danger risk,0,clotho,a man is speaking while water is dripping in the background,-0.8646525740623474,Speech | Music,0.9291 | 0.0374 | 0.0884 | 0.0068 | 0.2393,ok,
XD-Violence,Mission.Impossible.Ghost.Protocol.2011__#01-24-59_01-28-30_label_A,False,normal (non-violent) class not used in this study,Mission.Impossible.Ghost.Protocol.2011__#01-24-59_01-28-30_label_A.mp4,A,A,normal,0,0.0,60.0,60.0,Mission.Impossible.Ghost.Protocol.2011__#01-24-59_01-28-30_label_A__seg0000_0.000-60.000.wav,no danger risk,0,clotho,a man is speaking while water is flowing in the background,-0.8061695098876953,Speech,0.9355 | 0.0091 | 0.0007 | 0.0005 | 0.0014,ok,
XD-Violence,Mission.Impossible.Ghost.Protocol.2011__#01-24-59_01-28-30_label_A,False,normal (non-violent) class not used in this study,Mission.Impossible.Ghost.Protocol.2011__#01-24-59_01-28-30_label_A.mp4,A,A,normal,1,60.0,120.0,60.0,Mission.Impossible.Ghost.Protocol.2011__#01-24-59_01-28-30_label_A__seg0001_60.000-120.000.wav,no danger risk,0,clotho,a man is speaking and then he turns a page over and over,-1.0862141847610474,Speech | Music,0.9528 | 0.0918 | 0.0038 | 0.0009 | 0.0051,ok,
XD-Violence,Mission.Impossible.Ghost.Protocol.2011__#01-24-59_01-28-30_label_A,False,normal (non-violent) class not used in this study,Mission.Impossible.Ghost.Protocol.2011__#01-24-59_01-28-30_label_A.mp4,A,A,normal,2,120.0,180.0,60.0,Mission.Impossible.Ghost.Protocol.2011__#01-24-59_01-28-30_label_A__seg0002_120.000-180.000.wav,no danger risk,0,clotho,a man is speaking and then he turns the page over and over again,-1.1059114933013916,Speech | Music,0.6563 | 0.0322 | 0.0136 | 0.0007 | 0.0272,ok,
XD-Violence,Mission.Impossible.Ghost.Protocol.2011__#01-24-59_01-28-30_label_A,False,normal (non-violent) class not used in this study,Mission.Impossible.Ghost.Protocol.2011__#01-24-59_01-28-30_label_A.mp4,A,A,normal,3,180.0,211.021333,31.021333,Mission.Impossible.Ghost.Protocol.2011__#01-24-59_01-28-30_label_A__seg0003_180.000-211.021.wav,no danger risk,0,clotho,a man is speaking and then he is talking,-1.3649446964263916,Speech | Music,0.5394 | 0.0959 | 0.0052 | 0.0003 | 0.0564,ok,
XD-Violence,Mission.Impossible.II.2000__#00-11-37_00-15-46_label_A,False,normal (non-violent) class not used in this study,Mission.Impossible.II.2000__#00-11-37_00-15-46_label_A.mp4,A,A,normal,0,0.0,29.332667,29.332667,Mission.Impossible.II.2000__#00-11-37_00-15-46_label_A__seg0000_0.000-29.333.wav,no danger risk,0,clotho,a person is walking on a hard surface with a stick,-1.478373646736145,Music,0.0106 | 0.0001 | 0.0003 | 0.0001 | 0.0002,ok,
XD-Violence,Mission.Impossible.II.2000__#00-24-30_00-30-10_label_A,False,normal (non-violent) class not used in this study,Mission.Impossible.II.2000__#00-24-30_00-30-10_label_A.mp4,A,A,normal,0,0.0,60.0,60.0,Mission.Impossible.II.2000__#00-24-30_00-30-10_label_A__seg0000_0.000-60.000.wav,no danger risk,0,clotho,a man is speaking and then a door is opened and closed,-0.7850110530853271,Speech,0.9044 | 0.1525 | 0.0048 | 0.0007 | 0.0079,ok,
XD-Violence,Mission.Impossible.II.2000__#00-24-30_00-30-10_label_A,False,normal (non-violent) class not used in this study,Mission.Impossible.II.2000__#00-24-30_00-30-10_label_A.mp4,A,A,normal,1,60.0,120.0,60.0,Mission.Impossible.II.2000__#00-24-30_00-30-10_label_A__seg0001_60.000-120.000.wav,no danger risk,0,clotho,a man is speaking over a tannoy system in the background,-1.033979415893555,"Speech | Male speech, man speaking | Whispering | Music",0.7647 | 0.304 | 0.0297 | 0.0002 | 0.1333,ok,
XD-Violence,Mission.Impossible.II.2000__#00-24-30_00-30-10_label_A,False,normal (non-violent) class not used in this study,Mission.Impossible.II.2000__#00-24-30_00-30-10_label_A.mp4,A,A,normal,2,120.0,180.0,60.0,Mission.Impossible.II.2000__#00-24-30_00-30-10_label_A__seg0002_120.000-180.000.wav,no danger risk,0,clotho,a man is speaking and then a phone rings,-0.9497088193893432,Speech,0.8931 | 0.0296 | 0.0004 | 0.0004 | 0.0019,ok,
XD-Violence,Mission.Impossible.II.2000__#00-24-30_00-30-10_label_A,False,normal (non-violent) class not used in this study,Mission.Impossible.II.2000__#00-24-30_00-30-10_label_A.mp4,A,A,normal,3,180.0,240.0,60.0,Mission.Impossible.II.2000__#00-24-30_00-30-10_label_A__seg0003_180.000-240.000.wav,no danger risk,0,clotho,a man is speaking and then he turns a page over,-1.0808618068695068,Speech,0.8776 | 0.2982 | 0.0028 | 0.001 | 0.0244,ok,
XD-Violence,Mission.Impossible.II.2000__#00-24-30_00-30-10_label_A,False,normal (non-violent) class not used in this study,Mission.Impossible.II.2000__#00-24-30_00-30-10_label_A.mp4,A,A,normal,4,240.0,300.0,60.0,Mission.Impossible.II.2000__#00-24-30_00-30-10_label_A__seg0004_240.000-300.000.wav,no danger risk,0,clotho,a man is speaking and then he turns the page over,-1.133671760559082,Speech | Music,0.816 | 0.1477 | 0.0036 | 0.0002 | 0.0679,ok,
XD-Violence,Mission.Impossible.II.2000__#00-24-30_00-30-10_label_A,False,normal (non-violent) class not used in this study,Mission.Impossible.II.2000__#00-24-30_00-30-10_label_A.mp4,A,A,normal,5,300.0,340.0165,40.0165,Mission.Impossible.II.2000__#00-24-30_00-30-10_label_A__seg0005_300.000-340.017.wav,no danger risk,0,clotho,a man is speaking and then he turns the page over,-1.3087576627731323,"Speech | Male speech, man speaking | Music",0.6554 | 0.3022 | 0.0011 | 0.0001 | 0.035,ok,
XD-Violence,Mission.Impossible.V.Rogue.Nation.2015__#01-29-39_01-33-39_label_A,False,normal (non-violent) class not used in this study,Mission.Impossible.V.Rogue.Nation.2015__#01-29-39_01-33-39_label_A.mp4,A,A,normal,0,0.0,60.0,60.0,Mission.Impossible.V.Rogue.Nation.2015__#01-29-39_01-33-39_label_A__seg0000_0.000-60.000.wav,no danger risk,0,clotho,a man is speaking while music is playing in the background,-0.779754102230072,Speech | Music,0.8756 | 0.0067 | 0.001 | 0.0012 | 0.004,ok,
XD-Violence,Mission.Impossible.V.Rogue.Nation.2015__#01-29-39_01-33-39_label_A,False,normal (non-violent) class not used in this study,Mission.Impossible.V.Rogue.Nation.2015__#01-29-39_01-33-39_label_A.mp4,A,A,normal,1,60.0,120.0,60.0,Mission.Impossible.V.Rogue.Nation.2015__#01-29-39_01-33-39_label_A__seg0001_60.000-120.000.wav,no danger risk,0,clotho,a man is speaking while a car is driving in the background,-1.0519970655441284,Speech | Music,0.6653 | 0.0074 | 0.0072 | 0.001 | 0.0075,ok,
XD-Violence,Mission.Impossible.V.Rogue.Nation.2015__#01-29-39_01-33-39_label_A,False,normal (non-violent) class not used in this study,Mission.Impossible.V.Rogue.Nation.2015__#01-29-39_01-33-39_label_A.mp4,A,A,normal,2,120.0,180.0,60.0,Mission.Impossible.V.Rogue.Nation.2015__#01-29-39_01-33-39_label_A__seg0002_120.000-180.000.wav,no danger risk,0,clotho,a man is speaking while a woman is talking in the background,-1.04628586769104,Speech | Music,0.474 | 0.0098 | 0.0138 | 0.0004 | 0.0187,ok,
XD-Violence,Mission.Impossible.V.Rogue.Nation.2015__#01-29-39_01-33-39_label_A,False,normal (non-violent) class not used in this study,Mission.Impossible.V.Rogue.Nation.2015__#01-29-39_01-33-39_label_A.mp4,A,A,normal,3,180.0,240.0,60.0,Mission.Impossible.V.Rogue.Nation.2015__#01-29-39_01-33-39_label_A__seg0003_180.000-240.000.wav,no danger risk,0,clotho,a man is speaking while music is playing in the background,-0.8341911435127258,Speech | Music | Raindrop | Rain on surface,0.6153 | 0.029 | 0.0131 | 0.0003 | 0.0209,ok,
XD-Violence,Mission.Impossible.V.Rogue.Nation.2015__#01-29-39_01-33-39_label_A,False,normal (non-violent) class not used in this study; caption generation failed (segment <= 0.17 s),Mission.Impossible.V.Rogue.Nation.2015__#01-29-39_01-33-39_label_A.mp4,A,A,normal,4,240.0,240.083333,0.083333,Mission.Impossible.V.Rogue.Nation.2015__#01-29-39_01-33-39_label_A__seg0004_240.000-240.083.wav,no danger risk,0,clotho,,,,,error,CoNeTTE error: input too short for the encoder's convolution kernel
XD-Violence,New.Kids.Turbo.2010__#00-41-30_00-42-05_label_A,False,normal (non-violent) class not used in this study,New.Kids.Turbo.2010__#00-41-30_00-42-05_label_A.mp4,A,A,normal,0,0.0,35.021333,35.021333,New.Kids.Turbo.2010__#00-41-30_00-42-05_label_A__seg0000_0.000-35.021.wav,no danger risk,0,clotho,a man is speaking and then another person is laughing,-1.131406307220459,Speech | Music,0.8446 | 0.1128 | 0.0084 | 0.0008 | 0.0714,ok,
XD-Violence,One.Day.2011__#01-02-50_01-07-05_label_A,False,normal (non-violent) class not used in this study,One.Day.2011__#01-02-50_01-07-05_label_A.mp4,A,A,normal,0,0.0,60.0,60.0,One.Day.2011__#01-02-50_01-07-05_label_A__seg0000_0.000-60.000.wav,no danger risk,0,clotho,a woman is speaking while music is playing in the background,-0.8483064770698547,Speech | Music,0.7627 | 0.0153 | 0.0968 | 0.0168 | 0.0173,ok,
XD-Violence,One.Day.2011__#01-02-50_01-07-05_label_A,False,normal (non-violent) class not used in this study,One.Day.2011__#01-02-50_01-07-05_label_A.mp4,A,A,normal,1,60.0,120.0,60.0,One.Day.2011__#01-02-50_01-07-05_label_A__seg0001_60.000-120.000.wav,no danger risk,0,clotho,a man is speaking while water is flowing in the background,-0.9643669128417968,Speech | Music,0.8051 | 0.0787 | 0.0401 | 0.0044 | 0.0518,ok,
XD-Violence,One.Day.2011__#01-02-50_01-07-05_label_A,False,normal (non-violent) class not used in this study,One.Day.2011__#01-02-50_01-07-05_label_A.mp4,A,A,normal,2,120.0,180.0,60.0,One.Day.2011__#01-02-50_01-07-05_label_A__seg0002_120.000-180.000.wav,no danger risk,0,clotho,a woman is speaking and then a door is opened and closed,-1.071831464767456,Speech | Music,0.9306 | 0.0141 | 0.0278 | 0.0047 | 0.0228,ok,
XD-Violence,One.Day.2011__#01-02-50_01-07-05_label_A,False,normal (non-violent) class not used in this study,One.Day.2011__#01-02-50_01-07-05_label_A.mp4,A,A,normal,3,180.0,240.0,60.0,One.Day.2011__#01-02-50_01-07-05_label_A__seg0003_180.000-240.000.wav,no danger risk,0,clotho,a man is speaking and breathing while others are talking in the background,-1.050787329673767,Speech | Whispering,0.7851 | 0.0095 | 0.008 | 0.0014 | 0.0167,ok,
XD-Violence,One.Day.2011__#01-02-50_01-07-05_label_A,False,normal (non-violent) class not used in this study,One.Day.2011__#01-02-50_01-07-05_label_A.mp4,A,A,normal,4,240.0,255.041667,15.041667,One.Day.2011__#01-02-50_01-07-05_label_A__seg0004_240.000-255.042.wav,no danger risk,0,clotho,a woman is speaking and breathing in the background,-1.1201207637786863,Speech | Whispering,0.6998 | 0.0078 | 0.0563 | 0.0018 | 0.0273,ok,
XD-Violence,Operation.Red.Sea.2018__#0-12-26_0-13-36_label_A,False,normal (non-violent) class not used in this study,Operation.Red.Sea.2018__#0-12-26_0-13-36_label_A.mp4,A,A,normal,0,0.0,60.0,60.0,Operation.Red.Sea.2018__#0-12-26_0-13-36_label_A__seg0000_0.000-60.000.wav,no danger risk,0,clotho,a man is speaking and then he is talking,-1.2508723735809326,Speech,0.8239 | 0.1449 | 0.002 | 0.0002 | 0.0097,ok,
XD-Violence,Operation.Red.Sea.2018__#0-12-26_0-13-36_label_A,False,normal (non-violent) class not used in this study,Operation.Red.Sea.2018__#0-12-26_0-13-36_label_A.mp4,A,A,normal,1,60.0,70.021333,10.021333,Operation.Red.Sea.2018__#0-12-26_0-13-36_label_A__seg0001_60.000-70.021.wav,no danger risk,0,clotho,a man is speaking and then he is talking,-1.235204815864563,Speech,0.8546 | 0.1037 | 0.0038 | 0.0007 | 0.0332,ok,
XD-Violence,Operation.Red.Sea.2018__#0-45-54_0-46-33_label_A,False,normal (non-violent) class not used in this study,Operation.Red.Sea.2018__#0-45-54_0-46-33_label_A.mp4,A,A,normal,0,0.0,39.021333,39.021333,Operation.Red.Sea.2018__#0-45-54_0-46-33_label_A__seg0000_0.000-39.021.wav,no danger risk,0,clotho,a man is speaking and then a gun is fired,-0.8644503951072693,Speech,0.8055 | 0.1871 | 0.0315 | 0.0012 | 0.0833,ok,
XD-Violence,Quantum.Of.Solace.2008__#00-47-29_00-50-52_label_A,False,normal (non-violent) class not used in this study,Quantum.Of.Solace.2008__#00-47-29_00-50-52_label_A.mp4,A,A,normal,0,0.0,60.0,60.0,Quantum.Of.Solace.2008__#00-47-29_00-50-52_label_A__seg0000_0.000-60.000.wav,no danger risk,0,clotho,a man speaks and then a door opens and closes,-0.9943212270736694,Speech | Music | Thunk,0.696 | 0.003 | 0.0118 | 0.0016 | 0.0121,ok,
XD-Violence,Quantum.Of.Solace.2008__#00-47-29_00-50-52_label_A,False,normal (non-violent) class not used in this study,Quantum.Of.Solace.2008__#00-47-29_00-50-52_label_A.mp4,A,A,normal,1,60.0,120.0,60.0,Quantum.Of.Solace.2008__#00-47-29_00-50-52_label_A__seg0001_60.000-120.000.wav,no danger risk,0,clotho,a man is speaking and then water is poured,-1.014715552330017,Speech | Pour,0.9038 | 0.0266 | 0.0015 | 0.0006 | 0.0227,ok,
XD-Violence,Quantum.Of.Solace.2008__#00-47-29_00-50-52_label_A,False,normal (non-violent) class not used in this study,Quantum.Of.Solace.2008__#00-47-29_00-50-52_label_A.mp4,A,A,normal,2,120.0,180.0,60.0,Quantum.Of.Solace.2008__#00-47-29_00-50-52_label_A__seg0002_120.000-180.000.wav,no danger risk,0,clotho,a man is speaking and then he is talking,-1.039527416229248,Speech,0.8111 | 0.0213 | 0.001 | 0.0001 | 0.005,ok,
XD-Violence,Quantum.Of.Solace.2008__#00-47-29_00-50-52_label_A,False,normal (non-violent) class not used in this study,Quantum.Of.Solace.2008__#00-47-29_00-50-52_label_A.mp4,A,A,normal,3,180.0,203.041667,23.041667,Quantum.Of.Solace.2008__#00-47-29_00-50-52_label_A__seg0003_180.000-203.042.wav,no danger risk,0,clotho,a man is speaking and then he is talking,-1.055184245109558,Speech,0.8781 | 0.0347 | 0.0081 | 0.0009 | 0.0491,ok,
XD-Violence,Rush.Hour.3.2007.BluRay__#01-00-40_01-04-00_label_A,False,normal (non-violent) class not used in this study,Rush.Hour.3.2007.BluRay__#01-00-40_01-04-00_label_A.mp4,A,A,normal,0,0.0,60.0,60.0,Rush.Hour.3.2007.BluRay__#01-00-40_01-04-00_label_A__seg0000_0.000-60.000.wav,no danger risk,0,clotho,a man is speaking and then a woman speaks,-1.119966745376587,"Speech | Music | Thunk | Inside, large room or hall",0.9767 | 0.041 | 0.0475 | 0.0085 | 0.0384,ok,
XD-Violence,Rush.Hour.3.2007.BluRay__#01-00-40_01-04-00_label_A,False,normal (non-violent) class not used in this study,Rush.Hour.3.2007.BluRay__#01-00-40_01-04-00_label_A.mp4,A,A,normal,1,60.0,120.0,60.0,Rush.Hour.3.2007.BluRay__#01-00-40_01-04-00_label_A__seg0001_60.000-120.000.wav,no danger risk,0,clotho,a woman is speaking while music plays in the background,-0.7483944296836853,Speech | Music,0.7757 | 0.1701 | 0.0761 | 0.0009 | 0.1565,ok,
XD-Violence,Rush.Hour.3.2007.BluRay__#01-00-40_01-04-00_label_A,False,normal (non-violent) class not used in this study,Rush.Hour.3.2007.BluRay__#01-00-40_01-04-00_label_A.mp4,A,A,normal,2,120.0,180.0,60.0,Rush.Hour.3.2007.BluRay__#01-00-40_01-04-00_label_A__seg0002_120.000-180.000.wav,no danger risk,0,clotho,a man is speaking and then a car door opens and closes,-0.8131930828094482,Speech,0.8605 | 0.1178 | 0.0063 | 0.001 | 0.0318,ok,
XD-Violence,Rush.Hour.3.2007.BluRay__#01-00-40_01-04-00_label_A,False,normal (non-violent) class not used in this study,Rush.Hour.3.2007.BluRay__#01-00-40_01-04-00_label_A.mp4,A,A,normal,3,180.0,200.041667,20.041667,Rush.Hour.3.2007.BluRay__#01-00-40_01-04-00_label_A__seg0003_180.000-200.042.wav,no danger risk,0,clotho,a man is speaking and then he is talking,-1.1081047058105469,"Speech | Male speech, man speaking | Music",0.8945 | 0.6229 | 0.0066 | 0.0004 | 0.0452,ok,
XD-Violence,Salt.2010__#00-02-10_00-03-57_label_A,False,normal (non-violent) class not used in this study,Salt.2010__#00-02-10_00-03-57_label_A.mp4,A,A,normal,0,0.0,60.0,60.0,Salt.2010__#00-02-10_00-03-57_label_A__seg0000_0.000-60.000.wav,no danger risk,0,clotho,a man is speaking while birds are chirping in the background,-0.6929583549499512,Speech | Animal | Music,0.8869 | 0.0345 | 0.0048 | 0.0013 | 0.0233,ok,
XD-Violence,Salt.2010__#00-02-10_00-03-57_label_A,False,normal (non-violent) class not used in this study,Salt.2010__#00-02-10_00-03-57_label_A.mp4,A,A,normal,1,60.0,107.041667,47.041667,Salt.2010__#00-02-10_00-03-57_label_A__seg0001_60.000-107.042.wav,no danger risk,0,clotho,a man is speaking while music is playing in the background,-0.6977344155311584,Speech | Music,0.8318 | 0.0162 | 0.0025 | 0.0005 | 0.0036,ok,
XD-Violence,Salt.2010__#00-13-45_00-16-10_label_A,False,normal (non-violent) class not used in this study,Salt.2010__#00-13-45_00-16-10_label_A.mp4,A,A,normal,0,0.0,60.0,60.0,Salt.2010__#00-13-45_00-16-10_label_A__seg0000_0.000-60.000.wav,no danger risk,0,clotho,a man is speaking and then he is talking,-1.320584774017334,Speech | Music,0.8268 | 0.2898 | 0.0767 | 0.0005 | 0.2447,ok,
XD-Violence,Salt.2010__#00-13-45_00-16-10_label_A,False,normal (non-violent) class not used in this study,Salt.2010__#00-13-45_00-16-10_label_A.mp4,A,A,normal,1,60.0,120.0,60.0,Salt.2010__#00-13-45_00-16-10_label_A__seg0001_60.000-120.000.wav,no danger risk,0,clotho,a woman is speaking and then a door is opened and closed,-0.9846445918083192,Speech | Music,0.8968 | 0.0089 | 0.0652 | 0.0017 | 0.1496,ok,
XD-Violence,Salt.2010__#00-13-45_00-16-10_label_A,False,normal (non-violent) class not used in this study,Salt.2010__#00-13-45_00-16-10_label_A.mp4,A,A,normal,2,120.0,145.041667,25.041667,Salt.2010__#00-13-45_00-16-10_label_A__seg0002_120.000-145.042.wav,no danger risk,0,clotho,a woman is speaking while a door is opened and closed,-0.9224805235862732,Speech | Music | Thunk,0.9261 | 0.0303 | 0.0634 | 0.005 | 0.0295,ok,
XD-Violence,Salt.2010__#01-16-00_01-16-50_label_A,False,normal (non-violent) class not used in this study,Salt.2010__#01-16-00_01-16-50_label_A.mp4,A,A,normal,0,0.0,50.041667,50.041667,Salt.2010__#01-16-00_01-16-50_label_A__seg0000_0.000-50.042.wav,no danger risk,0,clotho,a man is speaking and then a door is opened and closed,-1.1653438806533811,Speech | Music,0.8462 | 0.0414 | 0.0062 | 0.0017 | 0.0401,ok,
XD-Violence,Saving.Private.Ryan.1998__#02-00-56_02-03-06_label_A,False,normal (non-violent) class not used in this study,Saving.Private.Ryan.1998__#02-00-56_02-03-06_label_A.mp4,A,A,normal,0,0.0,60.0,60.0,Saving.Private.Ryan.1998__#02-00-56_02-03-06_label_A__seg0000_0.000-60.000.wav,no danger risk,0,clotho,a man is speaking and a woman is singing and a person is laughing,-1.3206058740615845,Speech | Music,0.6768 | 0.0147 | 0.0028 | 0.001 | 0.0039,ok,
XD-Violence,Saving.Private.Ryan.1998__#02-00-56_02-03-06_label_A,False,normal (non-violent) class not used in this study,Saving.Private.Ryan.1998__#02-00-56_02-03-06_label_A.mp4,A,A,normal,1,60.0,120.0,60.0,Saving.Private.Ryan.1998__#02-00-56_02-03-06_label_A__seg0001_60.000-120.000.wav,no danger risk,0,clotho,a man is speaking and a child is laughing and a woman is talking,-1.1746604442596436,Speech | Music,0.8576 | 0.0164 | 0.004 | 0.0021 | 0.0125,ok,
XD-Violence,Saving.Private.Ryan.1998__#02-00-56_02-03-06_label_A,False,normal (non-violent) class not used in this study,Saving.Private.Ryan.1998__#02-00-56_02-03-06_label_A.mp4,A,A,normal,2,120.0,130.041667,10.041667,Saving.Private.Ryan.1998__#02-00-56_02-03-06_label_A__seg0002_120.000-130.042.wav,no danger risk,0,clotho,a man is speaking while a person is singing in the background,-1.0681281089782717,Speech | Music,0.784 | 0.0055 | 0.0008 | 0.0003 | 0.0019,ok,
XD-Violence,Shoot.Em.Up.2007__#00-25-50_00-27-10_label_A,False,normal (non-violent) class not used in this study,Shoot.Em.Up.2007__#00-25-50_00-27-10_label_A.mp4,A,A,normal,0,0.0,60.0,60.0,Shoot.Em.Up.2007__#00-25-50_00-27-10_label_A__seg0000_0.000-60.000.wav,no danger risk,0,clotho,a man is speaking and then a car door opens and closes,-0.8523539304733276,Speech | Music,0.9075 | 0.0108 | 0.0023 | 0.0041 | 0.0074,ok,
XD-Violence,Shoot.Em.Up.2007__#00-25-50_00-27-10_label_A,False,normal (non-violent) class not used in this study,Shoot.Em.Up.2007__#00-25-50_00-27-10_label_A.mp4,A,A,normal,1,60.0,80.041667,20.041667,Shoot.Em.Up.2007__#00-25-50_00-27-10_label_A__seg0001_60.000-80.042.wav,no danger risk,0,clotho,a woman is speaking while a door is opened and closed,-0.8665029406547546,Speech | Music,0.8862 | 0.0047 | 0.012 | 0.0062 | 0.0101,ok,
XD-Violence,Shoplifters.2018__#00-17-30_00-19-10_label_A,False,normal (non-violent) class not used in this study,Shoplifters.2018__#00-17-30_00-19-10_label_A.mp4,A,A,normal,0,0.0,60.0,60.0,Shoplifters.2018__#00-17-30_00-19-10_label_A__seg0000_0.000-60.000.wav,no danger risk,0,clotho,a woman is speaking while a scraping occurs in the background,-1.1873047351837158,Speech,0.5376 | 0.0009 | 0.0029 | 0.1897 | 0.0013,ok,
XD-Violence,Shoplifters.2018__#00-17-30_00-19-10_label_A,False,normal (non-violent) class not used in this study,Shoplifters.2018__#00-17-30_00-19-10_label_A.mp4,A,A,normal,1,60.0,100.041667,40.041667,Shoplifters.2018__#00-17-30_00-19-10_label_A__seg0001_60.000-100.042.wav,no danger risk,0,clotho,a woman is speaking while water is flowing in the background,-0.9368885159492492,"Speech | Chewing, mastication",0.7533 | 0.0007 | 0.0005 | 0.0023 | 0.0067,ok,
XD-Violence,Sin.City.2005__#01-43-21_01-44-21_label_A,False,normal (non-violent) class not used in this study,Sin.City.2005__#01-43-21_01-44-21_label_A.mp4,A,A,normal,0,0.0,60.0,60.0,Sin.City.2005__#01-43-21_01-44-21_label_A__seg0000_0.000-60.000.wav,no danger risk,0,clotho,a man is speaking while a siren is blaring in the background,-0.9645856022834778,Speech | Music,0.7522 | 0.1081 | 0.0612 | 0.0114 | 0.0549,ok,
XD-Violence,Sin.City.2005__#01-43-21_01-44-21_label_A,False,normal (non-violent) class not used in this study; caption generation failed (segment <= 0.17 s),Sin.City.2005__#01-43-21_01-44-21_label_A.mp4,A,A,normal,1,60.0,60.041667,0.041667,Sin.City.2005__#01-43-21_01-44-21_label_A__seg0001_60.000-60.042.wav,no danger risk,0,clotho,,,,,error,CoNeTTE error: input too short for the encoder's convolution kernel
XD-Violence,Skyfall.2012__#02-14-50_02-16-25_label_A,False,normal (non-violent) class not used in this study,Skyfall.2012__#02-14-50_02-16-25_label_A.mp4,A,A,normal,0,0.0,60.0,60.0,Skyfall.2012__#02-14-50_02-16-25_label_A__seg0000_0.000-60.000.wav,no danger risk,0,clotho,a man is speaking and then a car horn honks,-1.042679786682129,Speech,0.6456 | 0.0106 | 0.0126 | 0.0111 | 0.019,ok,
XD-Violence,Skyfall.2012__#02-14-50_02-16-25_label_A,False,normal (non-violent) class not used in this study,Skyfall.2012__#02-14-50_02-16-25_label_A.mp4,A,A,normal,1,60.0,95.041667,35.041667,Skyfall.2012__#02-14-50_02-16-25_label_A__seg0001_60.000-95.042.wav,no danger risk,0,clotho,a man is speaking and then a car passes by,-1.0373927354812622,Speech | Eruption,0.7194 | 0.0253 | 0.0023 | 0.0011 | 0.0065,ok,
XD-Violence,Spectre.2015__#00-16-41_00-18-55_label_A,False,normal (non-violent) class not used in this study,Spectre.2015__#00-16-41_00-18-55_label_A.mp4,A,A,normal,0,0.0,60.0,60.0,Spectre.2015__#00-16-41_00-18-55_label_A__seg0000_0.000-60.000.wav,no danger risk,0,clotho,a man is speaking and then he is talking,-0.9657214283943176,"Speech | Male speech, man speaking",0.8575 | 0.324 | 0.0005 | 0.0001 | 0.0037,ok,
XD-Violence,Spectre.2015__#00-16-41_00-18-55_label_A,False,normal (non-violent) class not used in this study,Spectre.2015__#00-16-41_00-18-55_label_A.mp4,A,A,normal,1,60.0,120.0,60.0,Spectre.2015__#00-16-41_00-18-55_label_A__seg0001_60.000-120.000.wav,no danger risk,0,clotho,a man is speaking and then he is talking,-1.009153962135315,Speech,0.9127 | 0.2171 | 0.0093 | 0.0002 | 0.0823,ok,
XD-Violence,Spectre.2015__#00-16-41_00-18-55_label_A,False,normal (non-violent) class not used in this study,Spectre.2015__#00-16-41_00-18-55_label_A.mp4,A,A,normal,2,120.0,134.021333,14.021333,Spectre.2015__#00-16-41_00-18-55_label_A__seg0002_120.000-134.021.wav,no danger risk,0,clotho,a man is speaking and then he is talking,-1.1217268705368042,Speech,0.8491 | 0.1535 | 0.0026 | 0.0002 | 0.0357,ok,
XD-Violence,Spectre.2015__#01-17-22_01-18-53_label_A,False,normal (non-violent) class not used in this study,Spectre.2015__#01-17-22_01-18-53_label_A.mp4,A,A,normal,0,0.0,60.0,60.0,Spectre.2015__#01-17-22_01-18-53_label_A__seg0000_0.000-60.000.wav,no danger risk,0,clotho,a person is walking on a hard surface and a cow moos and people are,-1.209750056266785,Speech | Music,0.6587 | 0.0052 | 0.0104 | 0.0086 | 0.0013,ok,
XD-Violence,Spectre.2015__#01-17-22_01-18-53_label_A,False,normal (non-violent) class not used in this study,Spectre.2015__#01-17-22_01-18-53_label_A.mp4,A,A,normal,1,60.0,91.021333,31.021333,Spectre.2015__#01-17-22_01-18-53_label_A__seg0001_60.000-91.021.wav,no danger risk,0,clotho,a woman is speaking while music is playing in the background,-0.8222648501396179,Speech | Music | Singing bowl,0.8405 | 0.0369 | 0.0199 | 0.0014 | 0.0386,ok,
XD-Violence,Still.Walking.2008__#00-16-18_00-17-27_label_A,False,normal (non-violent) class not used in this study,Still.Walking.2008__#00-16-18_00-17-27_label_A.mp4,A,A,normal,0,0.0,60.0,60.0,Still.Walking.2008__#00-16-18_00-17-27_label_A__seg0000_0.000-60.000.wav,no danger risk,0,clotho,a bell rings and a woman speaks while a child laughs,-1.1385958194732666,"Speech | Child speech, kid speaking",0.5349 | 0.0012 | 0.0049 | 0.5855 | 0.0088,ok,
XD-Violence,Still.Walking.2008__#00-16-18_00-17-27_label_A,False,normal (non-violent) class not used in this study,Still.Walking.2008__#00-16-18_00-17-27_label_A.mp4,A,A,normal,1,60.0,69.041667,9.041667,Still.Walking.2008__#00-16-18_00-17-27_label_A__seg0001_60.000-69.042.wav,no danger risk,0,clotho,a man is speaking and he is breathing,-1.186858296394348,Speech,0.9141 | 0.0158 | 0.017 | 0.0059 | 0.0977,ok,
XD-Violence,Still.Walking.2008__#00-51-55_00-55-16_label_A,False,normal (non-violent) class not used in this study,Still.Walking.2008__#00-51-55_00-55-16_label_A.mp4,A,A,normal,0,0.0,60.0,60.0,Still.Walking.2008__#00-51-55_00-55-16_label_A__seg0000_0.000-60.000.wav,no danger risk,0,clotho,a woman is speaking and then a child is talking,-1.2343405485153198,Speech,0.8067 | 0.0022 | 0.007 | 0.1739 | 0.0371,ok,
XD-Violence,Still.Walking.2008__#00-51-55_00-55-16_label_A,False,normal (non-violent) class not used in this study,Still.Walking.2008__#00-51-55_00-55-16_label_A.mp4,A,A,normal,1,60.0,120.0,60.0,Still.Walking.2008__#00-51-55_00-55-16_label_A__seg0001_60.000-120.000.wav,no danger risk,0,clotho,a woman is speaking while a bird is chirping in the background,-0.8637428879737854,Speech | Music | Musical instrument,0.6671 | 0.0003 | 0.0011 | 0.0302 | 0.001,ok,
XD-Violence,Still.Walking.2008__#00-51-55_00-55-16_label_A,False,normal (non-violent) class not used in this study,Still.Walking.2008__#00-51-55_00-55-16_label_A.mp4,A,A,normal,2,120.0,180.0,60.0,Still.Walking.2008__#00-51-55_00-55-16_label_A__seg0002_120.000-180.000.wav,no danger risk,0,clotho,a man is speaking while a dog is barking in the background,-0.9906211495399476,"Speech | Outside, rural or natural",0.7329 | 0.0004 | 0.0004 | 0.0078 | 0.0002,ok,
XD-Violence,Still.Walking.2008__#00-51-55_00-55-16_label_A,False,normal (non-violent) class not used in this study,Still.Walking.2008__#00-51-55_00-55-16_label_A.mp4,A,A,normal,3,180.0,201.083333,21.083333,Still.Walking.2008__#00-51-55_00-55-16_label_A__seg0003_180.000-201.083.wav,no danger risk,0,clotho,a man is speaking while a dog barks in the background,-1.006105899810791,"Speech | Walk, footsteps | Music | Outside, rural or natural",0.8213 | 0.0054 | 0.0031 | 0.006 | 0.0021,ok,
XD-Violence,Still.Walking.2008__#01-02-18_01-03-10_label_A,False,normal (non-violent) class not used in this study,Still.Walking.2008__#01-02-18_01-03-10_label_A.mp4,A,A,normal,0,0.0,52.041667,52.041667,Still.Walking.2008__#01-02-18_01-03-10_label_A__seg0000_0.000-52.042.wav,no danger risk,0,clotho,a man is speaking and then a door is opened and closed,-0.906063199043274,Speech,0.6707 | 0.0067 | 0.0051 | 0.1011 | 0.0583,ok,
XD-Violence,Taken.2.UNRATED.EXTENDED.2012__#00-17-08_00-17-30_label_A,False,normal (non-violent) class not used in this study,Taken.2.UNRATED.EXTENDED.2012__#00-17-08_00-17-30_label_A.mp4,A,A,normal,0,0.0,22.041667,22.041667,Taken.2.UNRATED.EXTENDED.2012__#00-17-08_00-17-30_label_A__seg0000_0.000-22.042.wav,no danger risk,0,clotho,a man is speaking while music is playing in the background,-0.7153690457344055,Speech | Music,0.8466 | 0.0062 | 0.0005 | 0.0002 | 0.0018,ok,
XD-Violence,Taken.3.2014__#00-36-03_00-36-48_label_A,False,normal (non-violent) class not used in this study,Taken.3.2014__#00-36-03_00-36-48_label_A.mp4,A,A,normal,0,0.0,45.041667,45.041667,Taken.3.2014__#00-36-03_00-36-48_label_A__seg0000_0.000-45.042.wav,no danger risk,0,clotho,a man is speaking and then a door is opened and closed,-0.9710976481437684,Speech | Music,0.9232 | 0.2762 | 0.01 | 0.0002 | 0.0962,ok,
XD-Violence,Taken.3.2014__#01-20-10_01-21-30_label_A,False,normal (non-violent) class not used in this study,Taken.3.2014__#01-20-10_01-21-30_label_A.mp4,A,A,normal,0,0.0,60.0,60.0,Taken.3.2014__#01-20-10_01-21-30_label_A__seg0000_0.000-60.000.wav,no danger risk,0,clotho,a man is speaking and then he turns a page over and over,-1.0602023601531982,Speech | Music,0.9166 | 0.176 | 0.044 | 0.0012 | 0.1175,ok,
XD-Violence,Taken.3.2014__#01-20-10_01-21-30_label_A,False,normal (non-violent) class not used in this study,Taken.3.2014__#01-20-10_01-21-30_label_A.mp4,A,A,normal,1,60.0,80.041667,20.041667,Taken.3.2014__#01-20-10_01-21-30_label_A__seg0001_60.000-80.042.wav,no danger risk,0,clotho,a man is speaking and then he turns a page on,-1.4142626523971558,"Speech | Male speech, man speaking | Music",0.8655 | 0.3604 | 0.0373 | 0.002 | 0.1822,ok,
XD-Violence,The.Attorney.2013__#00-47-00_00-49-30_label_A,False,normal (non-violent) class not used in this study,The.Attorney.2013__#00-47-00_00-49-30_label_A.mp4,A,A,normal,0,0.0,60.0,60.0,The.Attorney.2013__#00-47-00_00-49-30_label_A__seg0000_0.000-60.000.wav,no danger risk,0,clotho,a man is speaking and then he is breathing,-1.0153299570083618,Speech,0.8734 | 0.0256 | 0.0017 | 0.0003 | 0.0055,ok,
XD-Violence,The.Attorney.2013__#00-47-00_00-49-30_label_A,False,normal (non-violent) class not used in this study,The.Attorney.2013__#00-47-00_00-49-30_label_A.mp4,A,A,normal,1,60.0,120.0,60.0,The.Attorney.2013__#00-47-00_00-49-30_label_A__seg0001_60.000-120.000.wav,no danger risk,0,clotho,a man is speaking and then a person is breathing,-1.1450921297073364,Speech,0.8419 | 0.0451 | 0.0011 | 0.0005 | 0.0115,ok,
XD-Violence,The.Attorney.2013__#00-47-00_00-49-30_label_A,False,normal (non-violent) class not used in this study,The.Attorney.2013__#00-47-00_00-49-30_label_A.mp4,A,A,normal,2,120.0,150.041667,30.041667,The.Attorney.2013__#00-47-00_00-49-30_label_A__seg0002_120.000-150.042.wav,no danger risk,0,clotho,a man is speaking and then a door is opened and closed,-0.8898123502731323,Speech | Music | Door,0.9449 | 0.0299 | 0.0263 | 0.0057 | 0.0728,ok,
XD-Violence,The.Bourne.Identity.2002__#0-29-16_0-32-00_label_A,False,normal (non-violent) class not used in this study,The.Bourne.Identity.2002__#0-29-16_0-32-00_label_A.mp4,A,A,normal,0,0.0,60.0,60.0,The.Bourne.Identity.2002__#0-29-16_0-32-00_label_A__seg0000_0.000-60.000.wav,no danger risk,0,clotho,a man is speaking while cars are passing by in the background,-0.7213907837867737,Speech | Vehicle,0.7741 | 0.0081 | 0.0196 | 0.0014 | 0.0253,ok,
XD-Violence,The.Bourne.Identity.2002__#0-29-16_0-32-00_label_A,False,normal (non-violent) class not used in this study,The.Bourne.Identity.2002__#0-29-16_0-32-00_label_A.mp4,A,A,normal,1,60.0,120.0,60.0,The.Bourne.Identity.2002__#0-29-16_0-32-00_label_A__seg0001_60.000-120.000.wav,no danger risk,0,clotho,a man is speaking while cars are passing by in the background,-0.79251629114151,Speech | Vehicle | Eruption,0.7069 | 0.0085 | 0.0019 | 0.001 | 0.0072,ok,
XD-Violence,The.Bourne.Identity.2002__#0-29-16_0-32-00_label_A,False,normal (non-violent) class not used in this study,The.Bourne.Identity.2002__#0-29-16_0-32-00_label_A.mp4,A,A,normal,2,120.0,164.041667,44.041667,The.Bourne.Identity.2002__#0-29-16_0-32-00_label_A__seg0002_120.000-164.042.wav,no danger risk,0,clotho,a man is speaking while cars drive by in the background,-0.6948564648628235,Speech | Vehicle,0.7363 | 0.0072 | 0.001 | 0.0009 | 0.0032,ok,
XD-Violence,The.Bourne.Identity.2002__#0-57-11_0-58-45_label_A,False,normal (non-violent) class not used in this study,The.Bourne.Identity.2002__#0-57-11_0-58-45_label_A.mp4,A,A,normal,0,0.0,60.0,60.0,The.Bourne.Identity.2002__#0-57-11_0-58-45_label_A__seg0000_0.000-60.000.wav,no danger risk,0,clotho,a man speaks and then a door opens and closes,-0.8656965494155884,"Speech | Inside, large room or hall",0.8708 | 0.0103 | 0.0017 | 0.0048 | 0.0004,ok,
XD-Violence,The.Bourne.Identity.2002__#0-57-11_0-58-45_label_A,False,normal (non-violent) class not used in this study,The.Bourne.Identity.2002__#0-57-11_0-58-45_label_A.mp4,A,A,normal,1,60.0,94.041667,34.041667,The.Bourne.Identity.2002__#0-57-11_0-58-45_label_A__seg0001_60.000-94.042.wav,no danger risk,0,clotho,a man is speaking while music plays in the background,-0.6867474913597107,Speech | Music,0.8884 | 0.0091 | 0.0038 | 0.0008 | 0.0053,ok,
XD-Violence,The.Bourne.Identity.2002__#01-09-16_01-11-16_label_A,False,normal (non-violent) class not used in this study,The.Bourne.Identity.2002__#01-09-16_01-11-16_label_A.mp4,A,A,normal,0,0.0,60.0,60.0,The.Bourne.Identity.2002__#01-09-16_01-11-16_label_A__seg0000_0.000-60.000.wav,no danger risk,0,clotho,a man is speaking while walking in the background and a door opens and closes,-1.2242814302444458,"Speech | Walk, footsteps | Music",0.9483 | 0.0028 | 0.0056 | 0.0229 | 0.046,ok,
XD-Violence,The.Bourne.Identity.2002__#01-09-16_01-11-16_label_A,False,normal (non-violent) class not used in this study,The.Bourne.Identity.2002__#01-09-16_01-11-16_label_A.mp4,A,A,normal,1,60.0,120.0,60.0,The.Bourne.Identity.2002__#01-09-16_01-11-16_label_A__seg0001_60.000-120.000.wav,no danger risk,0,clotho,a man is speaking and then a woman is talking,-1.2269574403762815,Speech | Music,0.8244 | 0.1107 | 0.0337 | 0.0083 | 0.1603,ok,
XD-Violence,The.Bourne.Identity.2002__#01-09-16_01-11-16_label_A,False,normal (non-violent) class not used in this study; caption generation failed (segment <= 0.17 s),The.Bourne.Identity.2002__#01-09-16_01-11-16_label_A.mp4,A,A,normal,2,120.0,120.083333,0.083333,The.Bourne.Identity.2002__#01-09-16_01-11-16_label_A__seg0002_120.000-120.083.wav,no danger risk,0,clotho,,,,,error,CoNeTTE error: input too short for the encoder's convolution kernel
XD-Violence,The.Bourne.Supremacy.2004__#0-58-18_01-00-58_label_A,False,normal (non-violent) class not used in this study,The.Bourne.Supremacy.2004__#0-58-18_01-00-58_label_A.mp4,A,A,normal,0,0.0,60.0,60.0,The.Bourne.Supremacy.2004__#0-58-18_01-00-58_label_A__seg0000_0.000-60.000.wav,no danger risk,0,clotho,a man is speaking and then a door is opened and closed,-0.9631088972091676,Speech,0.8043 | 0.0175 | 0.0074 | 0.0022 | 0.0594,ok,
XD-Violence,The.Bourne.Supremacy.2004__#0-58-18_01-00-58_label_A,False,normal (non-violent) class not used in this study,The.Bourne.Supremacy.2004__#0-58-18_01-00-58_label_A.mp4,A,A,normal,1,60.0,120.0,60.0,The.Bourne.Supremacy.2004__#0-58-18_01-00-58_label_A__seg0001_60.000-120.000.wav,no danger risk,0,clotho,people are talking while cars are driving by in the background,-0.9418976902961732,Speech | Music,0.8658 | 0.0125 | 0.0014 | 0.0017 | 0.0039,ok,
XD-Violence,The.Bourne.Supremacy.2004__#0-58-18_01-00-58_label_A,False,normal (non-violent) class not used in this study,The.Bourne.Supremacy.2004__#0-58-18_01-00-58_label_A.mp4,A,A,normal,2,120.0,160.083333,40.083333,The.Bourne.Supremacy.2004__#0-58-18_01-00-58_label_A__seg0002_120.000-160.083.wav,no danger risk,0,clotho,a person is typing on a keyboard while a machine is running in the background,-1.091690182685852,Music,0.0181 | 0.0004 | 0.0001 | 0.0001 | 0.0002,ok,
XD-Violence,The.Bourne.Supremacy.2004__#01-34-52_01-35-50_label_A,False,normal (non-violent) class not used in this study,The.Bourne.Supremacy.2004__#01-34-52_01-35-50_label_A.mp4,A,A,normal,0,0.0,58.041667,58.041667,The.Bourne.Supremacy.2004__#01-34-52_01-35-50_label_A__seg0000_0.000-58.042.wav,no danger risk,0,clotho,a person is playing a piano while a woman is speaking in the background,-1.3763139247894287,Speech | Music,0.6476 | 0.0068 | 0.0021 | 0.0091 | 0.0006,ok,
XD-Violence,The.Bourne.Ultimatum.2007__#0-55-55_0-56-10_label_A,False,normal (non-violent) class not used in this study,The.Bourne.Ultimatum.2007__#0-55-55_0-56-10_label_A.mp4,A,A,normal,0,0.0,15.041667,15.041667,The.Bourne.Ultimatum.2007__#0-55-55_0-56-10_label_A__seg0000_0.000-15.042.wav,no danger risk,0,clotho,a car is driving by and a bird is chirping,-1.162753701210022,Music | Vehicle,0.0252 | 0.0002 | 0.0001 | 0.0005 | 0.0001,ok,
XD-Violence,The.Bourne.Ultimatum.2007__#01-32-57_01-33-53_label_A,False,normal (non-violent) class not used in this study,The.Bourne.Ultimatum.2007__#01-32-57_01-33-53_label_A.mp4,A,A,normal,0,0.0,56.041667,56.041667,The.Bourne.Ultimatum.2007__#01-32-57_01-33-53_label_A__seg0000_0.000-56.042.wav,no danger risk,0,clotho,a man is speaking while cars are passing by and a car horn honks,-0.8765084147453308,Speech | Music | Vehicle,0.85 | 0.006 | 0.0028 | 0.0004 | 0.0073,ok,
XD-Violence,The.Fast.and.the.Furious.2001__#00-26-09_00-26-52_label_A,False,normal (non-violent) class not used in this study,The.Fast.and.the.Furious.2001__#00-26-09_00-26-52_label_A.mp4,A,A,normal,0,0.0,43.041667,43.041667,The.Fast.and.the.Furious.2001__#00-26-09_00-26-52_label_A__seg0000_0.000-43.042.wav,no danger risk,0,clotho,a man is speaking while cars are driving by in the background,-0.876408576965332,Speech | Music | Vehicle | Car,0.7927 | 0.0069 | 0.0002 | 0.0003 | 0.0008,ok,
XD-Violence,The.Fast.and.the.Furious.2001__#01-38-50_01-39-59_label_A,False,normal (non-violent) class not used in this study,The.Fast.and.the.Furious.2001__#01-38-50_01-39-59_label_A.mp4,A,A,normal,0,0.0,60.0,60.0,The.Fast.and.the.Furious.2001__#01-38-50_01-39-59_label_A__seg0000_0.000-60.000.wav,no danger risk,0,clotho,a man is speaking while a car is driving by and a siren is blaring,-1.0004475116729736,Speech | Music | Vehicle | Car | Police car (siren),0.4494 | 0.0003 | 0.0001 | 0.0003 | 0.0001,ok,
XD-Violence,The.Fast.and.the.Furious.2001__#01-38-50_01-39-59_label_A,False,normal (non-violent) class not used in this study,The.Fast.and.the.Furious.2001__#01-38-50_01-39-59_label_A.mp4,A,A,normal,1,60.0,69.041667,9.041667,The.Fast.and.the.Furious.2001__#01-38-50_01-39-59_label_A__seg0001_60.000-69.042.wav,no danger risk,0,clotho,music is being played in the background as a synthesizer is playing,-1.3120733499526978,Music | Theme music | Angry music,0.0082 | 0.0005 | 0.0001 | 0.0001 | 0.0,ok,
XD-Violence,The.Hurt.Locker.2008__#0-29-25_0-30-15_label_A,False,normal (non-violent) class not used in this study,The.Hurt.Locker.2008__#0-29-25_0-30-15_label_A.mp4,A,A,normal,0,0.0,50.022667,50.022667,The.Hurt.Locker.2008__#0-29-25_0-30-15_label_A__seg0000_0.000-50.023.wav,no danger risk,0,clotho,a man is speaking while a dog barks in the background,-0.821654736995697,Speech,0.9147 | 0.0349 | 0.0003 | 0.0041 | 0.0026,ok,
XD-Violence,The.Hurt.Locker.2008__#0-45-39_0-47-06_label_A,False,normal (non-violent) class not used in this study,The.Hurt.Locker.2008__#0-45-39_0-47-06_label_A.mp4,A,A,normal,0,0.0,60.0,60.0,The.Hurt.Locker.2008__#0-45-39_0-47-06_label_A__seg0000_0.000-60.000.wav,no danger risk,0,clotho,a man is speaking while a car is driving by,-1.0083603858947754,Speech,0.8601 | 0.0133 | 0.0035 | 0.0094 | 0.0312,ok,
XD-Violence,The.Hurt.Locker.2008__#0-45-39_0-47-06_label_A,False,normal (non-violent) class not used in this study,The.Hurt.Locker.2008__#0-45-39_0-47-06_label_A.mp4,A,A,normal,1,60.0,87.041667,27.041667,The.Hurt.Locker.2008__#0-45-39_0-47-06_label_A__seg0001_60.000-87.042.wav,no danger risk,0,clotho,a man is speaking while cars are passing by in the background,-0.751599907875061,Speech | Vehicle | Bicycle,0.8471 | 0.1153 | 0.0029 | 0.0018 | 0.013,ok,
XD-Violence,The.Intouchables.2011__#00-04-20_00-05-35_label_A,False,normal (non-violent) class not used in this study,The.Intouchables.2011__#00-04-20_00-05-35_label_A.mp4,A,A,normal,0,0.0,60.0,60.0,The.Intouchables.2011__#00-04-20_00-05-35_label_A__seg0000_0.000-60.000.wav,no danger risk,0,clotho,a man is speaking and then a car door is opened and closed,-0.8841050267219543,Speech | Music | Vehicle | Car,0.9056 | 0.0512 | 0.0033 | 0.0005 | 0.0247,ok,
XD-Violence,The.Intouchables.2011__#00-04-20_00-05-35_label_A,False,normal (non-violent) class not used in this study,The.Intouchables.2011__#00-04-20_00-05-35_label_A.mp4,A,A,normal,1,60.0,75.041667,15.041667,The.Intouchables.2011__#00-04-20_00-05-35_label_A__seg0001_60.000-75.042.wav,no danger risk,0,clotho,a man is singing while music is playing in the background,-0.9975780844688416,Music,0.1487 | 0.002 | 0.0007 | 0.0005 | 0.0004,ok,
XD-Violence,The.Intouchables.2011__#00-51-55_00-55-16_label_A,False,normal (non-violent) class not used in this study,The.Intouchables.2011__#00-51-55_00-55-16_label_A.mp4,A,A,normal,0,0.0,60.0,60.0,The.Intouchables.2011__#00-51-55_00-55-16_label_A__seg0000_0.000-60.000.wav,no danger risk,0,clotho,a man is speaking and then he is breathing,-1.194981813430786,Speech,0.8627 | 0.038 | 0.0077 | 0.0005 | 0.0585,ok,
XD-Violence,The.Intouchables.2011__#00-51-55_00-55-16_label_A,False,normal (non-violent) class not used in this study,The.Intouchables.2011__#00-51-55_00-55-16_label_A.mp4,A,A,normal,1,60.0,120.0,60.0,The.Intouchables.2011__#00-51-55_00-55-16_label_A__seg0001_60.000-120.000.wav,no danger risk,0,clotho,a man is speaking and then he is talking,-1.0170058012008667,Speech,0.9057 | 0.0647 | 0.0026 | 0.0053 | 0.2292,ok,
XD-Violence,The.Intouchables.2011__#00-51-55_00-55-16_label_A,False,normal (non-violent) class not used in this study,The.Intouchables.2011__#00-51-55_00-55-16_label_A.mp4,A,A,normal,2,120.0,180.0,60.0,The.Intouchables.2011__#00-51-55_00-55-16_label_A__seg0002_120.000-180.000.wav,no danger risk,0,clotho,a man is speaking and then a phone rings,-1.0242103338241575,Speech,0.9558 | 0.0239 | 0.0138 | 0.0218 | 0.1132,ok,
XD-Violence,The.Intouchables.2011__#00-51-55_00-55-16_label_A,False,normal (non-violent) class not used in this study,The.Intouchables.2011__#00-51-55_00-55-16_label_A.mp4,A,A,normal,3,180.0,201.083333,21.083333,The.Intouchables.2011__#00-51-55_00-55-16_label_A__seg0003_180.000-201.083.wav,no danger risk,0,clotho,a man is speaking and then a bird is chirping,-1.0917930603027344,Speech,0.7715 | 0.1165 | 0.0013 | 0.0007 | 0.0247,ok,
XD-Violence,The.Intouchables.2011__#00-58-18_01-02-30_label_A,False,normal (non-violent) class not used in this study,The.Intouchables.2011__#00-58-18_01-02-30_label_A.mp4,A,A,normal,0,0.0,60.0,60.0,The.Intouchables.2011__#00-58-18_01-02-30_label_A__seg0000_0.000-60.000.wav,no danger risk,0,clotho,a man is speaking and then a door is opened and closed,-0.8354678750038147,"Speech | Thunk | Inside, large room or hall",0.9357 | 0.0098 | 0.0104 | 0.0133 | 0.0247,ok,
XD-Violence,The.Intouchables.2011__#00-58-18_01-02-30_label_A,False,normal (non-violent) class not used in this study,The.Intouchables.2011__#00-58-18_01-02-30_label_A.mp4,A,A,normal,1,60.0,120.0,60.0,The.Intouchables.2011__#00-58-18_01-02-30_label_A__seg0001_60.000-120.000.wav,no danger risk,0,clotho,a man is speaking and then he turns a page over and over,-1.0974781513214111,Speech | Music,0.8088 | 0.0333 | 0.0004 | 0.0001 | 0.0105,ok,
XD-Violence,The.Intouchables.2011__#00-58-18_01-02-30_label_A,False,normal (non-violent) class not used in this study,The.Intouchables.2011__#00-58-18_01-02-30_label_A.mp4,A,A,normal,2,120.0,180.0,60.0,The.Intouchables.2011__#00-58-18_01-02-30_label_A__seg0002_120.000-180.000.wav,no danger risk,0,clotho,a person is playing a stringed instrument while people are laughing and talking in the,-1.0595813989639282,Music,0.2657 | 0.0012 | 0.0003 | 0.0007 | 0.0004,ok,
XD-Violence,The.Intouchables.2011__#00-58-18_01-02-30_label_A,False,normal (non-violent) class not used in this study,The.Intouchables.2011__#00-58-18_01-02-30_label_A.mp4,A,A,normal,3,180.0,240.0,60.0,The.Intouchables.2011__#00-58-18_01-02-30_label_A__seg0003_180.000-240.000.wav,no danger risk,0,clotho,a man is speaking and then he turns the music,-1.5424078702926636,Speech | Music,0.7607 | 0.0096 | 0.0026 | 0.0027 | 0.0075,ok,
XD-Violence,The.Intouchables.2011__#00-58-18_01-02-30_label_A,False,normal (non-violent) class not used in this study,The.Intouchables.2011__#00-58-18_01-02-30_label_A.mp4,A,A,normal,4,240.0,252.041667,12.041667,The.Intouchables.2011__#00-58-18_01-02-30_label_A__seg0004_240.000-252.042.wav,no danger risk,0,clotho,a group of people are talking while music plays in the background,-0.7952054738998413,Speech | Music,0.6139 | 0.0099 | 0.0065 | 0.003 | 0.0043,ok,
XD-Violence,The.Notebook.2004__#00-08-55_00-10-50_label_A,False,normal (non-violent) class not used in this study,The.Notebook.2004__#00-08-55_00-10-50_label_A.mp4,A,A,normal,0,0.0,60.0,60.0,The.Notebook.2004__#00-08-55_00-10-50_label_A__seg0000_0.000-60.000.wav,no danger risk,0,clotho,a man is speaking while birds are chirping in the background,-0.7761837840080261,Speech | Bicycle,0.8532 | 0.0076 | 0.0058 | 0.0165 | 0.0242,ok,
XD-Violence,The.Notebook.2004__#00-08-55_00-10-50_label_A,False,normal (non-violent) class not used in this study,The.Notebook.2004__#00-08-55_00-10-50_label_A.mp4,A,A,normal,1,60.0,115.083333,55.083333,The.Notebook.2004__#00-08-55_00-10-50_label_A__seg0001_60.000-115.083.wav,no danger risk,0,clotho,a man is speaking while birds are chirping in the background,-0.6821327209472656,Speech | Music,0.855 | 0.0072 | 0.0054 | 0.0865 | 0.0135,ok,
XD-Violence,The.Notebook.2004__#00-11-00_00-15-08_label_A,False,normal (non-violent) class not used in this study,The.Notebook.2004__#00-11-00_00-15-08_label_A.mp4,A,A,normal,0,0.0,60.0,60.0,The.Notebook.2004__#00-11-00_00-15-08_label_A__seg0000_0.000-60.000.wav,no danger risk,0,clotho,a woman is speaking while music plays in the background,-0.8226029872894287,Speech | Music,0.7119 | 0.0067 | 0.01 | 0.0382 | 0.0096,ok,
XD-Violence,The.Notebook.2004__#00-11-00_00-15-08_label_A,False,normal (non-violent) class not used in this study,The.Notebook.2004__#00-11-00_00-15-08_label_A.mp4,A,A,normal,1,60.0,120.0,60.0,The.Notebook.2004__#00-11-00_00-15-08_label_A__seg0001_60.000-120.000.wav,no danger risk,0,clotho,a woman is speaking while a car door opens and closes,-0.9793450832366944,Speech,0.8673 | 0.0018 | 0.0055 | 0.0036 | 0.0105,ok,
XD-Violence,The.Notebook.2004__#00-11-00_00-15-08_label_A,False,normal (non-violent) class not used in this study,The.Notebook.2004__#00-11-00_00-15-08_label_A.mp4,A,A,normal,2,120.0,180.0,60.0,The.Notebook.2004__#00-11-00_00-15-08_label_A__seg0002_120.000-180.000.wav,no danger risk,0,clotho,a woman is speaking and a child is talking in the background,-1.0033913850784302,"Speech | Walk, footsteps",0.9133 | 0.001 | 0.0428 | 0.008 | 0.027,ok,
XD-Violence,The.Notebook.2004__#00-11-00_00-15-08_label_A,False,normal (non-violent) class not used in this study,The.Notebook.2004__#00-11-00_00-15-08_label_A.mp4,A,A,normal,3,180.0,240.0,60.0,The.Notebook.2004__#00-11-00_00-15-08_label_A__seg0003_180.000-240.000.wav,no danger risk,0,clotho,a man is speaking while walking in the background,-1.1084153652191162,"Speech | Walk, footsteps",0.8543 | 0.0022 | 0.0047 | 0.0071 | 0.0116,ok,
XD-Violence,The.Notebook.2004__#00-11-00_00-15-08_label_A,False,normal (non-violent) class not used in this study,The.Notebook.2004__#00-11-00_00-15-08_label_A.mp4,A,A,normal,4,240.0,248.083333,8.083333,The.Notebook.2004__#00-11-00_00-15-08_label_A__seg0004_240.000-248.083.wav,no danger risk,0,clotho,a man is speaking and then a bird is chirping,-1.1539483070373535,"Speech | Walk, footsteps",0.5286 | 0.0055 | 0.0002 | 0.0008 | 0.0003,ok,
XD-Violence,The.Notebook.2004__#00-20-35_00-23-06_label_A,False,normal (non-violent) class not used in this study,The.Notebook.2004__#00-20-35_00-23-06_label_A.mp4,A,A,normal,0,0.0,60.0,60.0,The.Notebook.2004__#00-20-35_00-23-06_label_A__seg0000_0.000-60.000.wav,no danger risk,0,clotho,a man is speaking and then a woman is laughing,-1.2325758934020996,Speech,0.7954 | 0.0065 | 0.0656 | 0.0306 | 0.1084,ok,
XD-Violence,The.Notebook.2004__#00-20-35_00-23-06_label_A,False,normal (non-violent) class not used in this study,The.Notebook.2004__#00-20-35_00-23-06_label_A.mp4,A,A,normal,1,60.0,120.0,60.0,The.Notebook.2004__#00-20-35_00-23-06_label_A__seg0001_60.000-120.000.wav,no danger risk,0,clotho,a man is speaking while waves are crashing in the background,-0.7415957450866699,Speech | Music,0.6424 | 0.0106 | 0.0161 | 0.0115 | 0.0134,ok,
XD-Violence,The.Notebook.2004__#00-20-35_00-23-06_label_A,False,normal (non-violent) class not used in this study,The.Notebook.2004__#00-20-35_00-23-06_label_A.mp4,A,A,normal,2,120.0,151.041667,31.041667,The.Notebook.2004__#00-20-35_00-23-06_label_A__seg0002_120.000-151.042.wav,no danger risk,0,clotho,a woman is speaking while waves are crashing in the background,-0.901137113571167,"Speech | Music | Ocean | Waves, surf",0.461 | 0.0041 | 0.0085 | 0.0028 | 0.0027,ok,
XD-Violence,The.Notebook.2004__#00-25-20_00-29-20_label_A,False,normal (non-violent) class not used in this study,The.Notebook.2004__#00-25-20_00-29-20_label_A.mp4,A,A,normal,0,0.0,60.0,60.0,The.Notebook.2004__#00-25-20_00-29-20_label_A__seg0000_0.000-60.000.wav,no danger risk,0,clotho,a man is speaking and then a door is opened and closed,-0.8546625375747681,Speech,0.6898 | 0.0058 | 0.0049 | 0.0572 | 0.0048,ok,
XD-Violence,The.Notebook.2004__#00-25-20_00-29-20_label_A,False,normal (non-violent) class not used in this study,The.Notebook.2004__#00-25-20_00-29-20_label_A.mp4,A,A,normal,1,60.0,120.0,60.0,The.Notebook.2004__#00-25-20_00-29-20_label_A__seg0001_60.000-120.000.wav,no danger risk,0,clotho,a man is speaking while dishes are being moved around in the background,-0.9136713147163392,"Speech | Chink, clink",0.7044 | 0.0134 | 0.0049 | 0.0037 | 0.0732,ok,
XD-Violence,The.Notebook.2004__#00-25-20_00-29-20_label_A,False,normal (non-violent) class not used in this study,The.Notebook.2004__#00-25-20_00-29-20_label_A.mp4,A,A,normal,2,120.0,180.0,60.0,The.Notebook.2004__#00-25-20_00-29-20_label_A__seg0002_120.000-180.000.wav,no danger risk,0,clotho,a man is speaking while a baby is crying in the background,-0.966845452785492,Speech | Music,0.8465 | 0.0198 | 0.0094 | 0.0037 | 0.0127,ok,
XD-Violence,The.Notebook.2004__#00-25-20_00-29-20_label_A,False,normal (non-violent) class not used in this study,The.Notebook.2004__#00-25-20_00-29-20_label_A.mp4,A,A,normal,3,180.0,240.0,60.0,The.Notebook.2004__#00-25-20_00-29-20_label_A__seg0003_180.000-240.000.wav,no danger risk,0,clotho,a man is speaking while a door opens and closes,-1.000770092010498,Speech | Music | Thunk,0.8077 | 0.0215 | 0.0077 | 0.0043 | 0.0021,ok,
XD-Violence,The.Notebook.2004__#00-25-20_00-29-20_label_A,False,normal (non-violent) class not used in this study; caption generation failed (segment <= 0.17 s),The.Notebook.2004__#00-25-20_00-29-20_label_A.mp4,A,A,normal,4,240.0,240.041667,0.041667,The.Notebook.2004__#00-25-20_00-29-20_label_A__seg0004_240.000-240.042.wav,no danger risk,0,clotho,,,,,error,CoNeTTE error: input too short for the encoder's convolution kernel
XD-Violence,The.Notebook.2004__#01-30-25_01-33-56_label_A,False,normal (non-violent) class not used in this study,The.Notebook.2004__#01-30-25_01-33-56_label_A.mp4,A,A,normal,0,0.0,60.0,60.0,The.Notebook.2004__#01-30-25_01-33-56_label_A__seg0000_0.000-60.000.wav,no danger risk,0,clotho,a woman is speaking while birds are chirping in the background,-0.6950979232788086,Speech | Environmental noise,0.7959 | 0.0045 | 0.0702 | 0.0998 | 0.0749,ok,
XD-Violence,The.Notebook.2004__#01-30-25_01-33-56_label_A,False,normal (non-violent) class not used in this study,The.Notebook.2004__#01-30-25_01-33-56_label_A.mp4,A,A,normal,1,60.0,120.0,60.0,The.Notebook.2004__#01-30-25_01-33-56_label_A__seg0001_60.000-120.000.wav,no danger risk,0,clotho,a woman is speaking while birds are chirping in the background,-0.7555516362190247,Speech,0.8742 | 0.0108 | 0.0044 | 0.004 | 0.0269,ok,
XD-Violence,The.Notebook.2004__#01-30-25_01-33-56_label_A,False,normal (non-violent) class not used in this study,The.Notebook.2004__#01-30-25_01-33-56_label_A.mp4,A,A,normal,2,120.0,180.0,60.0,The.Notebook.2004__#01-30-25_01-33-56_label_A__seg0002_120.000-180.000.wav,no danger risk,0,clotho,a woman is speaking while birds are chirping in the background,-0.748890221118927,Speech | Run,0.8952 | 0.016 | 0.0076 | 0.0061 | 0.0161,ok,
XD-Violence,The.Notebook.2004__#01-30-25_01-33-56_label_A,False,normal (non-violent) class not used in this study,The.Notebook.2004__#01-30-25_01-33-56_label_A.mp4,A,A,normal,3,180.0,211.041667,31.041667,The.Notebook.2004__#01-30-25_01-33-56_label_A__seg0003_180.000-211.042.wav,no danger risk,0,clotho,a woman is speaking while a person is breathing in the background,-1.187663197517395,Speech | Whimper | Music,0.7797 | 0.0286 | 0.0331 | 0.0014 | 0.0289,ok,
XD-Violence,The.Notebook.2004__#01-52-20_01-58-00_label_A,False,normal (non-violent) class not used in this study,The.Notebook.2004__#01-52-20_01-58-00_label_A.mp4,A,A,normal,0,0.0,60.0,60.0,The.Notebook.2004__#01-52-20_01-58-00_label_A__seg0000_0.000-60.000.wav,no danger risk,0,clotho,a man is speaking and then a door opens and closes,-1.1076533794403076,Speech | Music,0.7381 | 0.0083 | 0.0045 | 0.0023 | 0.0137,ok,
XD-Violence,The.Notebook.2004__#01-52-20_01-58-00_label_A,False,normal (non-violent) class not used in this study,The.Notebook.2004__#01-52-20_01-58-00_label_A.mp4,A,A,normal,1,60.0,120.0,60.0,The.Notebook.2004__#01-52-20_01-58-00_label_A__seg0001_60.000-120.000.wav,no danger risk,0,clotho,a woman is speaking and then she is talking,-1.2859556674957275,Speech,0.876 | 0.013 | 0.0062 | 0.003 | 0.0052,ok,
XD-Violence,The.Notebook.2004__#01-52-20_01-58-00_label_A,False,normal (non-violent) class not used in this study,The.Notebook.2004__#01-52-20_01-58-00_label_A.mp4,A,A,normal,2,120.0,180.0,60.0,The.Notebook.2004__#01-52-20_01-58-00_label_A__seg0002_120.000-180.000.wav,no danger risk,0,clotho,a man is speaking and breathing in the background,-1.1763144731521606,Speech | Whispering | Music,0.7887 | 0.0102 | 0.0029 | 0.0006 | 0.0054,ok,
XD-Violence,The.Notebook.2004__#01-52-20_01-58-00_label_A,False,normal (non-violent) class not used in this study,The.Notebook.2004__#01-52-20_01-58-00_label_A.mp4,A,A,normal,3,180.0,240.0,60.0,The.Notebook.2004__#01-52-20_01-58-00_label_A__seg0003_180.000-240.000.wav,no danger risk,0,clotho,a man is whispering and breathing while another person coughs,-1.37355375289917,Speech | Whispering | Music,0.73 | 0.0499 | 0.0076 | 0.0004 | 0.0066,ok,
XD-Violence,The.Notebook.2004__#01-52-20_01-58-00_label_A,False,normal (non-violent) class not used in this study,The.Notebook.2004__#01-52-20_01-58-00_label_A.mp4,A,A,normal,4,240.0,300.0,60.0,The.Notebook.2004__#01-52-20_01-58-00_label_A__seg0004_240.000-300.000.wav,no danger risk,0,clotho,a person is whispering while he is breathing in the background,-1.1416648626327517,Speech | Whispering | Music,0.6719 | 0.025 | 0.0037 | 0.0012 | 0.0037,ok,
XD-Violence,The.Notebook.2004__#01-52-20_01-58-00_label_A,False,normal (non-violent) class not used in this study,The.Notebook.2004__#01-52-20_01-58-00_label_A.mp4,A,A,normal,5,300.0,340.041667,40.041667,The.Notebook.2004__#01-52-20_01-58-00_label_A__seg0005_300.000-340.042.wav,no danger risk,0,clotho,a person opens a door and closes the room with a woman speaking in the,-1.395466685295105,Speech | Humming | Music | Thunk,0.4018 | 0.0005 | 0.0035 | 0.0043 | 0.0005,ok,
XD-Violence,The.Pursuit.of.Happyness.2006__#00-17-30_00-19-10_label_A,False,normal (non-violent) class not used in this study,The.Pursuit.of.Happyness.2006__#00-17-30_00-19-10_label_A.mp4,A,A,normal,0,0.0,60.0,60.0,The.Pursuit.of.Happyness.2006__#00-17-30_00-19-10_label_A__seg0000_0.000-60.000.wav,no danger risk,0,clotho,a woman is speaking while a bell is ringing in the background,-0.9581690430641174,Speech,0.7971 | 0.0093 | 0.0167 | 0.0864 | 0.047,ok,
XD-Violence,The.Pursuit.of.Happyness.2006__#00-17-30_00-19-10_label_A,False,normal (non-violent) class not used in this study,The.Pursuit.of.Happyness.2006__#00-17-30_00-19-10_label_A.mp4,A,A,normal,1,60.0,100.041667,40.041667,The.Pursuit.of.Happyness.2006__#00-17-30_00-19-10_label_A__seg0001_60.000-100.042.wav,no danger risk,0,clotho,a man is speaking while a bell is ringing,-1.1978648900985718,Speech | Music,0.8897 | 0.0124 | 0.0014 | 0.0022 | 0.0029,ok,
XD-Violence,The.Pursuit.of.Happyness.2006__#00-30-50_00-32-31_label_A,False,normal (non-violent) class not used in this study,The.Pursuit.of.Happyness.2006__#00-30-50_00-32-31_label_A.mp4,A,A,normal,0,0.0,60.0,60.0,The.Pursuit.of.Happyness.2006__#00-30-50_00-32-31_label_A__seg0000_0.000-60.000.wav,no danger risk,0,clotho,a man is speaking and then a car drives by,-1.0903912782669067,Speech | Music | Rain | Rain on surface,0.8126 | 0.0512 | 0.1058 | 0.0014 | 0.1517,ok,
XD-Violence,The.Pursuit.of.Happyness.2006__#00-30-50_00-32-31_label_A,False,normal (non-violent) class not used in this study,The.Pursuit.of.Happyness.2006__#00-30-50_00-32-31_label_A.mp4,A,A,normal,1,60.0,101.041667,41.041667,The.Pursuit.of.Happyness.2006__#00-30-50_00-32-31_label_A__seg0001_60.000-101.042.wav,no danger risk,0,clotho,a man is speaking and then a phone rings three times,-1.082903265953064,Speech | Music | Telephone bell ringing,0.8397 | 0.008 | 0.0028 | 0.0006 | 0.0033,ok,
XD-Violence,The.Pursuit.of.Happyness.2006__#01-34-18_01-38-11_label_A,False,normal (non-violent) class not used in this study,The.Pursuit.of.Happyness.2006__#01-34-18_01-38-11_label_A.mp4,A,A,normal,0,0.0,60.0,60.0,The.Pursuit.of.Happyness.2006__#01-34-18_01-38-11_label_A__seg0000_0.000-60.000.wav,no danger risk,0,clotho,a man speaks and then a door opens and closes,-1.0604116916656494,Speech | Music | Thunk,0.9171 | 0.0096 | 0.0036 | 0.046 | 0.0027,ok,
XD-Violence,The.Pursuit.of.Happyness.2006__#01-34-18_01-38-11_label_A,False,normal (non-violent) class not used in this study,The.Pursuit.of.Happyness.2006__#01-34-18_01-38-11_label_A.mp4,A,A,normal,1,60.0,120.0,60.0,The.Pursuit.of.Happyness.2006__#01-34-18_01-38-11_label_A__seg0001_60.000-120.000.wav,no danger risk,0,clotho,a man is speaking while a bird is singing in the background,-1.0435495376586914,Speech | Music,0.5395 | 0.0138 | 0.0015 | 0.0036 | 0.0019,ok,
XD-Violence,The.Pursuit.of.Happyness.2006__#01-34-18_01-38-11_label_A,False,normal (non-violent) class not used in this study,The.Pursuit.of.Happyness.2006__#01-34-18_01-38-11_label_A.mp4,A,A,normal,2,120.0,180.0,60.0,The.Pursuit.of.Happyness.2006__#01-34-18_01-38-11_label_A__seg0002_120.000-180.000.wav,no danger risk,0,clotho,a group of people chant together in unison,-1.1380691528320312,Speech | Singing | Choir | Music | Gospel music,0.5942 | 0.0351 | 0.0052 | 0.011 | 0.0017,ok,
XD-Violence,The.Pursuit.of.Happyness.2006__#01-34-18_01-38-11_label_A,False,normal (non-violent) class not used in this study,The.Pursuit.of.Happyness.2006__#01-34-18_01-38-11_label_A.mp4,A,A,normal,3,180.0,233.041667,53.041667,The.Pursuit.of.Happyness.2006__#01-34-18_01-38-11_label_A__seg0003_180.000-233.042.wav,no danger risk,0,clotho,a group of people are singing and chanting,-1.2237069606781006,Speech | Singing | Choir | Music | Gospel music,0.5111 | 0.0056 | 0.0058 | 0.002 | 0.0024,ok,
XD-Violence,The.Secret.Life.of.Walter.Mitty.2013__#00-08-55_00-10-50_label_A,False,normal (non-violent) class not used in this study,The.Secret.Life.of.Walter.Mitty.2013__#00-08-55_00-10-50_label_A.mp4,A,A,normal,0,0.0,60.0,60.0,The.Secret.Life.of.Walter.Mitty.2013__#00-08-55_00-10-50_label_A__seg0000_0.000-60.000.wav,no danger risk,0,clotho,a woman is speaking while water is flowing in the background,-0.9104609489440918,Speech | Music,0.9247 | 0.0024 | 0.027 | 0.004 | 0.0178,ok,
XD-Violence,The.Secret.Life.of.Walter.Mitty.2013__#00-08-55_00-10-50_label_A,False,normal (non-violent) class not used in this study,The.Secret.Life.of.Walter.Mitty.2013__#00-08-55_00-10-50_label_A.mp4,A,A,normal,1,60.0,115.083333,55.083333,The.Secret.Life.of.Walter.Mitty.2013__#00-08-55_00-10-50_label_A__seg0001_60.000-115.083.wav,no danger risk,0,clotho,a man is speaking and then keys are being moved around,-1.199910044670105,Speech | Music,0.7999 | 0.0159 | 0.0057 | 0.0019 | 0.0505,ok,
XD-Violence,The.Secret.Life.of.Walter.Mitty.2013__#00-36-52_00-41-00_label_A,False,normal (non-violent) class not used in this study,The.Secret.Life.of.Walter.Mitty.2013__#00-36-52_00-41-00_label_A.mp4,A,A,normal,0,0.0,60.0,60.0,The.Secret.Life.of.Walter.Mitty.2013__#00-36-52_00-41-00_label_A__seg0000_0.000-60.000.wav,no danger risk,0,clotho,a person is singing a song in the background,-1.4015971422195437,Singing | Music,0.027 | 0.0008 | 0.0004 | 0.0003 | 0.0001,ok,
XD-Violence,The.Secret.Life.of.Walter.Mitty.2013__#00-36-52_00-41-00_label_A,False,normal (non-violent) class not used in this study,The.Secret.Life.of.Walter.Mitty.2013__#00-36-52_00-41-00_label_A.mp4,A,A,normal,1,60.0,120.0,60.0,The.Secret.Life.of.Walter.Mitty.2013__#00-36-52_00-41-00_label_A__seg0001_60.000-120.000.wav,no danger risk,0,clotho,a man is speaking while a plane is flying overhead,-0.9569690823554992,Speech | Music,0.8182 | 0.0074 | 0.0015 | 0.0014 | 0.003,ok,
XD-Violence,The.Secret.Life.of.Walter.Mitty.2013__#00-36-52_00-41-00_label_A,False,normal (non-violent) class not used in this study,The.Secret.Life.of.Walter.Mitty.2013__#00-36-52_00-41-00_label_A.mp4,A,A,normal,2,120.0,180.0,60.0,The.Secret.Life.of.Walter.Mitty.2013__#00-36-52_00-41-00_label_A__seg0002_120.000-180.000.wav,no danger risk,0,clotho,a man is singing while a dog barks in the background,-0.8136100172996521,Speech | Animal | Music,0.3803 | 0.0014 | 0.0005 | 0.0004 | 0.0005,ok,
XD-Violence,The.Secret.Life.of.Walter.Mitty.2013__#00-36-52_00-41-00_label_A,False,normal (non-violent) class not used in this study,The.Secret.Life.of.Walter.Mitty.2013__#00-36-52_00-41-00_label_A.mp4,A,A,normal,3,180.0,240.0,60.0,The.Secret.Life.of.Walter.Mitty.2013__#00-36-52_00-41-00_label_A__seg0003_180.000-240.000.wav,no danger risk,0,clotho,a man is speaking while music plays in the background,-0.7039362192153931,Speech | Music,0.7797 | 0.0764 | 0.0065 | 0.0007 | 0.0567,ok,
XD-Violence,The.Secret.Life.of.Walter.Mitty.2013__#00-36-52_00-41-00_label_A,False,normal (non-violent) class not used in this study,The.Secret.Life.of.Walter.Mitty.2013__#00-36-52_00-41-00_label_A.mp4,A,A,normal,4,240.0,248.041667,8.041667,The.Secret.Life.of.Walter.Mitty.2013__#00-36-52_00-41-00_label_A__seg0004_240.000-248.042.wav,no danger risk,0,clotho,a man is speaking while he is chopping wood,-1.121090292930603,Speech | Music | Chop | Thunk,0.6436 | 0.0142 | 0.0004 | 0.0002 | 0.0032,ok,
XD-Violence,The.Secret.Life.of.Walter.Mitty.2013__#01-01-20_01-04-00_label_A,False,normal (non-violent) class not used in this study,The.Secret.Life.of.Walter.Mitty.2013__#01-01-20_01-04-00_label_A.mp4,A,A,normal,0,0.0,60.0,60.0,The.Secret.Life.of.Walter.Mitty.2013__#01-01-20_01-04-00_label_A__seg0000_0.000-60.000.wav,no danger risk,0,clotho,a person is walking on a hard surface and a car passes by,-1.23180091381073,Music,0.0689 | 0.0011 | 0.0008 | 0.0002 | 0.0003,ok,
XD-Violence,The.Secret.Life.of.Walter.Mitty.2013__#01-01-20_01-04-00_label_A,False,normal (non-violent) class not used in this study,The.Secret.Life.of.Walter.Mitty.2013__#01-01-20_01-04-00_label_A.mp4,A,A,normal,1,60.0,120.0,60.0,The.Secret.Life.of.Walter.Mitty.2013__#01-01-20_01-04-00_label_A__seg0001_60.000-120.000.wav,no danger risk,0,clotho,a person is playing a musical instrument while a man is singing,-1.3259129524230957,Music,0.2136 | 0.0006 | 0.0006 | 0.0014 | 0.0002,ok,
XD-Violence,The.Secret.Life.of.Walter.Mitty.2013__#01-01-20_01-04-00_label_A,False,normal (non-violent) class not used in this study,The.Secret.Life.of.Walter.Mitty.2013__#01-01-20_01-04-00_label_A.mp4,A,A,normal,2,120.0,160.041667,40.041667,The.Secret.Life.of.Walter.Mitty.2013__#01-01-20_01-04-00_label_A__seg0002_120.000-160.042.wav,no danger risk,0,clotho,a man is speaking while a siren is blaring in the background,-0.9280595183372498,Speech | Siren | Civil defense siren,0.4904 | 0.0011 | 0.0018 | 0.0029 | 0.0003,ok,
XD-Violence,The.Secret.Life.of.Walter.Mitty.2013__#01-23-00_01-29-08_label_A,False,normal (non-violent) class not used in this study,The.Secret.Life.of.Walter.Mitty.2013__#01-23-00_01-29-08_label_A.mp4,A,A,normal,0,0.0,60.0,60.0,The.Secret.Life.of.Walter.Mitty.2013__#01-23-00_01-29-08_label_A__seg0000_0.000-60.000.wav,no danger risk,0,clotho,a man is speaking and then he is breathing,-1.085829734802246,"Speech | Walk, footsteps",0.8246 | 0.0069 | 0.0022 | 0.0005 | 0.0017,ok,
XD-Violence,The.Secret.Life.of.Walter.Mitty.2013__#01-23-00_01-29-08_label_A,False,normal (non-violent) class not used in this study,The.Secret.Life.of.Walter.Mitty.2013__#01-23-00_01-29-08_label_A.mp4,A,A,normal,1,60.0,120.0,60.0,The.Secret.Life.of.Walter.Mitty.2013__#01-23-00_01-29-08_label_A__seg0001_60.000-120.000.wav,no danger risk,0,clotho,a man is speaking and breathing in the background,-0.990346610546112,Speech,0.8166 | 0.0148 | 0.0008 | 0.0001 | 0.0017,ok,
XD-Violence,The.Secret.Life.of.Walter.Mitty.2013__#01-23-00_01-29-08_label_A,False,normal (non-violent) class not used in this study,The.Secret.Life.of.Walter.Mitty.2013__#01-23-00_01-29-08_label_A.mp4,A,A,normal,2,120.0,180.0,60.0,The.Secret.Life.of.Walter.Mitty.2013__#01-23-00_01-29-08_label_A__seg0002_120.000-180.000.wav,no danger risk,0,clotho,a man is speaking and he is whispering,-1.0972107648849487,Speech,0.7201 | 0.0297 | 0.0057 | 0.0002 | 0.0457,ok,
XD-Violence,The.Secret.Life.of.Walter.Mitty.2013__#01-23-00_01-29-08_label_A,False,normal (non-violent) class not used in this study,The.Secret.Life.of.Walter.Mitty.2013__#01-23-00_01-29-08_label_A.mp4,A,A,normal,3,180.0,240.0,60.0,The.Secret.Life.of.Walter.Mitty.2013__#01-23-00_01-29-08_label_A__seg0003_180.000-240.000.wav,no danger risk,0,clotho,a man is speaking and then he is talking,-1.0058873891830444,Speech,0.7515 | 0.0372 | 0.0033 | 0.0004 | 0.0317,ok,
XD-Violence,The.Secret.Life.of.Walter.Mitty.2013__#01-23-00_01-29-08_label_A,False,normal (non-violent) class not used in this study,The.Secret.Life.of.Walter.Mitty.2013__#01-23-00_01-29-08_label_A.mp4,A,A,normal,4,240.0,300.0,60.0,The.Secret.Life.of.Walter.Mitty.2013__#01-23-00_01-29-08_label_A__seg0004_240.000-300.000.wav,no danger risk,0,clotho,a man is speaking and then a bird is chirping,-1.11018168926239,Speech,0.8386 | 0.0056 | 0.0008 | 0.0012 | 0.0038,ok,
XD-Violence,The.Secret.Life.of.Walter.Mitty.2013__#01-23-00_01-29-08_label_A,False,normal (non-violent) class not used in this study,The.Secret.Life.of.Walter.Mitty.2013__#01-23-00_01-29-08_label_A.mp4,A,A,normal,5,300.0,360.0,60.0,The.Secret.Life.of.Walter.Mitty.2013__#01-23-00_01-29-08_label_A__seg0005_300.000-360.000.wav,no danger risk,0,clotho,a man is speaking and then he says something,-1.0642797946929932,Speech | Whispering,0.8836 | 0.0458 | 0.0007 | 0.0004 | 0.0013,ok,
XD-Violence,The.Secret.Life.of.Walter.Mitty.2013__#01-23-00_01-29-08_label_A,False,normal (non-violent) class not used in this study,The.Secret.Life.of.Walter.Mitty.2013__#01-23-00_01-29-08_label_A.mp4,A,A,normal,6,360.0,368.041667,8.041667,The.Secret.Life.of.Walter.Mitty.2013__#01-23-00_01-29-08_label_A__seg0006_360.000-368.042.wav,no danger risk,0,clotho,a man is speaking while walking in the background,-1.1342617273330688,"Speech | Walk, footsteps | Music",0.9079 | 0.0454 | 0.0014 | 0.0008 | 0.0046,ok,
XD-Violence,Thelma...Louise.1991__#01-53-54_01-54-50_label_A,False,normal (non-violent) class not used in this study,Thelma...Louise.1991__#01-53-54_01-54-50_label_A.mp4,A,A,normal,0,0.0,56.041667,56.041667,Thelma...Louise.1991__#01-53-54_01-54-50_label_A__seg0000_0.000-56.042.wav,no danger risk,0,clotho,a person is walking on a hard surface and a door opens and closes,-1.2028536796569824,Music,0.0233 | 0.0004 | 0.0005 | 0.0006 | 0.0002,ok,
XD-Violence,Tropa.de.Elite.2.2010__#00-05-30_00-06-30_label_A,False,normal (non-violent) class not used in this study,Tropa.de.Elite.2.2010__#00-05-30_00-06-30_label_A.mp4,A,A,normal,0,0.0,60.0,60.0,Tropa.de.Elite.2.2010__#00-05-30_00-06-30_label_A__seg0000_0.000-60.000.wav,no danger risk,0,clotho,a man is speaking and then a door opens and closes,-0.8806309700012207,Speech | Music,0.8336 | 0.0017 | 0.0013 | 0.0006 | 0.0024,ok,
XD-Violence,Tropa.de.Elite.2.2010__#00-05-30_00-06-30_label_A,False,normal (non-violent) class not used in this study; caption generation failed (segment <= 0.17 s),Tropa.de.Elite.2.2010__#00-05-30_00-06-30_label_A.mp4,A,A,normal,1,60.0,60.041667,0.041667,Tropa.de.Elite.2.2010__#00-05-30_00-06-30_label_A__seg0001_60.000-60.042.wav,no danger risk,0,clotho,,,,,error,CoNeTTE error: input too short for the encoder's convolution kernel
XD-Violence,Tropa.de.Elite.2.2010__#01-30-51_01-32-30_label_A,False,normal (non-violent) class not used in this study,Tropa.de.Elite.2.2010__#01-30-51_01-32-30_label_A.mp4,A,A,normal,0,0.0,60.0,60.0,Tropa.de.Elite.2.2010__#01-30-51_01-32-30_label_A__seg0000_0.000-60.000.wav,no danger risk,0,clotho,a man is speaking and then a door is opened and closed,-0.9308863878250122,Speech | Animal | Music | Timpani,0.9543 | 0.0395 | 0.0003 | 0.0003 | 0.0037,ok,
XD-Violence,Tropa.de.Elite.2.2010__#01-30-51_01-32-30_label_A,False,normal (non-violent) class not used in this study,Tropa.de.Elite.2.2010__#01-30-51_01-32-30_label_A.mp4,A,A,normal,1,60.0,99.041667,39.041667,Tropa.de.Elite.2.2010__#01-30-51_01-32-30_label_A__seg0001_60.000-99.042.wav,no danger risk,0,clotho,a man is speaking while cars are driving by,-0.8434654474258423,Speech | Music,0.9432 | 0.0819 | 0.0016 | 0.0004 | 0.0124,ok,
XD-Violence,Tropa.de.Elite.2.2010__#01-33-31_01-34-20_label_A,False,normal (non-violent) class not used in this study,Tropa.de.Elite.2.2010__#01-33-31_01-34-20_label_A.mp4,A,A,normal,0,0.0,49.041667,49.041667,Tropa.de.Elite.2.2010__#01-33-31_01-34-20_label_A__seg0000_0.000-49.042.wav,no danger risk,0,clotho,a man is speaking while a car is started and drives away,-1.099337816238403,Speech | Music,0.6285 | 0.0135 | 0.0049 | 0.004 | 0.0034,ok,
XD-Violence,Tropa.de.Elite.2007__#00-10-30_00-12-08_label_A,False,normal (non-violent) class not used in this study,Tropa.de.Elite.2007__#00-10-30_00-12-08_label_A.mp4,A,A,normal,0,0.0,60.0,60.0,Tropa.de.Elite.2007__#00-10-30_00-12-08_label_A__seg0000_0.000-60.000.wav,no danger risk,0,clotho,a man is speaking while dishes are being moved around in the background,-0.869040310382843,"Speech | Inside, small room",0.8578 | 0.0015 | 0.0068 | 0.0034 | 0.0044,ok,
XD-Violence,Tropa.de.Elite.2007__#00-10-30_00-12-08_label_A,False,normal (non-violent) class not used in this study,Tropa.de.Elite.2007__#00-10-30_00-12-08_label_A.mp4,A,A,normal,1,60.0,98.021333,38.021333,Tropa.de.Elite.2007__#00-10-30_00-12-08_label_A__seg0001_60.000-98.021.wav,no danger risk,0,clotho,a woman is speaking and then a door is opened and closed,-0.973050057888031,Speech,0.8983 | 0.0035 | 0.0264 | 0.004 | 0.0099,ok,
XD-Violence,Tropa.de.Elite.2007__#00-52-33_00-54-35_label_A,False,normal (non-violent) class not used in this study,Tropa.de.Elite.2007__#00-52-33_00-54-35_label_A.mp4,A,A,normal,0,0.0,60.0,60.0,Tropa.de.Elite.2007__#00-52-33_00-54-35_label_A__seg0000_0.000-60.000.wav,no danger risk,0,clotho,a group of people are talking and laughing while music plays in the background,-0.6997769474983215,Speech | Music,0.8691 | 0.0113 | 0.0187 | 0.0033 | 0.0104,ok,
XD-Violence,Tropa.de.Elite.2007__#00-52-33_00-54-35_label_A,False,normal (non-violent) class not used in this study,Tropa.de.Elite.2007__#00-52-33_00-54-35_label_A.mp4,A,A,normal,1,60.0,120.0,60.0,Tropa.de.Elite.2007__#00-52-33_00-54-35_label_A__seg0001_60.000-120.000.wav,no danger risk,0,clotho,a group of people are laughing and talking to each other,-0.959873616695404,Speech | Music,0.7303 | 0.013 | 0.0146 | 0.0031 | 0.008,ok,
XD-Violence,Tropa.de.Elite.2007__#00-52-33_00-54-35_label_A,False,normal (non-violent) class not used in this study,Tropa.de.Elite.2007__#00-52-33_00-54-35_label_A.mp4,A,A,normal,2,120.0,122.083333,2.083333,Tropa.de.Elite.2007__#00-52-33_00-54-35_label_A__seg0002_120.000-122.083.wav,no danger risk,0,clotho,a group of people are talking and singing while music is playing,-1.3363584280014038,Music | Rock and roll,0.0569 | 0.0047 | 0.0011 | 0.0001 | 0.0006,ok,
XD-Violence,Yellow.Sea.2010__#00-10-16_00-11-14_label_A,False,normal (non-violent) class not used in this study,Yellow.Sea.2010__#00-10-16_00-11-14_label_A.mp4,A,A,normal,0,0.0,58.041667,58.041667,Yellow.Sea.2010__#00-10-16_00-11-14_label_A__seg0000_0.000-58.042.wav,no danger risk,0,clotho,people are talking while cars drive by and a door opens and closes,-1.0564987659454346,Speech | Music | Vehicle,0.9023 | 0.0032 | 0.0009 | 0.0049 | 0.0006,ok,
XD-Violence,Young.And.Dangerous.I.1996__#0-55-09_0-56-59_label_A,False,normal (non-violent) class not used in this study,Young.And.Dangerous.I.1996__#0-55-09_0-56-59_label_A.mp4,A,A,normal,0,0.0,60.0,60.0,Young.And.Dangerous.I.1996__#0-55-09_0-56-59_label_A__seg0000_0.000-60.000.wav,no danger risk,0,clotho,a man is speaking and then a baby is crying,-1.1575400829315186,Speech | Music,0.7468 | 0.0091 | 0.0018 | 0.0066 | 0.0079,ok,
XD-Violence,Young.And.Dangerous.I.1996__#0-55-09_0-56-59_label_A,False,normal (non-violent) class not used in this study,Young.And.Dangerous.I.1996__#0-55-09_0-56-59_label_A.mp4,A,A,normal,1,60.0,110.041667,50.041667,Young.And.Dangerous.I.1996__#0-55-09_0-56-59_label_A__seg0001_60.000-110.042.wav,no danger risk,0,clotho,a man is speaking and then he turns a song on the radio,-1.4412803649902344,Speech | Music,0.7281 | 0.0725 | 0.0052 | 0.0011 | 0.0155,ok,
XD-Violence,Young.And.Dangerous.II.1996__#0-53-25_0-54-20_label_A,False,normal (non-violent) class not used in this study,Young.And.Dangerous.II.1996__#0-53-25_0-54-20_label_A.mp4,A,A,normal,0,0.0,55.083333,55.083333,Young.And.Dangerous.II.1996__#0-53-25_0-54-20_label_A__seg0000_0.000-55.083.wav,no danger risk,0,clotho,a man is speaking while music plays in the background,-0.7250434160232544,Speech | Music,0.8722 | 0.1024 | 0.0044 | 0.0004 | 0.0404,ok,
XD-Violence,Young.And.Dangerous.III.1996__#00-15-52_00-17-00_label_A,False,normal (non-violent) class not used in this study,Young.And.Dangerous.III.1996__#00-15-52_00-17-00_label_A.mp4,A,A,normal,0,0.0,60.0,60.0,Young.And.Dangerous.III.1996__#00-15-52_00-17-00_label_A__seg0000_0.000-60.000.wav,no danger risk,0,clotho,a woman is speaking and a child is talking in the background,-1.0879486799240112,Speech | Music | Keyboard (musical) | Piano,0.76 | 0.0887 | 0.0285 | 0.053 | 0.0722,ok,
XD-Violence,Young.And.Dangerous.III.1996__#00-15-52_00-17-00_label_A,False,normal (non-violent) class not used in this study,Young.And.Dangerous.III.1996__#00-15-52_00-17-00_label_A.mp4,A,A,normal,1,60.0,68.083333,8.083333,Young.And.Dangerous.III.1996__#00-15-52_00-17-00_label_A__seg0001_60.000-68.083.wav,no danger risk,0,clotho,a man is speaking and then he is talking,-1.228629231452942,"Speech | Narration, monologue | Music",0.8054 | 0.2817 | 0.0113 | 0.0001 | 0.184,ok,
XD-Violence,Young.And.Dangerous.IV.1997__#0-10-35_0-11-50_label_A,False,normal (non-violent) class not used in this study,Young.And.Dangerous.IV.1997__#0-10-35_0-11-50_label_A.mp4,A,A,normal,0,0.0,60.0,60.0,Young.And.Dangerous.IV.1997__#0-10-35_0-11-50_label_A__seg0000_0.000-60.000.wav,no danger risk,0,clotho,a man is speaking while birds are chirping in the background,-0.6336492896080017,Speech | Animal | Duck | Quack,0.8418 | 0.0719 | 0.0036 | 0.0006 | 0.0325,ok,
XD-Violence,Young.And.Dangerous.IV.1997__#0-10-35_0-11-50_label_A,False,normal (non-violent) class not used in this study,Young.And.Dangerous.IV.1997__#0-10-35_0-11-50_label_A.mp4,A,A,normal,1,60.0,75.041667,15.041667,Young.And.Dangerous.IV.1997__#0-10-35_0-11-50_label_A__seg0001_60.000-75.042.wav,no danger risk,0,clotho,a man is speaking while birds are chirping in the background,-0.715388834476471,Speech,0.5364 | 0.0255 | 0.0292 | 0.0004 | 0.0346,ok,
XD-Violence,Your.Name.2016__#00-05-52_00-08-22_label_A,False,normal (non-violent) class not used in this study,Your.Name.2016__#00-05-52_00-08-22_label_A.mp4,A,A,normal,0,0.0,60.0,60.0,Your.Name.2016__#00-05-52_00-08-22_label_A__seg0000_0.000-60.000.wav,no danger risk,0,clotho,a woman speaks and then a door opens and closes,-0.8438899517059326,Speech | Music | Environmental noise,0.8455 | 0.0048 | 0.0188 | 0.1108 | 0.0045,ok,
XD-Violence,Your.Name.2016__#00-05-52_00-08-22_label_A,False,normal (non-violent) class not used in this study,Your.Name.2016__#00-05-52_00-08-22_label_A.mp4,A,A,normal,1,60.0,120.0,60.0,Your.Name.2016__#00-05-52_00-08-22_label_A__seg0001_60.000-120.000.wav,no danger risk,0,clotho,a man is speaking while a child is talking in the background,-1.1333324909210205,Speech | Music,0.8041 | 0.0119 | 0.0033 | 0.0266 | 0.0088,ok,
XD-Violence,Your.Name.2016__#00-05-52_00-08-22_label_A,False,normal (non-violent) class not used in this study,Your.Name.2016__#00-05-52_00-08-22_label_A.mp4,A,A,normal,2,120.0,150.041667,30.041667,Your.Name.2016__#00-05-52_00-08-22_label_A__seg0002_120.000-150.042.wav,no danger risk,0,clotho,a man is speaking and then a woman is talking,-1.081783413887024,Speech,0.9123 | 0.1408 | 0.0032 | 0.0008 | 0.0173,ok,
XD-Violence,Your.Name.2016__#01-01-20_01-04-00_label_A,False,normal (non-violent) class not used in this study,Your.Name.2016__#01-01-20_01-04-00_label_A.mp4,A,A,normal,0,0.0,60.0,60.0,Your.Name.2016__#01-01-20_01-04-00_label_A__seg0000_0.000-60.000.wav,no danger risk,0,clotho,a person is playing a musical instrument while a woman is speaking in the background,-1.172834396362305,Speech | Music,0.4049 | 0.0011 | 0.0003 | 0.004 | 0.0001,ok,
XD-Violence,Your.Name.2016__#01-01-20_01-04-00_label_A,False,normal (non-violent) class not used in this study,Your.Name.2016__#01-01-20_01-04-00_label_A.mp4,A,A,normal,1,60.0,120.0,60.0,Your.Name.2016__#01-01-20_01-04-00_label_A__seg0001_60.000-120.000.wav,no danger risk,0,clotho,a woman is speaking while music plays in the background,-0.7557671070098877,Speech | Music,0.7312 | 0.007 | 0.0337 | 0.0241 | 0.0145,ok,
XD-Violence,Your.Name.2016__#01-01-20_01-04-00_label_A,False,normal (non-violent) class not used in this study,Your.Name.2016__#01-01-20_01-04-00_label_A.mp4,A,A,normal,2,120.0,160.041667,40.041667,Your.Name.2016__#01-01-20_01-04-00_label_A__seg0002_120.000-160.042.wav,no danger risk,0,clotho,a person is breathing heavily while birds are chirping in the background,-0.917796790599823,Speech | Music,0.4445 | 0.1834 | 0.0272 | 0.0005 | 0.0025,ok,
XD-Violence,v=-5RWxUUJ7lQ__#1_label_A,False,normal (non-violent) class not used in this study,v=-5RWxUUJ7lQ__#1_label_A.mp4,A,A,normal,0,0.0,60.0,60.0,v=-5RWxUUJ7lQ__#1_label_A__seg0000_0.000-60.000.wav,no danger risk,0,clotho,a crowd of people are cheering and talking while music plays in the background,-1.0215736627578735,Speech | Music | Basketball bounce,0.7394 | 0.0048 | 0.0005 | 0.0017 | 0.0006,ok,
XD-Violence,v=-5RWxUUJ7lQ__#1_label_A,False,normal (non-violent) class not used in this study,v=-5RWxUUJ7lQ__#1_label_A.mp4,A,A,normal,1,60.0,120.0,60.0,v=-5RWxUUJ7lQ__#1_label_A__seg0001_60.000-120.000.wav,no danger risk,0,clotho,a crowd of people are shouting and cheering,-1.1780394315719604,Speech | Basketball bounce,0.6933 | 0.0021 | 0.001 | 0.001 | 0.0012,ok,
XD-Violence,v=-5RWxUUJ7lQ__#1_label_A,False,normal (non-violent) class not used in this study,v=-5RWxUUJ7lQ__#1_label_A.mp4,A,A,normal,2,120.0,180.0,60.0,v=-5RWxUUJ7lQ__#1_label_A__seg0002_120.000-180.000.wav,no danger risk,0,clotho,a crowd of people are cheering and talking,-1.2965689897537231,Speech | Basketball bounce,0.6264 | 0.0011 | 0.0003 | 0.0008 | 0.0007,ok,
XD-Violence,v=-5RWxUUJ7lQ__#1_label_A,False,normal (non-violent) class not used in this study,v=-5RWxUUJ7lQ__#1_label_A.mp4,A,A,normal,3,180.0,240.0,60.0,v=-5RWxUUJ7lQ__#1_label_A__seg0003_180.000-240.000.wav,no danger risk,0,clotho,a crowd of people are cheering and yelling,-1.2992148399353027,Speech | Basketball bounce,0.6206 | 0.0022 | 0.0003 | 0.0008 | 0.0007,ok,
XD-Violence,v=-5RWxUUJ7lQ__#1_label_A,False,normal (non-violent) class not used in this study,v=-5RWxUUJ7lQ__#1_label_A.mp4,A,A,normal,4,240.0,300.0,60.0,v=-5RWxUUJ7lQ__#1_label_A__seg0004_240.000-300.000.wav,no danger risk,0,clotho,a crowd of people are cheering and talking,-1.3321118354797363,Speech | Basketball bounce,0.5749 | 0.0013 | 0.0003 | 0.0007 | 0.0007,ok,
XD-Violence,v=-5RWxUUJ7lQ__#1_label_A,False,normal (non-violent) class not used in this study,v=-5RWxUUJ7lQ__#1_label_A.mp4,A,A,normal,5,300.0,360.0,60.0,v=-5RWxUUJ7lQ__#1_label_A__seg0005_300.000-360.000.wav,no danger risk,0,clotho,a crowd of people are cheering and talking,-1.3524928092956543,Speech | Basketball bounce,0.5846 | 0.0013 | 0.0002 | 0.0007 | 0.0004,ok,
XD-Violence,v=-5RWxUUJ7lQ__#1_label_A,False,normal (non-violent) class not used in this study,v=-5RWxUUJ7lQ__#1_label_A.mp4,A,A,normal,6,360.0,420.0,60.0,v=-5RWxUUJ7lQ__#1_label_A__seg0006_360.000-420.000.wav,no danger risk,0,clotho,a crowd of people are cheering and yelling,-1.38316011428833,Speech | Basketball bounce,0.5898 | 0.0015 | 0.0002 | 0.001 | 0.0004,ok,
XD-Violence,v=-5RWxUUJ7lQ__#1_label_A,False,normal (non-violent) class not used in this study,v=-5RWxUUJ7lQ__#1_label_A.mp4,A,A,normal,7,420.0,480.0,60.0,v=-5RWxUUJ7lQ__#1_label_A__seg0007_420.000-480.000.wav,no danger risk,0,clotho,a crowd of people are shouting and cheering,-1.2877230644226074,Speech | Basketball bounce,0.6081 | 0.0024 | 0.0003 | 0.0009 | 0.0009,ok,
XD-Violence,v=-5RWxUUJ7lQ__#1_label_A,False,normal (non-violent) class not used in this study,v=-5RWxUUJ7lQ__#1_label_A.mp4,A,A,normal,8,480.0,540.0,60.0,v=-5RWxUUJ7lQ__#1_label_A__seg0008_480.000-540.000.wav,no danger risk,0,clotho,a crowd of people are cheering and talking,-1.336164116859436,Speech | Basketball bounce,0.6549 | 0.0015 | 0.0002 | 0.0009 | 0.0005,ok,
XD-Violence,v=-5RWxUUJ7lQ__#1_label_A,False,normal (non-violent) class not used in this study,v=-5RWxUUJ7lQ__#1_label_A.mp4,A,A,normal,9,540.0,600.0,60.0,v=-5RWxUUJ7lQ__#1_label_A__seg0009_540.000-600.000.wav,no danger risk,0,clotho,a crowd of people are cheering and yelling,-1.385685920715332,Speech | Basketball bounce,0.6137 | 0.0012 | 0.0002 | 0.0008 | 0.0006,ok,
XD-Violence,v=-5RWxUUJ7lQ__#1_label_A,False,normal (non-violent) class not used in this study,v=-5RWxUUJ7lQ__#1_label_A.mp4,A,A,normal,10,600.0,660.0,60.0,v=-5RWxUUJ7lQ__#1_label_A__seg0010_600.000-660.000.wav,no danger risk,0,clotho,a crowd of people are cheering and yelling,-1.346306085586548,Speech | Basketball bounce,0.6084 | 0.0019 | 0.0002 | 0.0011 | 0.0006,ok,
XD-Violence,v=-5RWxUUJ7lQ__#1_label_A,False,normal (non-violent) class not used in this study,v=-5RWxUUJ7lQ__#1_label_A.mp4,A,A,normal,11,660.0,720.0,60.0,v=-5RWxUUJ7lQ__#1_label_A__seg0011_660.000-720.000.wav,no danger risk,0,clotho,a crowd of people chant and whistle as they cheer,-1.1881731748580933,Speech | Basketball bounce,0.7292 | 0.003 | 0.0004 | 0.001 | 0.0006,ok,
XD-Violence,v=-5RWxUUJ7lQ__#1_label_A,False,normal (non-violent) class not used in this study,v=-5RWxUUJ7lQ__#1_label_A.mp4,A,A,normal,12,720.0,780.0,60.0,v=-5RWxUUJ7lQ__#1_label_A__seg0012_720.000-780.000.wav,no danger risk,0,clotho,a crowd of people are shouting and cheering,-1.317639708518982,Speech | Basketball bounce,0.6258 | 0.001 | 0.0002 | 0.001 | 0.0004,ok,
XD-Violence,v=-5RWxUUJ7lQ__#1_label_A,False,normal (non-violent) class not used in this study,v=-5RWxUUJ7lQ__#1_label_A.mp4,A,A,normal,13,780.0,796.791667,16.791667,v=-5RWxUUJ7lQ__#1_label_A__seg0013_780.000-796.792.wav,no danger risk,0,clotho,a large crowd cheers and whistles loudly as a whistle blows,-1.60794198513031,Speech,0.6938 | 0.0083 | 0.0014 | 0.0019 | 0.0026,ok,
XD-Violence,v=-tqHsoEoUyY__#1_label_A,False,normal (non-violent) class not used in this study,v=-tqHsoEoUyY__#1_label_A.mp4,A,A,normal,0,0.0,42.125,42.125,v=-tqHsoEoUyY__#1_label_A__seg0000_0.000-42.125.wav,no danger risk,0,clotho,a man is speaking while music is playing in the background,-0.8795345425605774,Speech | Music,0.659 | 0.0055 | 0.0014 | 0.0007 | 0.0009,ok,
XD-Violence,v=0LEefpIPBHA__#1_label_A,False,normal (non-violent) class not used in this study,v=0LEefpIPBHA__#1_label_A.mp4,A,A,normal,0,0.0,47.583333,47.583333,v=0LEefpIPBHA__#1_label_A__seg0000_0.000-47.583.wav,no danger risk,0,clotho,people are talking in the background as a train horn blows,-1.0150543451309204,"Speech | Train | Inside, public space",0.733 | 0.0073 | 0.012 | 0.002 | 0.009,ok,
XD-Violence,v=0vVOXlgHC1U__#00-12-00_00-18-00_label_A,False,normal (non-violent) class not used in this study,v=0vVOXlgHC1U__#00-12-00_00-18-00_label_A.mp4,A,A,normal,0,0.0,60.0,60.0,v=0vVOXlgHC1U__#00-12-00_00-18-00_label_A__seg0000_0.000-60.000.wav,no danger risk,0,clotho,a group of people chant together in unison in a large hall,-1.224743127822876,Speech | Music,0.5458 | 0.0332 | 0.0069 | 0.0018 | 0.015,ok,
XD-Violence,v=0vVOXlgHC1U__#00-12-00_00-18-00_label_A,False,normal (non-violent) class not used in this study,v=0vVOXlgHC1U__#00-12-00_00-18-00_label_A.mp4,A,A,normal,1,60.0,120.0,60.0,v=0vVOXlgHC1U__#00-12-00_00-18-00_label_A__seg0001_60.000-120.000.wav,no danger risk,0,clotho,a man is speaking while music is playing in the background,-0.8754115104675293,Speech | Music,0.4411 | 0.0186 | 0.0163 | 0.0016 | 0.0141,ok,
XD-Violence,v=0vVOXlgHC1U__#00-12-00_00-18-00_label_A,False,normal (non-violent) class not used in this study,v=0vVOXlgHC1U__#00-12-00_00-18-00_label_A.mp4,A,A,normal,2,120.0,180.0,60.0,v=0vVOXlgHC1U__#00-12-00_00-18-00_label_A__seg0002_120.000-180.000.wav,no danger risk,0,clotho,a woman is speaking while music is playing in the background,-0.7113864421844482,Speech | Music,0.7006 | 0.0249 | 0.1045 | 0.0036 | 0.0488,ok,
XD-Violence,v=0vVOXlgHC1U__#00-12-00_00-18-00_label_A,False,normal (non-violent) class not used in this study,v=0vVOXlgHC1U__#00-12-00_00-18-00_label_A.mp4,A,A,normal,3,180.0,240.0,60.0,v=0vVOXlgHC1U__#00-12-00_00-18-00_label_A__seg0003_180.000-240.000.wav,no danger risk,0,clotho,a group of people chant together in unison in a large crowd,-1.0041110515594482,Music,0.2851 | 0.0129 | 0.0182 | 0.0011 | 0.011,ok,
XD-Violence,v=0vVOXlgHC1U__#00-12-00_00-18-00_label_A,False,normal (non-violent) class not used in this study,v=0vVOXlgHC1U__#00-12-00_00-18-00_label_A.mp4,A,A,normal,4,240.0,300.0,60.0,v=0vVOXlgHC1U__#00-12-00_00-18-00_label_A__seg0004_240.000-300.000.wav,no danger risk,0,clotho,a group of people chant together in unison in a large hall,-1.0057759284973145,Speech | Crowd | Music,0.4614 | 0.0098 | 0.018 | 0.0011 | 0.0108,ok,
XD-Violence,v=0vVOXlgHC1U__#00-12-00_00-18-00_label_A,False,normal (non-violent) class not used in this study,v=0vVOXlgHC1U__#00-12-00_00-18-00_label_A.mp4,A,A,normal,5,300.0,360.0,60.0,v=0vVOXlgHC1U__#00-12-00_00-18-00_label_A__seg0005_300.000-360.000.wav,no danger risk,0,clotho,a group of people chant together in unison in a large crowd,-1.0209598541259766,Speech | Crowd | Music,0.513 | 0.0112 | 0.023 | 0.0025 | 0.0124,ok,
XD-Violence,v=0vVOXlgHC1U__#00-12-00_00-18-00_label_A,False,normal (non-violent) class not used in this study; caption generation failed (segment <= 0.17 s),v=0vVOXlgHC1U__#00-12-00_00-18-00_label_A.mp4,A,A,normal,6,360.0,360.083333,0.083333,v=0vVOXlgHC1U__#00-12-00_00-18-00_label_A__seg0006_360.000-360.083.wav,no danger risk,0,clotho,,,,,error,CoNeTTE error: input too short for the encoder's convolution kernel
XD-Violence,v=0vVOXlgHC1U__#00-48-00_00-54-00_label_A,False,normal (non-violent) class not used in this study,v=0vVOXlgHC1U__#00-48-00_00-54-00_label_A.mp4,A,A,normal,0,0.0,60.0,60.0,v=0vVOXlgHC1U__#00-48-00_00-54-00_label_A__seg0000_0.000-60.000.wav,no danger risk,0,clotho,a man is speaking while music is playing in the background,-0.7407286167144775,Speech | Music | Vehicle | Aircraft,0.6809 | 0.0053 | 0.0005 | 0.0013 | 0.0024,ok,
XD-Violence,v=0vVOXlgHC1U__#00-48-00_00-54-00_label_A,False,normal (non-violent) class not used in this study,v=0vVOXlgHC1U__#00-48-00_00-54-00_label_A.mp4,A,A,normal,1,60.0,120.0,60.0,v=0vVOXlgHC1U__#00-48-00_00-54-00_label_A__seg0001_60.000-120.000.wav,no danger risk,0,clotho,a woman is speaking while music is playing in the background,-0.7958910465240479,"Speech | Music | Vehicle | Aircraft | Fixed-wing aircraft, airplane",0.7048 | 0.0015 | 0.0011 | 0.0017 | 0.001,ok,
XD-Violence,v=0vVOXlgHC1U__#00-48-00_00-54-00_label_A,False,normal (non-violent) class not used in this study,v=0vVOXlgHC1U__#00-48-00_00-54-00_label_A.mp4,A,A,normal,2,120.0,180.0,60.0,v=0vVOXlgHC1U__#00-48-00_00-54-00_label_A__seg0002_120.000-180.000.wav,no danger risk,0,clotho,a man is speaking while a jet engine is whirring in the background,-0.9936081171035768,"Speech | Music | Vehicle | Aircraft | Fixed-wing aircraft, airplane",0.7183 | 0.0025 | 0.0077 | 0.0029 | 0.004,ok,
XD-Violence,v=0vVOXlgHC1U__#00-48-00_00-54-00_label_A,False,normal (non-violent) class not used in this study,v=0vVOXlgHC1U__#00-48-00_00-54-00_label_A.mp4,A,A,normal,3,180.0,240.0,60.0,v=0vVOXlgHC1U__#00-48-00_00-54-00_label_A__seg0003_180.000-240.000.wav,no danger risk,0,clotho,a man is speaking while a train is passing by,-1.0892105102539062,Speech | Music | Vehicle,0.7564 | 0.0053 | 0.0018 | 0.0016 | 0.0039,ok,
XD-Violence,v=0vVOXlgHC1U__#00-48-00_00-54-00_label_A,False,normal (non-violent) class not used in this study,v=0vVOXlgHC1U__#00-48-00_00-54-00_label_A.mp4,A,A,normal,4,240.0,300.0,60.0,v=0vVOXlgHC1U__#00-48-00_00-54-00_label_A__seg0004_240.000-300.000.wav,no danger risk,0,clotho,a man is speaking while music plays in the background,-0.7334265112876892,Speech | Music,0.5392 | 0.0056 | 0.0057 | 0.0007 | 0.0071,ok,
XD-Violence,v=0vVOXlgHC1U__#00-48-00_00-54-00_label_A,False,normal (non-violent) class not used in this study,v=0vVOXlgHC1U__#00-48-00_00-54-00_label_A.mp4,A,A,normal,5,300.0,360.0,60.0,v=0vVOXlgHC1U__#00-48-00_00-54-00_label_A__seg0005_300.000-360.000.wav,no danger risk,0,clotho,a man is speaking while music plays in the background,-0.6953944563865662,"Speech | Music | Waves, surf",0.7713 | 0.0103 | 0.0047 | 0.0041 | 0.0115,ok,
XD-Violence,v=0vVOXlgHC1U__#00-48-00_00-54-00_label_A,False,normal (non-violent) class not used in this study; caption generation failed (segment <= 0.17 s),v=0vVOXlgHC1U__#00-48-00_00-54-00_label_A.mp4,A,A,normal,6,360.0,360.083333,0.083333,v=0vVOXlgHC1U__#00-48-00_00-54-00_label_A__seg0006_360.000-360.083.wav,no danger risk,0,clotho,,,,,error,CoNeTTE error: input too short for the encoder's convolution kernel
XD-Violence,v=1202rYvw7go__#1_label_A,False,normal (non-violent) class not used in this study,v=1202rYvw7go__#1_label_A.mp4,A,A,normal,0,0.0,60.0,60.0,v=1202rYvw7go__#1_label_A__seg0000_0.000-60.000.wav,no danger risk,0,clotho,a man is speaking while music plays in the background,-0.6948718428611755,Speech | Music,0.85 | 0.2136 | 0.0505 | 0.0007 | 0.0317,ok,
XD-Violence,v=1202rYvw7go__#1_label_A,False,normal (non-violent) class not used in this study,v=1202rYvw7go__#1_label_A.mp4,A,A,normal,1,60.0,120.0,60.0,v=1202rYvw7go__#1_label_A__seg0001_60.000-120.000.wav,no danger risk,0,clotho,a man is speaking while music plays in the background,-0.7202001214027405,Speech | Music,0.8257 | 0.0813 | 0.0235 | 0.0015 | 0.0126,ok,
XD-Violence,v=1202rYvw7go__#1_label_A,False,normal (non-violent) class not used in this study,v=1202rYvw7go__#1_label_A.mp4,A,A,normal,2,120.0,164.625,44.625,v=1202rYvw7go__#1_label_A__seg0002_120.000-164.625.wav,no danger risk,0,clotho,a group of people are talking to each other while music is playing,-0.8873007893562317,Speech | Music,0.9032 | 0.0953 | 0.0331 | 0.0006 | 0.0146,ok,
XD-Violence,v=1EvRIhdsX1s__#1_label_A,False,normal (non-violent) class not used in this study,v=1EvRIhdsX1s__#1_label_A.mp4,A,A,normal,0,0.0,35.916667,35.916667,v=1EvRIhdsX1s__#1_label_A__seg0000_0.000-35.917.wav,no danger risk,0,clotho,a man is speaking while music is playing in the background,-0.750792920589447,Speech | Music,0.9479 | 0.006 | 0.0046 | 0.001 | 0.0007,ok,
XD-Violence,v=2JJ9d97sd64__#1_label_A,False,normal (non-violent) class not used in this study,v=2JJ9d97sd64__#1_label_A.mp4,A,A,normal,0,0.0,60.0,60.0,v=2JJ9d97sd64__#1_label_A__seg0000_0.000-60.000.wav,no danger risk,0,clotho,a man is speaking while music plays in the background,-0.7066575884819031,Speech | Music,0.8739 | 0.1057 | 0.0068 | 0.0012 | 0.0077,ok,
XD-Violence,v=2JJ9d97sd64__#1_label_A,False,normal (non-violent) class not used in this study,v=2JJ9d97sd64__#1_label_A.mp4,A,A,normal,1,60.0,120.0,60.0,v=2JJ9d97sd64__#1_label_A__seg0001_60.000-120.000.wav,no danger risk,0,clotho,a crowd of people are cheering and yelling while music plays in the background,-0.9246437549591064,Speech | Music | Basketball bounce,0.8445 | 0.009 | 0.0028 | 0.0019 | 0.0034,ok,
XD-Violence,v=2JJ9d97sd64__#1_label_A,False,normal (non-violent) class not used in this study,v=2JJ9d97sd64__#1_label_A.mp4,A,A,normal,2,120.0,130.833333,10.833333,v=2JJ9d97sd64__#1_label_A__seg0002_120.000-130.833.wav,no danger risk,0,clotho,a group of people are talking and yelling over each other,-1.117614984512329,Speech | Music,0.8281 | 0.0408 | 0.0096 | 0.0016 | 0.0071,ok,
XD-Violence,v=3MUqt3OkxIo__#1_label_A,False,normal (non-violent) class not used in this study,v=3MUqt3OkxIo__#1_label_A.mp4,A,A,normal,0,0.0,60.0,60.0,v=3MUqt3OkxIo__#1_label_A__seg0000_0.000-60.000.wav,no danger risk,0,clotho,a man is speaking while music plays in the background,-0.7275636196136475,Speech | Music,0.6721 | 0.0034 | 0.0008 | 0.0009 | 0.0041,ok,
XD-Violence,v=3MUqt3OkxIo__#1_label_A,False,normal (non-violent) class not used in this study,v=3MUqt3OkxIo__#1_label_A.mp4,A,A,normal,1,60.0,104.166667,44.166667,v=3MUqt3OkxIo__#1_label_A__seg0001_60.000-104.167.wav,no danger risk,0,clotho,a man is speaking while music is playing in the background,-0.7445241808891296,Speech | Music,0.5121 | 0.0027 | 0.0004 | 0.0002 | 0.0009,ok,
XD-Violence,v=3ZVcLOjwOMk__#1_label_A,False,normal (non-violent) class not used in this study,v=3ZVcLOjwOMk__#1_label_A.mp4,A,A,normal,0,0.0,60.0,60.0,v=3ZVcLOjwOMk__#1_label_A__seg0000_0.000-60.000.wav,no danger risk,0,clotho,a train is passing by on a railroad track,-0.9190651774406432,"Vehicle | Rail transport | Train | Train horn | Railroad car, train wagon",0.0148 | 0.0001 | 0.0 | 0.0002 | 0.0,ok,
XD-Violence,v=3ZVcLOjwOMk__#1_label_A,False,normal (non-violent) class not used in this study,v=3ZVcLOjwOMk__#1_label_A.mp4,A,A,normal,1,60.0,78.541667,18.541667,v=3ZVcLOjwOMk__#1_label_A__seg0001_60.000-78.542.wav,no danger risk,0,clotho,a train is passing by on the tracks and the horn is blowing,-1.1487902402877808,"Vehicle | Rail transport | Train | Railroad car, train wagon",0.0081 | 0.0001 | 0.0001 | 0.0003 | 0.0001,ok,
XD-Violence,v=3lSHv_DUbJs__#1_label_A,False,normal (non-violent) class not used in this study,v=3lSHv_DUbJs__#1_label_A.mp4,A,A,normal,0,0.0,60.0,60.0,v=3lSHv_DUbJs__#1_label_A__seg0000_0.000-60.000.wav,no danger risk,0,clotho,a woman is speaking while music is playing in the background,-0.6919291615486145,Speech | Music,0.8759 | 0.0091 | 0.0547 | 0.0019 | 0.0133,ok,
XD-Violence,v=3lSHv_DUbJs__#1_label_A,False,normal (non-violent) class not used in this study,v=3lSHv_DUbJs__#1_label_A.mp4,A,A,normal,1,60.0,120.0,60.0,v=3lSHv_DUbJs__#1_label_A__seg0001_60.000-120.000.wav,no danger risk,0,clotho,a woman is giving a speech with his voice,-0.9608081579208374,Speech,0.8066 | 0.0123 | 0.1038 | 0.0011 | 0.0792,ok,
XD-Violence,v=3lSHv_DUbJs__#1_label_A,False,normal (non-violent) class not used in this study,v=3lSHv_DUbJs__#1_label_A.mp4,A,A,normal,2,120.0,148.583333,28.583333,v=3lSHv_DUbJs__#1_label_A__seg0002_120.000-148.583.wav,no danger risk,0,clotho,a woman is speaking over a tannoy system in the background,-0.9814057350158693,Speech | Music,0.7264 | 0.0035 | 0.0493 | 0.0028 | 0.0436,ok,
XD-Violence,v=4jVgDKbu_TI__#1_label_A,False,normal (non-violent) class not used in this study,v=4jVgDKbu_TI__#1_label_A.mp4,A,A,normal,0,0.0,60.0,60.0,v=4jVgDKbu_TI__#1_label_A__seg0000_0.000-60.000.wav,no danger risk,0,clotho,a crowd of people are talking and cheering while music plays in the background,-0.9685432314872742,Speech | Music | Basketball bounce,0.7957 | 0.0074 | 0.0005 | 0.0012 | 0.0008,ok,
XD-Violence,v=4jVgDKbu_TI__#1_label_A,False,normal (non-violent) class not used in this study,v=4jVgDKbu_TI__#1_label_A.mp4,A,A,normal,1,60.0,120.0,60.0,v=4jVgDKbu_TI__#1_label_A__seg0001_60.000-120.000.wav,no danger risk,0,clotho,a crowd of people are talking and cheering,-1.1842128038406372,Speech | Basketball bounce,0.614 | 0.0014 | 0.0005 | 0.0012 | 0.0007,ok,
XD-Violence,v=4jVgDKbu_TI__#1_label_A,False,normal (non-violent) class not used in this study,v=4jVgDKbu_TI__#1_label_A.mp4,A,A,normal,2,120.0,180.0,60.0,v=4jVgDKbu_TI__#1_label_A__seg0002_120.000-180.000.wav,no danger risk,0,clotho,a crowd of people are cheering and talking,-1.265182614326477,Speech | Basketball bounce,0.5769 | 0.0009 | 0.0002 | 0.0013 | 0.0003,ok,
XD-Violence,v=4jVgDKbu_TI__#1_label_A,False,normal (non-violent) class not used in this study,v=4jVgDKbu_TI__#1_label_A.mp4,A,A,normal,3,180.0,240.0,60.0,v=4jVgDKbu_TI__#1_label_A__seg0003_180.000-240.000.wav,no danger risk,0,clotho,a crowd of people are shouting and cheering,-1.2024775743484497,Speech | Basketball bounce,0.569 | 0.0015 | 0.0003 | 0.0012 | 0.0007,ok,
XD-Violence,v=4jVgDKbu_TI__#1_label_A,False,normal (non-violent) class not used in this study,v=4jVgDKbu_TI__#1_label_A.mp4,A,A,normal,4,240.0,300.0,60.0,v=4jVgDKbu_TI__#1_label_A__seg0004_240.000-300.000.wav,no danger risk,0,clotho,a crowd of people are shouting and cheering,-1.186322808265686,Speech | Basketball bounce,0.6382 | 0.0011 | 0.0004 | 0.001 | 0.0005,ok,
XD-Violence,v=4jVgDKbu_TI__#1_label_A,False,normal (non-violent) class not used in this study,v=4jVgDKbu_TI__#1_label_A.mp4,A,A,normal,5,300.0,360.0,60.0,v=4jVgDKbu_TI__#1_label_A__seg0005_300.000-360.000.wav,no danger risk,0,clotho,a crowd of people are cheering and yelling,-1.2480212450027466,Speech | Basketball bounce,0.564 | 0.001 | 0.0003 | 0.001 | 0.0005,ok,
XD-Violence,v=4jVgDKbu_TI__#1_label_A,False,normal (non-violent) class not used in this study,v=4jVgDKbu_TI__#1_label_A.mp4,A,A,normal,6,360.0,420.0,60.0,v=4jVgDKbu_TI__#1_label_A__seg0006_360.000-420.000.wav,no danger risk,0,clotho,a crowd of people are talking and cheering,-1.2646331787109375,Speech | Basketball bounce,0.5739 | 0.0015 | 0.0003 | 0.0012 | 0.0006,ok,
XD-Violence,v=4jVgDKbu_TI__#1_label_A,False,normal (non-violent) class not used in this study,v=4jVgDKbu_TI__#1_label_A.mp4,A,A,normal,7,420.0,480.0,60.0,v=4jVgDKbu_TI__#1_label_A__seg0007_420.000-480.000.wav,no danger risk,0,clotho,a crowd of people are cheering and shouting,-1.2891572713851929,Speech | Basketball bounce,0.6441 | 0.0007 | 0.0003 | 0.0019 | 0.0004,ok,
XD-Violence,v=4jVgDKbu_TI__#1_label_A,False,normal (non-violent) class not used in this study,v=4jVgDKbu_TI__#1_label_A.mp4,A,A,normal,8,480.0,540.0,60.0,v=4jVgDKbu_TI__#1_label_A__seg0008_480.000-540.000.wav,no danger risk,0,clotho,a crowd of people are cheering and yelling,-1.2341197729110718,Speech | Basketball bounce,0.6612 | 0.0014 | 0.0006 | 0.0018 | 0.0006,ok,
XD-Violence,v=4jVgDKbu_TI__#1_label_A,False,normal (non-violent) class not used in this study,v=4jVgDKbu_TI__#1_label_A.mp4,A,A,normal,9,540.0,600.0,60.0,v=4jVgDKbu_TI__#1_label_A__seg0009_540.000-600.000.wav,no danger risk,0,clotho,a crowd of people are shouting and cheering,-1.1512553691864014,Speech | Basketball bounce,0.6251 | 0.0018 | 0.0004 | 0.0015 | 0.001,ok,
XD-Violence,v=4jVgDKbu_TI__#1_label_A,False,normal (non-violent) class not used in this study,v=4jVgDKbu_TI__#1_label_A.mp4,A,A,normal,10,600.0,660.0,60.0,v=4jVgDKbu_TI__#1_label_A__seg0010_600.000-660.000.wav,no danger risk,0,clotho,a crowd of people are shouting and cheering,-1.1677738428115845,Speech | Basketball bounce,0.6537 | 0.0022 | 0.0003 | 0.001 | 0.0008,ok,
XD-Violence,v=4jVgDKbu_TI__#1_label_A,False,normal (non-violent) class not used in this study,v=4jVgDKbu_TI__#1_label_A.mp4,A,A,normal,11,660.0,720.0,60.0,v=4jVgDKbu_TI__#1_label_A__seg0011_660.000-720.000.wav,no danger risk,0,clotho,a crowd of people are talking and cheering,-1.2945938110351562,Speech | Basketball bounce,0.5835 | 0.0009 | 0.0002 | 0.0016 | 0.0003,ok,
XD-Violence,v=4jVgDKbu_TI__#1_label_A,False,normal (non-violent) class not used in this study,v=4jVgDKbu_TI__#1_label_A.mp4,A,A,normal,12,720.0,780.0,60.0,v=4jVgDKbu_TI__#1_label_A__seg0012_720.000-780.000.wav,no danger risk,0,clotho,a crowd of people are talking and cheering,-1.174846887588501,Speech | Basketball bounce,0.6487 | 0.0033 | 0.0006 | 0.0015 | 0.0005,ok,
XD-Violence,v=4jVgDKbu_TI__#1_label_A,False,normal (non-violent) class not used in this study,v=4jVgDKbu_TI__#1_label_A.mp4,A,A,normal,13,780.0,790.583333,10.583333,v=4jVgDKbu_TI__#1_label_A__seg0013_780.000-790.583.wav,no danger risk,0,clotho,a crowd of people are cheering and yelling,-1.063033938407898,Speech,0.8458 | 0.0712 | 0.0051 | 0.0011 | 0.0069,ok,
XD-Violence,v=5AlAh8J3WqE__#1_label_A,False,normal (non-violent) class not used in this study,v=5AlAh8J3WqE__#1_label_A.mp4,A,A,normal,0,0.0,60.0,60.0,v=5AlAh8J3WqE__#1_label_A__seg0000_0.000-60.000.wav,no danger risk,0,clotho,a man is speaking while a bird is chirping in the background,-0.6796509027481079,Speech | Music,0.6591 | 0.0025 | 0.0007 | 0.0014 | 0.0015,ok,
XD-Violence,v=5AlAh8J3WqE__#1_label_A,False,normal (non-violent) class not used in this study,v=5AlAh8J3WqE__#1_label_A.mp4,A,A,normal,1,60.0,120.0,60.0,v=5AlAh8J3WqE__#1_label_A__seg0001_60.000-120.000.wav,no danger risk,0,clotho,a person is playing a xylophone while a man is speaking in the background,-0.8603096008300781,Speech | Whistling | Music,0.3847 | 0.0017 | 0.0008 | 0.0028 | 0.0006,ok,
XD-Violence,v=5AlAh8J3WqE__#1_label_A,False,normal (non-violent) class not used in this study,v=5AlAh8J3WqE__#1_label_A.mp4,A,A,normal,2,120.0,180.0,60.0,v=5AlAh8J3WqE__#1_label_A__seg0002_120.000-180.000.wav,no danger risk,0,clotho,a man is speaking while music plays in the background,-0.6372806429862976,Speech | Music,0.8567 | 0.004 | 0.0005 | 0.0043 | 0.0008,ok,
XD-Violence,v=5AlAh8J3WqE__#1_label_A,False,normal (non-violent) class not used in this study,v=5AlAh8J3WqE__#1_label_A.mp4,A,A,normal,3,180.0,240.0,60.0,v=5AlAh8J3WqE__#1_label_A__seg0003_180.000-240.000.wav,no danger risk,0,clotho,a man is speaking while music plays in the background,-0.7034866809844971,Speech | Music,0.6348 | 0.0028 | 0.0011 | 0.008 | 0.0004,ok,
XD-Violence,v=5AlAh8J3WqE__#1_label_A,False,normal (non-violent) class not used in this study,v=5AlAh8J3WqE__#1_label_A.mp4,A,A,normal,4,240.0,300.0,60.0,v=5AlAh8J3WqE__#1_label_A__seg0004_240.000-300.000.wav,no danger risk,0,clotho,a man is speaking while dishes are being moved around in the background,-0.8417707085609436,"Speech | Children playing | Music | Dishes, pots, and pans",0.8332 | 0.011 | 0.0011 | 0.0373 | 0.0048,ok,
XD-Violence,v=5AlAh8J3WqE__#1_label_A,False,normal (non-violent) class not used in this study,v=5AlAh8J3WqE__#1_label_A.mp4,A,A,normal,5,300.0,360.0,60.0,v=5AlAh8J3WqE__#1_label_A__seg0005_300.000-360.000.wav,no danger risk,0,clotho,a man is speaking and then a door is opened and closed,-0.9937776923179626,Speech | Music,0.8505 | 0.0039 | 0.0006 | 0.0007 | 0.0007,ok,
XD-Violence,v=5AlAh8J3WqE__#1_label_A,False,normal (non-violent) class not used in this study,v=5AlAh8J3WqE__#1_label_A.mp4,A,A,normal,6,360.0,420.0,60.0,v=5AlAh8J3WqE__#1_label_A__seg0006_360.000-420.000.wav,no danger risk,0,clotho,a man is speaking while a bird is chirping in the background,-0.7552019357681274,Speech | Music,0.8238 | 0.003 | 0.0024 | 0.0008 | 0.0015,ok,
XD-Violence,v=5AlAh8J3WqE__#1_label_A,False,normal (non-violent) class not used in this study,v=5AlAh8J3WqE__#1_label_A.mp4,A,A,normal,7,420.0,453.541667,33.541667,v=5AlAh8J3WqE__#1_label_A__seg0007_420.000-453.542.wav,no danger risk,0,clotho,a man is speaking while music plays in the background,-0.7226793766021729,Speech | Whistling | Music,0.8807 | 0.0112 | 0.037 | 0.0009 | 0.0103,ok,
XD-Violence,v=5NZxPmTpV6Y__#1_label_A,False,normal (non-violent) class not used in this study,v=5NZxPmTpV6Y__#1_label_A.mp4,A,A,normal,0,0.0,60.0,60.0,v=5NZxPmTpV6Y__#1_label_A__seg0000_0.000-60.000.wav,no danger risk,0,clotho,cars are driving by and honking while people are talking in the background,-1.045314908027649,"Speech | Vehicle | Car | Toot | Traffic noise, roadway noise",0.7312 | 0.001 | 0.0003 | 0.0011 | 0.0002,ok,
XD-Violence,v=5NZxPmTpV6Y__#1_label_A,False,normal (non-violent) class not used in this study,v=5NZxPmTpV6Y__#1_label_A.mp4,A,A,normal,1,60.0,116.958333,56.958333,v=5NZxPmTpV6Y__#1_label_A__seg0001_60.000-116.958.wav,no danger risk,0,clotho,a car horn honks while people are talking in the background,-1.1099416017532349,"Speech | Vehicle | Toot | Traffic noise, roadway noise | Outside, urban or manmade",0.8463 | 0.0016 | 0.0005 | 0.0005 | 0.0005,ok,
XD-Violence,v=5l-nbDl0qvg__#1_label_A,False,normal (non-violent) class not used in this study,v=5l-nbDl0qvg__#1_label_A.mp4,A,A,normal,0,0.0,60.0,60.0,v=5l-nbDl0qvg__#1_label_A__seg0000_0.000-60.000.wav,no danger risk,0,clotho,a person is playing a song with a chorus of instruments,-1.3410086631774902,Music,0.0096 | 0.0004 | 0.0001 | 0.0002 | 0.0002,ok,
XD-Violence,v=5l-nbDl0qvg__#1_label_A,False,normal (non-violent) class not used in this study,v=5l-nbDl0qvg__#1_label_A.mp4,A,A,normal,1,60.0,120.0,60.0,v=5l-nbDl0qvg__#1_label_A__seg0001_60.000-120.000.wav,no danger risk,0,clotho,a chorus of people chant together in unison in a song,-1.3296587467193604,Chant | Music,0.0091 | 0.0007 | 0.0001 | 0.0003 | 0.0001,ok,
XD-Violence,v=5l-nbDl0qvg__#1_label_A,False,normal (non-violent) class not used in this study,v=5l-nbDl0qvg__#1_label_A.mp4,A,A,normal,2,120.0,180.0,60.0,v=5l-nbDl0qvg__#1_label_A__seg0002_120.000-180.000.wav,no danger risk,0,clotho,a person is playing a song with a musical instrument,-1.176247477531433,Music,0.0103 | 0.0005 | 0.0002 | 0.0003 | 0.0002,ok,
XD-Violence,v=5l-nbDl0qvg__#1_label_A,False,normal (non-violent) class not used in this study,v=5l-nbDl0qvg__#1_label_A.mp4,A,A,normal,3,180.0,240.0,60.0,v=5l-nbDl0qvg__#1_label_A__seg0003_180.000-240.000.wav,no danger risk,0,clotho,a person is singing a song in the background,-1.1073378324508667,Chant | Music,0.0136 | 0.0005 | 0.0001 | 0.0005 | 0.0001,ok,
XD-Violence,v=5l-nbDl0qvg__#1_label_A,False,normal (non-violent) class not used in this study,v=5l-nbDl0qvg__#1_label_A.mp4,A,A,normal,4,240.0,300.0,60.0,v=5l-nbDl0qvg__#1_label_A__seg0004_240.000-300.000.wav,no danger risk,0,clotho,a chorus of people chant together in unison in a song,-1.3532590866088867,Chant | Music,0.01 | 0.0004 | 0.0002 | 0.0003 | 0.0001,ok,
XD-Violence,v=5l-nbDl0qvg__#1_label_A,False,normal (non-violent) class not used in this study,v=5l-nbDl0qvg__#1_label_A.mp4,A,A,normal,5,300.0,360.0,60.0,v=5l-nbDl0qvg__#1_label_A__seg0005_300.000-360.000.wav,no danger risk,0,clotho,a person is playing a song with a musical instrument,-1.183828830718994,Music,0.0271 | 0.001 | 0.0002 | 0.0003 | 0.0002,ok,
XD-Violence,v=5l-nbDl0qvg__#1_label_A,False,normal (non-violent) class not used in this study,v=5l-nbDl0qvg__#1_label_A.mp4,A,A,normal,6,360.0,420.0,60.0,v=5l-nbDl0qvg__#1_label_A__seg0006_360.000-420.000.wav,no danger risk,0,clotho,a musical instrument is playing a song in the background,-1.181895136833191,Music | Traditional music,0.0409 | 0.0004 | 0.0003 | 0.0013 | 0.0001,ok,
XD-Violence,v=5l-nbDl0qvg__#1_label_A,False,normal (non-violent) class not used in this study,v=5l-nbDl0qvg__#1_label_A.mp4,A,A,normal,7,420.0,480.0,60.0,v=5l-nbDl0qvg__#1_label_A__seg0007_420.000-480.000.wav,no danger risk,0,clotho,a musical instrument is playing a song in the background,-1.1689519882202148,Music | Traditional music,0.0547 | 0.0006 | 0.0002 | 0.0006 | 0.0001,ok,
XD-Violence,v=5l-nbDl0qvg__#1_label_A,False,normal (non-violent) class not used in this study,v=5l-nbDl0qvg__#1_label_A.mp4,A,A,normal,8,480.0,540.0,60.0,v=5l-nbDl0qvg__#1_label_A__seg0008_480.000-540.000.wav,no danger risk,0,clotho,music is playing in the background while a person is singing,-1.147413969039917,Music,0.1123 | 0.0004 | 0.0006 | 0.0003 | 0.0002,ok,
XD-Violence,v=5l-nbDl0qvg__#1_label_A,False,normal (non-violent) class not used in this study,v=5l-nbDl0qvg__#1_label_A.mp4,A,A,normal,9,540.0,546.833333,6.833333,v=5l-nbDl0qvg__#1_label_A__seg0009_540.000-546.833.wav,no danger risk,0,clotho,a man is singing a song while a musical instrument is being played,-1.2970317602157593,Male singing | Music,0.0278 | 0.0007 | 0.0011 | 0.0002 | 0.0004,ok,
XD-Violence,v=6cvZOGzfqWU__#1_label_A,False,normal (non-violent) class not used in this study,v=6cvZOGzfqWU__#1_label_A.mp4,A,A,normal,0,0.0,60.0,60.0,v=6cvZOGzfqWU__#1_label_A__seg0000_0.000-60.000.wav,no danger risk,0,clotho,a person is singing a song with some music in the background,-1.1958320140838623,Music,0.0348 | 0.002 | 0.0005 | 0.0002 | 0.0002,ok,
XD-Violence,v=6cvZOGzfqWU__#1_label_A,False,normal (non-violent) class not used in this study,v=6cvZOGzfqWU__#1_label_A.mp4,A,A,normal,1,60.0,120.0,60.0,v=6cvZOGzfqWU__#1_label_A__seg0001_60.000-120.000.wav,no danger risk,0,clotho,music is playing and a man is singing,-1.1877427101135254,Music,0.052 | 0.0014 | 0.0006 | 0.0004 | 0.0003,ok,
XD-Violence,v=6cvZOGzfqWU__#1_label_A,False,normal (non-violent) class not used in this study,v=6cvZOGzfqWU__#1_label_A.mp4,A,A,normal,2,120.0,180.0,60.0,v=6cvZOGzfqWU__#1_label_A__seg0002_120.000-180.000.wav,no danger risk,0,clotho,music is playing and a person is singing in the background,-1.197020173072815,Music,0.011 | 0.0004 | 0.0003 | 0.0001 | 0.0001,ok,
XD-Violence,v=6cvZOGzfqWU__#1_label_A,False,normal (non-violent) class not used in this study,v=6cvZOGzfqWU__#1_label_A.mp4,A,A,normal,3,180.0,233.083333,53.083333,v=6cvZOGzfqWU__#1_label_A__seg0003_180.000-233.083.wav,no danger risk,0,clotho,music is being played in a large open space,-1.2155860662460327,Music,0.0524 | 0.0017 | 0.0009 | 0.0004 | 0.0002,ok,
XD-Violence,v=7smETZfN0XA__#1_label_A,False,normal (non-violent) class not used in this study,v=7smETZfN0XA__#1_label_A.mp4,A,A,normal,0,0.0,60.0,60.0,v=7smETZfN0XA__#1_label_A__seg0000_0.000-60.000.wav,no danger risk,0,clotho,a man is speaking while music is playing in the background,-0.914129674434662,Speech | Music | Brass instrument,0.5547 | 0.0054 | 0.001 | 0.0011 | 0.0021,ok,
XD-Violence,v=7smETZfN0XA__#1_label_A,False,normal (non-violent) class not used in this study,v=7smETZfN0XA__#1_label_A.mp4,A,A,normal,1,60.0,120.0,60.0,v=7smETZfN0XA__#1_label_A__seg0001_60.000-120.000.wav,no danger risk,0,clotho,music is playing and a person is walking on a sidewalk,-1.2903735637664795,Music,0.0921 | 0.001 | 0.0006 | 0.0011 | 0.0002,ok,
XD-Violence,v=7smETZfN0XA__#1_label_A,False,normal (non-violent) class not used in this study,v=7smETZfN0XA__#1_label_A.mp4,A,A,normal,2,120.0,125.833333,5.833333,v=7smETZfN0XA__#1_label_A__seg0002_120.000-125.833.wav,no danger risk,0,clotho,a crowd of people are clapping and cheering,-1.1574357748031616,Speech,0.6265 | 0.0113 | 0.0013 | 0.0002 | 0.0011,ok,
XD-Violence,v=8SC55pYljMM__#1_label_A,False,normal (non-violent) class not used in this study,v=8SC55pYljMM__#1_label_A.mp4,A,A,normal,0,0.0,60.0,60.0,v=8SC55pYljMM__#1_label_A__seg0000_0.000-60.000.wav,no danger risk,0,clotho,a crowd of people are talking and cheering while music plays in the background,-1.0841259956359863,Speech | Music | Basketball bounce,0.6703 | 0.0062 | 0.0006 | 0.0042 | 0.0011,ok,
XD-Violence,v=8SC55pYljMM__#1_label_A,False,normal (non-violent) class not used in this study,v=8SC55pYljMM__#1_label_A.mp4,A,A,normal,1,60.0,120.0,60.0,v=8SC55pYljMM__#1_label_A__seg0001_60.000-120.000.wav,no danger risk,0,clotho,a crowd of people are shouting and cheering while music is playing,-1.1370155811309814,Speech | Music | Basketball bounce,0.6545 | 0.0042 | 0.0008 | 0.0023 | 0.0006,ok,
XD-Violence,v=8SC55pYljMM__#1_label_A,False,normal (non-violent) class not used in this study,v=8SC55pYljMM__#1_label_A.mp4,A,A,normal,2,120.0,180.0,60.0,v=8SC55pYljMM__#1_label_A__seg0002_120.000-180.000.wav,no danger risk,0,clotho,a crowd of people are talking and cheering while music plays in the background,-0.9523922204971312,Speech | Music | Basketball bounce,0.847 | 0.0047 | 0.0003 | 0.0019 | 0.0014,ok,
XD-Violence,v=8SC55pYljMM__#1_label_A,False,normal (non-violent) class not used in this study; caption generation failed (segment <= 0.17 s),v=8SC55pYljMM__#1_label_A.mp4,A,A,normal,3,180.0,180.166667,0.166667,v=8SC55pYljMM__#1_label_A__seg0003_180.000-180.167.wav,no danger risk,0,clotho,,,,,error,CoNeTTE error: input too short for the encoder's convolution kernel
XD-Violence,v=94zZ9iptP54__#1_label_A,False,normal (non-violent) class not used in this study,v=94zZ9iptP54__#1_label_A.mp4,A,A,normal,0,0.0,38.833333,38.833333,v=94zZ9iptP54__#1_label_A__seg0000_0.000-38.833.wav,no danger risk,0,clotho,a man is speaking while birds are chirping in the background,-0.8281838893890381,Speech | Music,0.7359 | 0.0016 | 0.0004 | 0.0001 | 0.0001,ok,
XD-Violence,v=9FxmNOXF25Q__#1_label_A,False,normal (non-violent) class not used in this study,v=9FxmNOXF25Q__#1_label_A.mp4,A,A,normal,0,0.0,60.0,60.0,v=9FxmNOXF25Q__#1_label_A__seg0000_0.000-60.000.wav,no danger risk,0,clotho,a crowd of people are talking and cheering while playing basketball,-1.1650161743164062,Speech | Basketball bounce,0.7487 | 0.0015 | 0.0006 | 0.001 | 0.0006,ok,
XD-Violence,v=9FxmNOXF25Q__#1_label_A,False,normal (non-violent) class not used in this study,v=9FxmNOXF25Q__#1_label_A.mp4,A,A,normal,1,60.0,120.0,60.0,v=9FxmNOXF25Q__#1_label_A__seg0001_60.000-120.000.wav,no danger risk,0,clotho,a crowd of people are talking and cheering,-1.245047688484192,Speech | Basketball bounce,0.5737 | 0.002 | 0.0004 | 0.0009 | 0.0008,ok,
XD-Violence,v=9FxmNOXF25Q__#1_label_A,False,normal (non-violent) class not used in this study,v=9FxmNOXF25Q__#1_label_A.mp4,A,A,normal,2,120.0,171.666667,51.666667,v=9FxmNOXF25Q__#1_label_A__seg0002_120.000-171.667.wav,no danger risk,0,clotho,a crowd of people are talking and cheering,-1.2429298162460327,Speech | Music | Basketball bounce,0.7739 | 0.0016 | 0.0005 | 0.0006 | 0.0004,ok,
XD-Violence,v=9eME1y6V-T4__#00-42-00_00-48-00_label_A,False,normal (non-violent) class not used in this study,v=9eME1y6V-T4__#00-42-00_00-48-00_label_A.mp4,A,A,normal,0,0.0,60.0,60.0,v=9eME1y6V-T4__#00-42-00_00-48-00_label_A__seg0000_0.000-60.000.wav,no danger risk,0,clotho,a person is playing a musical instrument while a car is driving by,-1.1510788202285769,Music,0.052 | 0.0004 | 0.0002 | 0.0004 | 0.0002,ok,
XD-Violence,v=9eME1y6V-T4__#00-42-00_00-48-00_label_A,False,normal (non-violent) class not used in this study,v=9eME1y6V-T4__#00-42-00_00-48-00_label_A.mp4,A,A,normal,1,60.0,120.0,60.0,v=9eME1y6V-T4__#00-42-00_00-48-00_label_A__seg0001_60.000-120.000.wav,no danger risk,0,clotho,a person is playing a musical instrument while a car is driving by,-1.165912389755249,Music | Brass instrument,0.0417 | 0.0004 | 0.0002 | 0.0004 | 0.0001,ok,
XD-Violence,v=9eME1y6V-T4__#00-42-00_00-48-00_label_A,False,normal (non-violent) class not used in this study,v=9eME1y6V-T4__#00-42-00_00-48-00_label_A.mp4,A,A,normal,2,120.0,180.0,60.0,v=9eME1y6V-T4__#00-42-00_00-48-00_label_A__seg0002_120.000-180.000.wav,no danger risk,0,clotho,a person is playing a musical instrument while a car is driving by,-1.0730890035629272,Music | Vehicle,0.0431 | 0.0016 | 0.0003 | 0.0004 | 0.0002,ok,
XD-Violence,v=9eME1y6V-T4__#00-42-00_00-48-00_label_A,False,normal (non-violent) class not used in this study,v=9eME1y6V-T4__#00-42-00_00-48-00_label_A.mp4,A,A,normal,3,180.0,240.0,60.0,v=9eME1y6V-T4__#00-42-00_00-48-00_label_A__seg0003_180.000-240.000.wav,no danger risk,0,clotho,a person is playing a musical instrument while a whistle is blowing in the background,-1.1808634996414185,Music,0.0431 | 0.0014 | 0.0002 | 0.0002 | 0.0002,ok,
XD-Violence,v=9eME1y6V-T4__#00-42-00_00-48-00_label_A,False,normal (non-violent) class not used in this study,v=9eME1y6V-T4__#00-42-00_00-48-00_label_A.mp4,A,A,normal,4,240.0,300.0,60.0,v=9eME1y6V-T4__#00-42-00_00-48-00_label_A__seg0004_240.000-300.000.wav,no danger risk,0,clotho,music is playing and a car is driving by,-1.08097243309021,Speech | Music | Vehicle,0.3851 | 0.0019 | 0.0002 | 0.0012 | 0.0005,ok,
XD-Violence,v=9eME1y6V-T4__#00-42-00_00-48-00_label_A,False,normal (non-violent) class not used in this study,v=9eME1y6V-T4__#00-42-00_00-48-00_label_A.mp4,A,A,normal,5,300.0,360.0,60.0,v=9eME1y6V-T4__#00-42-00_00-48-00_label_A__seg0005_300.000-360.000.wav,no danger risk,0,clotho,music is playing and a car is driving by,-1.139852523803711,Music | Vehicle,0.255 | 0.0015 | 0.0003 | 0.0008 | 0.0005,ok,
XD-Violence,v=9eME1y6V-T4__#00-42-00_00-48-00_label_A,False,normal (non-violent) class not used in this study; caption generation failed (segment <= 0.17 s),v=9eME1y6V-T4__#00-42-00_00-48-00_label_A.mp4,A,A,normal,6,360.0,360.083333,0.083333,v=9eME1y6V-T4__#00-42-00_00-48-00_label_A__seg0006_360.000-360.083.wav,no danger risk,0,clotho,,,,,error,CoNeTTE error: input too short for the encoder's convolution kernel
XD-Violence,v=9eME1y6V-T4__#01-00-00_01-06-00_label_A,False,normal (non-violent) class not used in this study,v=9eME1y6V-T4__#01-00-00_01-06-00_label_A.mp4,A,A,normal,0,0.0,60.0,60.0,v=9eME1y6V-T4__#01-00-00_01-06-00_label_A__seg0000_0.000-60.000.wav,no danger risk,0,clotho,a person is playing a musical instrument with drums and other instruments,-1.1909853219985962,Music,0.1569 | 0.0012 | 0.002 | 0.0004 | 0.0004,ok,
XD-Violence,v=9eME1y6V-T4__#01-00-00_01-06-00_label_A,False,normal (non-violent) class not used in this study,v=9eME1y6V-T4__#01-00-00_01-06-00_label_A.mp4,A,A,normal,1,60.0,120.0,60.0,v=9eME1y6V-T4__#01-00-00_01-06-00_label_A__seg0001_60.000-120.000.wav,no danger risk,0,clotho,a person is playing a musical instrument with drums and other instruments,-1.2028409242630005,Music,0.1158 | 0.0014 | 0.0016 | 0.0003 | 0.0003,ok,
XD-Violence,v=9eME1y6V-T4__#01-00-00_01-06-00_label_A,False,normal (non-violent) class not used in this study,v=9eME1y6V-T4__#01-00-00_01-06-00_label_A.mp4,A,A,normal,2,120.0,180.0,60.0,v=9eME1y6V-T4__#01-00-00_01-06-00_label_A__seg0002_120.000-180.000.wav,no danger risk,0,clotho,music is playing and a person is walking on a sidewalk,-1.21795392036438,Music,0.1379 | 0.0031 | 0.0021 | 0.0006 | 0.0012,ok,
XD-Violence,v=9eME1y6V-T4__#01-00-00_01-06-00_label_A,False,normal (non-violent) class not used in this study,v=9eME1y6V-T4__#01-00-00_01-06-00_label_A.mp4,A,A,normal,3,180.0,240.0,60.0,v=9eME1y6V-T4__#01-00-00_01-06-00_label_A__seg0003_180.000-240.000.wav,no danger risk,0,clotho,a person is playing a musical instrument with drums and other instruments,-1.1718910932540894,Music,0.078 | 0.0009 | 0.0007 | 0.0004 | 0.0007,ok,
XD-Violence,v=9eME1y6V-T4__#01-00-00_01-06-00_label_A,False,normal (non-violent) class not used in this study,v=9eME1y6V-T4__#01-00-00_01-06-00_label_A.mp4,A,A,normal,4,240.0,300.0,60.0,v=9eME1y6V-T4__#01-00-00_01-06-00_label_A__seg0004_240.000-300.000.wav,no danger risk,0,clotho,a person is playing a musical instrument with drums and other instruments,-1.190638542175293,Music,0.0475 | 0.001 | 0.0005 | 0.0005 | 0.0006,ok,
XD-Violence,v=9eME1y6V-T4__#01-00-00_01-06-00_label_A,False,normal (non-violent) class not used in this study,v=9eME1y6V-T4__#01-00-00_01-06-00_label_A.mp4,A,A,normal,5,300.0,360.0,60.0,v=9eME1y6V-T4__#01-00-00_01-06-00_label_A__seg0005_300.000-360.000.wav,no danger risk,0,clotho,a person is playing a musical instrument with drums and other instruments,-1.2037227153778076,Music,0.1375 | 0.0015 | 0.0009 | 0.0007 | 0.0004,ok,
XD-Violence,v=9eME1y6V-T4__#01-00-00_01-06-00_label_A,False,normal (non-violent) class not used in this study; caption generation failed (segment <= 0.17 s),v=9eME1y6V-T4__#01-00-00_01-06-00_label_A.mp4,A,A,normal,6,360.0,360.083333,0.083333,v=9eME1y6V-T4__#01-00-00_01-06-00_label_A__seg0006_360.000-360.083.wav,no danger risk,0,clotho,,,,,error,CoNeTTE error: input too short for the encoder's convolution kernel
XD-Violence,v=9eME1y6V-T4__#01-06-00_01-12-00_label_A,False,normal (non-violent) class not used in this study,v=9eME1y6V-T4__#01-06-00_01-12-00_label_A.mp4,A,A,normal,0,0.0,60.0,60.0,v=9eME1y6V-T4__#01-06-00_01-12-00_label_A__seg0000_0.000-60.000.wav,no danger risk,0,clotho,a person is playing a musical instrument with drums and other instruments,-1.1631754636764526,Music,0.0929 | 0.0015 | 0.0017 | 0.0005 | 0.0008,ok,
XD-Violence,v=9eME1y6V-T4__#01-06-00_01-12-00_label_A,False,normal (non-violent) class not used in this study,v=9eME1y6V-T4__#01-06-00_01-12-00_label_A.mp4,A,A,normal,1,60.0,120.0,60.0,v=9eME1y6V-T4__#01-06-00_01-12-00_label_A__seg0001_60.000-120.000.wav,no danger risk,0,clotho,a person is playing a musical instrument with drums and other instruments,-1.102679967880249,Music | Brass instrument,0.0217 | 0.0006 | 0.0003 | 0.0004 | 0.0001,ok,
XD-Violence,v=9eME1y6V-T4__#01-06-00_01-12-00_label_A,False,normal (non-violent) class not used in this study,v=9eME1y6V-T4__#01-06-00_01-12-00_label_A.mp4,A,A,normal,2,120.0,180.0,60.0,v=9eME1y6V-T4__#01-06-00_01-12-00_label_A__seg0002_120.000-180.000.wav,no danger risk,0,clotho,a musical instrument is playing a song with drums and people talking in the background,-1.0093179941177368,Music | Orchestra,0.2024 | 0.0009 | 0.0003 | 0.0007 | 0.0001,ok,
XD-Violence,v=9eME1y6V-T4__#01-06-00_01-12-00_label_A,False,normal (non-violent) class not used in this study,v=9eME1y6V-T4__#01-06-00_01-12-00_label_A.mp4,A,A,normal,3,180.0,240.0,60.0,v=9eME1y6V-T4__#01-06-00_01-12-00_label_A__seg0003_180.000-240.000.wav,no danger risk,0,clotho,a musical instrument is playing a song with drums and other instruments,-1.084235429763794,Music,0.011 | 0.0006 | 0.0003 | 0.0003 | 0.0002,ok,
XD-Violence,v=9eME1y6V-T4__#01-06-00_01-12-00_label_A,False,normal (non-violent) class not used in this study,v=9eME1y6V-T4__#01-06-00_01-12-00_label_A.mp4,A,A,normal,4,240.0,300.0,60.0,v=9eME1y6V-T4__#01-06-00_01-12-00_label_A__seg0004_240.000-300.000.wav,no danger risk,0,clotho,a person is playing a musical instrument with drums and other instruments,-1.144860029220581,Music,0.1093 | 0.0007 | 0.0004 | 0.0009 | 0.0003,ok,
XD-Violence,v=9eME1y6V-T4__#01-06-00_01-12-00_label_A,False,normal (non-violent) class not used in this study,v=9eME1y6V-T4__#01-06-00_01-12-00_label_A.mp4,A,A,normal,5,300.0,360.0,60.0,v=9eME1y6V-T4__#01-06-00_01-12-00_label_A__seg0005_300.000-360.000.wav,no danger risk,0,clotho,a person is playing a musical instrument with drums and other instruments,-1.1330422163009644,Music,0.0641 | 0.0008 | 0.0004 | 0.0009 | 0.0002,ok,
XD-Violence,v=9eME1y6V-T4__#01-06-00_01-12-00_label_A,False,normal (non-violent) class not used in this study; caption generation failed (segment <= 0.17 s),v=9eME1y6V-T4__#01-06-00_01-12-00_label_A.mp4,A,A,normal,6,360.0,360.083333,0.083333,v=9eME1y6V-T4__#01-06-00_01-12-00_label_A__seg0006_360.000-360.083.wav,no danger risk,0,clotho,,,,,error,CoNeTTE error: input too short for the encoder's convolution kernel
XD-Violence,v=9eME1y6V-T4__#01-18-00_01-24-00_label_A,False,normal (non-violent) class not used in this study,v=9eME1y6V-T4__#01-18-00_01-24-00_label_A.mp4,A,A,normal,0,0.0,60.0,60.0,v=9eME1y6V-T4__#01-18-00_01-24-00_label_A__seg0000_0.000-60.000.wav,no danger risk,0,clotho,a person is playing a musical instrument with drums and other instruments,-1.2217437028884888,Music,0.0204 | 0.0008 | 0.0008 | 0.0005 | 0.0004,ok,
XD-Violence,v=9eME1y6V-T4__#01-18-00_01-24-00_label_A,False,normal (non-violent) class not used in this study,v=9eME1y6V-T4__#01-18-00_01-24-00_label_A.mp4,A,A,normal,1,60.0,120.0,60.0,v=9eME1y6V-T4__#01-18-00_01-24-00_label_A__seg0001_60.000-120.000.wav,no danger risk,0,clotho,a person is playing a musical instrument with drums and other instruments,-1.1590555906295776,Music,0.0125 | 0.0006 | 0.0003 | 0.0009 | 0.0001,ok,
XD-Violence,v=9eME1y6V-T4__#01-18-00_01-24-00_label_A,False,normal (non-violent) class not used in this study,v=9eME1y6V-T4__#01-18-00_01-24-00_label_A.mp4,A,A,normal,2,120.0,180.0,60.0,v=9eME1y6V-T4__#01-18-00_01-24-00_label_A__seg0002_120.000-180.000.wav,no danger risk,0,clotho,a person is playing a musical instrument with drums and other instruments,-1.188426852226257,Music,0.0111 | 0.0008 | 0.0005 | 0.0012 | 0.0001,ok,
XD-Violence,v=9eME1y6V-T4__#01-18-00_01-24-00_label_A,False,normal (non-violent) class not used in this study,v=9eME1y6V-T4__#01-18-00_01-24-00_label_A.mp4,A,A,normal,3,180.0,240.0,60.0,v=9eME1y6V-T4__#01-18-00_01-24-00_label_A__seg0003_180.000-240.000.wav,no danger risk,0,clotho,a person is playing a musical instrument while a band plays a song in the,-1.2422854900360107,Music,0.0814 | 0.0012 | 0.0006 | 0.0009 | 0.0002,ok,
XD-Violence,v=9eME1y6V-T4__#01-18-00_01-24-00_label_A,False,normal (non-violent) class not used in this study,v=9eME1y6V-T4__#01-18-00_01-24-00_label_A.mp4,A,A,normal,4,240.0,300.0,60.0,v=9eME1y6V-T4__#01-18-00_01-24-00_label_A__seg0004_240.000-300.000.wav,no danger risk,0,clotho,a person is playing a musical instrument with drums and other instruments,-1.1539483070373535,Music,0.015 | 0.0004 | 0.0004 | 0.0005 | 0.0002,ok,
XD-Violence,v=9eME1y6V-T4__#01-18-00_01-24-00_label_A,False,normal (non-violent) class not used in this study,v=9eME1y6V-T4__#01-18-00_01-24-00_label_A.mp4,A,A,normal,5,300.0,360.0,60.0,v=9eME1y6V-T4__#01-18-00_01-24-00_label_A__seg0005_300.000-360.000.wav,no danger risk,0,clotho,a person is playing a musical instrument while a man is speaking in the background,-1.041796088218689,Music,0.1864 | 0.0006 | 0.0008 | 0.0009 | 0.0003,ok,
XD-Violence,v=9eME1y6V-T4__#01-18-00_01-24-00_label_A,False,normal (non-violent) class not used in this study; caption generation failed (segment <= 0.17 s),v=9eME1y6V-T4__#01-18-00_01-24-00_label_A.mp4,A,A,normal,6,360.0,360.083333,0.083333,v=9eME1y6V-T4__#01-18-00_01-24-00_label_A__seg0006_360.000-360.083.wav,no danger risk,0,clotho,,,,,error,CoNeTTE error: input too short for the encoder's convolution kernel
XD-Violence,v=9eME1y6V-T4__#01-36-00_01-42-00_label_A,False,normal (non-violent) class not used in this study,v=9eME1y6V-T4__#01-36-00_01-42-00_label_A.mp4,A,A,normal,0,0.0,60.0,60.0,v=9eME1y6V-T4__#01-36-00_01-42-00_label_A__seg0000_0.000-60.000.wav,no danger risk,0,clotho,a person is playing a musical instrument in the background,-1.0696626901626587,Music | Brass instrument | Trombone,0.0384 | 0.0012 | 0.0013 | 0.0003 | 0.0003,ok,
XD-Violence,v=9eME1y6V-T4__#01-36-00_01-42-00_label_A,False,normal (non-violent) class not used in this study,v=9eME1y6V-T4__#01-36-00_01-42-00_label_A.mp4,A,A,normal,1,60.0,120.0,60.0,v=9eME1y6V-T4__#01-36-00_01-42-00_label_A__seg0001_60.000-120.000.wav,no danger risk,0,clotho,a person is playing a musical instrument in the background,-1.0886949300765991,Music | Orchestra | Brass instrument,0.1076 | 0.0012 | 0.0004 | 0.0006 | 0.0002,ok,
XD-Violence,v=9eME1y6V-T4__#01-36-00_01-42-00_label_A,False,normal (non-violent) class not used in this study,v=9eME1y6V-T4__#01-36-00_01-42-00_label_A.mp4,A,A,normal,2,120.0,180.0,60.0,v=9eME1y6V-T4__#01-36-00_01-42-00_label_A__seg0002_120.000-180.000.wav,no danger risk,0,clotho,a person is playing a musical instrument with drums and other instruments,-1.177767038345337,Music | Brass instrument,0.1165 | 0.0007 | 0.0004 | 0.0006 | 0.0002,ok,
XD-Violence,v=9eME1y6V-T4__#01-36-00_01-42-00_label_A,False,normal (non-violent) class not used in this study,v=9eME1y6V-T4__#01-36-00_01-42-00_label_A.mp4,A,A,normal,3,180.0,240.0,60.0,v=9eME1y6V-T4__#01-36-00_01-42-00_label_A__seg0003_180.000-240.000.wav,no danger risk,0,clotho,a person is playing a musical instrument in the background,-1.0831098556518557,Music | Orchestra | Brass instrument,0.012 | 0.0007 | 0.0003 | 0.0003 | 0.0001,ok,
XD-Violence,v=9eME1y6V-T4__#01-36-00_01-42-00_label_A,False,normal (non-violent) class not used in this study,v=9eME1y6V-T4__#01-36-00_01-42-00_label_A.mp4,A,A,normal,4,240.0,300.0,60.0,v=9eME1y6V-T4__#01-36-00_01-42-00_label_A__seg0004_240.000-300.000.wav,no danger risk,0,clotho,a person is playing a musical instrument while music plays in the background,-1.049451470375061,Speech | Music,0.3925 | 0.0011 | 0.0002 | 0.0008 | 0.0003,ok,
XD-Violence,v=9eME1y6V-T4__#01-36-00_01-42-00_label_A,False,normal (non-violent) class not used in this study,v=9eME1y6V-T4__#01-36-00_01-42-00_label_A.mp4,A,A,normal,5,300.0,360.0,60.0,v=9eME1y6V-T4__#01-36-00_01-42-00_label_A__seg0005_300.000-360.000.wav,no danger risk,0,clotho,music is playing while people are talking in the background,-0.9208608865737916,Speech | Music | Vehicle,0.3355 | 0.004 | 0.0002 | 0.0012 | 0.0009,ok,
XD-Violence,v=9eME1y6V-T4__#01-36-00_01-42-00_label_A,False,normal (non-violent) class not used in this study; caption generation failed (segment <= 0.17 s),v=9eME1y6V-T4__#01-36-00_01-42-00_label_A.mp4,A,A,normal,6,360.0,360.083333,0.083333,v=9eME1y6V-T4__#01-36-00_01-42-00_label_A__seg0006_360.000-360.083.wav,no danger risk,0,clotho,,,,,error,CoNeTTE error: input too short for the encoder's convolution kernel
XD-Violence,v=9eME1y6V-T4__#02-00-00_02-06-00_label_A,False,normal (non-violent) class not used in this study,v=9eME1y6V-T4__#02-00-00_02-06-00_label_A.mp4,A,A,normal,0,0.0,60.0,60.0,v=9eME1y6V-T4__#02-00-00_02-06-00_label_A__seg0000_0.000-60.000.wav,no danger risk,0,clotho,a person is walking on a sidewalk and people are talking in the background,-0.9958770275115968,Animal | Clip-clop | Music,0.255 | 0.0054 | 0.0004 | 0.0016 | 0.0008,ok,
XD-Violence,v=9eME1y6V-T4__#02-00-00_02-06-00_label_A,False,normal (non-violent) class not used in this study,v=9eME1y6V-T4__#02-00-00_02-06-00_label_A.mp4,A,A,normal,1,60.0,120.0,60.0,v=9eME1y6V-T4__#02-00-00_02-06-00_label_A__seg0001_60.000-120.000.wav,no danger risk,0,clotho,a person is walking on a sidewalk and people are talking in the background,-1.0203553438186646,Run,0.2046 | 0.004 | 0.0002 | 0.0013 | 0.0002,ok,
XD-Violence,v=9eME1y6V-T4__#02-00-00_02-06-00_label_A,False,normal (non-violent) class not used in this study,v=9eME1y6V-T4__#02-00-00_02-06-00_label_A.mp4,A,A,normal,2,120.0,180.0,60.0,v=9eME1y6V-T4__#02-00-00_02-06-00_label_A__seg0002_120.000-180.000.wav,no danger risk,0,clotho,a person is playing a musical instrument while people are talking in the background,-0.8237830996513367,Speech | Music | Brass instrument | Trombone,0.3167 | 0.002 | 0.0005 | 0.0004 | 0.0006,ok,
XD-Violence,v=9eME1y6V-T4__#02-00-00_02-06-00_label_A,False,normal (non-violent) class not used in this study,v=9eME1y6V-T4__#02-00-00_02-06-00_label_A.mp4,A,A,normal,3,180.0,240.0,60.0,v=9eME1y6V-T4__#02-00-00_02-06-00_label_A__seg0003_180.000-240.000.wav,no danger risk,0,clotho,a person is playing a musical instrument with drums and people talking in the background,-0.9567404985427856,Music | Orchestra | Brass instrument | Trombone,0.1788 | 0.0005 | 0.0004 | 0.0002 | 0.0001,ok,
XD-Violence,v=9eME1y6V-T4__#02-00-00_02-06-00_label_A,False,normal (non-violent) class not used in this study,v=9eME1y6V-T4__#02-00-00_02-06-00_label_A.mp4,A,A,normal,4,240.0,300.0,60.0,v=9eME1y6V-T4__#02-00-00_02-06-00_label_A__seg0004_240.000-300.000.wav,no danger risk,0,clotho,a person is banging a drum in the background,-1.3578970432281494,Music | Percussion | Drum | Drum roll,0.1567 | 0.0003 | 0.0002 | 0.0006 | 0.0,ok,
XD-Violence,v=9eME1y6V-T4__#02-00-00_02-06-00_label_A,False,normal (non-violent) class not used in this study,v=9eME1y6V-T4__#02-00-00_02-06-00_label_A.mp4,A,A,normal,5,300.0,360.0,60.0,v=9eME1y6V-T4__#02-00-00_02-06-00_label_A__seg0005_300.000-360.000.wav,no danger risk,0,clotho,a person is banging a drum in a room,-1.4011411666870115,Music | Percussion | Drum | Snare drum | Drum roll,0.0254 | 0.0003 | 0.0001 | 0.0002 | 0.0,ok,
XD-Violence,v=9eME1y6V-T4__#02-00-00_02-06-00_label_A,False,normal (non-violent) class not used in this study; caption generation failed (segment <= 0.17 s),v=9eME1y6V-T4__#02-00-00_02-06-00_label_A.mp4,A,A,normal,6,360.0,360.083333,0.083333,v=9eME1y6V-T4__#02-00-00_02-06-00_label_A__seg0006_360.000-360.083.wav,no danger risk,0,clotho,,,,,error,CoNeTTE error: input too short for the encoder's convolution kernel
XD-Violence,v=9qxJ6bznkNI__#1_label_A,False,normal (non-violent) class not used in this study,v=9qxJ6bznkNI__#1_label_A.mp4,A,A,normal,0,0.0,60.0,60.0,v=9qxJ6bznkNI__#1_label_A__seg0000_0.000-60.000.wav,no danger risk,0,clotho,a man is giving a speech while others are talking in the background,-0.8851829171180725,"Speech | Male speech, man speaking | Conversation | Music",0.9571 | 0.3456 | 0.1161 | 0.054 | 0.3143,ok,
XD-Violence,v=9qxJ6bznkNI__#1_label_A,False,normal (non-violent) class not used in this study,v=9qxJ6bznkNI__#1_label_A.mp4,A,A,normal,1,60.0,120.0,60.0,v=9qxJ6bznkNI__#1_label_A__seg0001_60.000-120.000.wav,no danger risk,0,clotho,a woman is giving a speech while a crowd of people are talking,-0.9742538332939148,"Speech | Female speech, woman speaking | Conversation",0.9015 | 0.1407 | 0.4934 | 0.0308 | 0.4497,ok,
XD-Violence,v=9qxJ6bznkNI__#1_label_A,False,normal (non-violent) class not used in this study,v=9qxJ6bznkNI__#1_label_A.mp4,A,A,normal,2,120.0,180.0,60.0,v=9qxJ6bznkNI__#1_label_A__seg0002_120.000-180.000.wav,no danger risk,0,clotho,a man is giving a speech while others are talking in the background,-0.8632099032402039,Speech | Music,0.9343 | 0.1182 | 0.0755 | 0.0273 | 0.0494,ok,
XD-Violence,v=9qxJ6bznkNI__#1_label_A,False,normal (non-violent) class not used in this study,v=9qxJ6bznkNI__#1_label_A.mp4,A,A,normal,3,180.0,227.300136,47.300136,v=9qxJ6bznkNI__#1_label_A__seg0003_180.000-227.300.wav,no danger risk,0,clotho,a man is speaking and then a door is opened and closed,-0.9824771881103516,Speech | Music,0.8947 | 0.0138 | 0.0121 | 0.0055 | 0.0064,ok,
XD-Violence,v=AqFWYZsOgWY__#00-21-00_00-24-00_label_A,False,normal (non-violent) class not used in this study,v=AqFWYZsOgWY__#00-21-00_00-24-00_label_A.mp4,A,A,normal,0,0.0,60.0,60.0,v=AqFWYZsOgWY__#00-21-00_00-24-00_label_A__seg0000_0.000-60.000.wav,no danger risk,0,clotho,a crowd of people are cheering and yelling while a man is speaking,-1.2413628101348877,Speech | Cheering | Crowd | Music,0.7943 | 0.0444 | 0.022 | 0.0021 | 0.0217,ok,
XD-Violence,v=AqFWYZsOgWY__#00-21-00_00-24-00_label_A,False,normal (non-violent) class not used in this study,v=AqFWYZsOgWY__#00-21-00_00-24-00_label_A.mp4,A,A,normal,1,60.0,120.0,60.0,v=AqFWYZsOgWY__#00-21-00_00-24-00_label_A__seg0001_60.000-120.000.wav,no danger risk,0,clotho,a crowd of people are cheering and yelling,-1.099376559257507,Speech | Cheering | Crowd | Music,0.7791 | 0.0461 | 0.0589 | 0.0043 | 0.0212,ok,
XD-Violence,v=AqFWYZsOgWY__#00-21-00_00-24-00_label_A,False,normal (non-violent) class not used in this study,v=AqFWYZsOgWY__#00-21-00_00-24-00_label_A.mp4,A,A,normal,2,120.0,180.0,60.0,v=AqFWYZsOgWY__#00-21-00_00-24-00_label_A__seg0002_120.000-180.000.wav,no danger risk,0,clotho,a crowd of people are talking and yelling,-1.044126033782959,"Speech | Crowd | Hubbub, speech noise, speech babble",0.7809 | 0.081 | 0.0266 | 0.0021 | 0.0224,ok,
XD-Violence,v=AqFWYZsOgWY__#00-21-00_00-24-00_label_A,False,normal (non-violent) class not used in this study; caption generation failed (segment <= 0.17 s),v=AqFWYZsOgWY__#00-21-00_00-24-00_label_A.mp4,A,A,normal,3,180.0,180.083333,0.083333,v=AqFWYZsOgWY__#00-21-00_00-24-00_label_A__seg0003_180.000-180.083.wav,no danger risk,0,clotho,,,,,error,CoNeTTE error: input too short for the encoder's convolution kernel
XD-Violence,v=AqFWYZsOgWY__#00-33-00_00-36-00_label_A,False,normal (non-violent) class not used in this study,v=AqFWYZsOgWY__#00-33-00_00-36-00_label_A.mp4,A,A,normal,0,0.0,60.0,60.0,v=AqFWYZsOgWY__#00-33-00_00-36-00_label_A__seg0000_0.000-60.000.wav,no danger risk,0,clotho,a crowd of people are cheering and yelling while music plays in the background,-0.9082396626472472,"Speech | Cheering | Crowd | Hubbub, speech noise, speech babble | Music",0.7002 | 0.0045 | 0.0012 | 0.001 | 0.0014,ok,
XD-Violence,v=AqFWYZsOgWY__#00-33-00_00-36-00_label_A,False,normal (non-violent) class not used in this study,v=AqFWYZsOgWY__#00-33-00_00-36-00_label_A.mp4,A,A,normal,1,60.0,120.0,60.0,v=AqFWYZsOgWY__#00-33-00_00-36-00_label_A__seg0001_60.000-120.000.wav,no danger risk,0,clotho,a crowd of people are clapping and cheering while music plays in the background,-1.1357558965682983,Speech | Children shouting | Cheering | Crowd | Music,0.4844 | 0.0061 | 0.0042 | 0.0033 | 0.0016,ok,
XD-Violence,v=AqFWYZsOgWY__#00-33-00_00-36-00_label_A,False,normal (non-violent) class not used in this study,v=AqFWYZsOgWY__#00-33-00_00-36-00_label_A.mp4,A,A,normal,2,120.0,180.0,60.0,v=AqFWYZsOgWY__#00-33-00_00-36-00_label_A__seg0002_120.000-180.000.wav,no danger risk,0,clotho,a crowd of people are cheering and yelling while music plays in the background,-0.9763048887252808,Speech | Cheering | Crowd | Music,0.6621 | 0.0038 | 0.0024 | 0.0054 | 0.0014,ok,
XD-Violence,v=AqFWYZsOgWY__#00-33-00_00-36-00_label_A,False,normal (non-violent) class not used in this study; caption generation failed (segment <= 0.17 s),v=AqFWYZsOgWY__#00-33-00_00-36-00_label_A.mp4,A,A,normal,3,180.0,180.083333,0.083333,v=AqFWYZsOgWY__#00-33-00_00-36-00_label_A__seg0003_180.000-180.083.wav,no danger risk,0,clotho,,,,,error,CoNeTTE error: input too short for the encoder's convolution kernel
XD-Violence,v=BL8ppFg7NKI__#1_label_A,False,normal (non-violent) class not used in this study,v=BL8ppFg7NKI__#1_label_A.mp4,A,A,normal,0,0.0,60.0,60.0,v=BL8ppFg7NKI__#1_label_A__seg0000_0.000-60.000.wav,no danger risk,0,clotho,a group of people are cheering and chanting,-1.2216534614562988,Speech | Run | Music,0.7038 | 0.0027 | 0.0111 | 0.0103 | 0.0014,ok,
XD-Violence,v=BL8ppFg7NKI__#1_label_A,False,normal (non-violent) class not used in this study,v=BL8ppFg7NKI__#1_label_A.mp4,A,A,normal,1,60.0,120.0,60.0,v=BL8ppFg7NKI__#1_label_A__seg0001_60.000-120.000.wav,no danger risk,0,clotho,a group of people are chanting and cheering while music plays in the background,-1.031097412109375,Speech | Music,0.4931 | 0.0018 | 0.0012 | 0.0253 | 0.0008,ok,
XD-Violence,v=BL8ppFg7NKI__#1_label_A,False,normal (non-violent) class not used in this study,v=BL8ppFg7NKI__#1_label_A.mp4,A,A,normal,2,120.0,180.0,60.0,v=BL8ppFg7NKI__#1_label_A__seg0002_120.000-180.000.wav,no danger risk,0,clotho,a crowd of people are cheering and chanting while music plays in the background,-1.108866572380066,Speech | Music,0.4802 | 0.0021 | 0.0005 | 0.0021 | 0.0002,ok,
XD-Violence,v=BL8ppFg7NKI__#1_label_A,False,normal (non-violent) class not used in this study,v=BL8ppFg7NKI__#1_label_A.mp4,A,A,normal,3,180.0,227.916667,47.916667,v=BL8ppFg7NKI__#1_label_A__seg0003_180.000-227.917.wav,no danger risk,0,clotho,a group of people are chanting and cheering while music plays in the background,-1.1198900938034058,"Speech | Run | Music | Skateboard | Outside, urban or manmade",0.5568 | 0.002 | 0.0011 | 0.0162 | 0.0003,ok,
XD-Violence,v=DdIA1Owbcdc__#1_label_A,False,normal (non-violent) class not used in this study,v=DdIA1Owbcdc__#1_label_A.mp4,A,A,normal,0,0.0,44.333333,44.333333,v=DdIA1Owbcdc__#1_label_A__seg0000_0.000-44.333.wav,no danger risk,0,clotho,a crowd of people are talking in the background,-0.9112180471420288,Speech,0.8762 | 0.0049 | 0.0022 | 0.0003 | 0.0024,ok,
XD-Violence,v=EToznHwS0OA__#1_label_A,False,normal (non-violent) class not used in this study,v=EToznHwS0OA__#1_label_A.mp4,A,A,normal,0,0.0,60.0,60.0,v=EToznHwS0OA__#1_label_A__seg0000_0.000-60.000.wav,no danger risk,0,clotho,a crowd of people are talking and cheering while music plays in the background,-0.9861642122268676,Speech | Basketball bounce,0.7673 | 0.0074 | 0.002 | 0.0009 | 0.0049,ok,
XD-Violence,v=EToznHwS0OA__#1_label_A,False,normal (non-violent) class not used in this study,v=EToznHwS0OA__#1_label_A.mp4,A,A,normal,1,60.0,120.0,60.0,v=EToznHwS0OA__#1_label_A__seg0001_60.000-120.000.wav,no danger risk,0,clotho,a crowd of people are talking and cheering while music plays in the background,-0.9614372253417968,Speech | Music | Basketball bounce,0.8543 | 0.0256 | 0.0021 | 0.0014 | 0.0068,ok,
XD-Violence,v=EToznHwS0OA__#1_label_A,False,normal (non-violent) class not used in this study,v=EToznHwS0OA__#1_label_A.mp4,A,A,normal,2,120.0,155.416667,35.416667,v=EToznHwS0OA__#1_label_A__seg0002_120.000-155.417.wav,no danger risk,0,clotho,a crowd of people are cheering and yelling,-1.1863867044448853,Speech | Basketball bounce,0.7875 | 0.0422 | 0.0041 | 0.0009 | 0.0206,ok,
XD-Violence,v=EeUTpfyb0qo__#1_label_A,False,normal (non-violent) class not used in this study,v=EeUTpfyb0qo__#1_label_A.mp4,A,A,normal,0,0.0,60.0,60.0,v=EeUTpfyb0qo__#1_label_A__seg0000_0.000-60.000.wav,no danger risk,0,clotho,a car engine is started and drives away,-1.199545979499817,Vehicle | Car | Truck | Rumble,0.0197 | 0.0001 | 0.0001 | 0.0001 | 0.0,ok,
XD-Violence,v=EeUTpfyb0qo__#1_label_A,False,normal (non-violent) class not used in this study,v=EeUTpfyb0qo__#1_label_A.mp4,A,A,normal,1,60.0,120.0,60.0,v=EeUTpfyb0qo__#1_label_A__seg0001_60.000-120.000.wav,no danger risk,0,clotho,a car engine is started up and drives away,-1.2958996295928955,Vehicle | Car,0.0116 | 0.0001 | 0.0 | 0.0001 | 0.0,ok,
XD-Violence,v=EeUTpfyb0qo__#1_label_A,False,normal (non-violent) class not used in this study,v=EeUTpfyb0qo__#1_label_A.mp4,A,A,normal,2,120.0,180.0,60.0,v=EeUTpfyb0qo__#1_label_A__seg0002_120.000-180.000.wav,no danger risk,0,clotho,a vehicle engine is started and drives away,-1.3620508909225464,Vehicle | Air brake,0.0087 | 0.0 | 0.0 | 0.0002 | 0.0,ok,
XD-Violence,v=EeUTpfyb0qo__#1_label_A,False,normal (non-violent) class not used in this study,v=EeUTpfyb0qo__#1_label_A.mp4,A,A,normal,3,180.0,240.0,60.0,v=EeUTpfyb0qo__#1_label_A__seg0003_180.000-240.000.wav,no danger risk,0,clotho,an engine is idling and then it revs up and begins to rev up,-1.4287546873092651,Vehicle | Air brake | Bus,0.0075 | 0.0 | 0.0 | 0.0 | 0.0,ok,
XD-Violence,v=EeUTpfyb0qo__#1_label_A,False,normal (non-violent) class not used in this study,v=EeUTpfyb0qo__#1_label_A.mp4,A,A,normal,4,240.0,300.0,60.0,v=EeUTpfyb0qo__#1_label_A__seg0004_240.000-300.000.wav,no danger risk,0,clotho,an engine is started and then accelerates and drives away,-1.5450609922409058,Vehicle | Truck | Air brake,0.0182 | 0.0001 | 0.0 | 0.0001 | 0.0001,ok,
XD-Violence,v=EeUTpfyb0qo__#1_label_A,False,normal (non-violent) class not used in this study,v=EeUTpfyb0qo__#1_label_A.mp4,A,A,normal,5,300.0,360.0,60.0,v=EeUTpfyb0qo__#1_label_A__seg0005_300.000-360.000.wav,no danger risk,0,clotho,a vehicle is started and drives away in the distance,-1.3545881509780884,Vehicle | Air brake,0.0211 | 0.0001 | 0.0 | 0.0001 | 0.0,ok,
XD-Violence,v=EeUTpfyb0qo__#1_label_A,False,normal (non-violent) class not used in this study,v=EeUTpfyb0qo__#1_label_A.mp4,A,A,normal,6,360.0,420.0,60.0,v=EeUTpfyb0qo__#1_label_A__seg0006_360.000-420.000.wav,no danger risk,0,clotho,a vehicle engine is running and then the car drives off,-1.4204689264297483,Vehicle | Car | Truck | Air brake,0.0151 | 0.0 | 0.0 | 0.0001 | 0.0,ok,
XD-Violence,v=EeUTpfyb0qo__#1_label_A,False,normal (non-violent) class not used in this study,v=EeUTpfyb0qo__#1_label_A.mp4,A,A,normal,7,420.0,480.0,60.0,v=EeUTpfyb0qo__#1_label_A__seg0007_420.000-480.000.wav,no danger risk,0,clotho,a car alarm is going off while a vehicle drives by,-1.2618004083633425,Vehicle | Car,0.0108 | 0.0 | 0.0 | 0.0001 | 0.0,ok,
XD-Violence,v=EeUTpfyb0qo__#1_label_A,False,normal (non-violent) class not used in this study,v=EeUTpfyb0qo__#1_label_A.mp4,A,A,normal,8,480.0,540.0,60.0,v=EeUTpfyb0qo__#1_label_A__seg0008_480.000-540.000.wav,no danger risk,0,clotho,an engine is idling and then it starts up and begins to rev up,-1.5280967950820925,Vehicle | Truck | Air brake | Bus,0.0226 | 0.0001 | 0.0001 | 0.0001 | 0.0001,ok,
XD-Violence,v=EeUTpfyb0qo__#1_label_A,False,normal (non-violent) class not used in this study,v=EeUTpfyb0qo__#1_label_A.mp4,A,A,normal,9,540.0,600.0,60.0,v=EeUTpfyb0qo__#1_label_A__seg0009_540.000-600.000.wav,no danger risk,0,clotho,an engine is idling and then it starts up and begins to rev up,-1.4144287109375,Vehicle | Air brake | Bus,0.0058 | 0.0 | 0.0 | 0.0001 | 0.0,ok,
XD-Violence,v=EeUTpfyb0qo__#1_label_A,False,normal (non-violent) class not used in this study,v=EeUTpfyb0qo__#1_label_A.mp4,A,A,normal,10,600.0,660.0,60.0,v=EeUTpfyb0qo__#1_label_A__seg0010_600.000-660.000.wav,no danger risk,0,clotho,a car engine is started up and drives away,-1.3998098373413086,Vehicle | Car | Truck | Air brake,0.0731 | 0.0002 | 0.0001 | 0.0001 | 0.0001,ok,
XD-Violence,v=EeUTpfyb0qo__#1_label_A,False,normal (non-violent) class not used in this study,v=EeUTpfyb0qo__#1_label_A.mp4,A,A,normal,11,660.0,720.0,60.0,v=EeUTpfyb0qo__#1_label_A__seg0011_660.000-720.000.wav,no danger risk,0,clotho,an engine is running and a man is speaking,-1.3274816274642944,Vehicle | Truck | Air brake | Bus,0.0579 | 0.0001 | 0.0 | 0.0002 | 0.0,ok,
XD-Violence,v=EeUTpfyb0qo__#1_label_A,False,normal (non-violent) class not used in this study,v=EeUTpfyb0qo__#1_label_A.mp4,A,A,normal,12,720.0,755.958333,35.958333,v=EeUTpfyb0qo__#1_label_A__seg0012_720.000-755.958.wav,no danger risk,0,clotho,the engine of a car is idling and then it gets louder,-1.2820440530776978,Vehicle,0.0084 | 0.0 | 0.0 | 0.0 | 0.0,ok,
XD-Violence,v=Ehh8ZdIMMj4__#1_label_A,False,normal (non-violent) class not used in this study,v=Ehh8ZdIMMj4__#1_label_A.mp4,A,A,normal,0,0.0,60.0,60.0,v=Ehh8ZdIMMj4__#1_label_A__seg0000_0.000-60.000.wav,no danger risk,0,clotho,a group of people are talking and a bell is ringing,-0.9859046339988708,Speech | Vehicle | Bicycle,0.6197 | 0.0011 | 0.0003 | 0.0013 | 0.0007,ok,
XD-Violence,v=Ehh8ZdIMMj4__#1_label_A,False,normal (non-violent) class not used in this study,v=Ehh8ZdIMMj4__#1_label_A.mp4,A,A,normal,1,60.0,112.8722,52.8722,v=Ehh8ZdIMMj4__#1_label_A__seg0001_60.000-112.872.wav,no danger risk,0,clotho,people are talking and a bell is ringing,-0.9685518741607666,Speech | Vehicle | Bicycle,0.862 | 0.0028 | 0.0024 | 0.0056 | 0.0051,ok,
XD-Violence,v=ErOcW_CSOyQ__#1_label_A,False,normal (non-violent) class not used in this study,v=ErOcW_CSOyQ__#1_label_A.mp4,A,A,normal,0,0.0,60.0,60.0,v=ErOcW_CSOyQ__#1_label_A__seg0000_0.000-60.000.wav,no danger risk,0,clotho,people are laughing and talking while music plays in the background,-0.7957279682159424,Speech | Music,0.8756 | 0.0046 | 0.0004 | 0.0031 | 0.0004,ok,
XD-Violence,v=ErOcW_CSOyQ__#1_label_A,False,normal (non-violent) class not used in this study,v=ErOcW_CSOyQ__#1_label_A.mp4,A,A,normal,1,60.0,120.0,60.0,v=ErOcW_CSOyQ__#1_label_A__seg0001_60.000-120.000.wav,no danger risk,0,clotho,people are laughing and talking while music is playing in the background,-0.7627446055412292,"Speech | Hubbub, speech noise, speech babble | Animal | Wild animals | Music",0.9068 | 0.0209 | 0.0003 | 0.0005 | 0.0008,ok,
XD-Violence,v=ErOcW_CSOyQ__#1_label_A,False,normal (non-violent) class not used in this study,v=ErOcW_CSOyQ__#1_label_A.mp4,A,A,normal,2,120.0,180.0,60.0,v=ErOcW_CSOyQ__#1_label_A__seg0002_120.000-180.000.wav,no danger risk,0,clotho,people are laughing and talking while music is playing in the background,-0.8015074133872986,"Speech | Hubbub, speech noise, speech babble | Music",0.8057 | 0.0094 | 0.0005 | 0.0019 | 0.0011,ok,
XD-Violence,v=ErOcW_CSOyQ__#1_label_A,False,normal (non-violent) class not used in this study,v=ErOcW_CSOyQ__#1_label_A.mp4,A,A,normal,3,180.0,240.0,60.0,v=ErOcW_CSOyQ__#1_label_A__seg0003_180.000-240.000.wav,no danger risk,0,clotho,a group of people are laughing and talking while music plays in the background,-0.7049232125282288,"Speech | Hubbub, speech noise, speech babble | Music",0.8859 | 0.0072 | 0.0005 | 0.0207 | 0.0022,ok,
XD-Violence,v=ErOcW_CSOyQ__#1_label_A,False,normal (non-violent) class not used in this study,v=ErOcW_CSOyQ__#1_label_A.mp4,A,A,normal,4,240.0,300.0,60.0,v=ErOcW_CSOyQ__#1_label_A__seg0004_240.000-300.000.wav,no danger risk,0,clotho,people are laughing and talking while music plays in the background,-0.8013452887535095,"Speech | Hubbub, speech noise, speech babble | Music",0.7464 | 0.0054 | 0.0002 | 0.001 | 0.0011,ok,
XD-Violence,v=ErOcW_CSOyQ__#1_label_A,False,normal (non-violent) class not used in this study,v=ErOcW_CSOyQ__#1_label_A.mp4,A,A,normal,5,300.0,360.0,60.0,v=ErOcW_CSOyQ__#1_label_A__seg0005_300.000-360.000.wav,no danger risk,0,clotho,music is playing and people are laughing and talking,-0.8540371656417847,Speech | Music,0.7062 | 0.003 | 0.0003 | 0.0033 | 0.0004,ok,
XD-Violence,v=ErOcW_CSOyQ__#1_label_A,False,normal (non-violent) class not used in this study,v=ErOcW_CSOyQ__#1_label_A.mp4,A,A,normal,6,360.0,420.0,60.0,v=ErOcW_CSOyQ__#1_label_A__seg0006_360.000-420.000.wav,no danger risk,0,clotho,a group of people are laughing and talking while music plays in the background,-0.6958459615707397,"Speech | Hubbub, speech noise, speech babble | Music",0.8148 | 0.0067 | 0.0009 | 0.0111 | 0.0014,ok,
XD-Violence,v=ErOcW_CSOyQ__#1_label_A,False,normal (non-violent) class not used in this study,v=ErOcW_CSOyQ__#1_label_A.mp4,A,A,normal,7,420.0,480.0,60.0,v=ErOcW_CSOyQ__#1_label_A__seg0007_420.000-480.000.wav,no danger risk,0,clotho,a group of people are laughing and talking while music plays in the background,-0.6922975182533264,Speech | Music,0.806 | 0.0142 | 0.0003 | 0.0015 | 0.0013,ok,
XD-Violence,v=ErOcW_CSOyQ__#1_label_A,False,normal (non-violent) class not used in this study,v=ErOcW_CSOyQ__#1_label_A.mp4,A,A,normal,8,480.0,540.0,60.0,v=ErOcW_CSOyQ__#1_label_A__seg0008_480.000-540.000.wav,no danger risk,0,clotho,people are laughing and talking while music is playing in the background,-0.8322444558143616,Speech | Music,0.8561 | 0.0048 | 0.0007 | 0.0018 | 0.004,ok,
XD-Violence,v=ErOcW_CSOyQ__#1_label_A,False,normal (non-violent) class not used in this study,v=ErOcW_CSOyQ__#1_label_A.mp4,A,A,normal,9,540.0,600.0,60.0,v=ErOcW_CSOyQ__#1_label_A__seg0009_540.000-600.000.wav,no danger risk,0,clotho,a man is speaking while music is playing in the background,-0.9396020770072936,Speech | Animal | Music,0.8309 | 0.0149 | 0.0004 | 0.0012 | 0.001,ok,
XD-Violence,v=ErOcW_CSOyQ__#1_label_A,False,normal (non-violent) class not used in this study,v=ErOcW_CSOyQ__#1_label_A.mp4,A,A,normal,10,600.0,660.0,60.0,v=ErOcW_CSOyQ__#1_label_A__seg0010_600.000-660.000.wav,no danger risk,0,clotho,people are laughing and talking while music plays in the background,-0.7991188168525696,Speech | Music,0.7539 | 0.0049 | 0.0002 | 0.0008 | 0.0005,ok,
XD-Violence,v=ErOcW_CSOyQ__#1_label_A,False,normal (non-violent) class not used in this study,v=ErOcW_CSOyQ__#1_label_A.mp4,A,A,normal,11,660.0,720.0,60.0,v=ErOcW_CSOyQ__#1_label_A__seg0011_660.000-720.000.wav,no danger risk,0,clotho,people are laughing and talking while music is playing in the background,-0.8550318479537964,Speech | Goat | Music,0.7476 | 0.0006 | 0.0001 | 0.0004 | 0.0001,ok,
XD-Violence,v=ErOcW_CSOyQ__#1_label_A,False,normal (non-violent) class not used in this study,v=ErOcW_CSOyQ__#1_label_A.mp4,A,A,normal,12,720.0,728.208333,8.208333,v=ErOcW_CSOyQ__#1_label_A__seg0012_720.000-728.208.wav,no danger risk,0,clotho,a musical instrument is playing a song and a person is singing,-1.339762806892395,Music,0.0104 | 0.0003 | 0.0003 | 0.0002 | 0.0001,ok,
XD-Violence,v=GnN9VTh_s2A__#1_label_A,False,normal (non-violent) class not used in this study,v=GnN9VTh_s2A__#1_label_A.mp4,A,A,normal,0,0.0,28.490884,28.490884,v=GnN9VTh_s2A__#1_label_A__seg0000_0.000-28.491.wav,no danger risk,0,clotho,a man is speaking and then a person is laughing,-1.275853991508484,Speech,0.8938 | 0.0364 | 0.0028 | 0.0073 | 0.0018,ok,
XD-Violence,v=GrHfWKeTDEI__#1_label_A,False,normal (non-violent) class not used in this study,v=GrHfWKeTDEI__#1_label_A.mp4,A,A,normal,0,0.0,60.0,60.0,v=GrHfWKeTDEI__#1_label_A__seg0000_0.000-60.000.wav,no danger risk,0,clotho,a man is singing while music is playing in the background,-0.8922843933105469,Music,0.2433 | 0.0018 | 0.0003 | 0.0003 | 0.0002,ok,
XD-Violence,v=GrHfWKeTDEI__#1_label_A,False,normal (non-violent) class not used in this study,v=GrHfWKeTDEI__#1_label_A.mp4,A,A,normal,1,60.0,120.0,60.0,v=GrHfWKeTDEI__#1_label_A__seg0001_60.000-120.000.wav,no danger risk,0,clotho,a man is singing while music is playing in the background,-0.906907558441162,Music | Drum kit | Drum,0.1339 | 0.001 | 0.0001 | 0.0001 | 0.0001,ok,
XD-Violence,v=GrHfWKeTDEI__#1_label_A,False,normal (non-violent) class not used in this study,v=GrHfWKeTDEI__#1_label_A.mp4,A,A,normal,2,120.0,180.0,60.0,v=GrHfWKeTDEI__#1_label_A__seg0002_120.000-180.000.wav,no danger risk,0,clotho,a man is singing while music is playing in the background,-0.8328892588615417,Music,0.1143 | 0.0012 | 0.0002 | 0.0001 | 0.0001,ok,
XD-Violence,v=GrHfWKeTDEI__#1_label_A,False,normal (non-violent) class not used in this study,v=GrHfWKeTDEI__#1_label_A.mp4,A,A,normal,3,180.0,211.092608,31.092608,v=GrHfWKeTDEI__#1_label_A__seg0003_180.000-211.093.wav,no danger risk,0,clotho,a man is singing while music is playing in the background,-0.8301167488098145,Speech | Music,0.3554 | 0.0016 | 0.0006 | 0.0002 | 0.0004,ok,
XD-Violence,v=H12BVHrNiXs__#1_label_A,False,normal (non-violent) class not used in this study,v=H12BVHrNiXs__#1_label_A.mp4,A,A,normal,0,0.0,60.0,60.0,v=H12BVHrNiXs__#1_label_A__seg0000_0.000-60.000.wav,no danger risk,0,clotho,a crowd of people are talking and cheering,-1.122368335723877,Speech | Basketball bounce,0.6172 | 0.0012 | 0.0003 | 0.0006 | 0.0008,ok,
XD-Violence,v=H12BVHrNiXs__#1_label_A,False,normal (non-violent) class not used in this study,v=H12BVHrNiXs__#1_label_A.mp4,A,A,normal,1,60.0,120.0,60.0,v=H12BVHrNiXs__#1_label_A__seg0001_60.000-120.000.wav,no danger risk,0,clotho,a crowd of people are shouting and cheering,-1.2158337831497192,Speech | Basketball bounce,0.6202 | 0.0013 | 0.0005 | 0.0013 | 0.0017,ok,
XD-Violence,v=H12BVHrNiXs__#1_label_A,False,normal (non-violent) class not used in this study,v=H12BVHrNiXs__#1_label_A.mp4,A,A,normal,2,120.0,180.0,60.0,v=H12BVHrNiXs__#1_label_A__seg0002_120.000-180.000.wav,no danger risk,0,clotho,a crowd of people are shouting and cheering,-1.201595664024353,Speech | Basketball bounce,0.6214 | 0.0017 | 0.0009 | 0.0018 | 0.0024,ok,
XD-Violence,v=H12BVHrNiXs__#1_label_A,False,normal (non-violent) class not used in this study,v=H12BVHrNiXs__#1_label_A.mp4,A,A,normal,3,180.0,199.458333,19.458333,v=H12BVHrNiXs__#1_label_A__seg0003_180.000-199.458.wav,no danger risk,0,clotho,a crowd of people are cheering and yelling,-1.1974204778671265,Speech | Basketball bounce,0.7405 | 0.0023 | 0.0004 | 0.0011 | 0.0007,ok,
XD-Violence,v=H9Y5_X1sEEA__#00-03-00_00-06-00_label_A,False,normal (non-violent) class not used in this study,v=H9Y5_X1sEEA__#00-03-00_00-06-00_label_A.mp4,A,A,normal,0,0.0,60.0,60.0,v=H9Y5_X1sEEA__#00-03-00_00-06-00_label_A__seg0000_0.000-60.000.wav,no danger risk,0,clotho,music is playing and people are talking in the background,-0.8936277627944946,Speech | Animal | Clip-clop | Music,0.6485 | 0.0007 | 0.0001 | 0.0015 | 0.0003,ok,
XD-Violence,v=H9Y5_X1sEEA__#00-03-00_00-06-00_label_A,False,normal (non-violent) class not used in this study,v=H9Y5_X1sEEA__#00-03-00_00-06-00_label_A.mp4,A,A,normal,1,60.0,120.0,60.0,v=H9Y5_X1sEEA__#00-03-00_00-06-00_label_A__seg0001_60.000-120.000.wav,no danger risk,0,clotho,music is playing and people are talking in the background,-0.8789182901382446,Speech | Music,0.828 | 0.0032 | 0.0003 | 0.012 | 0.0006,ok,
XD-Violence,v=H9Y5_X1sEEA__#00-03-00_00-06-00_label_A,False,normal (non-violent) class not used in this study,v=H9Y5_X1sEEA__#00-03-00_00-06-00_label_A.mp4,A,A,normal,2,120.0,180.0,60.0,v=H9Y5_X1sEEA__#00-03-00_00-06-00_label_A__seg0002_120.000-180.000.wav,no danger risk,0,clotho,music is playing while people are talking and a crowd is cheering,-1.261699676513672,Speech | Music,0.8522 | 0.0121 | 0.0042 | 0.0231 | 0.0096,ok,
XD-Violence,v=H9Y5_X1sEEA__#00-03-00_00-06-00_label_A,False,normal (non-violent) class not used in this study; caption generation failed (segment <= 0.17 s),v=H9Y5_X1sEEA__#00-03-00_00-06-00_label_A.mp4,A,A,normal,3,180.0,180.083333,0.083333,v=H9Y5_X1sEEA__#00-03-00_00-06-00_label_A__seg0003_180.000-180.083.wav,no danger risk,0,clotho,,,,,error,CoNeTTE error: input too short for the encoder's convolution kernel
XD-Violence,v=H9Y5_X1sEEA__#00-30-00_00-33-00_label_A,False,normal (non-violent) class not used in this study,v=H9Y5_X1sEEA__#00-30-00_00-33-00_label_A.mp4,A,A,normal,0,0.0,60.0,60.0,v=H9Y5_X1sEEA__#00-30-00_00-33-00_label_A__seg0000_0.000-60.000.wav,no danger risk,0,clotho,people are talking while music is playing in the background,-0.8167714476585388,Speech | Animal | Music,0.9161 | 0.0021 | 0.0026 | 0.0056 | 0.0008,ok,
XD-Violence,v=H9Y5_X1sEEA__#00-30-00_00-33-00_label_A,False,normal (non-violent) class not used in this study,v=H9Y5_X1sEEA__#00-30-00_00-33-00_label_A.mp4,A,A,normal,1,60.0,120.0,60.0,v=H9Y5_X1sEEA__#00-30-00_00-33-00_label_A__seg0001_60.000-120.000.wav,no danger risk,0,clotho,music is playing and people are talking in the background,-0.8082096576690674,Speech | Music,0.7184 | 0.0015 | 0.0003 | 0.0015 | 0.0007,ok,
XD-Violence,v=H9Y5_X1sEEA__#00-30-00_00-33-00_label_A,False,normal (non-violent) class not used in this study,v=H9Y5_X1sEEA__#00-30-00_00-33-00_label_A.mp4,A,A,normal,2,120.0,180.0,60.0,v=H9Y5_X1sEEA__#00-30-00_00-33-00_label_A__seg0002_120.000-180.000.wav,no danger risk,0,clotho,people are talking while music is playing in the background,-0.876133918762207,Speech | Music,0.5726 | 0.0011 | 0.0001 | 0.0118 | 0.0002,ok,
XD-Violence,v=H9Y5_X1sEEA__#00-30-00_00-33-00_label_A,False,normal (non-violent) class not used in this study; caption generation failed (segment <= 0.17 s),v=H9Y5_X1sEEA__#00-30-00_00-33-00_label_A.mp4,A,A,normal,3,180.0,180.125,0.125,v=H9Y5_X1sEEA__#00-30-00_00-33-00_label_A__seg0003_180.000-180.125.wav,no danger risk,0,clotho,,,,,error,CoNeTTE error: input too short for the encoder's convolution kernel
XD-Violence,v=H9Y5_X1sEEA__#00-36-00_00-39-00_label_A,False,normal (non-violent) class not used in this study,v=H9Y5_X1sEEA__#00-36-00_00-39-00_label_A.mp4,A,A,normal,0,0.0,60.0,60.0,v=H9Y5_X1sEEA__#00-36-00_00-39-00_label_A__seg0000_0.000-60.000.wav,no danger risk,0,clotho,people are talking while children are playing in the background,-0.9625809192657472,Speech | Music | Water | Slosh,0.8996 | 0.0015 | 0.0005 | 0.0073 | 0.0005,ok,
XD-Violence,v=H9Y5_X1sEEA__#00-36-00_00-39-00_label_A,False,normal (non-violent) class not used in this study,v=H9Y5_X1sEEA__#00-36-00_00-39-00_label_A.mp4,A,A,normal,1,60.0,120.0,60.0,v=H9Y5_X1sEEA__#00-36-00_00-39-00_label_A__seg0001_60.000-120.000.wav,no danger risk,0,clotho,people are talking in the background as music plays in the distance,-0.8422616720199585,Speech | Music | Water | Slosh,0.8266 | 0.0031 | 0.0003 | 0.0108 | 0.0022,ok,
XD-Violence,v=H9Y5_X1sEEA__#00-36-00_00-39-00_label_A,False,normal (non-violent) class not used in this study,v=H9Y5_X1sEEA__#00-36-00_00-39-00_label_A.mp4,A,A,normal,2,120.0,180.0,60.0,v=H9Y5_X1sEEA__#00-36-00_00-39-00_label_A__seg0002_120.000-180.000.wav,no danger risk,0,clotho,people are talking in the background as music plays in the distance,-0.8578370809555054,Speech | Music | Slosh,0.8794 | 0.0027 | 0.0007 | 0.0077 | 0.0012,ok,
XD-Violence,v=H9Y5_X1sEEA__#00-36-00_00-39-00_label_A,False,normal (non-violent) class not used in this study; caption generation failed (segment <= 0.17 s),v=H9Y5_X1sEEA__#00-36-00_00-39-00_label_A.mp4,A,A,normal,3,180.0,180.125,0.125,v=H9Y5_X1sEEA__#00-36-00_00-39-00_label_A__seg0003_180.000-180.125.wav,no danger risk,0,clotho,,,,,error,CoNeTTE error: input too short for the encoder's convolution kernel
XD-Violence,v=H9Y5_X1sEEA__#00-42-00_00-45-00_label_A,False,normal (non-violent) class not used in this study,v=H9Y5_X1sEEA__#00-42-00_00-45-00_label_A.mp4,A,A,normal,0,0.0,60.0,60.0,v=H9Y5_X1sEEA__#00-42-00_00-45-00_label_A__seg0000_0.000-60.000.wav,no danger risk,0,clotho,people are talking in the background as a train is passing by,-1.1855766773223877,Speech | Music,0.8044 | 0.0003 | 0.0001 | 0.0231 | 0.0003,ok,
XD-Violence,v=H9Y5_X1sEEA__#00-42-00_00-45-00_label_A,False,normal (non-violent) class not used in this study,v=H9Y5_X1sEEA__#00-42-00_00-45-00_label_A.mp4,A,A,normal,1,60.0,120.0,60.0,v=H9Y5_X1sEEA__#00-42-00_00-45-00_label_A__seg0001_60.000-120.000.wav,no danger risk,0,clotho,people are talking in the background while a train horn is blowing,-1.0178523063659668,Speech,0.7519 | 0.002 | 0.0008 | 0.0011 | 0.0017,ok,
XD-Violence,v=H9Y5_X1sEEA__#00-42-00_00-45-00_label_A,False,normal (non-violent) class not used in this study,v=H9Y5_X1sEEA__#00-42-00_00-45-00_label_A.mp4,A,A,normal,2,120.0,180.0,60.0,v=H9Y5_X1sEEA__#00-42-00_00-45-00_label_A__seg0002_120.000-180.000.wav,no danger risk,0,clotho,people are talking while music plays in the background,-0.696398913860321,Speech | Music,0.9279 | 0.0057 | 0.0009 | 0.0304 | 0.0043,ok,
XD-Violence,v=H9Y5_X1sEEA__#00-42-00_00-45-00_label_A,False,normal (non-violent) class not used in this study; caption generation failed (segment <= 0.17 s),v=H9Y5_X1sEEA__#00-42-00_00-45-00_label_A.mp4,A,A,normal,3,180.0,180.083333,0.083333,v=H9Y5_X1sEEA__#00-42-00_00-45-00_label_A__seg0003_180.000-180.083.wav,no danger risk,0,clotho,,,,,error,CoNeTTE error: input too short for the encoder's convolution kernel
XD-Violence,v=H9Y5_X1sEEA__#00-45-00_00-48-00_label_A,False,normal (non-violent) class not used in this study,v=H9Y5_X1sEEA__#00-45-00_00-48-00_label_A.mp4,A,A,normal,0,0.0,60.0,60.0,v=H9Y5_X1sEEA__#00-45-00_00-48-00_label_A__seg0000_0.000-60.000.wav,no danger risk,0,clotho,a crowd of people are talking while music plays in the background,-0.8219934701919556,Speech | Music,0.842 | 0.001 | 0.0002 | 0.0244 | 0.0003,ok,
XD-Violence,v=H9Y5_X1sEEA__#00-45-00_00-48-00_label_A,False,normal (non-violent) class not used in this study,v=H9Y5_X1sEEA__#00-45-00_00-48-00_label_A.mp4,A,A,normal,1,60.0,120.0,60.0,v=H9Y5_X1sEEA__#00-45-00_00-48-00_label_A__seg0001_60.000-120.000.wav,no danger risk,0,clotho,people are talking while music plays in the background,-0.7889091968536377,Speech | Music | Water | Slosh,0.8462 | 0.0011 | 0.0001 | 0.012 | 0.0002,ok,
XD-Violence,v=H9Y5_X1sEEA__#00-45-00_00-48-00_label_A,False,normal (non-violent) class not used in this study,v=H9Y5_X1sEEA__#00-45-00_00-48-00_label_A.mp4,A,A,normal,2,120.0,180.0,60.0,v=H9Y5_X1sEEA__#00-45-00_00-48-00_label_A__seg0002_120.000-180.000.wav,no danger risk,0,clotho,a crowd of people are talking while music plays in the background,-0.8123112916946411,Speech | Music,0.8431 | 0.0016 | 0.0007 | 0.051 | 0.0019,ok,
XD-Violence,v=H9Y5_X1sEEA__#00-45-00_00-48-00_label_A,False,normal (non-violent) class not used in this study; caption generation failed (segment <= 0.17 s),v=H9Y5_X1sEEA__#00-45-00_00-48-00_label_A.mp4,A,A,normal,3,180.0,180.125,0.125,v=H9Y5_X1sEEA__#00-45-00_00-48-00_label_A__seg0003_180.000-180.125.wav,no danger risk,0,clotho,,,,,error,CoNeTTE error: input too short for the encoder's convolution kernel
XD-Violence,v=HTEyaXBPf9U__#1_label_A,False,normal (non-violent) class not used in this study,v=HTEyaXBPf9U__#1_label_A.mp4,A,A,normal,0,0.0,60.0,60.0,v=HTEyaXBPf9U__#1_label_A__seg0000_0.000-60.000.wav,no danger risk,0,clotho,a crowd of people are talking and cheering,-1.140019774436951,Speech | Basketball bounce,0.6058 | 0.0009 | 0.0002 | 0.001 | 0.0004,ok,
XD-Violence,v=HTEyaXBPf9U__#1_label_A,False,normal (non-violent) class not used in this study,v=HTEyaXBPf9U__#1_label_A.mp4,A,A,normal,1,60.0,120.0,60.0,v=HTEyaXBPf9U__#1_label_A__seg0001_60.000-120.000.wav,no danger risk,0,clotho,a crowd of people are shouting and cheering,-1.2290133237838743,Speech | Basketball bounce,0.6293 | 0.0026 | 0.0005 | 0.0012 | 0.0007,ok,
XD-Violence,v=HTEyaXBPf9U__#1_label_A,False,normal (non-violent) class not used in this study,v=HTEyaXBPf9U__#1_label_A.mp4,A,A,normal,2,120.0,180.0,60.0,v=HTEyaXBPf9U__#1_label_A__seg0002_120.000-180.000.wav,no danger risk,0,clotho,a crowd of people are shouting and cheering,-1.2164442539215088,Speech | Basketball bounce,0.6414 | 0.0024 | 0.0004 | 0.0012 | 0.0008,ok,
XD-Violence,v=HTEyaXBPf9U__#1_label_A,False,normal (non-violent) class not used in this study,v=HTEyaXBPf9U__#1_label_A.mp4,A,A,normal,3,180.0,213.333333,33.333333,v=HTEyaXBPf9U__#1_label_A__seg0003_180.000-213.333.wav,no danger risk,0,clotho,a crowd of people are cheering and shouting,-1.2104947566986084,Speech | Basketball bounce,0.6446 | 0.0069 | 0.0009 | 0.0012 | 0.0017,ok,
XD-Violence,v=Hd_2Y29_FLU__#1_label_A,False,normal (non-violent) class not used in this study,v=Hd_2Y29_FLU__#1_label_A.mp4,A,A,normal,0,0.0,60.0,60.0,v=Hd_2Y29_FLU__#1_label_A__seg0000_0.000-60.000.wav,no danger risk,0,clotho,music is playing while people are laughing and talking,-1.0414190292358398,Speech | Music,0.658 | 0.0015 | 0.0044 | 0.0144 | 0.0008,ok,
XD-Violence,v=Hd_2Y29_FLU__#1_label_A,False,normal (non-violent) class not used in this study,v=Hd_2Y29_FLU__#1_label_A.mp4,A,A,normal,1,60.0,120.0,60.0,v=Hd_2Y29_FLU__#1_label_A__seg0001_60.000-120.000.wav,no danger risk,0,clotho,a group of people are laughing and talking while music plays in the background,-0.8551470637321472,Speech | Music,0.7554 | 0.0216 | 0.0021 | 0.0049 | 0.0008,ok,
XD-Violence,v=Hd_2Y29_FLU__#1_label_A,False,normal (non-violent) class not used in this study,v=Hd_2Y29_FLU__#1_label_A.mp4,A,A,normal,2,120.0,136.370794,16.370794,v=Hd_2Y29_FLU__#1_label_A__seg0002_120.000-136.371.wav,no danger risk,0,clotho,a crowd of people are clapping and cheering while music plays in the background,-0.8903910517692566,Speech | Music,0.5313 | 0.0122 | 0.0034 | 0.0025 | 0.0026,ok,
XD-Violence,v=HksDvkX6Bjk__#1_label_A,False,normal (non-violent) class not used in this study,v=HksDvkX6Bjk__#1_label_A.mp4,A,A,normal,0,0.0,60.0,60.0,v=HksDvkX6Bjk__#1_label_A__seg0000_0.000-60.000.wav,no danger risk,0,clotho,a crowd of people are talking while music plays in the background,-0.7670375108718872,Speech | Music,0.7733 | 0.0021 | 0.0004 | 0.0025 | 0.0013,ok,
XD-Violence,v=HksDvkX6Bjk__#1_label_A,False,normal (non-violent) class not used in this study,v=HksDvkX6Bjk__#1_label_A.mp4,A,A,normal,1,60.0,120.0,60.0,v=HksDvkX6Bjk__#1_label_A__seg0001_60.000-120.000.wav,no danger risk,0,clotho,a crowd of people are talking in the background,-0.9448133707046508,Speech | Music,0.8041 | 0.0015 | 0.0003 | 0.0015 | 0.0006,ok,
XD-Violence,v=HksDvkX6Bjk__#1_label_A,False,normal (non-violent) class not used in this study,v=HksDvkX6Bjk__#1_label_A.mp4,A,A,normal,2,120.0,180.0,60.0,v=HksDvkX6Bjk__#1_label_A__seg0002_120.000-180.000.wav,no danger risk,0,clotho,a crowd of people are talking in the background,-0.9306262731552124,Speech | Music,0.8414 | 0.0126 | 0.002 | 0.0011 | 0.0085,ok,
XD-Violence,v=HksDvkX6Bjk__#1_label_A,False,normal (non-violent) class not used in this study,v=HksDvkX6Bjk__#1_label_A.mp4,A,A,normal,3,180.0,240.0,60.0,v=HksDvkX6Bjk__#1_label_A__seg0003_180.000-240.000.wav,no danger risk,0,clotho,people are talking in the background as a crowd of music plays in the distance,-1.1365941762924194,"Speech | Music | Inside, public space",0.8869 | 0.0019 | 0.0007 | 0.0012 | 0.0006,ok,
XD-Violence,v=HksDvkX6Bjk__#1_label_A,False,normal (non-violent) class not used in this study,v=HksDvkX6Bjk__#1_label_A.mp4,A,A,normal,4,240.0,300.0,60.0,v=HksDvkX6Bjk__#1_label_A__seg0004_240.000-300.000.wav,no danger risk,0,clotho,a large crowd of people are talking and laughing,-1.1474347114562988,Speech,0.8106 | 0.0016 | 0.0005 | 0.0035 | 0.0004,ok,
XD-Violence,v=HksDvkX6Bjk__#1_label_A,False,normal (non-violent) class not used in this study,v=HksDvkX6Bjk__#1_label_A.mp4,A,A,normal,5,300.0,360.0,60.0,v=HksDvkX6Bjk__#1_label_A__seg0005_300.000-360.000.wav,no danger risk,0,clotho,a crowd of people are talking in the background,-0.8858119249343872,"Speech | Inside, public space",0.8508 | 0.0144 | 0.0021 | 0.0058 | 0.0046,ok,
XD-Violence,v=HksDvkX6Bjk__#1_label_A,False,normal (non-violent) class not used in this study,v=HksDvkX6Bjk__#1_label_A.mp4,A,A,normal,6,360.0,420.0,60.0,v=HksDvkX6Bjk__#1_label_A__seg0006_360.000-420.000.wav,no danger risk,0,clotho,a crowd of people are talking in the background,-0.8623017072677612,"Speech | Inside, public space",0.8504 | 0.0146 | 0.0032 | 0.0037 | 0.0056,ok,
XD-Violence,v=HksDvkX6Bjk__#1_label_A,False,normal (non-violent) class not used in this study,v=HksDvkX6Bjk__#1_label_A.mp4,A,A,normal,7,420.0,480.0,60.0,v=HksDvkX6Bjk__#1_label_A__seg0007_420.000-480.000.wav,no danger risk,0,clotho,a large crowd of people are talking in the background,-0.9033710956573486,"Speech | Inside, public space",0.8846 | 0.0057 | 0.0023 | 0.0043 | 0.0048,ok,
XD-Violence,v=HksDvkX6Bjk__#1_label_A,False,normal (non-violent) class not used in this study,v=HksDvkX6Bjk__#1_label_A.mp4,A,A,normal,8,480.0,540.0,60.0,v=HksDvkX6Bjk__#1_label_A__seg0008_480.000-540.000.wav,no danger risk,0,clotho,a crowd of people are talking in the background,-1.000469446182251,"Speech | Music | Inside, public space",0.879 | 0.002 | 0.0011 | 0.0023 | 0.0017,ok,
XD-Violence,v=HksDvkX6Bjk__#1_label_A,False,normal (non-violent) class not used in this study,v=HksDvkX6Bjk__#1_label_A.mp4,A,A,normal,9,540.0,600.0,60.0,v=HksDvkX6Bjk__#1_label_A__seg0009_540.000-600.000.wav,no danger risk,0,clotho,people are talking in the background as a car drives by,-1.1583796739578247,"Speech | Inside, public space",0.8039 | 0.0018 | 0.001 | 0.0012 | 0.0006,ok,
XD-Violence,v=HksDvkX6Bjk__#1_label_A,False,normal (non-violent) class not used in this study,v=HksDvkX6Bjk__#1_label_A.mp4,A,A,normal,10,600.0,643.125,43.125,v=HksDvkX6Bjk__#1_label_A__seg0010_600.000-643.125.wav,no danger risk,0,clotho,a crowd of people are talking while music plays in the background,-0.7581207752227783,Speech | Music,0.9031 | 0.0051 | 0.0006 | 0.0195 | 0.0016,ok,
XD-Violence,v=I7oSupyExVY__#1_label_A,False,normal (non-violent) class not used in this study,v=I7oSupyExVY__#1_label_A.mp4,A,A,normal,0,0.0,60.0,60.0,v=I7oSupyExVY__#1_label_A__seg0000_0.000-60.000.wav,no danger risk,0,clotho,a man is speaking and then he is talking,-1.0708904266357422,"Speech | Male speech, man speaking",0.8781 | 0.4174 | 0.0084 | 0.0012 | 0.0373,ok,
XD-Violence,v=I7oSupyExVY__#1_label_A,False,normal (non-violent) class not used in this study,v=I7oSupyExVY__#1_label_A.mp4,A,A,normal,1,60.0,120.0,60.0,v=I7oSupyExVY__#1_label_A__seg0001_60.000-120.000.wav,no danger risk,0,clotho,a man is speaking and then he is breathing,-1.0821752548217771,"Speech | Male speech, man speaking",0.9101 | 0.361 | 0.0049 | 0.0021 | 0.0759,ok,
XD-Violence,v=I7oSupyExVY__#1_label_A,False,normal (non-violent) class not used in this study,v=I7oSupyExVY__#1_label_A.mp4,A,A,normal,2,120.0,180.0,60.0,v=I7oSupyExVY__#1_label_A__seg0002_120.000-180.000.wav,no danger risk,0,clotho,a man is speaking and then he is talking,-1.1066970825195312,Speech,0.8515 | 0.2286 | 0.0175 | 0.012 | 0.2096,ok,
XD-Violence,v=I7oSupyExVY__#1_label_A,False,normal (non-violent) class not used in this study,v=I7oSupyExVY__#1_label_A.mp4,A,A,normal,3,180.0,201.041667,21.041667,v=I7oSupyExVY__#1_label_A__seg0003_180.000-201.042.wav,no danger risk,0,clotho,a man is speaking while music is playing in the background,-0.7653571963310242,Speech | Music,0.4469 | 0.0007 | 0.0002 | 0.0008 | 0.0001,ok,
XD-Violence,v=JHsfKFF9Oag__#1_label_A,False,normal (non-violent) class not used in this study,v=JHsfKFF9Oag__#1_label_A.mp4,A,A,normal,0,0.0,60.0,60.0,v=JHsfKFF9Oag__#1_label_A__seg0000_0.000-60.000.wav,no danger risk,0,clotho,a crowd of people are talking while cars are driving by,-1.0678987503051758,"Speech | Vehicle | Traffic noise, roadway noise",0.8166 | 0.0017 | 0.0003 | 0.0026 | 0.0005,ok,
XD-Violence,v=JHsfKFF9Oag__#1_label_A,False,normal (non-violent) class not used in this study,v=JHsfKFF9Oag__#1_label_A.mp4,A,A,normal,1,60.0,112.47746,52.47746,v=JHsfKFF9Oag__#1_label_A__seg0001_60.000-112.477.wav,no danger risk,0,clotho,a car horn honks while people talk and a vehicle drives by,-1.1055818796157837,Speech | Vehicle | Toot,0.8027 | 0.0015 | 0.0002 | 0.0003 | 0.0004,ok,
XD-Violence,v=JzrpCC7XmyE__#00-06-00_00-12-00_label_A,False,normal (non-violent) class not used in this study,v=JzrpCC7XmyE__#00-06-00_00-12-00_label_A.mp4,A,A,normal,0,0.0,60.0,60.0,v=JzrpCC7XmyE__#00-06-00_00-12-00_label_A__seg0000_0.000-60.000.wav,no danger risk,0,clotho,a man is speaking and a crowd is cheering,-1.2703720331192017,Speech | Music,0.5748 | 0.1464 | 0.0044 | 0.0011 | 0.0127,ok,
XD-Violence,v=JzrpCC7XmyE__#00-06-00_00-12-00_label_A,False,normal (non-violent) class not used in this study,v=JzrpCC7XmyE__#00-06-00_00-12-00_label_A.mp4,A,A,normal,1,60.0,120.0,60.0,v=JzrpCC7XmyE__#00-06-00_00-12-00_label_A__seg0001_60.000-120.000.wav,no danger risk,0,clotho,a man is giving a speech with his voice,-0.8456621170043945,"Speech | Male speech, man speaking | Narration, monologue",0.9204 | 0.7449 | 0.009 | 0.0003 | 0.0109,ok,
XD-Violence,v=JzrpCC7XmyE__#00-06-00_00-12-00_label_A,False,normal (non-violent) class not used in this study,v=JzrpCC7XmyE__#00-06-00_00-12-00_label_A.mp4,A,A,normal,2,120.0,180.0,60.0,v=JzrpCC7XmyE__#00-06-00_00-12-00_label_A__seg0002_120.000-180.000.wav,no danger risk,0,clotho,a man is giving a speech with his voice,-0.8425565958023071,"Speech | Male speech, man speaking | Narration, monologue",0.9499 | 0.8379 | 0.005 | 0.0006 | 0.0497,ok,
XD-Violence,v=JzrpCC7XmyE__#00-06-00_00-12-00_label_A,False,normal (non-violent) class not used in this study,v=JzrpCC7XmyE__#00-06-00_00-12-00_label_A.mp4,A,A,normal,3,180.0,240.0,60.0,v=JzrpCC7XmyE__#00-06-00_00-12-00_label_A__seg0003_180.000-240.000.wav,no danger risk,0,clotho,a man is giving a speech with a crowd of people in the background,-0.9352996945381165,"Speech | Male speech, man speaking | Narration, monologue | Applause",0.9466 | 0.7463 | 0.0262 | 0.0013 | 0.1274,ok,
XD-Violence,v=JzrpCC7XmyE__#00-06-00_00-12-00_label_A,False,normal (non-violent) class not used in this study,v=JzrpCC7XmyE__#00-06-00_00-12-00_label_A.mp4,A,A,normal,4,240.0,300.0,60.0,v=JzrpCC7XmyE__#00-06-00_00-12-00_label_A__seg0004_240.000-300.000.wav,no danger risk,0,clotho,a man is giving a speech with his voice,-0.8663736581802368,"Speech | Male speech, man speaking | Narration, monologue",0.9538 | 0.6818 | 0.0054 | 0.0006 | 0.0885,ok,
XD-Violence,v=JzrpCC7XmyE__#00-06-00_00-12-00_label_A,False,normal (non-violent) class not used in this study,v=JzrpCC7XmyE__#00-06-00_00-12-00_label_A.mp4,A,A,normal,5,300.0,360.0,60.0,v=JzrpCC7XmyE__#00-06-00_00-12-00_label_A__seg0005_300.000-360.000.wav,no danger risk,0,clotho,a man is giving a speech with his voice,-0.835709273815155,"Speech | Male speech, man speaking | Narration, monologue",0.9716 | 0.8556 | 0.0261 | 0.0009 | 0.0785,ok,
XD-Violence,v=JzrpCC7XmyE__#00-06-00_00-12-00_label_A,False,normal (non-violent) class not used in this study; caption generation failed (segment <= 0.17 s),v=JzrpCC7XmyE__#00-06-00_00-12-00_label_A.mp4,A,A,normal,6,360.0,360.083333,0.083333,v=JzrpCC7XmyE__#00-06-00_00-12-00_label_A__seg0006_360.000-360.083.wav,no danger risk,0,clotho,,,,,error,CoNeTTE error: input too short for the encoder's convolution kernel
XD-Violence,v=JzrpCC7XmyE__#01-06-00_01-12-00_label_A,False,normal (non-violent) class not used in this study,v=JzrpCC7XmyE__#01-06-00_01-12-00_label_A.mp4,A,A,normal,0,0.0,60.0,60.0,v=JzrpCC7XmyE__#01-06-00_01-12-00_label_A__seg0000_0.000-60.000.wav,no danger risk,0,clotho,a woman is speaking while music is playing in the background,-0.7902641892433167,Speech | Music,0.7642 | 0.005 | 0.0166 | 0.0051 | 0.0212,ok,
XD-Violence,v=JzrpCC7XmyE__#01-06-00_01-12-00_label_A,False,normal (non-violent) class not used in this study,v=JzrpCC7XmyE__#01-06-00_01-12-00_label_A.mp4,A,A,normal,1,60.0,120.0,60.0,v=JzrpCC7XmyE__#01-06-00_01-12-00_label_A__seg0001_60.000-120.000.wav,no danger risk,0,clotho,a man is speaking while music is playing in the background,-0.8094925284385681,Speech | Music,0.6169 | 0.0053 | 0.0114 | 0.0109 | 0.0047,ok,
XD-Violence,v=JzrpCC7XmyE__#01-06-00_01-12-00_label_A,False,normal (non-violent) class not used in this study,v=JzrpCC7XmyE__#01-06-00_01-12-00_label_A.mp4,A,A,normal,2,120.0,180.0,60.0,v=JzrpCC7XmyE__#01-06-00_01-12-00_label_A__seg0002_120.000-180.000.wav,no danger risk,0,clotho,a woman is speaking while music is playing in the background,-0.7864354252815247,Speech | Music,0.8619 | 0.0099 | 0.0187 | 0.0087 | 0.01,ok,
XD-Violence,v=JzrpCC7XmyE__#01-06-00_01-12-00_label_A,False,normal (non-violent) class not used in this study,v=JzrpCC7XmyE__#01-06-00_01-12-00_label_A.mp4,A,A,normal,3,180.0,240.0,60.0,v=JzrpCC7XmyE__#01-06-00_01-12-00_label_A__seg0003_180.000-240.000.wav,no danger risk,0,clotho,people are talking while music is playing in the background,-0.7848127484321594,Speech | Music,0.7073 | 0.0019 | 0.0081 | 0.0021 | 0.0053,ok,
XD-Violence,v=JzrpCC7XmyE__#01-06-00_01-12-00_label_A,False,normal (non-violent) class not used in this study,v=JzrpCC7XmyE__#01-06-00_01-12-00_label_A.mp4,A,A,normal,4,240.0,300.0,60.0,v=JzrpCC7XmyE__#01-06-00_01-12-00_label_A__seg0004_240.000-300.000.wav,no danger risk,0,clotho,a man is speaking while music is playing in the background,-0.8609800934791565,Speech | Music,0.7858 | 0.0096 | 0.0109 | 0.0027 | 0.0135,ok,
XD-Violence,v=JzrpCC7XmyE__#01-06-00_01-12-00_label_A,False,normal (non-violent) class not used in this study,v=JzrpCC7XmyE__#01-06-00_01-12-00_label_A.mp4,A,A,normal,5,300.0,360.0,60.0,v=JzrpCC7XmyE__#01-06-00_01-12-00_label_A__seg0005_300.000-360.000.wav,no danger risk,0,clotho,a woman is speaking while music is playing in the background,-0.7631128430366516,Speech | Music | Orchestra,0.8329 | 0.0127 | 0.0274 | 0.002 | 0.0118,ok,
XD-Violence,v=JzrpCC7XmyE__#01-06-00_01-12-00_label_A,False,normal (non-violent) class not used in this study; caption generation failed (segment <= 0.17 s),v=JzrpCC7XmyE__#01-06-00_01-12-00_label_A.mp4,A,A,normal,6,360.0,360.083333,0.083333,v=JzrpCC7XmyE__#01-06-00_01-12-00_label_A__seg0006_360.000-360.083.wav,no danger risk,0,clotho,,,,,error,CoNeTTE error: input too short for the encoder's convolution kernel
XD-Violence,v=KERh4R2BbS0__#1_label_A,False,normal (non-violent) class not used in this study,v=KERh4R2BbS0__#1_label_A.mp4,A,A,normal,0,0.0,60.0,60.0,v=KERh4R2BbS0__#1_label_A__seg0000_0.000-60.000.wav,no danger risk,0,clotho,a man is speaking while music is playing in the background,-0.9322736263275146,Speech | Music | Basketball bounce,0.6248 | 0.0021 | 0.0005 | 0.0013 | 0.0003,ok,
XD-Violence,v=KERh4R2BbS0__#1_label_A,False,normal (non-violent) class not used in this study,v=KERh4R2BbS0__#1_label_A.mp4,A,A,normal,1,60.0,120.0,60.0,v=KERh4R2BbS0__#1_label_A__seg0001_60.000-120.000.wav,no danger risk,0,clotho,a basketball is bouncing and people are talking,-1.2629305124282837,Speech | Music | Basketball bounce,0.5763 | 0.0006 | 0.0002 | 0.0012 | 0.0001,ok,
XD-Violence,v=KERh4R2BbS0__#1_label_A,False,normal (non-violent) class not used in this study,v=KERh4R2BbS0__#1_label_A.mp4,A,A,normal,2,120.0,180.0,60.0,v=KERh4R2BbS0__#1_label_A__seg0002_120.000-180.000.wav,no danger risk,0,clotho,a basketball is bouncing and people are talking,-1.2468181848526,Speech | Music | Basketball bounce,0.6378 | 0.0005 | 0.0002 | 0.0016 | 0.0002,ok,
XD-Violence,v=KERh4R2BbS0__#1_label_A,False,normal (non-violent) class not used in this study,v=KERh4R2BbS0__#1_label_A.mp4,A,A,normal,3,180.0,240.0,60.0,v=KERh4R2BbS0__#1_label_A__seg0003_180.000-240.000.wav,no danger risk,0,clotho,a basketball is bouncing and people are talking,-1.241757869720459,Speech | Music | Basketball bounce,0.6164 | 0.0005 | 0.0002 | 0.0012 | 0.0002,ok,
XD-Violence,v=KERh4R2BbS0__#1_label_A,False,normal (non-violent) class not used in this study,v=KERh4R2BbS0__#1_label_A.mp4,A,A,normal,4,240.0,300.0,60.0,v=KERh4R2BbS0__#1_label_A__seg0004_240.000-300.000.wav,no danger risk,0,clotho,a basketball bounces on a court and people are talking,-1.4765721559524536,Speech | Basketball bounce,0.6385 | 0.0005 | 0.0002 | 0.0013 | 0.0001,ok,
XD-Violence,v=KERh4R2BbS0__#1_label_A,False,normal (non-violent) class not used in this study,v=KERh4R2BbS0__#1_label_A.mp4,A,A,normal,5,300.0,360.0,60.0,v=KERh4R2BbS0__#1_label_A__seg0005_300.000-360.000.wav,no danger risk,0,clotho,a crowd of people are talking and cheering,-1.2493501901626587,Speech | Music | Basketball bounce,0.6144 | 0.0007 | 0.0002 | 0.0016 | 0.0003,ok,
XD-Violence,v=KERh4R2BbS0__#1_label_A,False,normal (non-violent) class not used in this study,v=KERh4R2BbS0__#1_label_A.mp4,A,A,normal,6,360.0,420.0,60.0,v=KERh4R2BbS0__#1_label_A__seg0006_360.000-420.000.wav,no danger risk,0,clotho,a crowd of people are cheering and talking,-1.3435044288635254,Speech | Basketball bounce,0.6008 | 0.0008 | 0.0002 | 0.001 | 0.0003,ok,
XD-Violence,v=KERh4R2BbS0__#1_label_A,False,normal (non-violent) class not used in this study,v=KERh4R2BbS0__#1_label_A.mp4,A,A,normal,7,420.0,480.0,60.0,v=KERh4R2BbS0__#1_label_A__seg0007_420.000-480.000.wav,no danger risk,0,clotho,a basketball is bouncing and people are talking,-1.2599488496780396,Speech | Music | Basketball bounce,0.5925 | 0.0006 | 0.0002 | 0.0013 | 0.0002,ok,
XD-Violence,v=KERh4R2BbS0__#1_label_A,False,normal (non-violent) class not used in this study,v=KERh4R2BbS0__#1_label_A.mp4,A,A,normal,8,480.0,540.0,60.0,v=KERh4R2BbS0__#1_label_A__seg0008_480.000-540.000.wav,no danger risk,0,clotho,a basketball is bouncing and people are talking,-1.252400040626526,Speech | Basketball bounce,0.5984 | 0.0005 | 0.0002 | 0.0014 | 0.0001,ok,
XD-Violence,v=KERh4R2BbS0__#1_label_A,False,normal (non-violent) class not used in this study,v=KERh4R2BbS0__#1_label_A.mp4,A,A,normal,9,540.0,600.0,60.0,v=KERh4R2BbS0__#1_label_A__seg0009_540.000-600.000.wav,no danger risk,0,clotho,a basketball is bouncing and people are talking,-1.3088037967681885,Speech | Music | Basketball bounce,0.5734 | 0.0005 | 0.0001 | 0.0011 | 0.0001,ok,
XD-Violence,v=KERh4R2BbS0__#1_label_A,False,normal (non-violent) class not used in this study,v=KERh4R2BbS0__#1_label_A.mp4,A,A,normal,10,600.0,660.0,60.0,v=KERh4R2BbS0__#1_label_A__seg0010_600.000-660.000.wav,no danger risk,0,clotho,a basketball is bouncing and people are talking,-1.2841622829437256,Speech | Basketball bounce,0.611 | 0.0007 | 0.0002 | 0.001 | 0.0002,ok,
XD-Violence,v=KERh4R2BbS0__#1_label_A,False,normal (non-violent) class not used in this study,v=KERh4R2BbS0__#1_label_A.mp4,A,A,normal,11,660.0,720.0,60.0,v=KERh4R2BbS0__#1_label_A__seg0011_660.000-720.000.wav,no danger risk,0,clotho,a crowd of people are cheering and talking,-1.2369853258132937,Speech | Music | Basketball bounce,0.6486 | 0.0009 | 0.0001 | 0.001 | 0.0002,ok,
XD-Violence,v=KERh4R2BbS0__#1_label_A,False,normal (non-violent) class not used in this study,v=KERh4R2BbS0__#1_label_A.mp4,A,A,normal,12,720.0,780.0,60.0,v=KERh4R2BbS0__#1_label_A__seg0012_720.000-780.000.wav,no danger risk,0,clotho,a crowd of people are shouting and cheering while a basketball is bouncing,-1.243818998336792,Speech | Music | Basketball bounce,0.6897 | 0.0008 | 0.0004 | 0.0024 | 0.0003,ok,
XD-Violence,v=KERh4R2BbS0__#1_label_A,False,normal (non-violent) class not used in this study,v=KERh4R2BbS0__#1_label_A.mp4,A,A,normal,13,780.0,840.0,60.0,v=KERh4R2BbS0__#1_label_A__seg0013_780.000-840.000.wav,no danger risk,0,clotho,a crowd of people are talking and cheering,-1.1722371578216553,Speech | Basketball bounce,0.6111 | 0.0027 | 0.0005 | 0.0013 | 0.0009,ok,
XD-Violence,v=KERh4R2BbS0__#1_label_A,False,normal (non-violent) class not used in this study,v=KERh4R2BbS0__#1_label_A.mp4,A,A,normal,14,840.0,860.5,20.5,v=KERh4R2BbS0__#1_label_A__seg0014_840.000-860.500.wav,no danger risk,0,clotho,a crowd of people are cheering and yelling while music plays in the background,-0.99473774433136,Speech | Music | Basketball bounce,0.6669 | 0.0089 | 0.0036 | 0.0015 | 0.0108,ok,
XD-Violence,v=KEh6EOQvQO0__#1_label_A,False,normal (non-violent) class not used in this study,v=KEh6EOQvQO0__#1_label_A.mp4,A,A,normal,0,0.0,60.0,60.0,v=KEh6EOQvQO0__#1_label_A__seg0000_0.000-60.000.wav,no danger risk,0,clotho,a man is speaking and a crowd is cheering,-1.1453875303268433,Speech | Music | Basketball bounce,0.9185 | 0.1174 | 0.0049 | 0.0003 | 0.0338,ok,
XD-Violence,v=KEh6EOQvQO0__#1_label_A,False,normal (non-violent) class not used in this study,v=KEh6EOQvQO0__#1_label_A.mp4,A,A,normal,1,60.0,120.0,60.0,v=KEh6EOQvQO0__#1_label_A__seg0001_60.000-120.000.wav,no danger risk,0,clotho,a man is speaking and then he turns the speech,-1.3737410306930542,Speech | Music,0.7752 | 0.1636 | 0.0006 | 0.0001 | 0.0052,ok,
XD-Violence,v=KEh6EOQvQO0__#1_label_A,False,normal (non-violent) class not used in this study,v=KEh6EOQvQO0__#1_label_A.mp4,A,A,normal,2,120.0,132.625,12.625,v=KEh6EOQvQO0__#1_label_A__seg0002_120.000-132.625.wav,no danger risk,0,clotho,a man is speaking while another person is breathing in the background,-0.9494750499725342,Speech | Music,0.7713 | 0.151 | 0.002 | 0.0002 | 0.0165,ok,
XD-Violence,v=L2Qs4KyW-Co__#1_label_A,False,normal (non-violent) class not used in this study,v=L2Qs4KyW-Co__#1_label_A.mp4,A,A,normal,0,0.0,60.0,60.0,v=L2Qs4KyW-Co__#1_label_A__seg0000_0.000-60.000.wav,no danger risk,0,clotho,a woman is speaking over a loudspeaker while music plays in the background,-0.7706802487373352,Speech | Music,0.6857 | 0.0044 | 0.0752 | 0.0047 | 0.0253,ok,
XD-Violence,v=L2Qs4KyW-Co__#1_label_A,False,normal (non-violent) class not used in this study,v=L2Qs4KyW-Co__#1_label_A.mp4,A,A,normal,1,60.0,120.0,60.0,v=L2Qs4KyW-Co__#1_label_A__seg0001_60.000-120.000.wav,no danger risk,0,clotho,a woman is speaking while a crowd of people are talking in the background,-0.7439991235733032,"Speech | Music | Inside, public space",0.8746 | 0.0529 | 0.0907 | 0.0224 | 0.078,ok,
XD-Violence,v=L2Qs4KyW-Co__#1_label_A,False,normal (non-violent) class not used in this study,v=L2Qs4KyW-Co__#1_label_A.mp4,A,A,normal,2,120.0,180.0,60.0,v=L2Qs4KyW-Co__#1_label_A__seg0002_120.000-180.000.wav,no danger risk,0,clotho,a group of people are talking while music plays in the background,-0.7135546207427979,"Speech | Music | Inside, public space",0.8028 | 0.015 | 0.019 | 0.0034 | 0.0231,ok,
XD-Violence,v=L2Qs4KyW-Co__#1_label_A,False,normal (non-violent) class not used in this study,v=L2Qs4KyW-Co__#1_label_A.mp4,A,A,normal,3,180.0,184.4361,4.4361,v=L2Qs4KyW-Co__#1_label_A__seg0003_180.000-184.436.wav,no danger risk,0,clotho,a person is playing a drum while a gun is being shot in the background,-1.4288322925567627,Speech | Music | Television,0.3012 | 0.0021 | 0.0017 | 0.0001 | 0.0008,ok,
XD-Violence,v=LYzmr5ORvCg__#1_label_A,False,normal (non-violent) class not used in this study,v=LYzmr5ORvCg__#1_label_A.mp4,A,A,normal,0,0.0,60.0,60.0,v=LYzmr5ORvCg__#1_label_A__seg0000_0.000-60.000.wav,no danger risk,0,clotho,a crowd of people are talking and cheering,-1.158907175064087,Speech | Basketball bounce,0.6624 | 0.0044 | 0.0008 | 0.0008 | 0.002,ok,
XD-Violence,v=LYzmr5ORvCg__#1_label_A,False,normal (non-violent) class not used in this study,v=LYzmr5ORvCg__#1_label_A.mp4,A,A,normal,1,60.0,120.0,60.0,v=LYzmr5ORvCg__#1_label_A__seg0001_60.000-120.000.wav,no danger risk,0,clotho,a crowd of people are talking and cheering,-1.2214605808258057,Speech | Music | Basketball bounce,0.6218 | 0.0037 | 0.0008 | 0.0008 | 0.0007,ok,
XD-Violence,v=LYzmr5ORvCg__#1_label_A,False,normal (non-violent) class not used in this study,v=LYzmr5ORvCg__#1_label_A.mp4,A,A,normal,2,120.0,163.541667,43.541667,v=LYzmr5ORvCg__#1_label_A__seg0002_120.000-163.542.wav,no danger risk,0,clotho,a crowd of people are cheering and yelling while music plays in the background,-0.9807506203651428,Speech | Music | Basketball bounce,0.7253 | 0.0173 | 0.0018 | 0.001 | 0.004,ok,
XD-Violence,v=MyM5G7fo7Gg__#00-06-00_00-09-00_label_A,False,normal (non-violent) class not used in this study,v=MyM5G7fo7Gg__#00-06-00_00-09-00_label_A.mp4,A,A,normal,0,0.0,60.0,60.0,v=MyM5G7fo7Gg__#00-06-00_00-09-00_label_A__seg0000_0.000-60.000.wav,no danger risk,0,clotho,a crowd of people are talking while music plays in the background,-0.8020048141479492,Speech | Music,0.8885 | 0.0085 | 0.0024 | 0.0183 | 0.0048,ok,
XD-Violence,v=MyM5G7fo7Gg__#00-06-00_00-09-00_label_A,False,normal (non-violent) class not used in this study,v=MyM5G7fo7Gg__#00-06-00_00-09-00_label_A.mp4,A,A,normal,1,60.0,120.0,60.0,v=MyM5G7fo7Gg__#00-06-00_00-09-00_label_A__seg0001_60.000-120.000.wav,no danger risk,0,clotho,a crowd of people are talking while music plays in the background,-0.8286585211753845,"Speech | Hubbub, speech noise, speech babble | Music | Vehicle",0.7675 | 0.0033 | 0.0024 | 0.0034 | 0.0044,ok,
XD-Violence,v=MyM5G7fo7Gg__#00-06-00_00-09-00_label_A,False,normal (non-violent) class not used in this study,v=MyM5G7fo7Gg__#00-06-00_00-09-00_label_A.mp4,A,A,normal,2,120.0,180.0,60.0,v=MyM5G7fo7Gg__#00-06-00_00-09-00_label_A__seg0002_120.000-180.000.wav,no danger risk,0,clotho,a crowd of people are talking while a car is driving by,-1.1808738708496094,Speech | Music,0.8682 | 0.0072 | 0.0008 | 0.0145 | 0.0031,ok,
XD-Violence,v=MyM5G7fo7Gg__#00-06-00_00-09-00_label_A,False,normal (non-violent) class not used in this study; caption generation failed (segment <= 0.17 s),v=MyM5G7fo7Gg__#00-06-00_00-09-00_label_A.mp4,A,A,normal,3,180.0,180.083333,0.083333,v=MyM5G7fo7Gg__#00-06-00_00-09-00_label_A__seg0003_180.000-180.083.wav,no danger risk,0,clotho,,,,,error,CoNeTTE error: input too short for the encoder's convolution kernel
XD-Violence,v=MyM5G7fo7Gg__#00-18-00_00-21-00_label_A,False,normal (non-violent) class not used in this study,v=MyM5G7fo7Gg__#00-18-00_00-21-00_label_A.mp4,A,A,normal,0,0.0,60.0,60.0,v=MyM5G7fo7Gg__#00-18-00_00-21-00_label_A__seg0000_0.000-60.000.wav,no danger risk,0,clotho,a crowd of people are talking in the background,-1.0083726644515991,Speech | Chatter | Crowd | Music,0.8939 | 0.0162 | 0.0145 | 0.0056 | 0.0193,ok,
XD-Violence,v=MyM5G7fo7Gg__#00-18-00_00-21-00_label_A,False,normal (non-violent) class not used in this study,v=MyM5G7fo7Gg__#00-18-00_00-21-00_label_A.mp4,A,A,normal,1,60.0,120.0,60.0,v=MyM5G7fo7Gg__#00-18-00_00-21-00_label_A__seg0001_60.000-120.000.wav,no danger risk,0,clotho,a crowd of people are talking in the background,-1.023620367050171,Speech | Crowd | Music,0.8847 | 0.0113 | 0.0053 | 0.0176 | 0.0123,ok,
XD-Violence,v=MyM5G7fo7Gg__#00-18-00_00-21-00_label_A,False,normal (non-violent) class not used in this study,v=MyM5G7fo7Gg__#00-18-00_00-21-00_label_A.mp4,A,A,normal,2,120.0,180.0,60.0,v=MyM5G7fo7Gg__#00-18-00_00-21-00_label_A__seg0002_120.000-180.000.wav,no danger risk,0,clotho,a crowd of people are talking and laughing with each other,-1.11826491355896,Speech | Music,0.9086 | 0.0194 | 0.0048 | 0.0238 | 0.0091,ok,
XD-Violence,v=MyM5G7fo7Gg__#00-18-00_00-21-00_label_A,False,normal (non-violent) class not used in this study; caption generation failed (segment <= 0.17 s),v=MyM5G7fo7Gg__#00-18-00_00-21-00_label_A.mp4,A,A,normal,3,180.0,180.125,0.125,v=MyM5G7fo7Gg__#00-18-00_00-21-00_label_A__seg0003_180.000-180.125.wav,no danger risk,0,clotho,,,,,error,CoNeTTE error: input too short for the encoder's convolution kernel
XD-Violence,v=NbNFfnVSIn8__#1_label_A,False,normal (non-violent) class not used in this study,v=NbNFfnVSIn8__#1_label_A.mp4,A,A,normal,0,0.0,60.0,60.0,v=NbNFfnVSIn8__#1_label_A__seg0000_0.000-60.000.wav,no danger risk,0,clotho,a group of people are chanting and cheering while music plays in the background,-0.9725581407546996,Speech | Cheering | Crowd | Music,0.7585 | 0.004 | 0.003 | 0.0022 | 0.0007,ok,
XD-Violence,v=NbNFfnVSIn8__#1_label_A,False,normal (non-violent) class not used in this study,v=NbNFfnVSIn8__#1_label_A.mp4,A,A,normal,1,60.0,120.0,60.0,v=NbNFfnVSIn8__#1_label_A__seg0001_60.000-120.000.wav,no danger risk,0,clotho,a crowd of people are cheering and yelling while music plays in the background,-0.9274644255638124,Speech | Music | Basketball bounce,0.8587 | 0.0071 | 0.0041 | 0.0049 | 0.0008,ok,
XD-Violence,v=NbNFfnVSIn8__#1_label_A,False,normal (non-violent) class not used in this study,v=NbNFfnVSIn8__#1_label_A.mp4,A,A,normal,2,120.0,180.0,60.0,v=NbNFfnVSIn8__#1_label_A__seg0002_120.000-180.000.wav,no danger risk,0,clotho,a crowd of people are cheering and yelling while music plays in the background,-0.9798488020896912,Speech | Cheering | Crowd | Music | Basketball bounce,0.8539 | 0.0069 | 0.002 | 0.0036 | 0.0023,ok,
XD-Violence,v=NbNFfnVSIn8__#1_label_A,False,normal (non-violent) class not used in this study,v=NbNFfnVSIn8__#1_label_A.mp4,A,A,normal,3,180.0,191.333333,11.333333,v=NbNFfnVSIn8__#1_label_A__seg0003_180.000-191.333.wav,no danger risk,0,clotho,a crowd of people are cheering and yelling at the same time,-1.1929621696472168,Speech | Music,0.6639 | 0.0172 | 0.0017 | 0.0003 | 0.0025,ok,
XD-Violence,v=NeAC-MfTZzU__#00-15-00_00-18-00_label_A,False,normal (non-violent) class not used in this study,v=NeAC-MfTZzU__#00-15-00_00-18-00_label_A.mp4,A,A,normal,0,0.0,60.0,60.0,v=NeAC-MfTZzU__#00-15-00_00-18-00_label_A__seg0000_0.000-60.000.wav,no danger risk,0,clotho,a car drives by and people talk in the background,-1.0431337356567385,"Speech | Vehicle | Traffic noise, roadway noise",0.7064 | 0.0003 | 0.0001 | 0.0002 | 0.0001,ok,
XD-Violence,v=NeAC-MfTZzU__#00-15-00_00-18-00_label_A,False,normal (non-violent) class not used in this study,v=NeAC-MfTZzU__#00-15-00_00-18-00_label_A.mp4,A,A,normal,1,60.0,120.0,60.0,v=NeAC-MfTZzU__#00-15-00_00-18-00_label_A__seg0001_60.000-120.000.wav,no danger risk,0,clotho,a person is walking on a hard surface while people are talking in the background,-1.1497849225997925,Speech | Vehicle,0.5982 | 0.0012 | 0.0001 | 0.0004 | 0.0004,ok,
XD-Violence,v=NeAC-MfTZzU__#00-15-00_00-18-00_label_A,False,normal (non-violent) class not used in this study,v=NeAC-MfTZzU__#00-15-00_00-18-00_label_A.mp4,A,A,normal,2,120.0,180.0,60.0,v=NeAC-MfTZzU__#00-15-00_00-18-00_label_A__seg0002_120.000-180.000.wav,no danger risk,0,clotho,people are talking in the background while cars are driving by,-1.0035418272018433,Speech,0.7603 | 0.0015 | 0.0028 | 0.0029 | 0.0009,ok,
XD-Violence,v=NeAC-MfTZzU__#00-15-00_00-18-00_label_A,False,normal (non-violent) class not used in this study; caption generation failed (segment <= 0.17 s),v=NeAC-MfTZzU__#00-15-00_00-18-00_label_A.mp4,A,A,normal,3,180.0,180.083333,0.083333,v=NeAC-MfTZzU__#00-15-00_00-18-00_label_A__seg0003_180.000-180.083.wav,no danger risk,0,clotho,,,,,error,CoNeTTE error: input too short for the encoder's convolution kernel
XD-Violence,v=NjI-AuzKgMc__#1_label_A,False,normal (non-violent) class not used in this study,v=NjI-AuzKgMc__#1_label_A.mp4,A,A,normal,0,0.0,60.0,60.0,v=NjI-AuzKgMc__#1_label_A__seg0000_0.000-60.000.wav,no danger risk,0,clotho,a man is speaking while a crowd cheers,-1.231501579284668,Speech | Basketball bounce,0.7007 | 0.0021 | 0.0002 | 0.0007 | 0.0008,ok,
XD-Violence,v=NjI-AuzKgMc__#1_label_A,False,normal (non-violent) class not used in this study,v=NjI-AuzKgMc__#1_label_A.mp4,A,A,normal,1,60.0,118.166667,58.166667,v=NjI-AuzKgMc__#1_label_A__seg0001_60.000-118.167.wav,no danger risk,0,clotho,a man is speaking while a crowd cheers and whistles,-1.338804841041565,Speech | Basketball bounce,0.66 | 0.0015 | 0.0003 | 0.002 | 0.0008,ok,
XD-Violence,v=ODGDLQ0TT3M__#1_label_A,False,normal (non-violent) class not used in this study,v=ODGDLQ0TT3M__#1_label_A.mp4,A,A,normal,0,0.0,60.0,60.0,v=ODGDLQ0TT3M__#1_label_A__seg0000_0.000-60.000.wav,no danger risk,0,clotho,a crowd cheers and a man speaks and a group of people cheer,-1.3091142177581787,Speech | Crowd,0.8643 | 0.1953 | 0.0157 | 0.0014 | 0.0409,ok,
XD-Violence,v=ODGDLQ0TT3M__#1_label_A,False,normal (non-violent) class not used in this study,v=ODGDLQ0TT3M__#1_label_A.mp4,A,A,normal,1,60.0,89.083333,29.083333,v=ODGDLQ0TT3M__#1_label_A__seg0001_60.000-89.083.wav,no danger risk,0,clotho,a crowd of people are cheering and yelling,-1.124215006828308,"Speech | Run | Outside, urban or manmade",0.8752 | 0.1556 | 0.0263 | 0.0018 | 0.0979,ok,
XD-Violence,v=Oh6FDdpH08A__#1_label_A,False,normal (non-violent) class not used in this study,v=Oh6FDdpH08A__#1_label_A.mp4,A,A,normal,0,0.0,60.0,60.0,v=Oh6FDdpH08A__#1_label_A__seg0000_0.000-60.000.wav,no danger risk,0,clotho,a woman is speaking while music is playing in the background,-0.7799541354179382,Speech | Music,0.6092 | 0.0046 | 0.0255 | 0.004 | 0.0278,ok,
XD-Violence,v=Oh6FDdpH08A__#1_label_A,False,normal (non-violent) class not used in this study,v=Oh6FDdpH08A__#1_label_A.mp4,A,A,normal,1,60.0,120.0,60.0,v=Oh6FDdpH08A__#1_label_A__seg0001_60.000-120.000.wav,no danger risk,0,clotho,a woman is speaking while music plays in the background,-0.7589486837387085,Speech | Music | Zither,0.6223 | 0.0021 | 0.0171 | 0.0039 | 0.0193,ok,
XD-Violence,v=Oh6FDdpH08A__#1_label_A,False,normal (non-violent) class not used in this study,v=Oh6FDdpH08A__#1_label_A.mp4,A,A,normal,2,120.0,139.333333,19.333333,v=Oh6FDdpH08A__#1_label_A__seg0002_120.000-139.333.wav,no danger risk,0,clotho,a woman is speaking while music is playing in the background,-0.7204973697662354,Speech | Music,0.6525 | 0.0027 | 0.0224 | 0.001 | 0.0146,ok,
XD-Violence,v=Pf7WtK-YPDA__#1_label_A,False,normal (non-violent) class not used in this study,v=Pf7WtK-YPDA__#1_label_A.mp4,A,A,normal,0,0.0,60.0,60.0,v=Pf7WtK-YPDA__#1_label_A__seg0000_0.000-60.000.wav,no danger risk,0,clotho,a man is speaking while a car is driving by,-0.9691953659057616,"Speech | Vehicle | Car | Outside, urban or manmade",0.8342 | 0.0075 | 0.0009 | 0.001 | 0.0051,ok,
XD-Violence,v=Pf7WtK-YPDA__#1_label_A,False,normal (non-violent) class not used in this study,v=Pf7WtK-YPDA__#1_label_A.mp4,A,A,normal,1,60.0,81.416667,21.416667,v=Pf7WtK-YPDA__#1_label_A__seg0001_60.000-81.417.wav,no danger risk,0,clotho,a man is speaking and then a gun is fired,-1.1559160947799685,,0.2355 | 0.0018 | 0.0007 | 0.0002 | 0.0005,ok,
XD-Violence,v=Q8b0XbtpFsA__#1_label_A,False,normal (non-violent) class not used in this study,v=Q8b0XbtpFsA__#1_label_A.mp4,A,A,normal,0,0.0,60.0,60.0,v=Q8b0XbtpFsA__#1_label_A__seg0000_0.000-60.000.wav,no danger risk,0,clotho,a crowd of people are cheering and yelling while music plays in the background,-0.985989272594452,Speech | Music | Basketball bounce,0.8183 | 0.0051 | 0.0014 | 0.0023 | 0.0016,ok,
XD-Violence,v=Q8b0XbtpFsA__#1_label_A,False,normal (non-violent) class not used in this study,v=Q8b0XbtpFsA__#1_label_A.mp4,A,A,normal,1,60.0,120.0,60.0,v=Q8b0XbtpFsA__#1_label_A__seg0001_60.000-120.000.wav,no danger risk,0,clotho,a crowd of people are cheering and yelling while music plays in the background,-0.995844841003418,Speech | Music | Basketball bounce,0.7435 | 0.0046 | 0.0009 | 0.0052 | 0.0011,ok,
XD-Violence,v=Q8b0XbtpFsA__#1_label_A,False,normal (non-violent) class not used in this study,v=Q8b0XbtpFsA__#1_label_A.mp4,A,A,normal,2,120.0,180.0,60.0,v=Q8b0XbtpFsA__#1_label_A__seg0002_120.000-180.000.wav,no danger risk,0,clotho,a crowd of people are cheering and yelling while music plays in the background,-1.0418121814727783,Speech | Music | Basketball bounce,0.684 | 0.003 | 0.0009 | 0.0031 | 0.0009,ok,
XD-Violence,v=Q8b0XbtpFsA__#1_label_A,False,normal (non-violent) class not used in this study,v=Q8b0XbtpFsA__#1_label_A.mp4,A,A,normal,3,180.0,193.041667,13.041667,v=Q8b0XbtpFsA__#1_label_A__seg0003_180.000-193.042.wav,no danger risk,0,clotho,a crowd of people are cheering and yelling while music plays in the background,-0.9378909468650818,Speech | Music,0.872 | 0.0117 | 0.0002 | 0.0007 | 0.001,ok,
XD-Violence,v=QBfO3qfo7zg__#1_label_A,False,normal (non-violent) class not used in this study,v=QBfO3qfo7zg__#1_label_A.mp4,A,A,normal,0,0.0,60.0,60.0,v=QBfO3qfo7zg__#1_label_A__seg0000_0.000-60.000.wav,no danger risk,0,clotho,a marching band is playing a song with drums and cymbals,-1.0684419870376587,Music | Bagpipes,0.1397 | 0.0005 | 0.0006 | 0.004 | 0.0003,ok,
XD-Violence,v=QBfO3qfo7zg__#1_label_A,False,normal (non-violent) class not used in this study,v=QBfO3qfo7zg__#1_label_A.mp4,A,A,normal,1,60.0,120.0,60.0,v=QBfO3qfo7zg__#1_label_A__seg0001_60.000-120.000.wav,no danger risk,0,clotho,a marching band is playing a song with drums and people cheering in the background,-1.130755066871643,Speech | Music,0.426 | 0.0024 | 0.0005 | 0.004 | 0.0011,ok,
XD-Violence,v=QBfO3qfo7zg__#1_label_A,False,normal (non-violent) class not used in this study,v=QBfO3qfo7zg__#1_label_A.mp4,A,A,normal,2,120.0,180.0,60.0,v=QBfO3qfo7zg__#1_label_A__seg0002_120.000-180.000.wav,no danger risk,0,clotho,a crowd of people are talking and a marching band is playing,-1.2442233562469482,Speech | Music | Bagpipes,0.5198 | 0.0052 | 0.0005 | 0.0014 | 0.0015,ok,
XD-Violence,v=QBfO3qfo7zg__#1_label_A,False,normal (non-violent) class not used in this study,v=QBfO3qfo7zg__#1_label_A.mp4,A,A,normal,3,180.0,194.281361,14.281361,v=QBfO3qfo7zg__#1_label_A__seg0003_180.000-194.281.wav,no danger risk,0,clotho,a marching band is playing with drums and people cheering in the background,-1.1272059679031372,Crowd | Music,0.1097 | 0.0003 | 0.0002 | 0.0002 | 0.0004,ok,
XD-Violence,v=QUlWIIHMIEQ__#1_label_A,False,normal (non-violent) class not used in this study,v=QUlWIIHMIEQ__#1_label_A.mp4,A,A,normal,0,0.0,46.11483,46.11483,v=QUlWIIHMIEQ__#1_label_A__seg0000_0.000-46.115.wav,no danger risk,0,clotho,a man speaks and then a car door opens and closes,-0.9704335331916808,"Speech | Walk, footsteps | Music",0.9628 | 0.005 | 0.0004 | 0.0004 | 0.0008,ok,
XD-Violence,v=QiLNvC7CIuY__#1_label_A,False,normal (non-violent) class not used in this study,v=QiLNvC7CIuY__#1_label_A.mp4,A,A,normal,0,0.0,48.375,48.375,v=QiLNvC7CIuY__#1_label_A__seg0000_0.000-48.375.wav,no danger risk,0,clotho,a person is playing a marching band with drums and people are talking in the,-1.0875681638717651,Music,0.2269 | 0.0004 | 0.0002 | 0.0006 | 0.0001,ok,
XD-Violence,v=QozLwYYVotY__#1_label_A,False,normal (non-violent) class not used in this study,v=QozLwYYVotY__#1_label_A.mp4,A,A,normal,0,0.0,60.0,60.0,v=QozLwYYVotY__#1_label_A__seg0000_0.000-60.000.wav,no danger risk,0,clotho,a man is speaking while a bell is ringing in the background,-0.9059613347053528,Speech,0.4009 | 0.0003 | 0.0001 | 0.001 | 0.0001,ok,
XD-Violence,v=QozLwYYVotY__#1_label_A,False,normal (non-violent) class not used in this study,v=QozLwYYVotY__#1_label_A.mp4,A,A,normal,1,60.0,120.0,60.0,v=QozLwYYVotY__#1_label_A__seg0001_60.000-120.000.wav,no danger risk,0,clotho,people are talking while they are walking in the background,-1.0916333198547363,Speech | Basketball bounce,0.9194 | 0.001 | 0.0001 | 0.0031 | 0.0001,ok,
XD-Violence,v=QozLwYYVotY__#1_label_A,False,normal (non-violent) class not used in this study,v=QozLwYYVotY__#1_label_A.mp4,A,A,normal,2,120.0,135.583333,15.583333,v=QozLwYYVotY__#1_label_A__seg0002_120.000-135.583.wav,no danger risk,0,clotho,people are talking and laughing while cars are passing by,-1.0374482870101929,Speech,0.8667 | 0.002 | 0.0002 | 0.0017 | 0.0004,ok,
XD-Violence,v=RRiN5W9XwJE__#1_label_A,False,normal (non-violent) class not used in this study,v=RRiN5W9XwJE__#1_label_A.mp4,A,A,normal,0,0.0,60.0,60.0,v=RRiN5W9XwJE__#1_label_A__seg0000_0.000-60.000.wav,no danger risk,0,clotho,a bell rings and a man speaks over music,-1.0213820934295654,Speech | Music,0.9379 | 0.0388 | 0.0028 | 0.0025 | 0.0066,ok,
XD-Violence,v=RRiN5W9XwJE__#1_label_A,False,normal (non-violent) class not used in this study,v=RRiN5W9XwJE__#1_label_A.mp4,A,A,normal,1,60.0,109.0,49.0,v=RRiN5W9XwJE__#1_label_A__seg0001_60.000-109.000.wav,no danger risk,0,clotho,a man is speaking while a bell is ringing in the background,-0.8422663807868958,Speech | Music,0.9201 | 0.015 | 0.0014 | 0.0045 | 0.0112,ok,
XD-Violence,v=RarYGpz-blM__#1_label_A,False,normal (non-violent) class not used in this study,v=RarYGpz-blM__#1_label_A.mp4,A,A,normal,0,0.0,60.0,60.0,v=RarYGpz-blM__#1_label_A__seg0000_0.000-60.000.wav,no danger risk,0,clotho,a basketball bounces on the court and a man speaks,-1.2465745210647583,Speech | Basketball bounce,0.6778 | 0.0007 | 0.0007 | 0.0016 | 0.0007,ok,
XD-Violence,v=RarYGpz-blM__#1_label_A,False,normal (non-violent) class not used in this study,v=RarYGpz-blM__#1_label_A.mp4,A,A,normal,1,60.0,120.0,60.0,v=RarYGpz-blM__#1_label_A__seg0001_60.000-120.000.wav,no danger risk,0,clotho,a crowd of people are talking and cheering,-1.2719470262527466,Speech | Basketball bounce,0.6174 | 0.0011 | 0.0005 | 0.0013 | 0.0008,ok,
XD-Violence,v=RarYGpz-blM__#1_label_A,False,normal (non-violent) class not used in this study,v=RarYGpz-blM__#1_label_A.mp4,A,A,normal,2,120.0,141.0,21.0,v=RarYGpz-blM__#1_label_A__seg0002_120.000-141.000.wav,no danger risk,0,clotho,a crowd of people are talking and cheering,-1.0795518159866333,Speech | Music | Basketball bounce,0.8245 | 0.005 | 0.0013 | 0.0004 | 0.0016,ok,
XD-Violence,v=S1meRf5BsEw__#1_label_A,False,normal (non-violent) class not used in this study,v=S1meRf5BsEw__#1_label_A.mp4,A,A,normal,0,0.0,60.0,60.0,v=S1meRf5BsEw__#1_label_A__seg0000_0.000-60.000.wav,no danger risk,0,clotho,people are talking while cars are honking in the background,-0.9001081585884094,"Speech | Vehicle | Traffic noise, roadway noise",0.7854 | 0.0017 | 0.0021 | 0.0157 | 0.0009,ok,
XD-Violence,v=S1meRf5BsEw__#1_label_A,False,normal (non-violent) class not used in this study,v=S1meRf5BsEw__#1_label_A.mp4,A,A,normal,1,60.0,120.0,60.0,v=S1meRf5BsEw__#1_label_A__seg0001_60.000-120.000.wav,no danger risk,0,clotho,people are talking while cars are honking in the background,-0.8667482137680054,"Speech | Vehicle | Toot | Traffic noise, roadway noise",0.6354 | 0.0013 | 0.002 | 0.0029 | 0.0013,ok,
XD-Violence,v=S1meRf5BsEw__#1_label_A,False,normal (non-violent) class not used in this study,v=S1meRf5BsEw__#1_label_A.mp4,A,A,normal,2,120.0,171.0,51.0,v=S1meRf5BsEw__#1_label_A__seg0002_120.000-171.000.wav,no danger risk,0,clotho,people are talking while cars are honking in the background,-0.9519816040992736,"Speech | Vehicle | Toot | Traffic noise, roadway noise",0.8284 | 0.0028 | 0.0025 | 0.0061 | 0.0013,ok,
XD-Violence,v=SdYFFo_tsfk__#00-00-00_00-06-00_label_A,False,normal (non-violent) class not used in this study,v=SdYFFo_tsfk__#00-00-00_00-06-00_label_A.mp4,A,A,normal,0,0.0,60.0,60.0,v=SdYFFo_tsfk__#00-00-00_00-06-00_label_A__seg0000_0.000-60.000.wav,no danger risk,0,clotho,a man is speaking and then another person is talking,-1.2161701917648315,Speech,0.8736 | 0.1154 | 0.0025 | 0.0027 | 0.0021,ok,
XD-Violence,v=SdYFFo_tsfk__#00-00-00_00-06-00_label_A,False,normal (non-violent) class not used in this study,v=SdYFFo_tsfk__#00-00-00_00-06-00_label_A.mp4,A,A,normal,1,60.0,120.0,60.0,v=SdYFFo_tsfk__#00-00-00_00-06-00_label_A__seg0001_60.000-120.000.wav,no danger risk,0,clotho,people are laughing and talking while a person is coughing,-1.2552059888839722,Speech,0.7567 | 0.009 | 0.0038 | 0.0043 | 0.0051,ok,
XD-Violence,v=SdYFFo_tsfk__#00-00-00_00-06-00_label_A,False,normal (non-violent) class not used in this study,v=SdYFFo_tsfk__#00-00-00_00-06-00_label_A.mp4,A,A,normal,2,120.0,180.0,60.0,v=SdYFFo_tsfk__#00-00-00_00-06-00_label_A__seg0002_120.000-180.000.wav,no danger risk,0,clotho,people are talking in the background while a man coughs,-1.1010704040527344,Speech,0.6638 | 0.0122 | 0.0036 | 0.001 | 0.0051,ok,
XD-Violence,v=SdYFFo_tsfk__#00-00-00_00-06-00_label_A,False,normal (non-violent) class not used in this study,v=SdYFFo_tsfk__#00-00-00_00-06-00_label_A.mp4,A,A,normal,3,180.0,240.0,60.0,v=SdYFFo_tsfk__#00-00-00_00-06-00_label_A__seg0003_180.000-240.000.wav,no danger risk,0,clotho,a man is speaking while a machine is running in the background,-0.9531832933425904,Speech,0.8738 | 0.0072 | 0.0013 | 0.0006 | 0.0057,ok,
XD-Violence,v=SdYFFo_tsfk__#00-00-00_00-06-00_label_A,False,normal (non-violent) class not used in this study,v=SdYFFo_tsfk__#00-00-00_00-06-00_label_A.mp4,A,A,normal,4,240.0,300.0,60.0,v=SdYFFo_tsfk__#00-00-00_00-06-00_label_A__seg0004_240.000-300.000.wav,no danger risk,0,clotho,a bell rings and a man speaks over a tannoy system,-1.0653432607650757,Speech | Church bell,0.6795 | 0.0419 | 0.0003 | 0.0004 | 0.0012,ok,
XD-Violence,v=SdYFFo_tsfk__#00-00-00_00-06-00_label_A,False,normal (non-violent) class not used in this study,v=SdYFFo_tsfk__#00-00-00_00-06-00_label_A.mp4,A,A,normal,5,300.0,360.0,60.0,v=SdYFFo_tsfk__#00-00-00_00-06-00_label_A__seg0005_300.000-360.000.wav,no danger risk,0,clotho,a bell rings and a man speaks over a loudspeaker in the background,-1.0290740728378296,Speech | Church bell,0.4709 | 0.0308 | 0.0007 | 0.0 | 0.0015,ok,
XD-Violence,v=SdYFFo_tsfk__#00-00-00_00-06-00_label_A,False,normal (non-violent) class not used in this study; caption generation failed (segment <= 0.17 s),v=SdYFFo_tsfk__#00-00-00_00-06-00_label_A.mp4,A,A,normal,6,360.0,360.083333,0.083333,v=SdYFFo_tsfk__#00-00-00_00-06-00_label_A__seg0006_360.000-360.083.wav,no danger risk,0,clotho,,,,,error,CoNeTTE error: input too short for the encoder's convolution kernel
XD-Violence,v=SdYFFo_tsfk__#00-18-00_00-24-00_label_A,False,normal (non-violent) class not used in this study,v=SdYFFo_tsfk__#00-18-00_00-24-00_label_A.mp4,A,A,normal,0,0.0,60.0,60.0,v=SdYFFo_tsfk__#00-18-00_00-24-00_label_A__seg0000_0.000-60.000.wav,no danger risk,0,clotho,a man is speaking while music is playing in the background,-0.6855233311653137,Speech | Music,0.8689 | 0.0293 | 0.0005 | 0.0008 | 0.0016,ok,
XD-Violence,v=SdYFFo_tsfk__#00-18-00_00-24-00_label_A,False,normal (non-violent) class not used in this study,v=SdYFFo_tsfk__#00-18-00_00-24-00_label_A.mp4,A,A,normal,1,60.0,120.0,60.0,v=SdYFFo_tsfk__#00-18-00_00-24-00_label_A__seg0001_60.000-120.000.wav,no danger risk,0,clotho,a man is giving a speech with his voice,-0.8356353640556335,"Speech | Male speech, man speaking | Narration, monologue",0.9446 | 0.7739 | 0.0086 | 0.0007 | 0.0156,ok,
XD-Violence,v=SdYFFo_tsfk__#00-18-00_00-24-00_label_A,False,normal (non-violent) class not used in this study,v=SdYFFo_tsfk__#00-18-00_00-24-00_label_A.mp4,A,A,normal,2,120.0,180.0,60.0,v=SdYFFo_tsfk__#00-18-00_00-24-00_label_A__seg0002_120.000-180.000.wav,no danger risk,0,clotho,a man is speaking and then he is giving a speech,-1.037634015083313,"Speech | Male speech, man speaking | Narration, monologue",0.9391 | 0.6349 | 0.0052 | 0.0004 | 0.0287,ok,
XD-Violence,v=SdYFFo_tsfk__#00-18-00_00-24-00_label_A,False,normal (non-violent) class not used in this study,v=SdYFFo_tsfk__#00-18-00_00-24-00_label_A.mp4,A,A,normal,3,180.0,240.0,60.0,v=SdYFFo_tsfk__#00-18-00_00-24-00_label_A__seg0003_180.000-240.000.wav,no danger risk,0,clotho,a man is giving a speech with his voice,-0.9052152633666992,"Speech | Male speech, man speaking | Narration, monologue",0.9462 | 0.6523 | 0.0036 | 0.0002 | 0.015,ok,
XD-Violence,v=SdYFFo_tsfk__#00-18-00_00-24-00_label_A,False,normal (non-violent) class not used in this study,v=SdYFFo_tsfk__#00-18-00_00-24-00_label_A.mp4,A,A,normal,4,240.0,300.0,60.0,v=SdYFFo_tsfk__#00-18-00_00-24-00_label_A__seg0004_240.000-300.000.wav,no danger risk,0,clotho,a man is giving a speech with his voice,-0.8815561532974243,"Speech | Male speech, man speaking | Narration, monologue",0.9143 | 0.5442 | 0.003 | 0.0002 | 0.0159,ok,
XD-Violence,v=SdYFFo_tsfk__#00-18-00_00-24-00_label_A,False,normal (non-violent) class not used in this study,v=SdYFFo_tsfk__#00-18-00_00-24-00_label_A.mp4,A,A,normal,5,300.0,360.0,60.0,v=SdYFFo_tsfk__#00-18-00_00-24-00_label_A__seg0005_300.000-360.000.wav,no danger risk,0,clotho,a man is giving a speech with his voice,-0.8779240846633911,"Speech | Male speech, man speaking | Narration, monologue",0.9345 | 0.7526 | 0.0074 | 0.0005 | 0.0234,ok,
XD-Violence,v=SdYFFo_tsfk__#00-18-00_00-24-00_label_A,False,normal (non-violent) class not used in this study; caption generation failed (segment <= 0.17 s),v=SdYFFo_tsfk__#00-18-00_00-24-00_label_A.mp4,A,A,normal,6,360.0,360.083333,0.083333,v=SdYFFo_tsfk__#00-18-00_00-24-00_label_A__seg0006_360.000-360.083.wav,no danger risk,0,clotho,,,,,error,CoNeTTE error: input too short for the encoder's convolution kernel
XD-Violence,v=SmFpAAHmoII__#1_label_A,False,normal (non-violent) class not used in this study,v=SmFpAAHmoII__#1_label_A.mp4,A,A,normal,0,0.0,60.0,60.0,v=SmFpAAHmoII__#1_label_A__seg0000_0.000-60.000.wav,no danger risk,0,clotho,a man is speaking while music plays in the background,-0.7269501090049744,Speech | Music | Basketball bounce,0.8445 | 0.0129 | 0.0015 | 0.0016 | 0.001,ok,
XD-Violence,v=SmFpAAHmoII__#1_label_A,False,normal (non-violent) class not used in this study,v=SmFpAAHmoII__#1_label_A.mp4,A,A,normal,1,60.0,120.0,60.0,v=SmFpAAHmoII__#1_label_A__seg0001_60.000-120.000.wav,no danger risk,0,clotho,a man is speaking while music plays in the background,-0.8375100493431091,Speech | Music | Basketball bounce,0.7689 | 0.0055 | 0.0005 | 0.0013 | 0.0007,ok,
XD-Violence,v=SmFpAAHmoII__#1_label_A,False,normal (non-violent) class not used in this study,v=SmFpAAHmoII__#1_label_A.mp4,A,A,normal,2,120.0,164.625,44.625,v=SmFpAAHmoII__#1_label_A__seg0002_120.000-164.625.wav,no danger risk,0,clotho,a man is speaking while music plays in the background,-0.8086898922920227,Speech | Music,0.8003 | 0.0175 | 0.0013 | 0.0009 | 0.0009,ok,
XD-Violence,v=VGP9qh7U4H0__#1_label_A,False,normal (non-violent) class not used in this study,v=VGP9qh7U4H0__#1_label_A.mp4,A,A,normal,0,0.0,60.0,60.0,v=VGP9qh7U4H0__#1_label_A__seg0000_0.000-60.000.wav,no danger risk,0,clotho,music is being played in the background while a woman is singing,-1.2825851440429688,Music,0.0093 | 0.0006 | 0.0006 | 0.001 | 0.0001,ok,
XD-Violence,v=VGP9qh7U4H0__#1_label_A,False,normal (non-violent) class not used in this study,v=VGP9qh7U4H0__#1_label_A.mp4,A,A,normal,1,60.0,120.0,60.0,v=VGP9qh7U4H0__#1_label_A__seg0001_60.000-120.000.wav,no danger risk,0,clotho,music is playing and a person is singing in the background,-1.1459044218063354,Music,0.0076 | 0.0003 | 0.0005 | 0.0009 | 0.0001,ok,
XD-Violence,v=VGP9qh7U4H0__#1_label_A,False,normal (non-violent) class not used in this study,v=VGP9qh7U4H0__#1_label_A.mp4,A,A,normal,2,120.0,180.0,60.0,v=VGP9qh7U4H0__#1_label_A__seg0002_120.000-180.000.wav,no danger risk,0,clotho,music is playing and a person is singing in the background,-1.1902573108673096,Music,0.0105 | 0.0003 | 0.0003 | 0.0006 | 0.0,ok,
XD-Violence,v=VGP9qh7U4H0__#1_label_A,False,normal (non-violent) class not used in this study,v=VGP9qh7U4H0__#1_label_A.mp4,A,A,normal,3,180.0,220.166667,40.166667,v=VGP9qh7U4H0__#1_label_A__seg0003_180.000-220.167.wav,no danger risk,0,clotho,a person is playing a song with drums and other instruments,-1.3633772134780884,Music,0.0111 | 0.0002 | 0.0002 | 0.0003 | 0.0001,ok,
XD-Violence,v=VNQ1Vkz_cM4__#1_label_A,False,normal (non-violent) class not used in this study,v=VNQ1Vkz_cM4__#1_label_A.mp4,A,A,normal,0,0.0,60.0,60.0,v=VNQ1Vkz_cM4__#1_label_A__seg0000_0.000-60.000.wav,no danger risk,0,clotho,a man is speaking and then he turns a page over and over,-1.0374194383621216,Speech | Music,0.9111 | 0.0114 | 0.0045 | 0.0029 | 0.0041,ok,
XD-Violence,v=VNQ1Vkz_cM4__#1_label_A,False,normal (non-violent) class not used in this study,v=VNQ1Vkz_cM4__#1_label_A.mp4,A,A,normal,1,60.0,120.0,60.0,v=VNQ1Vkz_cM4__#1_label_A__seg0001_60.000-120.000.wav,no danger risk,0,clotho,a man is speaking and then a bell rings,-0.7263826727867126,Speech | Ding,0.3899 | 0.0075 | 0.0022 | 0.012 | 0.0103,ok,
XD-Violence,v=VNQ1Vkz_cM4__#1_label_A,False,normal (non-violent) class not used in this study,v=VNQ1Vkz_cM4__#1_label_A.mp4,A,A,normal,2,120.0,180.0,60.0,v=VNQ1Vkz_cM4__#1_label_A__seg0002_120.000-180.000.wav,no danger risk,0,clotho,a man is speaking while a car is racing by,-1.0353875160217283,Speech | Music | Vehicle | Car,0.8606 | 0.0029 | 0.0022 | 0.0023 | 0.0021,ok,
XD-Violence,v=VNQ1Vkz_cM4__#1_label_A,False,normal (non-violent) class not used in this study,v=VNQ1Vkz_cM4__#1_label_A.mp4,A,A,normal,3,180.0,234.25,54.25,v=VNQ1Vkz_cM4__#1_label_A__seg0003_180.000-234.250.wav,no danger risk,0,clotho,a man is speaking while music is playing in the background,-0.6432990431785583,Speech | Music,0.735 | 0.0044 | 0.0006 | 0.0003 | 0.0004,ok,
XD-Violence,v=VRn8Tc02TbU__#00-18-00_00-21-00_label_A,False,normal (non-violent) class not used in this study,v=VRn8Tc02TbU__#00-18-00_00-21-00_label_A.mp4,A,A,normal,0,0.0,60.0,60.0,v=VRn8Tc02TbU__#00-18-00_00-21-00_label_A__seg0000_0.000-60.000.wav,no danger risk,0,clotho,a crowd of people are talking in a crowded place,-1.0201008319854736,Speech | Chatter,0.9271 | 0.0388 | 0.0224 | 0.0011 | 0.0348,ok,
XD-Violence,v=VRn8Tc02TbU__#00-18-00_00-21-00_label_A,False,normal (non-violent) class not used in this study,v=VRn8Tc02TbU__#00-18-00_00-21-00_label_A.mp4,A,A,normal,1,60.0,120.0,60.0,v=VRn8Tc02TbU__#00-18-00_00-21-00_label_A__seg0001_60.000-120.000.wav,no danger risk,0,clotho,a group of people are talking in a crowded place,-1.0939652919769287,Speech | Chatter | Music,0.9278 | 0.0128 | 0.0032 | 0.0254 | 0.0076,ok,
XD-Violence,v=VRn8Tc02TbU__#00-18-00_00-21-00_label_A,False,normal (non-violent) class not used in this study,v=VRn8Tc02TbU__#00-18-00_00-21-00_label_A.mp4,A,A,normal,2,120.0,180.0,60.0,v=VRn8Tc02TbU__#00-18-00_00-21-00_label_A__seg0002_120.000-180.000.wav,no danger risk,0,clotho,a crowd of people are talking and laughing loudly,-1.0465500354766846,Speech | Chatter | Crowd | Music,0.8505 | 0.0254 | 0.0033 | 0.0017 | 0.0249,ok,
XD-Violence,v=VRn8Tc02TbU__#00-18-00_00-21-00_label_A,False,normal (non-violent) class not used in this study; caption generation failed (segment <= 0.17 s),v=VRn8Tc02TbU__#00-18-00_00-21-00_label_A.mp4,A,A,normal,3,180.0,180.083333,0.083333,v=VRn8Tc02TbU__#00-18-00_00-21-00_label_A__seg0003_180.000-180.083.wav,no danger risk,0,clotho,,,,,error,CoNeTTE error: input too short for the encoder's convolution kernel
XD-Violence,v=VcsJf1q9QX8__#1_label_A,False,normal (non-violent) class not used in this study,v=VcsJf1q9QX8__#1_label_A.mp4,A,A,normal,0,0.0,60.0,60.0,v=VcsJf1q9QX8__#1_label_A__seg0000_0.000-60.000.wav,no danger risk,0,clotho,people are talking in the background as a subway train passes by,-1.0992701053619385,"Speech | Rail transport | Train | Railroad car, train wagon | Subway, metro, underground",0.6283 | 0.0007 | 0.0006 | 0.0031 | 0.0006,ok,
XD-Violence,v=VcsJf1q9QX8__#1_label_A,False,normal (non-violent) class not used in this study,v=VcsJf1q9QX8__#1_label_A.mp4,A,A,normal,1,60.0,106.666667,46.666667,v=VcsJf1q9QX8__#1_label_A__seg0001_60.000-106.667.wav,no danger risk,0,clotho,a subway train is passing by on the tracks and a man is speaking,-1.0541532039642334,"Speech | Vehicle | Rail transport | Train | Railroad car, train wagon",0.7256 | 0.0004 | 0.0003 | 0.0012 | 0.0002,ok,
XD-Violence,v=W5qLlC9il3s__#1_label_A,False,normal (non-violent) class not used in this study,v=W5qLlC9il3s__#1_label_A.mp4,A,A,normal,0,0.0,57.708333,57.708333,v=W5qLlC9il3s__#1_label_A__seg0000_0.000-57.708.wav,no danger risk,0,clotho,a car horn honks while people are talking and traffic is moving,-1.2928568124771118,"Speech | Vehicle | Car | Toot | Traffic noise, roadway noise",0.7257 | 0.0006 | 0.0002 | 0.0007 | 0.0001,ok,
XD-Violence,v=Wc2QW06H48M__#1_label_A,False,normal (non-violent) class not used in this study,v=Wc2QW06H48M__#1_label_A.mp4,A,A,normal,0,0.0,60.0,60.0,v=Wc2QW06H48M__#1_label_A__seg0000_0.000-60.000.wav,no danger risk,0,clotho,a man is speaking while music is playing in the background,-0.7680833339691162,Speech | Music | Television,0.6589 | 0.0089 | 0.0009 | 0.0004 | 0.0009,ok,
XD-Violence,v=Wc2QW06H48M__#1_label_A,False,normal (non-violent) class not used in this study,v=Wc2QW06H48M__#1_label_A.mp4,A,A,normal,1,60.0,65.201633,5.201633,v=Wc2QW06H48M__#1_label_A__seg0001_60.000-65.202.wav,no danger risk,0,clotho,a musical instrument is playing a song with a high pitch,-1.3447651863098145,Music,0.0188 | 0.0002 | 0.0002 | 0.0001 | 0.0001,ok,
XD-Violence,v=Wp6gzFUaci8__#1_label_A,False,normal (non-violent) class not used in this study,v=Wp6gzFUaci8__#1_label_A.mp4,A,A,normal,0,0.0,60.0,60.0,v=Wp6gzFUaci8__#1_label_A__seg0000_0.000-60.000.wav,no danger risk,0,clotho,people are talking while cars are driving by and honking their horns,-1.0381906032562256,"Speech | Vehicle | Motorcycle | Traffic noise, roadway noise | Outside, urban or manmade",0.862 | 0.0015 | 0.0004 | 0.0005 | 0.0012,ok,
XD-Violence,v=Wp6gzFUaci8__#1_label_A,False,normal (non-violent) class not used in this study,v=Wp6gzFUaci8__#1_label_A.mp4,A,A,normal,1,60.0,115.833333,55.833333,v=Wp6gzFUaci8__#1_label_A__seg0001_60.000-115.833.wav,no danger risk,0,clotho,people are talking while cars are honking their horns are blaring in the background,-0.8465480208396912,"Speech | Vehicle | Motorcycle | Traffic noise, roadway noise",0.8395 | 0.0014 | 0.0003 | 0.0005 | 0.0003,ok,
XD-Violence,v=X60PecZRLGE__#1_label_A,False,normal (non-violent) class not used in this study,v=X60PecZRLGE__#1_label_A.mp4,A,A,normal,0,0.0,60.0,60.0,v=X60PecZRLGE__#1_label_A__seg0000_0.000-60.000.wav,no danger risk,0,clotho,a crowd of people are talking and cheering while music plays in the background,-1.0723735094070437,Speech | Music | Basketball bounce,0.7799 | 0.0026 | 0.0004 | 0.0026 | 0.0003,ok,
XD-Violence,v=X60PecZRLGE__#1_label_A,False,normal (non-violent) class not used in this study,v=X60PecZRLGE__#1_label_A.mp4,A,A,normal,1,60.0,110.166667,50.166667,v=X60PecZRLGE__#1_label_A__seg0001_60.000-110.167.wav,no danger risk,0,clotho,a crowd of people are cheering and talking in the background,-1.1959140300750732,Speech | Music | Basketball bounce,0.6058 | 0.0014 | 0.0008 | 0.0019 | 0.0004,ok,
XD-Violence,v=Yr41_8QOTF8__#00-09-00_00-12-00_label_A,False,normal (non-violent) class not used in this study,v=Yr41_8QOTF8__#00-09-00_00-12-00_label_A.mp4,A,A,normal,0,0.0,60.0,60.0,v=Yr41_8QOTF8__#00-09-00_00-12-00_label_A__seg0000_0.000-60.000.wav,no danger risk,0,clotho,a woman is speaking while music is playing in the background,-0.788428783416748,Speech | Music,0.7052 | 0.0062 | 0.0541 | 0.0536 | 0.0085,ok,
XD-Violence,v=Yr41_8QOTF8__#00-09-00_00-12-00_label_A,False,normal (non-violent) class not used in this study,v=Yr41_8QOTF8__#00-09-00_00-12-00_label_A.mp4,A,A,normal,1,60.0,120.0,60.0,v=Yr41_8QOTF8__#00-09-00_00-12-00_label_A__seg0001_60.000-120.000.wav,no danger risk,0,clotho,a woman is speaking while music plays in the background,-0.7798548340797424,Speech | Music,0.8785 | 0.004 | 0.1051 | 0.0931 | 0.0098,ok,
XD-Violence,v=Yr41_8QOTF8__#00-09-00_00-12-00_label_A,False,normal (non-violent) class not used in this study,v=Yr41_8QOTF8__#00-09-00_00-12-00_label_A.mp4,A,A,normal,2,120.0,180.0,60.0,v=Yr41_8QOTF8__#00-09-00_00-12-00_label_A__seg0002_120.000-180.000.wav,no danger risk,0,clotho,a woman is speaking while music plays in the background,-0.7661291360855103,Speech | Music,0.8845 | 0.01 | 0.1304 | 0.0146 | 0.0176,ok,
XD-Violence,v=Yr41_8QOTF8__#00-09-00_00-12-00_label_A,False,normal (non-violent) class not used in this study; caption generation failed (segment <= 0.17 s),v=Yr41_8QOTF8__#00-09-00_00-12-00_label_A.mp4,A,A,normal,3,180.0,180.041667,0.041667,v=Yr41_8QOTF8__#00-09-00_00-12-00_label_A__seg0003_180.000-180.042.wav,no danger risk,0,clotho,,,,,error,CoNeTTE error: input too short for the encoder's convolution kernel
XD-Violence,v=Yr41_8QOTF8__#00-21-00_00-24-00_label_A,False,normal (non-violent) class not used in this study,v=Yr41_8QOTF8__#00-21-00_00-24-00_label_A.mp4,A,A,normal,0,0.0,60.0,60.0,v=Yr41_8QOTF8__#00-21-00_00-24-00_label_A__seg0000_0.000-60.000.wav,no danger risk,0,clotho,a woman is speaking and a child is singing,-1.1365959644317627,Speech | Music,0.7663 | 0.018 | 0.075 | 0.0091 | 0.01,ok,
XD-Violence,v=Yr41_8QOTF8__#00-21-00_00-24-00_label_A,False,normal (non-violent) class not used in this study,v=Yr41_8QOTF8__#00-21-00_00-24-00_label_A.mp4,A,A,normal,1,60.0,120.0,60.0,v=Yr41_8QOTF8__#00-21-00_00-24-00_label_A__seg0001_60.000-120.000.wav,no danger risk,0,clotho,a woman is speaking and a child is singing,-1.1253747940063477,Speech | Music,0.7556 | 0.0107 | 0.0826 | 0.0133 | 0.0153,ok,
XD-Violence,v=Yr41_8QOTF8__#00-21-00_00-24-00_label_A,False,normal (non-violent) class not used in this study,v=Yr41_8QOTF8__#00-21-00_00-24-00_label_A.mp4,A,A,normal,2,120.0,180.0,60.0,v=Yr41_8QOTF8__#00-21-00_00-24-00_label_A__seg0002_120.000-180.000.wav,no danger risk,0,clotho,a woman is speaking and a child is singing,-1.1739875078201294,Speech | Music,0.6619 | 0.0156 | 0.1341 | 0.0273 | 0.0146,ok,
XD-Violence,v=Yr41_8QOTF8__#00-21-00_00-24-00_label_A,False,normal (non-violent) class not used in this study; caption generation failed (segment <= 0.17 s),v=Yr41_8QOTF8__#00-21-00_00-24-00_label_A.mp4,A,A,normal,3,180.0,180.041667,0.041667,v=Yr41_8QOTF8__#00-21-00_00-24-00_label_A__seg0003_180.000-180.042.wav,no danger risk,0,clotho,,,,,error,CoNeTTE error: input too short for the encoder's convolution kernel
XD-Violence,v=ZpWR_YZNZTM__#1_label_A,False,normal (non-violent) class not used in this study,v=ZpWR_YZNZTM__#1_label_A.mp4,A,A,normal,0,0.0,60.0,60.0,v=ZpWR_YZNZTM__#1_label_A__seg0000_0.000-60.000.wav,no danger risk,0,clotho,a crowd of people are cheering and talking,-1.3679412603378296,Speech | Basketball bounce,0.579 | 0.0013 | 0.0003 | 0.0023 | 0.0004,ok,
XD-Violence,v=ZpWR_YZNZTM__#1_label_A,False,normal (non-violent) class not used in this study,v=ZpWR_YZNZTM__#1_label_A.mp4,A,A,normal,1,60.0,120.0,60.0,v=ZpWR_YZNZTM__#1_label_A__seg0001_60.000-120.000.wav,no danger risk,0,clotho,a crowd of people are cheering and talking,-1.3935189247131348,Speech | Basketball bounce,0.5591 | 0.0012 | 0.0004 | 0.0017 | 0.0004,ok,
XD-Violence,v=ZpWR_YZNZTM__#1_label_A,False,normal (non-violent) class not used in this study,v=ZpWR_YZNZTM__#1_label_A.mp4,A,A,normal,2,120.0,143.208333,23.208333,v=ZpWR_YZNZTM__#1_label_A__seg0002_120.000-143.208.wav,no danger risk,0,clotho,a basketball bounces on the court and a crowd cheers,-1.2364944219589231,Speech | Basketball bounce,0.6259 | 0.0009 | 0.0002 | 0.0007 | 0.0003,ok,
XD-Violence,v=_Hn2Xlt-IWU__#1_label_A,False,normal (non-violent) class not used in this study,v=_Hn2Xlt-IWU__#1_label_A.mp4,A,A,normal,0,0.0,60.0,60.0,v=_Hn2Xlt-IWU__#1_label_A__seg0000_0.000-60.000.wav,no danger risk,0,clotho,a basketball is bouncing and people are talking in the background,-1.0884610414505005,Speech | Basketball bounce,0.669 | 0.0007 | 0.0002 | 0.0004 | 0.0004,ok,
XD-Violence,v=_Hn2Xlt-IWU__#1_label_A,False,normal (non-violent) class not used in this study,v=_Hn2Xlt-IWU__#1_label_A.mp4,A,A,normal,1,60.0,120.0,60.0,v=_Hn2Xlt-IWU__#1_label_A__seg0001_60.000-120.000.wav,no danger risk,0,clotho,a crowd of people are cheering and talking,-1.2718453407287598,Speech | Basketball bounce,0.6785 | 0.0018 | 0.0007 | 0.0008 | 0.001,ok,
XD-Violence,v=_Hn2Xlt-IWU__#1_label_A,False,normal (non-violent) class not used in this study,v=_Hn2Xlt-IWU__#1_label_A.mp4,A,A,normal,2,120.0,164.291667,44.291667,v=_Hn2Xlt-IWU__#1_label_A__seg0002_120.000-164.292.wav,no danger risk,0,clotho,a crowd of people are cheering and talking in the background,-1.1434330940246582,Speech | Basketball bounce,0.7539 | 0.0048 | 0.0014 | 0.0008 | 0.0025,ok,
XD-Violence,v=a0TQkX_zLt0__#1_label_A,False,normal (non-violent) class not used in this study,v=a0TQkX_zLt0__#1_label_A.mp4,A,A,normal,0,0.0,60.0,60.0,v=a0TQkX_zLt0__#1_label_A__seg0000_0.000-60.000.wav,no danger risk,0,clotho,a man is speaking while a horn is blaring in the background,-0.8499135375022888,Speech | Music | Train,0.6742 | 0.0133 | 0.002 | 0.0003 | 0.0046,ok,
XD-Violence,v=a0TQkX_zLt0__#1_label_A,False,normal (non-violent) class not used in this study,v=a0TQkX_zLt0__#1_label_A.mp4,A,A,normal,1,60.0,120.0,60.0,v=a0TQkX_zLt0__#1_label_A__seg0001_60.000-120.000.wav,no danger risk,0,clotho,a man is speaking while music plays in the background,-0.7121356129646301,Speech | Music,0.8762 | 0.067 | 0.0374 | 0.0036 | 0.0799,ok,
XD-Violence,v=a0TQkX_zLt0__#1_label_A,False,normal (non-violent) class not used in this study,v=a0TQkX_zLt0__#1_label_A.mp4,A,A,normal,2,120.0,180.0,60.0,v=a0TQkX_zLt0__#1_label_A__seg0002_120.000-180.000.wav,no danger risk,0,clotho,a man is speaking and then a car drives by,-1.1098682880401611,Speech | Music,0.908 | 0.0057 | 0.0044 | 0.0002 | 0.0103,ok,
XD-Violence,v=a0TQkX_zLt0__#1_label_A,False,normal (non-violent) class not used in this study,v=a0TQkX_zLt0__#1_label_A.mp4,A,A,normal,3,180.0,240.0,60.0,v=a0TQkX_zLt0__#1_label_A__seg0003_180.000-240.000.wav,no danger risk,0,clotho,a man is speaking while music is playing in the background,-0.7000971436500549,Speech | Music,0.7986 | 0.0151 | 0.0014 | 0.0005 | 0.0025,ok,
XD-Violence,v=a0TQkX_zLt0__#1_label_A,False,normal (non-violent) class not used in this study,v=a0TQkX_zLt0__#1_label_A.mp4,A,A,normal,4,240.0,300.0,60.0,v=a0TQkX_zLt0__#1_label_A__seg0004_240.000-300.000.wav,no danger risk,0,clotho,a man is speaking while a phone is ringing,-0.9380014538764954,Speech | Music,0.9036 | 0.0061 | 0.0032 | 0.0042 | 0.0052,ok,
XD-Violence,v=a0TQkX_zLt0__#1_label_A,False,normal (non-violent) class not used in this study,v=a0TQkX_zLt0__#1_label_A.mp4,A,A,normal,5,300.0,360.0,60.0,v=a0TQkX_zLt0__#1_label_A__seg0005_300.000-360.000.wav,no danger risk,0,clotho,a man is speaking while music plays in the background,-0.7061781287193298,Speech | Music,0.9555 | 0.0027 | 0.0022 | 0.001 | 0.0033,ok,
XD-Violence,v=a0TQkX_zLt0__#1_label_A,False,normal (non-violent) class not used in this study,v=a0TQkX_zLt0__#1_label_A.mp4,A,A,normal,6,360.0,420.0,60.0,v=a0TQkX_zLt0__#1_label_A__seg0006_360.000-420.000.wav,no danger risk,0,clotho,a man is speaking while a train horn is blowing in the background,-1.039055109024048,"Speech | Music | Rail transport | Train | Railroad car, train wagon",0.4338 | 0.0014 | 0.0002 | 0.0003 | 0.0003,ok,
XD-Violence,v=a0TQkX_zLt0__#1_label_A,False,normal (non-violent) class not used in this study,v=a0TQkX_zLt0__#1_label_A.mp4,A,A,normal,7,420.0,480.0,60.0,v=a0TQkX_zLt0__#1_label_A__seg0007_420.000-480.000.wav,no danger risk,0,clotho,a man is speaking and then a bell is ringing,-0.97372967004776,Speech | Music | Rail transport | Train | Train wheels squealing,0.5624 | 0.0124 | 0.0067 | 0.0027 | 0.0106,ok,
XD-Violence,v=a0TQkX_zLt0__#1_label_A,False,normal (non-violent) class not used in this study,v=a0TQkX_zLt0__#1_label_A.mp4,A,A,normal,8,480.0,490.196463,10.196463,v=a0TQkX_zLt0__#1_label_A__seg0008_480.000-490.196.wav,no danger risk,0,clotho,a train is passing by on the tracks and the brakes are squealing,-1.20826518535614,"Vehicle | Rail transport | Train | Railroad car, train wagon | Subway, metro, underground",0.0187 | 0.0002 | 0.0002 | 0.0001 | 0.0002,ok,
XD-Violence,v=aBsrZKrRtqU__#1_label_A,False,normal (non-violent) class not used in this study,v=aBsrZKrRtqU__#1_label_A.mp4,A,A,normal,0,0.0,51.458333,51.458333,v=aBsrZKrRtqU__#1_label_A__seg0000_0.000-51.458.wav,no danger risk,0,clotho,a man is speaking and then he is breathing,-1.0939573049545288,Speech,0.8222 | 0.0503 | 0.0018 | 0.0001 | 0.0069,ok,
XD-Violence,v=ajnl7P9bf78__#1_label_A,False,normal (non-violent) class not used in this study,v=ajnl7P9bf78__#1_label_A.mp4,A,A,normal,0,0.0,60.0,60.0,v=ajnl7P9bf78__#1_label_A__seg0000_0.000-60.000.wav,no danger risk,0,clotho,a man is giving a speech while others are talking in the background,-0.8435016870498657,Speech | Music | Television,0.947 | 0.0687 | 0.0611 | 0.0028 | 0.1017,ok,
XD-Violence,v=ajnl7P9bf78__#1_label_A,False,normal (non-violent) class not used in this study,v=ajnl7P9bf78__#1_label_A.mp4,A,A,normal,1,60.0,67.666667,7.666667,v=ajnl7P9bf78__#1_label_A__seg0001_60.000-67.667.wav,no danger risk,0,clotho,a person is walking on a hard surface,-1.3515713214874268,Silence,0.0284 | 0.0017 | 0.0001 | 0.0003 | 0.0001,ok,
XD-Violence,v=bU86SW6L7Tc__#1_label_A,False,normal (non-violent) class not used in this study,v=bU86SW6L7Tc__#1_label_A.mp4,A,A,normal,0,0.0,60.0,60.0,v=bU86SW6L7Tc__#1_label_A__seg0000_0.000-60.000.wav,no danger risk,0,clotho,a crowd of people are shouting and cheering,-1.152249097824097,Speech | Basketball bounce,0.6362 | 0.005 | 0.0009 | 0.0011 | 0.0025,ok,
XD-Violence,v=bU86SW6L7Tc__#1_label_A,False,normal (non-violent) class not used in this study,v=bU86SW6L7Tc__#1_label_A.mp4,A,A,normal,1,60.0,120.0,60.0,v=bU86SW6L7Tc__#1_label_A__seg0001_60.000-120.000.wav,no danger risk,0,clotho,a crowd of people are cheering and shouting,-1.386403203010559,Speech | Basketball bounce,0.6267 | 0.0007 | 0.0002 | 0.0012 | 0.0004,ok,
XD-Violence,v=bU86SW6L7Tc__#1_label_A,False,normal (non-violent) class not used in this study,v=bU86SW6L7Tc__#1_label_A.mp4,A,A,normal,2,120.0,177.083333,57.083333,v=bU86SW6L7Tc__#1_label_A__seg0002_120.000-177.083.wav,no danger risk,0,clotho,a crowd of people are cheering and yelling,-1.2827277183532717,Speech | Music | Basketball bounce,0.6488 | 0.0015 | 0.0004 | 0.001 | 0.0007,ok,
XD-Violence,v=cvEJ5WFk2KE__#00-06-00_00-09-00_label_A,False,normal (non-violent) class not used in this study,v=cvEJ5WFk2KE__#00-06-00_00-09-00_label_A.mp4,A,A,normal,0,0.0,60.0,60.0,v=cvEJ5WFk2KE__#00-06-00_00-09-00_label_A__seg0000_0.000-60.000.wav,no danger risk,0,clotho,a woman is speaking and a child is singing,-1.18893563747406,Speech | Music,0.905 | 0.0031 | 0.0399 | 0.0639 | 0.003,ok,
XD-Violence,v=cvEJ5WFk2KE__#00-06-00_00-09-00_label_A,False,normal (non-violent) class not used in this study,v=cvEJ5WFk2KE__#00-06-00_00-09-00_label_A.mp4,A,A,normal,1,60.0,120.0,60.0,v=cvEJ5WFk2KE__#00-06-00_00-09-00_label_A__seg0001_60.000-120.000.wav,no danger risk,0,clotho,a woman is speaking and a child is singing,-1.16943621635437,Speech | Music,0.8225 | 0.0066 | 0.0671 | 0.0996 | 0.0042,ok,
XD-Violence,v=cvEJ5WFk2KE__#00-06-00_00-09-00_label_A,False,normal (non-violent) class not used in this study,v=cvEJ5WFk2KE__#00-06-00_00-09-00_label_A.mp4,A,A,normal,2,120.0,180.0,60.0,v=cvEJ5WFk2KE__#00-06-00_00-09-00_label_A__seg0002_120.000-180.000.wav,no danger risk,0,clotho,a woman is speaking and a child is singing,-1.2202826738357544,Speech | Music,0.8772 | 0.0085 | 0.0817 | 0.0972 | 0.0066,ok,
XD-Violence,v=cvEJ5WFk2KE__#00-06-00_00-09-00_label_A,False,normal (non-violent) class not used in this study; caption generation failed (segment <= 0.17 s),v=cvEJ5WFk2KE__#00-06-00_00-09-00_label_A.mp4,A,A,normal,3,180.0,180.041667,0.041667,v=cvEJ5WFk2KE__#00-06-00_00-09-00_label_A__seg0003_180.000-180.042.wav,no danger risk,0,clotho,,,,,error,CoNeTTE error: input too short for the encoder's convolution kernel
XD-Violence,v=eAgqJnO3kr8__#00-06-00_00-12-00_label_A,False,normal (non-violent) class not used in this study,v=eAgqJnO3kr8__#00-06-00_00-12-00_label_A.mp4,A,A,normal,0,0.0,60.0,60.0,v=eAgqJnO3kr8__#00-06-00_00-12-00_label_A__seg0000_0.000-60.000.wav,no danger risk,0,clotho,a car is driving down the road with the windows rolled down,-1.1302025318145752,Rain on surface | Vehicle | Field recording,0.047 | 0.0001 | 0.0002 | 0.0012 | 0.0001,ok,
XD-Violence,v=eAgqJnO3kr8__#00-06-00_00-12-00_label_A,False,normal (non-violent) class not used in this study,v=eAgqJnO3kr8__#00-06-00_00-12-00_label_A.mp4,A,A,normal,1,60.0,120.0,60.0,v=eAgqJnO3kr8__#00-06-00_00-12-00_label_A__seg0001_60.000-120.000.wav,no danger risk,0,clotho,a car is driving down the road and the wind is blowing,-0.9324142932891846,Vehicle | Car,0.0245 | 0.0001 | 0.0001 | 0.0003 | 0.0002,ok,
XD-Violence,v=eAgqJnO3kr8__#00-06-00_00-12-00_label_A,False,normal (non-violent) class not used in this study,v=eAgqJnO3kr8__#00-06-00_00-12-00_label_A.mp4,A,A,normal,2,120.0,180.0,60.0,v=eAgqJnO3kr8__#00-06-00_00-12-00_label_A__seg0002_120.000-180.000.wav,no danger risk,0,clotho,a car is driving down the road and the wind is blowing,-0.9743973016738892,Vehicle | Car,0.0109 | 0.0001 | 0.0001 | 0.0003 | 0.0001,ok,
XD-Violence,v=eAgqJnO3kr8__#00-06-00_00-12-00_label_A,False,normal (non-violent) class not used in this study,v=eAgqJnO3kr8__#00-06-00_00-12-00_label_A.mp4,A,A,normal,3,180.0,240.0,60.0,v=eAgqJnO3kr8__#00-06-00_00-12-00_label_A__seg0003_180.000-240.000.wav,no danger risk,0,clotho,a car is driving down the road and the wind is blowing,-0.916390299797058,Vehicle | Car,0.0142 | 0.0001 | 0.0 | 0.0002 | 0.0001,ok,
XD-Violence,v=eAgqJnO3kr8__#00-06-00_00-12-00_label_A,False,normal (non-violent) class not used in this study,v=eAgqJnO3kr8__#00-06-00_00-12-00_label_A.mp4,A,A,normal,4,240.0,300.0,60.0,v=eAgqJnO3kr8__#00-06-00_00-12-00_label_A__seg0004_240.000-300.000.wav,no danger risk,0,clotho,a car is driving down the road and the wind is blowing,-0.9028319120407104,Vehicle | Car,0.0291 | 0.0002 | 0.0001 | 0.0001 | 0.0001,ok,
XD-Violence,v=eAgqJnO3kr8__#00-06-00_00-12-00_label_A,False,normal (non-violent) class not used in this study,v=eAgqJnO3kr8__#00-06-00_00-12-00_label_A.mp4,A,A,normal,5,300.0,360.0,60.0,v=eAgqJnO3kr8__#00-06-00_00-12-00_label_A__seg0005_300.000-360.000.wav,no danger risk,0,clotho,a car is driving on the road with the windows rolled down,-1.0396732091903689,Vehicle,0.0105 | 0.0001 | 0.0001 | 0.0001 | 0.0,ok,
XD-Violence,v=eAgqJnO3kr8__#00-06-00_00-12-00_label_A,False,normal (non-violent) class not used in this study; caption generation failed (segment <= 0.17 s),v=eAgqJnO3kr8__#00-06-00_00-12-00_label_A.mp4,A,A,normal,6,360.0,360.083333,0.083333,v=eAgqJnO3kr8__#00-06-00_00-12-00_label_A__seg0006_360.000-360.083.wav,no danger risk,0,clotho,,,,,error,CoNeTTE error: input too short for the encoder's convolution kernel
XD-Violence,v=eAgqJnO3kr8__#00-42-00_00-48-00_label_A,False,normal (non-violent) class not used in this study,v=eAgqJnO3kr8__#00-42-00_00-48-00_label_A.mp4,A,A,normal,0,0.0,60.0,60.0,v=eAgqJnO3kr8__#00-42-00_00-48-00_label_A__seg0000_0.000-60.000.wav,no danger risk,0,clotho,a car is driving down the road with the window open,-1.1214045286178589,Vehicle,0.0275 | 0.0002 | 0.0001 | 0.0001 | 0.0001,ok,
XD-Violence,v=eAgqJnO3kr8__#00-42-00_00-48-00_label_A,False,normal (non-violent) class not used in this study,v=eAgqJnO3kr8__#00-42-00_00-48-00_label_A.mp4,A,A,normal,1,60.0,120.0,60.0,v=eAgqJnO3kr8__#00-42-00_00-48-00_label_A__seg0001_60.000-120.000.wav,no danger risk,0,clotho,a car is driving down the road with the window open,-1.0578304529190063,Vehicle,0.0094 | 0.0002 | 0.0001 | 0.0001 | 0.0001,ok,
XD-Violence,v=eAgqJnO3kr8__#00-42-00_00-48-00_label_A,False,normal (non-violent) class not used in this study,v=eAgqJnO3kr8__#00-42-00_00-48-00_label_A.mp4,A,A,normal,2,120.0,180.0,60.0,v=eAgqJnO3kr8__#00-42-00_00-48-00_label_A__seg0002_120.000-180.000.wav,no danger risk,0,clotho,the wind is blowing and the rain is pouring down,-1.118911862373352,,0.0082 | 0.0002 | 0.0001 | 0.0001 | 0.0001,ok,
XD-Violence,v=eAgqJnO3kr8__#00-42-00_00-48-00_label_A,False,normal (non-violent) class not used in this study,v=eAgqJnO3kr8__#00-42-00_00-48-00_label_A.mp4,A,A,normal,3,180.0,240.0,60.0,v=eAgqJnO3kr8__#00-42-00_00-48-00_label_A__seg0003_180.000-240.000.wav,no danger risk,0,clotho,the wind is blowing and the rain is pouring down,-1.1908482313156128,"Vehicle | Fixed-wing aircraft, airplane",0.021 | 0.0002 | 0.0001 | 0.0001 | 0.0001,ok,
XD-Violence,v=eAgqJnO3kr8__#00-42-00_00-48-00_label_A,False,normal (non-violent) class not used in this study,v=eAgqJnO3kr8__#00-42-00_00-48-00_label_A.mp4,A,A,normal,4,240.0,300.0,60.0,v=eAgqJnO3kr8__#00-42-00_00-48-00_label_A__seg0004_240.000-300.000.wav,no danger risk,0,clotho,a car is driving down the road with the window open,-1.0942394733428955,Vehicle,0.0227 | 0.0002 | 0.0001 | 0.0001 | 0.0001,ok,
XD-Violence,v=eAgqJnO3kr8__#00-42-00_00-48-00_label_A,False,normal (non-violent) class not used in this study,v=eAgqJnO3kr8__#00-42-00_00-48-00_label_A.mp4,A,A,normal,5,300.0,360.0,60.0,v=eAgqJnO3kr8__#00-42-00_00-48-00_label_A__seg0005_300.000-360.000.wav,no danger risk,0,clotho,a car is driving on the road with the windows rolled down,-1.0661345720291138,Vehicle | Motor vehicle (road) | Car,0.0118 | 0.0002 | 0.0 | 0.0001 | 0.0001,ok,
XD-Violence,v=eAgqJnO3kr8__#00-42-00_00-48-00_label_A,False,normal (non-violent) class not used in this study; caption generation failed (segment <= 0.17 s),v=eAgqJnO3kr8__#00-42-00_00-48-00_label_A.mp4,A,A,normal,6,360.0,360.083333,0.083333,v=eAgqJnO3kr8__#00-42-00_00-48-00_label_A__seg0006_360.000-360.083.wav,no danger risk,0,clotho,,,,,error,CoNeTTE error: input too short for the encoder's convolution kernel
XD-Violence,v=eAgqJnO3kr8__#00-48-00_00-54-00_label_A,False,normal (non-violent) class not used in this study,v=eAgqJnO3kr8__#00-48-00_00-54-00_label_A.mp4,A,A,normal,0,0.0,60.0,60.0,v=eAgqJnO3kr8__#00-48-00_00-54-00_label_A__seg0000_0.000-60.000.wav,no danger risk,0,clotho,a car is driving on the road with the windows rolled down,-1.0698292255401611,Vehicle | Car,0.0289 | 0.0001 | 0.0001 | 0.0001 | 0.0,ok,
XD-Violence,v=eAgqJnO3kr8__#00-48-00_00-54-00_label_A,False,normal (non-violent) class not used in this study,v=eAgqJnO3kr8__#00-48-00_00-54-00_label_A.mp4,A,A,normal,1,60.0,120.0,60.0,v=eAgqJnO3kr8__#00-48-00_00-54-00_label_A__seg0001_60.000-120.000.wav,no danger risk,0,clotho,the wind is blowing and the rain is pouring down,-1.18078351020813,Vehicle,0.0249 | 0.0002 | 0.0001 | 0.0001 | 0.0001,ok,
XD-Violence,v=eAgqJnO3kr8__#00-48-00_00-54-00_label_A,False,normal (non-violent) class not used in this study,v=eAgqJnO3kr8__#00-48-00_00-54-00_label_A.mp4,A,A,normal,2,120.0,180.0,60.0,v=eAgqJnO3kr8__#00-48-00_00-54-00_label_A__seg0002_120.000-180.000.wav,no danger risk,0,clotho,the wind is blowing and the rain is pouring down,-1.1985244750976562,Vehicle | Rumble,0.0092 | 0.0001 | 0.0 | 0.0001 | 0.0,ok,
XD-Violence,v=eAgqJnO3kr8__#00-48-00_00-54-00_label_A,False,normal (non-violent) class not used in this study,v=eAgqJnO3kr8__#00-48-00_00-54-00_label_A.mp4,A,A,normal,3,180.0,240.0,60.0,v=eAgqJnO3kr8__#00-48-00_00-54-00_label_A__seg0003_180.000-240.000.wav,no danger risk,0,clotho,a car is driving down the road and the wind is blowing,-0.9269418716430664,Vehicle | Car | Rumble,0.0154 | 0.0002 | 0.0 | 0.0002 | 0.0001,ok,
XD-Violence,v=eAgqJnO3kr8__#00-48-00_00-54-00_label_A,False,normal (non-violent) class not used in this study,v=eAgqJnO3kr8__#00-48-00_00-54-00_label_A.mp4,A,A,normal,4,240.0,300.0,60.0,v=eAgqJnO3kr8__#00-48-00_00-54-00_label_A__seg0004_240.000-300.000.wav,no danger risk,0,clotho,a car is driving down the road with the window open,-1.1065739393234253,Vehicle | Rumble,0.0151 | 0.0002 | 0.0001 | 0.0001 | 0.0001,ok,
XD-Violence,v=eAgqJnO3kr8__#00-48-00_00-54-00_label_A,False,normal (non-violent) class not used in this study,v=eAgqJnO3kr8__#00-48-00_00-54-00_label_A.mp4,A,A,normal,5,300.0,360.0,60.0,v=eAgqJnO3kr8__#00-48-00_00-54-00_label_A__seg0005_300.000-360.000.wav,no danger risk,0,clotho,a door is opened and closed over and over,-1.0251781940460205,,0.0228 | 0.0007 | 0.0005 | 0.0003 | 0.0002,ok,
XD-Violence,v=eAgqJnO3kr8__#00-48-00_00-54-00_label_A,False,normal (non-violent) class not used in this study; caption generation failed (segment <= 0.17 s),v=eAgqJnO3kr8__#00-48-00_00-54-00_label_A.mp4,A,A,normal,6,360.0,360.083333,0.083333,v=eAgqJnO3kr8__#00-48-00_00-54-00_label_A__seg0006_360.000-360.083.wav,no danger risk,0,clotho,,,,,error,CoNeTTE error: input too short for the encoder's convolution kernel
XD-Violence,v=enYITYwvPAQ__#00-27-00_00-30-00_label_A,False,normal (non-violent) class not used in this study,v=enYITYwvPAQ__#00-27-00_00-30-00_label_A.mp4,A,A,normal,0,0.0,60.0,60.0,v=enYITYwvPAQ__#00-27-00_00-30-00_label_A__seg0000_0.000-60.000.wav,no danger risk,0,clotho,a woman is speaking while music plays in the background,-0.8200770020484924,Speech | Music,0.85 | 0.004 | 0.1013 | 0.0752 | 0.0083,ok,
XD-Violence,v=enYITYwvPAQ__#00-27-00_00-30-00_label_A,False,normal (non-violent) class not used in this study,v=enYITYwvPAQ__#00-27-00_00-30-00_label_A.mp4,A,A,normal,1,60.0,120.0,60.0,v=enYITYwvPAQ__#00-27-00_00-30-00_label_A__seg0001_60.000-120.000.wav,no danger risk,0,clotho,a woman is speaking while a dog is barking,-1.128756761550903,Speech | Music,0.8671 | 0.0029 | 0.0539 | 0.0326 | 0.0056,ok,
XD-Violence,v=enYITYwvPAQ__#00-27-00_00-30-00_label_A,False,normal (non-violent) class not used in this study,v=enYITYwvPAQ__#00-27-00_00-30-00_label_A.mp4,A,A,normal,2,120.0,180.0,60.0,v=enYITYwvPAQ__#00-27-00_00-30-00_label_A__seg0002_120.000-180.000.wav,no danger risk,0,clotho,a woman is speaking while music plays in the background,-0.7514135837554932,Speech | Music,0.7717 | 0.0124 | 0.0673 | 0.0243 | 0.0177,ok,
XD-Violence,v=enYITYwvPAQ__#00-27-00_00-30-00_label_A,False,normal (non-violent) class not used in this study; caption generation failed (segment <= 0.17 s),v=enYITYwvPAQ__#00-27-00_00-30-00_label_A.mp4,A,A,normal,3,180.0,180.041667,0.041667,v=enYITYwvPAQ__#00-27-00_00-30-00_label_A__seg0003_180.000-180.042.wav,no danger risk,0,clotho,,,,,error,CoNeTTE error: input too short for the encoder's convolution kernel
XD-Violence,v=es97CGK_5XQ__#1_label_A,False,normal (non-violent) class not used in this study,v=es97CGK_5XQ__#1_label_A.mp4,A,A,normal,0,0.0,60.0,60.0,v=es97CGK_5XQ__#1_label_A__seg0000_0.000-60.000.wav,no danger risk,0,clotho,a crowd of people are talking and walking in a hall,-0.9963924288749696,Speech | Clip-clop,0.876 | 0.0126 | 0.0036 | 0.0003 | 0.0063,ok,
XD-Violence,v=es97CGK_5XQ__#1_label_A,False,normal (non-violent) class not used in this study,v=es97CGK_5XQ__#1_label_A.mp4,A,A,normal,1,60.0,68.041667,8.041667,v=es97CGK_5XQ__#1_label_A__seg0001_60.000-68.042.wav,no danger risk,0,clotho,a group of people are talking and walking around,-1.112959384918213,Speech | Spray,0.7664 | 0.006 | 0.0009 | 0.0002 | 0.0025,ok,
XD-Violence,v=f6j3YWgVBto__#00-01-50_00-02-30_label_A,False,normal (non-violent) class not used in this study,v=f6j3YWgVBto__#00-01-50_00-02-30_label_A.mp4,A,A,normal,0,0.0,40.02322,40.02322,v=f6j3YWgVBto__#00-01-50_00-02-30_label_A__seg0000_0.000-40.023.wav,no danger risk,0,clotho,a truck backs up and drives off in the distance,-1.247483730316162,Vehicle | Truck | Reversing beeps,0.029 | 0.0001 | 0.0001 | 0.0002 | 0.0001,ok,
XD-Violence,v=fkps18H3SXY__#00-00-00_00-06-00_label_A,False,normal (non-violent) class not used in this study,v=fkps18H3SXY__#00-00-00_00-06-00_label_A.mp4,A,A,normal,0,0.0,60.0,60.0,v=fkps18H3SXY__#00-00-00_00-06-00_label_A__seg0000_0.000-60.000.wav,no danger risk,0,clotho,the wind is blowing and the rain is pouring down,-1.042720913887024,Wind | Wind noise (microphone),0.011 | 0.0003 | 0.0003 | 0.0001 | 0.0,ok,
XD-Violence,v=fkps18H3SXY__#00-00-00_00-06-00_label_A,False,normal (non-violent) class not used in this study,v=fkps18H3SXY__#00-00-00_00-06-00_label_A.mp4,A,A,normal,1,60.0,120.0,60.0,v=fkps18H3SXY__#00-00-00_00-06-00_label_A__seg0001_60.000-120.000.wav,no danger risk,0,clotho,wind is blowing and cars are passing by in the distance,-0.9650407433509828,Wind | Vehicle,0.0229 | 0.0001 | 0.0001 | 0.0001 | 0.0,ok,
XD-Violence,v=fkps18H3SXY__#00-00-00_00-06-00_label_A,False,normal (non-violent) class not used in this study,v=fkps18H3SXY__#00-00-00_00-06-00_label_A.mp4,A,A,normal,2,120.0,180.0,60.0,v=fkps18H3SXY__#00-00-00_00-06-00_label_A__seg0002_120.000-180.000.wav,no danger risk,0,clotho,wind is blowing and cars are passing by in the distance,-0.9867519736289978,Wind | Wind noise (microphone) | Vehicle,0.0214 | 0.0001 | 0.0001 | 0.0001 | 0.0,ok,
XD-Violence,v=fkps18H3SXY__#00-00-00_00-06-00_label_A,False,normal (non-violent) class not used in this study,v=fkps18H3SXY__#00-00-00_00-06-00_label_A.mp4,A,A,normal,3,180.0,240.0,60.0,v=fkps18H3SXY__#00-00-00_00-06-00_label_A__seg0003_180.000-240.000.wav,no danger risk,0,clotho,the wind is blowing and the rain is pouring down,-1.107064723968506,Vehicle,0.0198 | 0.0003 | 0.0002 | 0.0001 | 0.0,ok,
XD-Violence,v=fkps18H3SXY__#00-00-00_00-06-00_label_A,False,normal (non-violent) class not used in this study,v=fkps18H3SXY__#00-00-00_00-06-00_label_A.mp4,A,A,normal,4,240.0,300.0,60.0,v=fkps18H3SXY__#00-00-00_00-06-00_label_A__seg0004_240.000-300.000.wav,no danger risk,0,clotho,the wind is blowing very strongly and the cars are passing by,-1.0743342638015747,Vehicle,0.0156 | 0.0002 | 0.0002 | 0.0001 | 0.0,ok,
XD-Violence,v=fkps18H3SXY__#00-00-00_00-06-00_label_A,False,normal (non-violent) class not used in this study,v=fkps18H3SXY__#00-00-00_00-06-00_label_A.mp4,A,A,normal,5,300.0,360.0,60.0,v=fkps18H3SXY__#00-00-00_00-06-00_label_A__seg0005_300.000-360.000.wav,no danger risk,0,clotho,the wind is blowing very strongly and the cars are passing by,-1.0537415742874146,"Vehicle | Aircraft | Fixed-wing aircraft, airplane | Field recording",0.0206 | 0.0002 | 0.0001 | 0.0001 | 0.0,ok,
XD-Violence,v=fkps18H3SXY__#00-00-00_00-06-00_label_A,False,normal (non-violent) class not used in this study; caption generation failed (segment <= 0.17 s),v=fkps18H3SXY__#00-00-00_00-06-00_label_A.mp4,A,A,normal,6,360.0,360.083333,0.083333,v=fkps18H3SXY__#00-00-00_00-06-00_label_A__seg0006_360.000-360.083.wav,no danger risk,0,clotho,,,,,error,CoNeTTE error: input too short for the encoder's convolution kernel
XD-Violence,v=fkps18H3SXY__#00-36-00_00-42-00_label_A,False,normal (non-violent) class not used in this study,v=fkps18H3SXY__#00-36-00_00-42-00_label_A.mp4,A,A,normal,0,0.0,60.0,60.0,v=fkps18H3SXY__#00-36-00_00-42-00_label_A__seg0000_0.000-60.000.wav,no danger risk,0,clotho,the wind is blowing and the rain is hitting the ground,-1.0432769060134888,Vehicle | Train,0.0163 | 0.0001 | 0.0 | 0.0001 | 0.0,ok,
XD-Violence,v=fkps18H3SXY__#00-36-00_00-42-00_label_A,False,normal (non-violent) class not used in this study,v=fkps18H3SXY__#00-36-00_00-42-00_label_A.mp4,A,A,normal,1,60.0,120.0,60.0,v=fkps18H3SXY__#00-36-00_00-42-00_label_A__seg0001_60.000-120.000.wav,no danger risk,0,clotho,the wind is blowing and a child is speaking,-1.1687246561050415,Speech,0.5911 | 0.0007 | 0.0001 | 0.0013 | 0.0002,ok,
XD-Violence,v=fkps18H3SXY__#00-36-00_00-42-00_label_A,False,normal (non-violent) class not used in this study,v=fkps18H3SXY__#00-36-00_00-42-00_label_A.mp4,A,A,normal,2,120.0,180.0,60.0,v=fkps18H3SXY__#00-36-00_00-42-00_label_A__seg0002_120.000-180.000.wav,no danger risk,0,clotho,a person is walking on a hard surface while people are talking in the background,-1.0503642559051514,Speech | Vehicle,0.5419 | 0.0008 | 0.0002 | 0.0003 | 0.0001,ok,
XD-Violence,v=fkps18H3SXY__#00-36-00_00-42-00_label_A,False,normal (non-violent) class not used in this study,v=fkps18H3SXY__#00-36-00_00-42-00_label_A.mp4,A,A,normal,3,180.0,240.0,60.0,v=fkps18H3SXY__#00-36-00_00-42-00_label_A__seg0003_180.000-240.000.wav,no danger risk,0,clotho,the wind is blowing and the cars are passing by,-0.9855793118476868,Vehicle,0.0124 | 0.0001 | 0.0001 | 0.0001 | 0.0,ok,
XD-Violence,v=fkps18H3SXY__#00-36-00_00-42-00_label_A,False,normal (non-violent) class not used in this study,v=fkps18H3SXY__#00-36-00_00-42-00_label_A.mp4,A,A,normal,4,240.0,300.0,60.0,v=fkps18H3SXY__#00-36-00_00-42-00_label_A__seg0004_240.000-300.000.wav,no danger risk,0,clotho,a plane flies by and people talk in the distance,-1.062145113945007,Speech | Vehicle,0.4395 | 0.0002 | 0.0001 | 0.0002 | 0.0,ok,
XD-Violence,v=fkps18H3SXY__#00-36-00_00-42-00_label_A,False,normal (non-violent) class not used in this study,v=fkps18H3SXY__#00-36-00_00-42-00_label_A.mp4,A,A,normal,5,300.0,360.0,60.0,v=fkps18H3SXY__#00-36-00_00-42-00_label_A__seg0005_300.000-360.000.wav,no danger risk,0,clotho,the wind is blowing and a bird is chirping in the background,-0.8792343139648438,,0.0479 | 0.0002 | 0.0 | 0.0001 | 0.0,ok,
XD-Violence,v=fkps18H3SXY__#00-36-00_00-42-00_label_A,False,normal (non-violent) class not used in this study; caption generation failed (segment <= 0.17 s),v=fkps18H3SXY__#00-36-00_00-42-00_label_A.mp4,A,A,normal,6,360.0,360.125,0.125,v=fkps18H3SXY__#00-36-00_00-42-00_label_A__seg0006_360.000-360.125.wav,no danger risk,0,clotho,,,,,error,CoNeTTE error: input too short for the encoder's convolution kernel
XD-Violence,v=fkps18H3SXY__#00-54-00_01-00-00_label_A,False,normal (non-violent) class not used in this study,v=fkps18H3SXY__#00-54-00_01-00-00_label_A.mp4,A,A,normal,0,0.0,60.0,60.0,v=fkps18H3SXY__#00-54-00_01-00-00_label_A__seg0000_0.000-60.000.wav,no danger risk,0,clotho,a car drives by and a bird chirps in the background,-1.136536955833435,Vehicle,0.0228 | 0.0001 | 0.0001 | 0.0003 | 0.0,ok,
XD-Violence,v=fkps18H3SXY__#00-54-00_01-00-00_label_A,False,normal (non-violent) class not used in this study,v=fkps18H3SXY__#00-54-00_01-00-00_label_A.mp4,A,A,normal,1,60.0,120.0,60.0,v=fkps18H3SXY__#00-54-00_01-00-00_label_A__seg0001_60.000-120.000.wav,no danger risk,0,clotho,the wind is blowing and the rain is hitting the ground,-1.1118344068527222,Vehicle | Eruption,0.0147 | 0.0001 | 0.0001 | 0.0001 | 0.0,ok,
XD-Violence,v=fkps18H3SXY__#00-54-00_01-00-00_label_A,False,normal (non-violent) class not used in this study,v=fkps18H3SXY__#00-54-00_01-00-00_label_A.mp4,A,A,normal,2,120.0,180.0,60.0,v=fkps18H3SXY__#00-54-00_01-00-00_label_A__seg0002_120.000-180.000.wav,no danger risk,0,clotho,the wind is blowing and the rain is hitting the ground,-1.045972466468811,"Vehicle | Rail transport | Train | Railroad car, train wagon",0.0197 | 0.0002 | 0.0 | 0.0001 | 0.0,ok,
XD-Violence,v=fkps18H3SXY__#00-54-00_01-00-00_label_A,False,normal (non-violent) class not used in this study,v=fkps18H3SXY__#00-54-00_01-00-00_label_A.mp4,A,A,normal,3,180.0,240.0,60.0,v=fkps18H3SXY__#00-54-00_01-00-00_label_A__seg0003_180.000-240.000.wav,no danger risk,0,clotho,a car is driving down the road with the window open,-1.1295748949050903,"Vehicle | Rail transport | Train | Railroad car, train wagon",0.05 | 0.0001 | 0.0 | 0.0001 | 0.0,ok,
XD-Violence,v=fkps18H3SXY__#00-54-00_01-00-00_label_A,False,normal (non-violent) class not used in this study,v=fkps18H3SXY__#00-54-00_01-00-00_label_A.mp4,A,A,normal,4,240.0,300.0,60.0,v=fkps18H3SXY__#00-54-00_01-00-00_label_A__seg0004_240.000-300.000.wav,no danger risk,0,clotho,a car is driving down the road with the window open,-1.2106727361679075,Vehicle | Truck | Air brake,0.019 | 0.0002 | 0.0001 | 0.0001 | 0.0,ok,
XD-Violence,v=fkps18H3SXY__#00-54-00_01-00-00_label_A,False,normal (non-violent) class not used in this study,v=fkps18H3SXY__#00-54-00_01-00-00_label_A.mp4,A,A,normal,5,300.0,360.0,60.0,v=fkps18H3SXY__#00-54-00_01-00-00_label_A__seg0005_300.000-360.000.wav,no danger risk,0,clotho,cars are passing by on a busy highway,-1.1014643907546997,Vehicle,0.0269 | 0.0001 | 0.0001 | 0.0003 | 0.0,ok,
XD-Violence,v=fkps18H3SXY__#00-54-00_01-00-00_label_A,False,normal (non-violent) class not used in this study; caption generation failed (segment <= 0.17 s),v=fkps18H3SXY__#00-54-00_01-00-00_label_A.mp4,A,A,normal,6,360.0,360.083333,0.083333,v=fkps18H3SXY__#00-54-00_01-00-00_label_A__seg0006_360.000-360.083.wav,no danger risk,0,clotho,,,,,error,CoNeTTE error: input too short for the encoder's convolution kernel
XD-Violence,v=g4FnGZ5MAdo__#1_label_A,False,normal (non-violent) class not used in this study,v=g4FnGZ5MAdo__#1_label_A.mp4,A,A,normal,0,0.0,60.0,60.0,v=g4FnGZ5MAdo__#1_label_A__seg0000_0.000-60.000.wav,no danger risk,0,clotho,a musical instrument is playing a song and a person is singing,-1.2615498304367063,Speech | Music | Wedding music,0.3041 | 0.001 | 0.0005 | 0.0011 | 0.0002,ok,
XD-Violence,v=g4FnGZ5MAdo__#1_label_A,False,normal (non-violent) class not used in this study,v=g4FnGZ5MAdo__#1_label_A.mp4,A,A,normal,1,60.0,120.0,60.0,v=g4FnGZ5MAdo__#1_label_A__seg0001_60.000-120.000.wav,no danger risk,0,clotho,music is playing in the background and a person is clapping,-1.2936795949935913,Speech | Music | Wedding music,0.492 | 0.0036 | 0.0014 | 0.0014 | 0.0005,ok,
XD-Violence,v=g4FnGZ5MAdo__#1_label_A,False,normal (non-violent) class not used in this study,v=g4FnGZ5MAdo__#1_label_A.mp4,A,A,normal,2,120.0,180.0,60.0,v=g4FnGZ5MAdo__#1_label_A__seg0002_120.000-180.000.wav,no danger risk,0,clotho,a group of people are clapping and cheering while music plays in the background,-0.9605368375778198,Speech | Applause | Music,0.6608 | 0.0029 | 0.001 | 0.0066 | 0.0009,ok,
XD-Violence,v=g4FnGZ5MAdo__#1_label_A,False,normal (non-violent) class not used in this study,v=g4FnGZ5MAdo__#1_label_A.mp4,A,A,normal,3,180.0,206.704036,26.704036,v=g4FnGZ5MAdo__#1_label_A__seg0003_180.000-206.704.wav,no danger risk,0,clotho,a crowd of people are clapping and cheering,-1.2383177280426023,Speech | Applause | Music,0.5125 | 0.0061 | 0.0008 | 0.0014 | 0.0008,ok,
XD-Violence,v=g7fnNf88IOc__#1_label_A,False,normal (non-violent) class not used in this study,v=g7fnNf88IOc__#1_label_A.mp4,A,A,normal,0,0.0,60.0,60.0,v=g7fnNf88IOc__#1_label_A__seg0000_0.000-60.000.wav,no danger risk,0,clotho,a crowd of people are talking and cheering,-1.1659435033798218,Speech | Basketball bounce,0.7176 | 0.0007 | 0.0002 | 0.0006 | 0.0003,ok,
XD-Violence,v=g7fnNf88IOc__#1_label_A,False,normal (non-violent) class not used in this study,v=g7fnNf88IOc__#1_label_A.mp4,A,A,normal,1,60.0,120.0,60.0,v=g7fnNf88IOc__#1_label_A__seg0001_60.000-120.000.wav,no danger risk,0,clotho,a crowd of people are cheering and yelling,-1.2466520071029663,Speech | Basketball bounce,0.628 | 0.0013 | 0.0003 | 0.0019 | 0.0004,ok,
XD-Violence,v=g7fnNf88IOc__#1_label_A,False,normal (non-violent) class not used in this study,v=g7fnNf88IOc__#1_label_A.mp4,A,A,normal,2,120.0,151.458333,31.458333,v=g7fnNf88IOc__#1_label_A__seg0002_120.000-151.458.wav,no danger risk,0,clotho,a crowd of people are shouting and cheering,-1.212205410003662,Speech | Basketball bounce,0.6379 | 0.0021 | 0.0004 | 0.0011 | 0.0005,ok,
XD-Violence,v=gGlqujwrhbI__#00-12-00_00-15-00_label_A,False,normal (non-violent) class not used in this study,v=gGlqujwrhbI__#00-12-00_00-15-00_label_A.mp4,A,A,normal,0,0.0,60.0,60.0,v=gGlqujwrhbI__#00-12-00_00-15-00_label_A__seg0000_0.000-60.000.wav,no danger risk,0,clotho,a crowd of people are talking while music plays in the background,-0.840848982334137,"Speech | Crowd | Hubbub, speech noise, speech babble | Music | Inside, public space",0.8685 | 0.0072 | 0.0017 | 0.0011 | 0.0031,ok,
XD-Violence,v=gGlqujwrhbI__#00-12-00_00-15-00_label_A,False,normal (non-violent) class not used in this study,v=gGlqujwrhbI__#00-12-00_00-15-00_label_A.mp4,A,A,normal,1,60.0,120.0,60.0,v=gGlqujwrhbI__#00-12-00_00-15-00_label_A__seg0001_60.000-120.000.wav,no danger risk,0,clotho,a crowd of people are talking and a horn is blowing,-1.0795978307724,Speech | Music | Vehicle,0.8223 | 0.0031 | 0.0031 | 0.001 | 0.0028,ok,
XD-Violence,v=gGlqujwrhbI__#00-12-00_00-15-00_label_A,False,normal (non-violent) class not used in this study,v=gGlqujwrhbI__#00-12-00_00-15-00_label_A.mp4,A,A,normal,2,120.0,180.0,60.0,v=gGlqujwrhbI__#00-12-00_00-15-00_label_A__seg0002_120.000-180.000.wav,no danger risk,0,clotho,a crowd of people are talking and a whistle is blowing,-1.096064567565918,"Speech | Crowd | Music | Inside, public space",0.8718 | 0.0225 | 0.0195 | 0.0028 | 0.0189,ok,
XD-Violence,v=gGlqujwrhbI__#00-12-00_00-15-00_label_A,False,normal (non-violent) class not used in this study; caption generation failed (segment <= 0.17 s),v=gGlqujwrhbI__#00-12-00_00-15-00_label_A.mp4,A,A,normal,3,180.0,180.083333,0.083333,v=gGlqujwrhbI__#00-12-00_00-15-00_label_A__seg0003_180.000-180.083.wav,no danger risk,0,clotho,,,,,error,CoNeTTE error: input too short for the encoder's convolution kernel
XD-Violence,v=gxrLosPS27c__#1_label_A,False,normal (non-violent) class not used in this study,v=gxrLosPS27c__#1_label_A.mp4,A,A,normal,0,0.0,60.0,60.0,v=gxrLosPS27c__#1_label_A__seg0000_0.000-60.000.wav,no danger risk,0,clotho,a crowd of people are talking and cheering,-1.1890506744384766,Speech | Basketball bounce,0.6376 | 0.0015 | 0.0005 | 0.0052 | 0.0011,ok,
XD-Violence,v=gxrLosPS27c__#1_label_A,False,normal (non-violent) class not used in this study,v=gxrLosPS27c__#1_label_A.mp4,A,A,normal,1,60.0,92.458333,32.458333,v=gxrLosPS27c__#1_label_A__seg0001_60.000-92.458.wav,no danger risk,0,clotho,a crowd of people are shouting and cheering,-1.1737953424453735,Speech | Basketball bounce,0.6542 | 0.0029 | 0.0007 | 0.0021 | 0.0014,ok,
XD-Violence,v=hdy5kZ5dwj8__#1_label_A,False,normal (non-violent) class not used in this study,v=hdy5kZ5dwj8__#1_label_A.mp4,A,A,normal,0,0.0,60.0,60.0,v=hdy5kZ5dwj8__#1_label_A__seg0000_0.000-60.000.wav,no danger risk,0,clotho,a man is speaking and then he is talking,-1.0706599950790403,Speech | Silence,0.8656 | 0.2419 | 0.0013 | 0.0007 | 0.0223,ok,
XD-Violence,v=hdy5kZ5dwj8__#1_label_A,False,normal (non-violent) class not used in this study,v=hdy5kZ5dwj8__#1_label_A.mp4,A,A,normal,1,60.0,120.0,60.0,v=hdy5kZ5dwj8__#1_label_A__seg0001_60.000-120.000.wav,no danger risk,0,clotho,a man is speaking and then he is talking,-1.0873425006866455,"Speech | Male speech, man speaking | Narration, monologue | Writing",0.8052 | 0.3882 | 0.0021 | 0.0009 | 0.0177,ok,
XD-Violence,v=hdy5kZ5dwj8__#1_label_A,False,normal (non-violent) class not used in this study,v=hdy5kZ5dwj8__#1_label_A.mp4,A,A,normal,2,120.0,180.0,60.0,v=hdy5kZ5dwj8__#1_label_A__seg0002_120.000-180.000.wav,no danger risk,0,clotho,a man is speaking and then he is talking,-1.0923786163330078,Speech,0.8728 | 0.2262 | 0.001 | 0.0002 | 0.0143,ok,
XD-Violence,v=hdy5kZ5dwj8__#1_label_A,False,normal (non-violent) class not used in this study,v=hdy5kZ5dwj8__#1_label_A.mp4,A,A,normal,3,180.0,194.75,14.75,v=hdy5kZ5dwj8__#1_label_A__seg0003_180.000-194.750.wav,no danger risk,0,clotho,a person is walking on a hard surface,-1.3598895072937012,Silence,0.031 | 0.002 | 0.0002 | 0.0003 | 0.0001,ok,
XD-Violence,v=hgoGZZSMhMQ__#1_label_A,False,normal (non-violent) class not used in this study,v=hgoGZZSMhMQ__#1_label_A.mp4,A,A,normal,0,0.0,6.625,6.625,v=hgoGZZSMhMQ__#1_label_A__seg0000_0.000-6.625.wav,no danger risk,0,clotho,a group of people are talking and laughing in a public place,-1.025197148323059,"Speech | Chatter | Inside, public space",0.9273 | 0.0155 | 0.0068 | 0.0086 | 0.0115,ok,
XD-Violence,v=ibYV3e17R5c__#1_label_A,False,normal (non-violent) class not used in this study,v=ibYV3e17R5c__#1_label_A.mp4,A,A,normal,0,0.0,60.0,60.0,v=ibYV3e17R5c__#1_label_A__seg0000_0.000-60.000.wav,no danger risk,0,clotho,a woman is speaking while music is playing in the background,-0.7153213024139404,Speech | Music,0.9441 | 0.0056 | 0.03 | 0.0279 | 0.0049,ok,
XD-Violence,v=ibYV3e17R5c__#1_label_A,False,normal (non-violent) class not used in this study,v=ibYV3e17R5c__#1_label_A.mp4,A,A,normal,1,60.0,120.0,60.0,v=ibYV3e17R5c__#1_label_A__seg0001_60.000-120.000.wav,no danger risk,0,clotho,a woman is speaking while a crowd of people are talking in the background,-0.9051052927970886,Speech | Music,0.9054 | 0.0252 | 0.0265 | 0.0138 | 0.0049,ok,
XD-Violence,v=ibYV3e17R5c__#1_label_A,False,normal (non-violent) class not used in this study,v=ibYV3e17R5c__#1_label_A.mp4,A,A,normal,2,120.0,140.625,20.625,v=ibYV3e17R5c__#1_label_A__seg0002_120.000-140.625.wav,no danger risk,0,clotho,a man is speaking while a crowd of people are clapping and cheering,-1.012203335762024,Speech | Run | Music,0.9546 | 0.0525 | 0.0456 | 0.001 | 0.0156,ok,
XD-Violence,v=jAvOGTD7_pU__#00-12-00_00-15-00_label_A,False,normal (non-violent) class not used in this study,v=jAvOGTD7_pU__#00-12-00_00-15-00_label_A.mp4,A,A,normal,0,0.0,60.0,60.0,v=jAvOGTD7_pU__#00-12-00_00-15-00_label_A__seg0000_0.000-60.000.wav,no danger risk,0,clotho,a crowd of people are talking while cars are driving by,-0.9889230728149414,"Speech | Vehicle | Traffic noise, roadway noise",0.8006 | 0.0019 | 0.0013 | 0.0068 | 0.0014,ok,
XD-Violence,v=jAvOGTD7_pU__#00-12-00_00-15-00_label_A,False,normal (non-violent) class not used in this study,v=jAvOGTD7_pU__#00-12-00_00-15-00_label_A.mp4,A,A,normal,1,60.0,120.0,60.0,v=jAvOGTD7_pU__#00-12-00_00-15-00_label_A__seg0001_60.000-120.000.wav,no danger risk,0,clotho,a crowd of people are talking while cars are driving by,-0.9856729507446288,Speech | Vehicle,0.8464 | 0.0031 | 0.0034 | 0.0082 | 0.0036,ok,
XD-Violence,v=jAvOGTD7_pU__#00-12-00_00-15-00_label_A,False,normal (non-violent) class not used in this study,v=jAvOGTD7_pU__#00-12-00_00-15-00_label_A.mp4,A,A,normal,2,120.0,180.0,60.0,v=jAvOGTD7_pU__#00-12-00_00-15-00_label_A__seg0002_120.000-180.000.wav,no danger risk,0,clotho,a crowd of people are talking while cars are driving by,-1.0474051237106323,"Speech | Vehicle | Traffic noise, roadway noise",0.743 | 0.0024 | 0.0011 | 0.0009 | 0.0013,ok,
XD-Violence,v=jAvOGTD7_pU__#00-12-00_00-15-00_label_A,False,normal (non-violent) class not used in this study; caption generation failed (segment <= 0.17 s),v=jAvOGTD7_pU__#00-12-00_00-15-00_label_A.mp4,A,A,normal,3,180.0,180.083333,0.083333,v=jAvOGTD7_pU__#00-12-00_00-15-00_label_A__seg0003_180.000-180.083.wav,no danger risk,0,clotho,,,,,error,CoNeTTE error: input too short for the encoder's convolution kernel
XD-Violence,v=lVJVRywgmYM__#1_label_A,False,normal (non-violent) class not used in this study,v=lVJVRywgmYM__#1_label_A.mp4,A,A,normal,0,0.0,60.0,60.0,v=lVJVRywgmYM__#1_label_A__seg0000_0.000-60.000.wav,no danger risk,0,clotho,a crowd of people are cheering and yelling while music plays in the background,-0.8223525285720825,Speech | Crowd | Music,0.8447 | 0.009 | 0.0067 | 0.0006 | 0.0014,ok,
XD-Violence,v=lVJVRywgmYM__#1_label_A,False,normal (non-violent) class not used in this study,v=lVJVRywgmYM__#1_label_A.mp4,A,A,normal,1,60.0,120.0,60.0,v=lVJVRywgmYM__#1_label_A__seg0001_60.000-120.000.wav,no danger risk,0,clotho,a crowd of people are cheering and yelling while music plays in the background,-0.9093729257583618,"Speech | Crowd | Hubbub, speech noise, speech babble | Music",0.74 | 0.0115 | 0.0169 | 0.0072 | 0.0036,ok,
XD-Violence,v=lVJVRywgmYM__#1_label_A,False,normal (non-violent) class not used in this study,v=lVJVRywgmYM__#1_label_A.mp4,A,A,normal,2,120.0,180.0,60.0,v=lVJVRywgmYM__#1_label_A__seg0002_120.000-180.000.wav,no danger risk,0,clotho,a crowd of people are cheering while music plays in the background,-0.9861377477645874,Speech | Crowd | Music,0.5863 | 0.0039 | 0.0019 | 0.0014 | 0.0007,ok,
XD-Violence,v=lVJVRywgmYM__#1_label_A,False,normal (non-violent) class not used in this study,v=lVJVRywgmYM__#1_label_A.mp4,A,A,normal,3,180.0,240.0,60.0,v=lVJVRywgmYM__#1_label_A__seg0003_180.000-240.000.wav,no danger risk,0,clotho,a group of people are chanting and cheering while music plays in the background,-0.9592628479003906,Speech | Crowd | Music,0.3962 | 0.0047 | 0.0027 | 0.0009 | 0.0008,ok,
XD-Violence,v=lVJVRywgmYM__#1_label_A,False,normal (non-violent) class not used in this study,v=lVJVRywgmYM__#1_label_A.mp4,A,A,normal,4,240.0,247.408617,7.408617,v=lVJVRywgmYM__#1_label_A__seg0004_240.000-247.409.wav,no danger risk,0,clotho,a band is playing a song with a musical instrument,-1.1181868314743042,Music,0.0393 | 0.0004 | 0.0003 | 0.0003 | 0.0002,ok,
XD-Violence,v=ldnLxTablA8__#1_label_A,False,normal (non-violent) class not used in this study,v=ldnLxTablA8__#1_label_A.mp4,A,A,normal,0,0.0,60.0,60.0,v=ldnLxTablA8__#1_label_A__seg0000_0.000-60.000.wav,no danger risk,0,clotho,a car drives down the street with people talking in the background,-1.144996166229248,,0.2851 | 0.0002 | 0.0001 | 0.0002 | 0.0,ok,
XD-Violence,v=ldnLxTablA8__#1_label_A,False,normal (non-violent) class not used in this study,v=ldnLxTablA8__#1_label_A.mp4,A,A,normal,1,60.0,95.833333,35.833333,v=ldnLxTablA8__#1_label_A__seg0001_60.000-95.833.wav,no danger risk,0,clotho,a train is passing by and people are talking in the background,-0.8599658608436584,"Speech | Vehicle | Rail transport | Train | Railroad car, train wagon",0.5395 | 0.0006 | 0.0002 | 0.0002 | 0.0002,ok,
XD-Violence,v=lyZxvgPD4gM__#1_label_A,False,normal (non-violent) class not used in this study,v=lyZxvgPD4gM__#1_label_A.mp4,A,A,normal,0,0.0,60.0,60.0,v=lyZxvgPD4gM__#1_label_A__seg0000_0.000-60.000.wav,no danger risk,0,clotho,people are talking while a skateboard is rolling in the distance,-1.200952649116516,Speech,0.7881 | 0.002 | 0.0005 | 0.0014 | 0.0006,ok,
XD-Violence,v=lyZxvgPD4gM__#1_label_A,False,normal (non-violent) class not used in this study,v=lyZxvgPD4gM__#1_label_A.mp4,A,A,normal,1,60.0,120.0,60.0,v=lyZxvgPD4gM__#1_label_A__seg0001_60.000-120.000.wav,no danger risk,0,clotho,a man is speaking while fireworks are going off in the distance,-0.9950278401374816,Speech,0.8176 | 0.0024 | 0.0007 | 0.0018 | 0.0003,ok,
XD-Violence,v=lyZxvgPD4gM__#1_label_A,False,normal (non-violent) class not used in this study,v=lyZxvgPD4gM__#1_label_A.mp4,A,A,normal,2,120.0,180.0,60.0,v=lyZxvgPD4gM__#1_label_A__seg0002_120.000-180.000.wav,no danger risk,0,clotho,a man is speaking while a crowd of people are shouting and yelling,-1.2246596813201904,Speech,0.9469 | 0.0143 | 0.0017 | 0.0023 | 0.0049,ok,
XD-Violence,v=lyZxvgPD4gM__#1_label_A,False,normal (non-violent) class not used in this study,v=lyZxvgPD4gM__#1_label_A.mp4,A,A,normal,3,180.0,230.38839,50.38839,v=lyZxvgPD4gM__#1_label_A__seg0003_180.000-230.388.wav,no danger risk,0,clotho,people are talking while a ball is bouncing in the background,-1.149649977684021,Speech | Basketball bounce | Ping,0.696 | 0.0007 | 0.0001 | 0.0002 | 0.0001,ok,
XD-Violence,v=mfFYGFJhBI4__#1_label_A,False,normal (non-violent) class not used in this study,v=mfFYGFJhBI4__#1_label_A.mp4,A,A,normal,0,0.0,10.634739,10.634739,v=mfFYGFJhBI4__#1_label_A__seg0000_0.000-10.635.wav,no danger risk,0,clotho,a crowd of people are talking in the background,-0.9567829966545104,Speech,0.8087 | 0.0121 | 0.0033 | 0.0012 | 0.0116,ok,
XD-Violence,v=n0AhGnEjako__#1_label_A,False,normal (non-violent) class not used in this study,v=n0AhGnEjako__#1_label_A.mp4,A,A,normal,0,0.0,60.0,60.0,v=n0AhGnEjako__#1_label_A__seg0000_0.000-60.000.wav,no danger risk,0,clotho,a man speaks and then a door opens and closes,-0.8118936419487,Speech,0.8172 | 0.023 | 0.0007 | 0.0027 | 0.0011,ok,
XD-Violence,v=n0AhGnEjako__#1_label_A,False,normal (non-violent) class not used in this study,v=n0AhGnEjako__#1_label_A.mp4,A,A,normal,1,60.0,99.079546,39.079546,v=n0AhGnEjako__#1_label_A__seg0001_60.000-99.080.wav,no danger risk,0,clotho,a man is speaking and a dog is barking in the background,-0.8810193538665771,Speech,0.9206 | 0.0176 | 0.0008 | 0.003 | 0.0048,ok,
XD-Violence,v=p2ggHwtb-Zg__#00-21-00_00-24-00_label_A,False,normal (non-violent) class not used in this study,v=p2ggHwtb-Zg__#00-21-00_00-24-00_label_A.mp4,A,A,normal,0,0.0,60.0,60.0,v=p2ggHwtb-Zg__#00-21-00_00-24-00_label_A__seg0000_0.000-60.000.wav,no danger risk,0,clotho,a woman is speaking and a child is singing,-1.1404242515563965,Speech | Music,0.7296 | 0.0032 | 0.0269 | 0.1551 | 0.0035,ok,
XD-Violence,v=p2ggHwtb-Zg__#00-21-00_00-24-00_label_A,False,normal (non-violent) class not used in this study,v=p2ggHwtb-Zg__#00-21-00_00-24-00_label_A.mp4,A,A,normal,1,60.0,120.0,60.0,v=p2ggHwtb-Zg__#00-21-00_00-24-00_label_A__seg0001_60.000-120.000.wav,no danger risk,0,clotho,a woman is speaking and a child is singing,-1.1166789531707764,Speech | Music,0.8097 | 0.003 | 0.0652 | 0.0834 | 0.0064,ok,
XD-Violence,v=p2ggHwtb-Zg__#00-21-00_00-24-00_label_A,False,normal (non-violent) class not used in this study,v=p2ggHwtb-Zg__#00-21-00_00-24-00_label_A.mp4,A,A,normal,2,120.0,180.0,60.0,v=p2ggHwtb-Zg__#00-21-00_00-24-00_label_A__seg0002_120.000-180.000.wav,no danger risk,0,clotho,a woman is speaking and a child is singing,-1.234777808189392,Speech | Music,0.6902 | 0.0044 | 0.0442 | 0.1933 | 0.0035,ok,
XD-Violence,v=p2ggHwtb-Zg__#00-21-00_00-24-00_label_A,False,normal (non-violent) class not used in this study; caption generation failed (segment <= 0.17 s),v=p2ggHwtb-Zg__#00-21-00_00-24-00_label_A.mp4,A,A,normal,3,180.0,180.125,0.125,v=p2ggHwtb-Zg__#00-21-00_00-24-00_label_A__seg0003_180.000-180.125.wav,no danger risk,0,clotho,,,,,error,CoNeTTE error: input too short for the encoder's convolution kernel
XD-Violence,v=p2ggHwtb-Zg__#00-24-00_00-27-00_label_A,False,normal (non-violent) class not used in this study,v=p2ggHwtb-Zg__#00-24-00_00-27-00_label_A.mp4,A,A,normal,0,0.0,60.0,60.0,v=p2ggHwtb-Zg__#00-24-00_00-27-00_label_A__seg0000_0.000-60.000.wav,no danger risk,0,clotho,a woman is speaking and a child is singing,-1.089982271194458,Speech | Music,0.7233 | 0.0054 | 0.0404 | 0.111 | 0.0058,ok,
XD-Violence,v=p2ggHwtb-Zg__#00-24-00_00-27-00_label_A,False,normal (non-violent) class not used in this study,v=p2ggHwtb-Zg__#00-24-00_00-27-00_label_A.mp4,A,A,normal,1,60.0,120.0,60.0,v=p2ggHwtb-Zg__#00-24-00_00-27-00_label_A__seg0001_60.000-120.000.wav,no danger risk,0,clotho,a woman is speaking and a child is crying,-1.1948890686035156,Speech | Music,0.9207 | 0.01 | 0.1435 | 0.0666 | 0.0074,ok,
XD-Violence,v=p2ggHwtb-Zg__#00-24-00_00-27-00_label_A,False,normal (non-violent) class not used in this study,v=p2ggHwtb-Zg__#00-24-00_00-27-00_label_A.mp4,A,A,normal,2,120.0,180.0,60.0,v=p2ggHwtb-Zg__#00-24-00_00-27-00_label_A__seg0002_120.000-180.000.wav,no danger risk,0,clotho,a woman is speaking and a child is singing,-1.1806340217590332,Speech | Music,0.9272 | 0.0063 | 0.0974 | 0.1287 | 0.007,ok,
XD-Violence,v=p2ggHwtb-Zg__#00-24-00_00-27-00_label_A,False,normal (non-violent) class not used in this study; caption generation failed (segment <= 0.17 s),v=p2ggHwtb-Zg__#00-24-00_00-27-00_label_A.mp4,A,A,normal,3,180.0,180.083333,0.083333,v=p2ggHwtb-Zg__#00-24-00_00-27-00_label_A__seg0003_180.000-180.083.wav,no danger risk,0,clotho,,,,,error,CoNeTTE error: input too short for the encoder's convolution kernel
XD-Violence,v=pCyCi-q4MqY__#1_label_A,False,normal (non-violent) class not used in this study,v=pCyCi-q4MqY__#1_label_A.mp4,A,A,normal,0,0.0,60.0,60.0,v=pCyCi-q4MqY__#1_label_A__seg0000_0.000-60.000.wav,no danger risk,0,clotho,a man is speaking and then another person is talking,-1.181442141532898,Speech | Music,0.694 | 0.002 | 0.0011 | 0.0006 | 0.0007,ok,
XD-Violence,v=pCyCi-q4MqY__#1_label_A,False,normal (non-violent) class not used in this study,v=pCyCi-q4MqY__#1_label_A.mp4,A,A,normal,1,60.0,120.0,60.0,v=pCyCi-q4MqY__#1_label_A__seg0001_60.000-120.000.wav,no danger risk,0,clotho,a man is speaking and then he turns on the radio off,-1.1921014785766602,Speech,0.9107 | 0.0137 | 0.0003 | 0.0003 | 0.0009,ok,
XD-Violence,v=pCyCi-q4MqY__#1_label_A,False,normal (non-violent) class not used in this study,v=pCyCi-q4MqY__#1_label_A.mp4,A,A,normal,2,120.0,180.0,60.0,v=pCyCi-q4MqY__#1_label_A__seg0002_120.000-180.000.wav,no danger risk,0,clotho,a man is speaking and then he turns a page over and over,-1.1039738655090332,"Speech | Wind | Wind noise (microphone) | Outside, rural or natural",0.8483 | 0.0027 | 0.0003 | 0.0002 | 0.0004,ok,
XD-Violence,v=pCyCi-q4MqY__#1_label_A,False,normal (non-violent) class not used in this study,v=pCyCi-q4MqY__#1_label_A.mp4,A,A,normal,3,180.0,196.416667,16.416667,v=pCyCi-q4MqY__#1_label_A__seg0003_180.000-196.417.wav,no danger risk,0,clotho,a synthesizer is playing a song with a high pitch,-1.0605950355529783,Music | Ambient music,0.0177 | 0.0001 | 0.0 | 0.0001 | 0.0,ok,
XD-Violence,v=plhVMWR33go__#1_label_A,False,normal (non-violent) class not used in this study,v=plhVMWR33go__#1_label_A.mp4,A,A,normal,0,0.0,60.0,60.0,v=plhVMWR33go__#1_label_A__seg0000_0.000-60.000.wav,no danger risk,0,clotho,a group of people are talking and yelling while music plays in the background,-0.966528058052063,Speech | Music,0.719 | 0.0125 | 0.0035 | 0.0027 | 0.0027,ok,
XD-Violence,v=plhVMWR33go__#1_label_A,False,normal (non-violent) class not used in this study,v=plhVMWR33go__#1_label_A.mp4,A,A,normal,1,60.0,120.0,60.0,v=plhVMWR33go__#1_label_A__seg0001_60.000-120.000.wav,no danger risk,0,clotho,a man is speaking while a crowd cheers,-1.0973882675170898,Speech | Music | Basketball bounce,0.7969 | 0.0143 | 0.006 | 0.0049 | 0.0059,ok,
XD-Violence,v=plhVMWR33go__#1_label_A,False,normal (non-violent) class not used in this study,v=plhVMWR33go__#1_label_A.mp4,A,A,normal,2,120.0,180.0,60.0,v=plhVMWR33go__#1_label_A__seg0002_120.000-180.000.wav,no danger risk,0,clotho,a man is speaking while a crowd cheers,-1.117955207824707,Speech | Music | Basketball bounce,0.7031 | 0.0182 | 0.0015 | 0.0022 | 0.0026,ok,
XD-Violence,v=plhVMWR33go__#1_label_A,False,normal (non-violent) class not used in this study,v=plhVMWR33go__#1_label_A.mp4,A,A,normal,3,180.0,240.0,60.0,v=plhVMWR33go__#1_label_A__seg0003_180.000-240.000.wav,no danger risk,0,clotho,a crowd of people are talking and cheering while music plays in the background,-1.0039963722229004,Speech | Music | Basketball bounce,0.728 | 0.0078 | 0.0017 | 0.001 | 0.001,ok,
XD-Violence,v=plhVMWR33go__#1_label_A,False,normal (non-violent) class not used in this study,v=plhVMWR33go__#1_label_A.mp4,A,A,normal,4,240.0,300.0,60.0,v=plhVMWR33go__#1_label_A__seg0004_240.000-300.000.wav,no danger risk,0,clotho,a crowd of people are talking and cheering while music plays in the background,-0.940525770187378,Speech | Music | Basketball bounce,0.747 | 0.0105 | 0.0006 | 0.0013 | 0.0015,ok,
XD-Violence,v=plhVMWR33go__#1_label_A,False,normal (non-violent) class not used in this study,v=plhVMWR33go__#1_label_A.mp4,A,A,normal,5,300.0,335.291667,35.291667,v=plhVMWR33go__#1_label_A__seg0005_300.000-335.292.wav,no danger risk,0,clotho,a man is speaking while music plays in the background,-0.6676278710365295,"Speech | Male speech, man speaking | Music",0.837 | 0.3946 | 0.0211 | 0.0002 | 0.0649,ok,
XD-Violence,v=q2SP66Jb6Cw__#00-00-00_00-06-00_label_A,False,normal (non-violent) class not used in this study,v=q2SP66Jb6Cw__#00-00-00_00-06-00_label_A.mp4,A,A,normal,0,0.0,60.0,60.0,v=q2SP66Jb6Cw__#00-00-00_00-06-00_label_A__seg0000_0.000-60.000.wav,no danger risk,0,clotho,a car is driving down the road with the windows rolled down,-1.155780553817749,Vehicle | Car,0.0299 | 0.0001 | 0.0 | 0.0003 | 0.0001,ok,
XD-Violence,v=q2SP66Jb6Cw__#00-00-00_00-06-00_label_A,False,normal (non-violent) class not used in this study,v=q2SP66Jb6Cw__#00-00-00_00-06-00_label_A.mp4,A,A,normal,1,60.0,120.0,60.0,v=q2SP66Jb6Cw__#00-00-00_00-06-00_label_A__seg0001_60.000-120.000.wav,no danger risk,0,clotho,a car is driving down the road with the windows rolled down,-1.0966150760650637,"Vehicle | Car | Outside, rural or natural | Field recording",0.0388 | 0.0001 | 0.0 | 0.0002 | 0.0001,ok,
XD-Violence,v=q2SP66Jb6Cw__#00-00-00_00-06-00_label_A,False,normal (non-violent) class not used in this study,v=q2SP66Jb6Cw__#00-00-00_00-06-00_label_A.mp4,A,A,normal,2,120.0,180.0,60.0,v=q2SP66Jb6Cw__#00-00-00_00-06-00_label_A__seg0002_120.000-180.000.wav,no danger risk,0,clotho,a car is driving down the road with the windows rolled down,-1.0690276622772217,"Vehicle | Car | Outside, rural or natural | Field recording",0.0398 | 0.0001 | 0.0 | 0.0001 | 0.0001,ok,
XD-Violence,v=q2SP66Jb6Cw__#00-00-00_00-06-00_label_A,False,normal (non-violent) class not used in this study,v=q2SP66Jb6Cw__#00-00-00_00-06-00_label_A.mp4,A,A,normal,3,180.0,240.0,60.0,v=q2SP66Jb6Cw__#00-00-00_00-06-00_label_A__seg0003_180.000-240.000.wav,no danger risk,0,clotho,a car is driving on the road with the windows rolled down,-1.112826943397522,"Vehicle | Car | Outside, rural or natural | Field recording",0.0305 | 0.0001 | 0.0 | 0.0002 | 0.0001,ok,
XD-Violence,v=q2SP66Jb6Cw__#00-00-00_00-06-00_label_A,False,normal (non-violent) class not used in this study,v=q2SP66Jb6Cw__#00-00-00_00-06-00_label_A.mp4,A,A,normal,4,240.0,300.0,60.0,v=q2SP66Jb6Cw__#00-00-00_00-06-00_label_A__seg0004_240.000-300.000.wav,no danger risk,0,clotho,a car is driving down the road and the wind is blowing,-0.916957437992096,"Vehicle | Car | Outside, rural or natural | Field recording",0.0331 | 0.0001 | 0.0001 | 0.0002 | 0.0001,ok,
XD-Violence,v=q2SP66Jb6Cw__#00-00-00_00-06-00_label_A,False,normal (non-violent) class not used in this study,v=q2SP66Jb6Cw__#00-00-00_00-06-00_label_A.mp4,A,A,normal,5,300.0,360.0,60.0,v=q2SP66Jb6Cw__#00-00-00_00-06-00_label_A__seg0005_300.000-360.000.wav,no danger risk,0,clotho,the wind is blowing and a car is driving by,-1.16569721698761,"Vehicle | Car | Outside, rural or natural | Field recording",0.0195 | 0.0002 | 0.0 | 0.0002 | 0.0001,ok,
XD-Violence,v=q2SP66Jb6Cw__#00-00-00_00-06-00_label_A,False,normal (non-violent) class not used in this study; caption generation failed (segment <= 0.17 s),v=q2SP66Jb6Cw__#00-00-00_00-06-00_label_A.mp4,A,A,normal,6,360.0,360.083333,0.083333,v=q2SP66Jb6Cw__#00-00-00_00-06-00_label_A__seg0006_360.000-360.083.wav,no danger risk,0,clotho,,,,,error,CoNeTTE error: input too short for the encoder's convolution kernel
XD-Violence,v=qV4YYnXdQCc__#00-03-00_00-06-00_label_A,False,normal (non-violent) class not used in this study,v=qV4YYnXdQCc__#00-03-00_00-06-00_label_A.mp4,A,A,normal,0,0.0,60.0,60.0,v=qV4YYnXdQCc__#00-03-00_00-06-00_label_A__seg0000_0.000-60.000.wav,no danger risk,0,clotho,people are talking while music is playing in the background,-0.7882217168807983,Speech | Music,0.7354 | 0.0024 | 0.0008 | 0.0022 | 0.0008,ok,
XD-Violence,v=qV4YYnXdQCc__#00-03-00_00-06-00_label_A,False,normal (non-violent) class not used in this study,v=qV4YYnXdQCc__#00-03-00_00-06-00_label_A.mp4,A,A,normal,1,60.0,120.0,60.0,v=qV4YYnXdQCc__#00-03-00_00-06-00_label_A__seg0001_60.000-120.000.wav,no danger risk,0,clotho,people are talking in the background as music plays in the distance,-0.9171098470687866,"Speech | Music | Inside, public space",0.3392 | 0.0019 | 0.0012 | 0.0006 | 0.0004,ok,
XD-Violence,v=qV4YYnXdQCc__#00-03-00_00-06-00_label_A,False,normal (non-violent) class not used in this study,v=qV4YYnXdQCc__#00-03-00_00-06-00_label_A.mp4,A,A,normal,2,120.0,180.0,60.0,v=qV4YYnXdQCc__#00-03-00_00-06-00_label_A__seg0002_120.000-180.000.wav,no danger risk,0,clotho,people are talking while cars drive by in the background,-0.8979125618934631,"Speech | Music | Vehicle | Car | Traffic noise, roadway noise",0.7432 | 0.0005 | 0.001 | 0.0006 | 0.0006,ok,
XD-Violence,v=qV4YYnXdQCc__#00-03-00_00-06-00_label_A,False,normal (non-violent) class not used in this study; caption generation failed (segment <= 0.17 s),v=qV4YYnXdQCc__#00-03-00_00-06-00_label_A.mp4,A,A,normal,3,180.0,180.083333,0.083333,v=qV4YYnXdQCc__#00-03-00_00-06-00_label_A__seg0003_180.000-180.083.wav,no danger risk,0,clotho,,,,,error,CoNeTTE error: input too short for the encoder's convolution kernel
XD-Violence,v=qhUItxoTrmg__#1_label_A,False,normal (non-violent) class not used in this study,v=qhUItxoTrmg__#1_label_A.mp4,A,A,normal,0,0.0,60.0,60.0,v=qhUItxoTrmg__#1_label_A__seg0000_0.000-60.000.wav,no danger risk,0,clotho,a man is speaking while music plays in the background,-0.6107911467552185,Speech | Music,0.8856 | 0.0349 | 0.0015 | 0.0007 | 0.0034,ok,
XD-Violence,v=qhUItxoTrmg__#1_label_A,False,normal (non-violent) class not used in this study,v=qhUItxoTrmg__#1_label_A.mp4,A,A,normal,1,60.0,120.0,60.0,v=qhUItxoTrmg__#1_label_A__seg0001_60.000-120.000.wav,no danger risk,0,clotho,a man is speaking while music is playing in the background,-0.6463916897773743,Speech | Music,0.8763 | 0.1674 | 0.0043 | 0.0004 | 0.0125,ok,
XD-Violence,v=qhUItxoTrmg__#1_label_A,False,normal (non-violent) class not used in this study,v=qhUItxoTrmg__#1_label_A.mp4,A,A,normal,2,120.0,180.0,60.0,v=qhUItxoTrmg__#1_label_A__seg0002_120.000-180.000.wav,no danger risk,0,clotho,a man is speaking while music is playing in the background,-0.6126795411109924,Speech | Music,0.8589 | 0.0774 | 0.0059 | 0.0008 | 0.0159,ok,
XD-Violence,v=qhUItxoTrmg__#1_label_A,False,normal (non-violent) class not used in this study,v=qhUItxoTrmg__#1_label_A.mp4,A,A,normal,3,180.0,190.458333,10.458333,v=qhUItxoTrmg__#1_label_A__seg0003_180.000-190.458.wav,no danger risk,0,clotho,a man is speaking over an intercom to another person,-1.134803295135498,Speech | Music,0.8853 | 0.0354 | 0.0037 | 0.0004 | 0.0124,ok,
XD-Violence,v=rJgg00ic1G8__#1_label_A,False,normal (non-violent) class not used in this study,v=rJgg00ic1G8__#1_label_A.mp4,A,A,normal,0,0.0,60.0,60.0,v=rJgg00ic1G8__#1_label_A__seg0000_0.000-60.000.wav,no danger risk,0,clotho,a crowd of people are cheering and yelling while music plays in the background,-0.9341238737106324,Speech | Music,0.5263 | 0.0036 | 0.0028 | 0.0006 | 0.0009,ok,
XD-Violence,v=rJgg00ic1G8__#1_label_A,False,normal (non-violent) class not used in this study,v=rJgg00ic1G8__#1_label_A.mp4,A,A,normal,1,60.0,120.0,60.0,v=rJgg00ic1G8__#1_label_A__seg0001_60.000-120.000.wav,no danger risk,0,clotho,a crowd of people are cheering and yelling while music plays in the background,-0.9680187702178956,Speech | Music,0.3092 | 0.0015 | 0.0004 | 0.0007 | 0.0002,ok,
XD-Violence,v=rJgg00ic1G8__#1_label_A,False,normal (non-violent) class not used in this study,v=rJgg00ic1G8__#1_label_A.mp4,A,A,normal,2,120.0,180.0,60.0,v=rJgg00ic1G8__#1_label_A__seg0002_120.000-180.000.wav,no danger risk,0,clotho,a crowd of people are cheering and chanting,-1.2587218284606934,Speech | Music,0.3532 | 0.0014 | 0.0002 | 0.0005 | 0.0002,ok,
XD-Violence,v=rJgg00ic1G8__#1_label_A,False,normal (non-violent) class not used in this study,v=rJgg00ic1G8__#1_label_A.mp4,A,A,normal,3,180.0,235.458333,55.458333,v=rJgg00ic1G8__#1_label_A__seg0003_180.000-235.458.wav,no danger risk,0,clotho,a crowd of people are clapping and cheering while music plays in the background,-0.9383116960525512,Speech | Cheering | Music,0.643 | 0.0013 | 0.0005 | 0.0007 | 0.0003,ok,
XD-Violence,v=rmDBn5Rpd3s__#1_label_A,False,normal (non-violent) class not used in this study,v=rmDBn5Rpd3s__#1_label_A.mp4,A,A,normal,0,0.0,29.458333,29.458333,v=rmDBn5Rpd3s__#1_label_A__seg0000_0.000-29.458.wav,no danger risk,0,clotho,a man is speaking over an intercom in the background,-1.0445839166641235,Speech | Music | Vehicle | Car,0.3206 | 0.0054 | 0.0004 | 0.0001 | 0.0003,ok,
XD-Violence,v=smnw0Q7AxFQ__#1_label_A,False,normal (non-violent) class not used in this study,v=smnw0Q7AxFQ__#1_label_A.mp4,A,A,normal,0,0.0,60.0,60.0,v=smnw0Q7AxFQ__#1_label_A__seg0000_0.000-60.000.wav,no danger risk,0,clotho,a crowd of people are talking and cheering while music plays in the background,-0.994381844997406,Speech | Music | Basketball bounce,0.6987 | 0.0018 | 0.0004 | 0.0011 | 0.0004,ok,
XD-Violence,v=smnw0Q7AxFQ__#1_label_A,False,normal (non-violent) class not used in this study,v=smnw0Q7AxFQ__#1_label_A.mp4,A,A,normal,1,60.0,120.0,60.0,v=smnw0Q7AxFQ__#1_label_A__seg0001_60.000-120.000.wav,no danger risk,0,clotho,a crowd of people are cheering and talking,-1.2450366020202637,Speech | Basketball bounce,0.6567 | 0.0012 | 0.0003 | 0.0012 | 0.0005,ok,
XD-Violence,v=smnw0Q7AxFQ__#1_label_A,False,normal (non-violent) class not used in this study,v=smnw0Q7AxFQ__#1_label_A.mp4,A,A,normal,2,120.0,180.0,60.0,v=smnw0Q7AxFQ__#1_label_A__seg0002_120.000-180.000.wav,no danger risk,0,clotho,a crowd of people are talking and cheering,-1.2385913133621216,Speech | Basketball bounce,0.5806 | 0.001 | 0.0003 | 0.001 | 0.0005,ok,
XD-Violence,v=smnw0Q7AxFQ__#1_label_A,False,normal (non-violent) class not used in this study,v=smnw0Q7AxFQ__#1_label_A.mp4,A,A,normal,3,180.0,240.0,60.0,v=smnw0Q7AxFQ__#1_label_A__seg0003_180.000-240.000.wav,no danger risk,0,clotho,a crowd of people are talking and cheering,-1.2346373796463013,Speech | Basketball bounce,0.5459 | 0.0014 | 0.0003 | 0.0009 | 0.0004,ok,
XD-Violence,v=smnw0Q7AxFQ__#1_label_A,False,normal (non-violent) class not used in this study,v=smnw0Q7AxFQ__#1_label_A.mp4,A,A,normal,4,240.0,300.0,60.0,v=smnw0Q7AxFQ__#1_label_A__seg0004_240.000-300.000.wav,no danger risk,0,clotho,a basketball is bouncing and people are talking,-1.287304401397705,Speech | Basketball bounce,0.6326 | 0.0013 | 0.0002 | 0.001 | 0.0003,ok,
XD-Violence,v=smnw0Q7AxFQ__#1_label_A,False,normal (non-violent) class not used in this study,v=smnw0Q7AxFQ__#1_label_A.mp4,A,A,normal,5,300.0,331.5,31.5,v=smnw0Q7AxFQ__#1_label_A__seg0005_300.000-331.500.wav,no danger risk,0,clotho,a crowd of people are talking and cheering,-1.0171977281570437,Speech | Basketball bounce,0.768 | 0.0227 | 0.0008 | 0.0004 | 0.0049,ok,
XD-Violence,v=tI7fktKY6OU__#1_label_A,False,normal (non-violent) class not used in this study,v=tI7fktKY6OU__#1_label_A.mp4,A,A,normal,0,0.0,60.0,60.0,v=tI7fktKY6OU__#1_label_A__seg0000_0.000-60.000.wav,no danger risk,0,clotho,a group of people are talking while cars are driving by,-0.9862396121025084,"Speech | Hubbub, speech noise, speech babble | Vehicle",0.8351 | 0.0027 | 0.0019 | 0.0008 | 0.0046,ok,
XD-Violence,v=tI7fktKY6OU__#1_label_A,False,normal (non-violent) class not used in this study,v=tI7fktKY6OU__#1_label_A.mp4,A,A,normal,1,60.0,120.0,60.0,v=tI7fktKY6OU__#1_label_A__seg0001_60.000-120.000.wav,no danger risk,0,clotho,people are talking while traffic is passing by in the background,-0.8083763122558594,Speech | Vehicle,0.7634 | 0.0036 | 0.0008 | 0.0009 | 0.0018,ok,
XD-Violence,v=tI7fktKY6OU__#1_label_A,False,normal (non-violent) class not used in this study,v=tI7fktKY6OU__#1_label_A.mp4,A,A,normal,2,120.0,180.0,60.0,v=tI7fktKY6OU__#1_label_A__seg0002_120.000-180.000.wav,no danger risk,0,clotho,people are talking while traffic is moving in the background,-0.9487165212631226,"Speech | Hubbub, speech noise, speech babble | Outside, urban or manmade",0.8713 | 0.0029 | 0.0007 | 0.0008 | 0.0019,ok,
XD-Violence,v=tI7fktKY6OU__#1_label_A,False,normal (non-violent) class not used in this study,v=tI7fktKY6OU__#1_label_A.mp4,A,A,normal,3,180.0,240.0,60.0,v=tI7fktKY6OU__#1_label_A__seg0003_180.000-240.000.wav,no danger risk,0,clotho,people are talking in the background while cars are driving by,-0.9076955318450928,"Speech | Hubbub, speech noise, speech babble | Vehicle",0.8194 | 0.0014 | 0.0008 | 0.0019 | 0.0014,ok,
XD-Violence,v=tI7fktKY6OU__#1_label_A,False,normal (non-violent) class not used in this study,v=tI7fktKY6OU__#1_label_A.mp4,A,A,normal,4,240.0,300.0,60.0,v=tI7fktKY6OU__#1_label_A__seg0004_240.000-300.000.wav,no danger risk,0,clotho,people are talking while cars are passing by,-1.012465476989746,"Speech | Hubbub, speech noise, speech babble | Vehicle",0.7994 | 0.0029 | 0.001 | 0.0066 | 0.0012,ok,
XD-Violence,v=tI7fktKY6OU__#1_label_A,False,normal (non-violent) class not used in this study,v=tI7fktKY6OU__#1_label_A.mp4,A,A,normal,5,300.0,360.0,60.0,v=tI7fktKY6OU__#1_label_A__seg0005_300.000-360.000.wav,no danger risk,0,clotho,people are talking while cars are driving by in the background,-0.9194558262825012,"Speech | Hubbub, speech noise, speech babble | Music | Vehicle",0.8208 | 0.0024 | 0.0004 | 0.0021 | 0.0005,ok,
XD-Violence,v=tI7fktKY6OU__#1_label_A,False,normal (non-violent) class not used in this study,v=tI7fktKY6OU__#1_label_A.mp4,A,A,normal,6,360.0,420.0,60.0,v=tI7fktKY6OU__#1_label_A__seg0006_360.000-420.000.wav,no danger risk,0,clotho,people are talking while cars are driving by in the background,-0.897655725479126,"Speech | Hubbub, speech noise, speech babble | Vehicle",0.8199 | 0.0041 | 0.0036 | 0.0023 | 0.0058,ok,
XD-Violence,v=tI7fktKY6OU__#1_label_A,False,normal (non-violent) class not used in this study,v=tI7fktKY6OU__#1_label_A.mp4,A,A,normal,7,420.0,480.0,60.0,v=tI7fktKY6OU__#1_label_A__seg0007_420.000-480.000.wav,no danger risk,0,clotho,a group of people are talking while a car is driving by,-1.045660138130188,"Speech | Hubbub, speech noise, speech babble | Vehicle",0.7653 | 0.0088 | 0.0046 | 0.0074 | 0.0074,ok,
XD-Violence,v=tI7fktKY6OU__#1_label_A,False,normal (non-violent) class not used in this study,v=tI7fktKY6OU__#1_label_A.mp4,A,A,normal,8,480.0,540.0,60.0,v=tI7fktKY6OU__#1_label_A__seg0008_480.000-540.000.wav,no danger risk,0,clotho,people are talking while cars are driving by in the background,-0.8572660088539124,"Speech | Hubbub, speech noise, speech babble | Vehicle",0.8454 | 0.0038 | 0.0031 | 0.0008 | 0.004,ok,
XD-Violence,v=tI7fktKY6OU__#1_label_A,False,normal (non-violent) class not used in this study,v=tI7fktKY6OU__#1_label_A.mp4,A,A,normal,9,540.0,600.0,60.0,v=tI7fktKY6OU__#1_label_A__seg0009_540.000-600.000.wav,no danger risk,0,clotho,a group of people are talking while a car is driving by,-0.9887885451316832,"Speech | Hubbub, speech noise, speech babble | Vehicle",0.8733 | 0.0085 | 0.0044 | 0.002 | 0.0062,ok,
XD-Violence,v=tI7fktKY6OU__#1_label_A,False,normal (non-violent) class not used in this study,v=tI7fktKY6OU__#1_label_A.mp4,A,A,normal,10,600.0,621.5,21.5,v=tI7fktKY6OU__#1_label_A__seg0010_600.000-621.500.wav,no danger risk,0,clotho,people are talking while cars are driving by in the background,-0.88566654920578,"Speech | Vehicle | Boat, Water vehicle",0.7359 | 0.0037 | 0.0033 | 0.0016 | 0.004,ok,
XD-Violence,v=t_TZYpT6xjY__#1_label_A,False,normal (non-violent) class not used in this study,v=t_TZYpT6xjY__#1_label_A.mp4,A,A,normal,0,0.0,60.0,60.0,v=t_TZYpT6xjY__#1_label_A__seg0000_0.000-60.000.wav,no danger risk,0,clotho,a crowd of people are talking and cheering,-1.1855558156967163,Speech | Music | Basketball bounce,0.7207 | 0.0035 | 0.0013 | 0.0013 | 0.001,ok,
XD-Violence,v=t_TZYpT6xjY__#1_label_A,False,normal (non-violent) class not used in this study,v=t_TZYpT6xjY__#1_label_A.mp4,A,A,normal,1,60.0,120.0,60.0,v=t_TZYpT6xjY__#1_label_A__seg0001_60.000-120.000.wav,no danger risk,0,clotho,a crowd of people are shouting and cheering,-1.2249070405960083,Speech | Basketball bounce,0.5632 | 0.0018 | 0.0005 | 0.0007 | 0.0011,ok,
XD-Violence,v=t_TZYpT6xjY__#1_label_A,False,normal (non-violent) class not used in this study,v=t_TZYpT6xjY__#1_label_A.mp4,A,A,normal,2,120.0,180.0,60.0,v=t_TZYpT6xjY__#1_label_A__seg0002_120.000-180.000.wav,no danger risk,0,clotho,a crowd of people are cheering and yelling while music plays in the background,-0.9432674050331116,Speech | Music | Basketball bounce,0.7784 | 0.0102 | 0.0054 | 0.0012 | 0.0126,ok,
XD-Violence,v=t_TZYpT6xjY__#1_label_A,False,normal (non-violent) class not used in this study,v=t_TZYpT6xjY__#1_label_A.mp4,A,A,normal,3,180.0,197.541667,17.541667,v=t_TZYpT6xjY__#1_label_A__seg0003_180.000-197.542.wav,no danger risk,0,clotho,a man is giving a speech while a crowd cheers,-0.8967046737670898,"Speech | Male speech, man speaking | Narration, monologue | Music",0.8756 | 0.4374 | 0.1791 | 0.0021 | 0.2225,ok,
XD-Violence,v=tlFJIG9mTGQ__#00-12-00_00-15-00_label_A,False,normal (non-violent) class not used in this study,v=tlFJIG9mTGQ__#00-12-00_00-15-00_label_A.mp4,A,A,normal,0,0.0,60.0,60.0,v=tlFJIG9mTGQ__#00-12-00_00-15-00_label_A__seg0000_0.000-60.000.wav,no danger risk,0,clotho,a man is speaking while another person is breathing in the background,-0.8760737776756287,Speech | Music,0.687 | 0.0553 | 0.0094 | 0.001 | 0.0066,ok,
XD-Violence,v=tlFJIG9mTGQ__#00-12-00_00-15-00_label_A,False,normal (non-violent) class not used in this study,v=tlFJIG9mTGQ__#00-12-00_00-15-00_label_A.mp4,A,A,normal,1,60.0,120.0,60.0,v=tlFJIG9mTGQ__#00-12-00_00-15-00_label_A__seg0001_60.000-120.000.wav,no danger risk,0,clotho,a man is speaking while a crowd of people are talking in the background,-0.7893192768096924,"Speech | Inside, public space",0.899 | 0.047 | 0.0408 | 0.0018 | 0.1631,ok,
XD-Violence,v=tlFJIG9mTGQ__#00-12-00_00-15-00_label_A,False,normal (non-violent) class not used in this study,v=tlFJIG9mTGQ__#00-12-00_00-15-00_label_A.mp4,A,A,normal,2,120.0,180.0,60.0,v=tlFJIG9mTGQ__#00-12-00_00-15-00_label_A__seg0002_120.000-180.000.wav,no danger risk,0,clotho,a man is speaking and then a woman laughs,-1.1663179397583008,Speech,0.7766 | 0.0206 | 0.015 | 0.0014 | 0.0656,ok,
XD-Violence,v=tlFJIG9mTGQ__#00-12-00_00-15-00_label_A,False,normal (non-violent) class not used in this study; caption generation failed (segment <= 0.17 s),v=tlFJIG9mTGQ__#00-12-00_00-15-00_label_A.mp4,A,A,normal,3,180.0,180.083333,0.083333,v=tlFJIG9mTGQ__#00-12-00_00-15-00_label_A__seg0003_180.000-180.083.wav,no danger risk,0,clotho,,,,,error,CoNeTTE error: input too short for the encoder's convolution kernel
XD-Violence,v=tlFJIG9mTGQ__#00-15-00_00-18-36_label_A,False,normal (non-violent) class not used in this study,v=tlFJIG9mTGQ__#00-15-00_00-18-36_label_A.mp4,A,A,normal,0,0.0,60.0,60.0,v=tlFJIG9mTGQ__#00-15-00_00-18-36_label_A__seg0000_0.000-60.000.wav,no danger risk,0,clotho,a man is speaking and a bell is ringing,-0.8164585828781128,Speech | Music,0.8323 | 0.0767 | 0.0127 | 0.0026 | 0.0364,ok,
XD-Violence,v=tlFJIG9mTGQ__#00-15-00_00-18-36_label_A,False,normal (non-violent) class not used in this study,v=tlFJIG9mTGQ__#00-15-00_00-18-36_label_A.mp4,A,A,normal,1,60.0,120.0,60.0,v=tlFJIG9mTGQ__#00-15-00_00-18-36_label_A__seg0001_60.000-120.000.wav,no danger risk,0,clotho,a man is speaking while another person is talking in the background,-0.8915101289749146,Speech | Music,0.776 | 0.0376 | 0.0024 | 0.0005 | 0.0027,ok,
XD-Violence,v=tlFJIG9mTGQ__#00-15-00_00-18-36_label_A,False,normal (non-violent) class not used in this study,v=tlFJIG9mTGQ__#00-15-00_00-18-36_label_A.mp4,A,A,normal,2,120.0,180.0,60.0,v=tlFJIG9mTGQ__#00-15-00_00-18-36_label_A__seg0002_120.000-180.000.wav,no danger risk,0,clotho,a man is speaking while music is playing in the background,-0.7131034731864929,Speech | Music,0.8435 | 0.0409 | 0.0047 | 0.0012 | 0.0045,ok,
XD-Violence,v=tlFJIG9mTGQ__#00-15-00_00-18-36_label_A,False,normal (non-violent) class not used in this study,v=tlFJIG9mTGQ__#00-15-00_00-18-36_label_A.mp4,A,A,normal,3,180.0,216.125,36.125,v=tlFJIG9mTGQ__#00-15-00_00-18-36_label_A__seg0003_180.000-216.125.wav,no danger risk,0,clotho,a man is speaking and then a woman is talking,-1.1492120027542114,Speech | Run | Music,0.935 | 0.0331 | 0.0041 | 0.001 | 0.0086,ok,
XD-Violence,v=usAvzbDq6-c__#00-03-00_00-06-00_label_A,False,normal (non-violent) class not used in this study,v=usAvzbDq6-c__#00-03-00_00-06-00_label_A.mp4,A,A,normal,0,0.0,60.0,60.0,v=usAvzbDq6-c__#00-03-00_00-06-00_label_A__seg0000_0.000-60.000.wav,no danger risk,0,clotho,a man is speaking while music is playing in the background,-0.725409209728241,Speech | Music,0.8324 | 0.0497 | 0.0023 | 0.0008 | 0.0041,ok,
XD-Violence,v=usAvzbDq6-c__#00-03-00_00-06-00_label_A,False,normal (non-violent) class not used in this study,v=usAvzbDq6-c__#00-03-00_00-06-00_label_A.mp4,A,A,normal,1,60.0,120.0,60.0,v=usAvzbDq6-c__#00-03-00_00-06-00_label_A__seg0001_60.000-120.000.wav,no danger risk,0,clotho,a man is speaking while music is playing in the background,-0.6999263763427734,Speech | Music,0.7332 | 0.0159 | 0.002 | 0.0021 | 0.0008,ok,
XD-Violence,v=usAvzbDq6-c__#00-03-00_00-06-00_label_A,False,normal (non-violent) class not used in this study,v=usAvzbDq6-c__#00-03-00_00-06-00_label_A.mp4,A,A,normal,2,120.0,180.0,60.0,v=usAvzbDq6-c__#00-03-00_00-06-00_label_A__seg0002_120.000-180.000.wav,no danger risk,0,clotho,a man is speaking while music is playing in the background,-0.6987860202789307,Speech | Music,0.7717 | 0.0165 | 0.0031 | 0.0017 | 0.0017,ok,
XD-Violence,v=usAvzbDq6-c__#00-03-00_00-06-00_label_A,False,normal (non-violent) class not used in this study; caption generation failed (segment <= 0.17 s),v=usAvzbDq6-c__#00-03-00_00-06-00_label_A.mp4,A,A,normal,3,180.0,180.083333,0.083333,v=usAvzbDq6-c__#00-03-00_00-06-00_label_A__seg0003_180.000-180.083.wav,no danger risk,0,clotho,,,,,error,CoNeTTE error: input too short for the encoder's convolution kernel
XD-Violence,v=usAvzbDq6-c__#00-18-00_00-21-00_label_A,False,normal (non-violent) class not used in this study,v=usAvzbDq6-c__#00-18-00_00-21-00_label_A.mp4,A,A,normal,0,0.0,60.0,60.0,v=usAvzbDq6-c__#00-18-00_00-21-00_label_A__seg0000_0.000-60.000.wav,no danger risk,0,clotho,a man is speaking while music is playing in the background,-0.6876605153083801,Speech | Music,0.6603 | 0.0108 | 0.0007 | 0.0004 | 0.0005,ok,
XD-Violence,v=usAvzbDq6-c__#00-18-00_00-21-00_label_A,False,normal (non-violent) class not used in this study,v=usAvzbDq6-c__#00-18-00_00-21-00_label_A.mp4,A,A,normal,1,60.0,120.0,60.0,v=usAvzbDq6-c__#00-18-00_00-21-00_label_A__seg0001_60.000-120.000.wav,no danger risk,0,clotho,a man is speaking while music is playing in the background,-0.7347798347473145,"Speech | Music | Violin, fiddle",0.7335 | 0.0148 | 0.0016 | 0.0014 | 0.0019,ok,
XD-Violence,v=usAvzbDq6-c__#00-18-00_00-21-00_label_A,False,normal (non-violent) class not used in this study,v=usAvzbDq6-c__#00-18-00_00-21-00_label_A.mp4,A,A,normal,2,120.0,180.0,60.0,v=usAvzbDq6-c__#00-18-00_00-21-00_label_A__seg0002_120.000-180.000.wav,no danger risk,0,clotho,a person is playing a stringed instrument while people are talking in the background,-0.8433840274810791,Speech | Music,0.5251 | 0.0048 | 0.0012 | 0.0012 | 0.0004,ok,
XD-Violence,v=usAvzbDq6-c__#00-18-00_00-21-00_label_A,False,normal (non-violent) class not used in this study; caption generation failed (segment <= 0.17 s),v=usAvzbDq6-c__#00-18-00_00-21-00_label_A.mp4,A,A,normal,3,180.0,180.083333,0.083333,v=usAvzbDq6-c__#00-18-00_00-21-00_label_A__seg0003_180.000-180.083.wav,no danger risk,0,clotho,,,,,error,CoNeTTE error: input too short for the encoder's convolution kernel
XD-Violence,v=usAvzbDq6-c__#00-21-00_00-24-00_label_A,False,normal (non-violent) class not used in this study,v=usAvzbDq6-c__#00-21-00_00-24-00_label_A.mp4,A,A,normal,0,0.0,60.0,60.0,v=usAvzbDq6-c__#00-21-00_00-24-00_label_A__seg0000_0.000-60.000.wav,no danger risk,0,clotho,a person is playing a song on a musical instrument,-1.228162169456482,Speech | Music | Musical instrument,0.4155 | 0.0013 | 0.0009 | 0.001 | 0.0002,ok,
XD-Violence,v=usAvzbDq6-c__#00-21-00_00-24-00_label_A,False,normal (non-violent) class not used in this study,v=usAvzbDq6-c__#00-21-00_00-24-00_label_A.mp4,A,A,normal,1,60.0,120.0,60.0,v=usAvzbDq6-c__#00-21-00_00-24-00_label_A__seg0001_60.000-120.000.wav,no danger risk,0,clotho,music is playing in the background while a person is singing,-1.3420391082763672,"Speech | Music | Musical instrument | Violin, fiddle",0.4509 | 0.0013 | 0.0007 | 0.0012 | 0.0004,ok,
XD-Violence,v=usAvzbDq6-c__#00-21-00_00-24-00_label_A,False,normal (non-violent) class not used in this study,v=usAvzbDq6-c__#00-21-00_00-24-00_label_A.mp4,A,A,normal,2,120.0,180.0,60.0,v=usAvzbDq6-c__#00-21-00_00-24-00_label_A__seg0002_120.000-180.000.wav,no danger risk,0,clotho,music is playing and people are talking in the background,-0.8795700073242188,Speech | Music | Bluegrass,0.6691 | 0.0062 | 0.0015 | 0.0029 | 0.0008,ok,
XD-Violence,v=usAvzbDq6-c__#00-21-00_00-24-00_label_A,False,normal (non-violent) class not used in this study; caption generation failed (segment <= 0.17 s),v=usAvzbDq6-c__#00-21-00_00-24-00_label_A.mp4,A,A,normal,3,180.0,180.083333,0.083333,v=usAvzbDq6-c__#00-21-00_00-24-00_label_A__seg0003_180.000-180.083.wav,no danger risk,0,clotho,,,,,error,CoNeTTE error: input too short for the encoder's convolution kernel
XD-Violence,v=uyvM-vq5DwA__#1_label_A,False,normal (non-violent) class not used in this study,v=uyvM-vq5DwA__#1_label_A.mp4,A,A,normal,0,0.0,60.0,60.0,v=uyvM-vq5DwA__#1_label_A__seg0000_0.000-60.000.wav,no danger risk,0,clotho,a group of people are talking while music plays in the background,-0.7855224013328552,Speech,0.7857 | 0.0043 | 0.0007 | 0.0027 | 0.0007,ok,
XD-Violence,v=uyvM-vq5DwA__#1_label_A,False,normal (non-violent) class not used in this study,v=uyvM-vq5DwA__#1_label_A.mp4,A,A,normal,1,60.0,120.0,60.0,v=uyvM-vq5DwA__#1_label_A__seg0001_60.000-120.000.wav,no danger risk,0,clotho,a crowd of people are talking and laughing while music plays in the background,-0.8670745491981506,Speech,0.7308 | 0.004 | 0.0013 | 0.0023 | 0.0012,ok,
XD-Violence,v=uyvM-vq5DwA__#1_label_A,False,normal (non-violent) class not used in this study,v=uyvM-vq5DwA__#1_label_A.mp4,A,A,normal,2,120.0,180.0,60.0,v=uyvM-vq5DwA__#1_label_A__seg0002_120.000-180.000.wav,no danger risk,0,clotho,people are talking in the background as music plays in the distance,-0.8462937474250793,Speech | Music,0.8053 | 0.0068 | 0.0022 | 0.0025 | 0.005,ok,
XD-Violence,v=uyvM-vq5DwA__#1_label_A,False,normal (non-violent) class not used in this study,v=uyvM-vq5DwA__#1_label_A.mp4,A,A,normal,3,180.0,199.5,19.5,v=uyvM-vq5DwA__#1_label_A__seg0003_180.000-199.500.wav,no danger risk,0,clotho,a crowd of people are talking in the background,-0.9866769909858704,Speech | Chatter | Music,0.8402 | 0.0121 | 0.0034 | 0.0004 | 0.005,ok,
XD-Violence,v=vFPQ_NiDBIU__#00-42-00_00-48-00_label_A,False,normal (non-violent) class not used in this study,v=vFPQ_NiDBIU__#00-42-00_00-48-00_label_A.mp4,A,A,normal,0,0.0,60.0,60.0,v=vFPQ_NiDBIU__#00-42-00_00-48-00_label_A__seg0000_0.000-60.000.wav,no danger risk,0,clotho,rain falls steadily and thunder rumbles in the background,-0.9035545587539672,Thunderstorm | Rain | Rain on surface,0.0068 | 0.0001 | 0.0001 | 0.0001 | 0.0,ok,
XD-Violence,v=vFPQ_NiDBIU__#00-42-00_00-48-00_label_A,False,normal (non-violent) class not used in this study,v=vFPQ_NiDBIU__#00-42-00_00-48-00_label_A.mp4,A,A,normal,1,60.0,120.0,60.0,v=vFPQ_NiDBIU__#00-42-00_00-48-00_label_A__seg0001_60.000-120.000.wav,no danger risk,0,clotho,rain falls steadily and thunder rumbles in the background,-0.9458243250846864,Rain | Rain on surface,0.0061 | 0.0001 | 0.0 | 0.0001 | 0.0,ok,
XD-Violence,v=vFPQ_NiDBIU__#00-42-00_00-48-00_label_A,False,normal (non-violent) class not used in this study,v=vFPQ_NiDBIU__#00-42-00_00-48-00_label_A.mp4,A,A,normal,2,120.0,180.0,60.0,v=vFPQ_NiDBIU__#00-42-00_00-48-00_label_A__seg0002_120.000-180.000.wav,no danger risk,0,clotho,the wind is blowing and the rain is hitting the ground,-1.0286284685134888,,0.0103 | 0.0001 | 0.0 | 0.0002 | 0.0,ok,
XD-Violence,v=vFPQ_NiDBIU__#00-42-00_00-48-00_label_A,False,normal (non-violent) class not used in this study,v=vFPQ_NiDBIU__#00-42-00_00-48-00_label_A.mp4,A,A,normal,3,180.0,240.0,60.0,v=vFPQ_NiDBIU__#00-42-00_00-48-00_label_A__seg0003_180.000-240.000.wav,no danger risk,0,clotho,rain falls steadily and thunder rumbles in the distance,-0.9544855952262878,Rain,0.0077 | 0.0001 | 0.0 | 0.0001 | 0.0,ok,
XD-Violence,v=vFPQ_NiDBIU__#00-42-00_00-48-00_label_A,False,normal (non-violent) class not used in this study,v=vFPQ_NiDBIU__#00-42-00_00-48-00_label_A.mp4,A,A,normal,4,240.0,300.0,60.0,v=vFPQ_NiDBIU__#00-42-00_00-48-00_label_A__seg0004_240.000-300.000.wav,no danger risk,0,clotho,rain falls steadily and thunder rumbles in the distance,-0.959051787853241,Thunderstorm | Rain,0.0073 | 0.0001 | 0.0 | 0.0001 | 0.0,ok,
XD-Violence,v=vFPQ_NiDBIU__#00-42-00_00-48-00_label_A,False,normal (non-violent) class not used in this study,v=vFPQ_NiDBIU__#00-42-00_00-48-00_label_A.mp4,A,A,normal,5,300.0,360.0,60.0,v=vFPQ_NiDBIU__#00-42-00_00-48-00_label_A__seg0005_300.000-360.000.wav,no danger risk,0,clotho,a car is driving on the road with the windows rolled down,-1.225292086601257,Vehicle,0.0116 | 0.0001 | 0.0 | 0.0001 | 0.0,ok,
XD-Violence,v=vFPQ_NiDBIU__#00-42-00_00-48-00_label_A,False,normal (non-violent) class not used in this study; caption generation failed (segment <= 0.17 s),v=vFPQ_NiDBIU__#00-42-00_00-48-00_label_A.mp4,A,A,normal,6,360.0,360.02322,0.02322,v=vFPQ_NiDBIU__#00-42-00_00-48-00_label_A__seg0006_360.000-360.023.wav,no danger risk,0,clotho,,,,,error,CoNeTTE error: input too short for the encoder's convolution kernel
XD-Violence,v=vFPQ_NiDBIU__#01-00-00_01-06-00_label_A,False,normal (non-violent) class not used in this study,v=vFPQ_NiDBIU__#01-00-00_01-06-00_label_A.mp4,A,A,normal,0,0.0,60.0,60.0,v=vFPQ_NiDBIU__#01-00-00_01-06-00_label_A__seg0000_0.000-60.000.wav,no danger risk,0,clotho,rain is falling and thunder is rumbling in the background,-0.8681999444961548,Thunderstorm | Thunder | Rain | Rain on surface,0.0074 | 0.0001 | 0.0001 | 0.0001 | 0.0,ok,
XD-Violence,v=vFPQ_NiDBIU__#01-00-00_01-06-00_label_A,False,normal (non-violent) class not used in this study,v=vFPQ_NiDBIU__#01-00-00_01-06-00_label_A.mp4,A,A,normal,1,60.0,120.0,60.0,v=vFPQ_NiDBIU__#01-00-00_01-06-00_label_A__seg0001_60.000-120.000.wav,no danger risk,0,clotho,rain falls steadily and thunder rumbles in the background,-0.9439202547073364,Rain | Rain on surface,0.0061 | 0.0001 | 0.0 | 0.0001 | 0.0,ok,
XD-Violence,v=vFPQ_NiDBIU__#01-00-00_01-06-00_label_A,False,normal (non-violent) class not used in this study,v=vFPQ_NiDBIU__#01-00-00_01-06-00_label_A.mp4,A,A,normal,2,120.0,180.0,60.0,v=vFPQ_NiDBIU__#01-00-00_01-06-00_label_A__seg0002_120.000-180.000.wav,no danger risk,0,clotho,rain is falling on the roof of a house,-1.1172479391098022,Rain on surface,0.0103 | 0.0001 | 0.0001 | 0.0001 | 0.0,ok,
XD-Violence,v=vFPQ_NiDBIU__#01-00-00_01-06-00_label_A,False,normal (non-violent) class not used in this study,v=vFPQ_NiDBIU__#01-00-00_01-06-00_label_A.mp4,A,A,normal,3,180.0,240.0,60.0,v=vFPQ_NiDBIU__#01-00-00_01-06-00_label_A__seg0003_180.000-240.000.wav,no danger risk,0,clotho,rain is falling on the roof of a house,-1.1440715789794922,Rain | Rain on surface,0.0095 | 0.0 | 0.0 | 0.0003 | 0.0,ok,
XD-Violence,v=vFPQ_NiDBIU__#01-00-00_01-06-00_label_A,False,normal (non-violent) class not used in this study,v=vFPQ_NiDBIU__#01-00-00_01-06-00_label_A.mp4,A,A,normal,4,240.0,300.0,60.0,v=vFPQ_NiDBIU__#01-00-00_01-06-00_label_A__seg0004_240.000-300.000.wav,no danger risk,0,clotho,rain falls steadily and thunder rumbles in the background,-0.8873141407966614,Rain | Rain on surface,0.011 | 0.0002 | 0.0 | 0.0001 | 0.0,ok,
XD-Violence,v=vFPQ_NiDBIU__#01-00-00_01-06-00_label_A,False,normal (non-violent) class not used in this study,v=vFPQ_NiDBIU__#01-00-00_01-06-00_label_A.mp4,A,A,normal,5,300.0,360.0,60.0,v=vFPQ_NiDBIU__#01-00-00_01-06-00_label_A__seg0005_300.000-360.000.wav,no danger risk,0,clotho,rain falls steadily and thunder rumbles in the background,-0.9568123817443848,Rain | Rain on surface,0.0107 | 0.0001 | 0.0 | 0.0001 | 0.0,ok,
XD-Violence,v=vFPQ_NiDBIU__#01-00-00_01-06-00_label_A,False,normal (non-violent) class not used in this study; caption generation failed (segment <= 0.17 s),v=vFPQ_NiDBIU__#01-00-00_01-06-00_label_A.mp4,A,A,normal,6,360.0,360.02322,0.02322,v=vFPQ_NiDBIU__#01-00-00_01-06-00_label_A__seg0006_360.000-360.023.wav,no danger risk,0,clotho,,,,,error,CoNeTTE error: input too short for the encoder's convolution kernel
XD-Violence,v=vFPQ_NiDBIU__#01-48-00_01-54-00_label_A,False,normal (non-violent) class not used in this study,v=vFPQ_NiDBIU__#01-48-00_01-54-00_label_A.mp4,A,A,normal,0,0.0,60.0,60.0,v=vFPQ_NiDBIU__#01-48-00_01-54-00_label_A__seg0000_0.000-60.000.wav,no danger risk,0,clotho,a car is driving on the road with the windows rolled down,-0.998141884803772,Vehicle | Car,0.0114 | 0.0 | 0.0 | 0.0002 | 0.0,ok,
XD-Violence,v=vFPQ_NiDBIU__#01-48-00_01-54-00_label_A,False,normal (non-violent) class not used in this study,v=vFPQ_NiDBIU__#01-48-00_01-54-00_label_A.mp4,A,A,normal,1,60.0,120.0,60.0,v=vFPQ_NiDBIU__#01-48-00_01-54-00_label_A__seg0001_60.000-120.000.wav,no danger risk,0,clotho,a car is driving on the road with the windows rolled down,-1.0523749589920044,"Vehicle | Car | Outside, rural or natural",0.0203 | 0.0001 | 0.0 | 0.0001 | 0.0,ok,
XD-Violence,v=vFPQ_NiDBIU__#01-48-00_01-54-00_label_A,False,normal (non-violent) class not used in this study,v=vFPQ_NiDBIU__#01-48-00_01-54-00_label_A.mp4,A,A,normal,2,120.0,180.0,60.0,v=vFPQ_NiDBIU__#01-48-00_01-54-00_label_A__seg0002_120.000-180.000.wav,no danger risk,0,clotho,a person is walking on a hard surface with heavy rain in the background,-1.2452571392059326,Rain | Rain on surface,0.0109 | 0.0001 | 0.0001 | 0.0002 | 0.0,ok,
XD-Violence,v=vFPQ_NiDBIU__#01-48-00_01-54-00_label_A,False,normal (non-violent) class not used in this study,v=vFPQ_NiDBIU__#01-48-00_01-54-00_label_A.mp4,A,A,normal,3,180.0,240.0,60.0,v=vFPQ_NiDBIU__#01-48-00_01-54-00_label_A__seg0003_180.000-240.000.wav,no danger risk,0,clotho,a heavy rain storm is falling on a hard surface,-1.1919535398483276,Thunderstorm | Thunder | Rain | Raindrop | Rain on surface,0.007 | 0.0001 | 0.0 | 0.0001 | 0.0,ok,
XD-Violence,v=vFPQ_NiDBIU__#01-48-00_01-54-00_label_A,False,normal (non-violent) class not used in this study,v=vFPQ_NiDBIU__#01-48-00_01-54-00_label_A.mp4,A,A,normal,4,240.0,300.0,60.0,v=vFPQ_NiDBIU__#01-48-00_01-54-00_label_A__seg0004_240.000-300.000.wav,no danger risk,0,clotho,rain is falling and thunder is rumbling in the background,-0.9682906866073608,Rain | Rain on surface,0.0103 | 0.0001 | 0.0001 | 0.0002 | 0.0,ok,
XD-Violence,v=vFPQ_NiDBIU__#01-48-00_01-54-00_label_A,False,normal (non-violent) class not used in this study,v=vFPQ_NiDBIU__#01-48-00_01-54-00_label_A.mp4,A,A,normal,5,300.0,360.0,60.0,v=vFPQ_NiDBIU__#01-48-00_01-54-00_label_A__seg0005_300.000-360.000.wav,no danger risk,0,clotho,rain is falling on the roof of a house,-1.139850616455078,Rain | Rain on surface,0.0146 | 0.0001 | 0.0001 | 0.0003 | 0.0,ok,
XD-Violence,v=vFPQ_NiDBIU__#01-48-00_01-54-00_label_A,False,normal (non-violent) class not used in this study; caption generation failed (segment <= 0.17 s),v=vFPQ_NiDBIU__#01-48-00_01-54-00_label_A.mp4,A,A,normal,6,360.0,360.02322,0.02322,v=vFPQ_NiDBIU__#01-48-00_01-54-00_label_A__seg0006_360.000-360.023.wav,no danger risk,0,clotho,,,,,error,CoNeTTE error: input too short for the encoder's convolution kernel
XD-Violence,v=vFPQ_NiDBIU__#02-42-00_02-48-00_label_A,False,normal (non-violent) class not used in this study,v=vFPQ_NiDBIU__#02-42-00_02-48-00_label_A.mp4,A,A,normal,0,0.0,60.0,60.0,v=vFPQ_NiDBIU__#02-42-00_02-48-00_label_A__seg0000_0.000-60.000.wav,no danger risk,0,clotho,rain is pouring down on the roof of a house,-1.0536144971847534,Rain | Rain on surface,0.0109 | 0.0001 | 0.0 | 0.0003 | 0.0,ok,
XD-Violence,v=vFPQ_NiDBIU__#02-42-00_02-48-00_label_A,False,normal (non-violent) class not used in this study,v=vFPQ_NiDBIU__#02-42-00_02-48-00_label_A.mp4,A,A,normal,1,60.0,120.0,60.0,v=vFPQ_NiDBIU__#02-42-00_02-48-00_label_A__seg0001_60.000-120.000.wav,no danger risk,0,clotho,a car is driving down the road with the windows rolled down,-1.0967354774475098,,0.0075 | 0.0001 | 0.0 | 0.0001 | 0.0,ok,
XD-Violence,v=vFPQ_NiDBIU__#02-42-00_02-48-00_label_A,False,normal (non-violent) class not used in this study,v=vFPQ_NiDBIU__#02-42-00_02-48-00_label_A.mp4,A,A,normal,2,120.0,180.0,60.0,v=vFPQ_NiDBIU__#02-42-00_02-48-00_label_A__seg0002_120.000-180.000.wav,no danger risk,0,clotho,rain is falling on the roof of a house,-1.0772740840911863,Rain | Rain on surface,0.0083 | 0.0001 | 0.0 | 0.0005 | 0.0,ok,
XD-Violence,v=vFPQ_NiDBIU__#02-42-00_02-48-00_label_A,False,normal (non-violent) class not used in this study,v=vFPQ_NiDBIU__#02-42-00_02-48-00_label_A.mp4,A,A,normal,3,180.0,240.0,60.0,v=vFPQ_NiDBIU__#02-42-00_02-48-00_label_A__seg0003_180.000-240.000.wav,no danger risk,0,clotho,a car drives down the road with the windows rolled down,-1.066020131111145,Vehicle,0.0137 | 0.0001 | 0.0001 | 0.0003 | 0.0,ok,
XD-Violence,v=vFPQ_NiDBIU__#02-42-00_02-48-00_label_A,False,normal (non-violent) class not used in this study,v=vFPQ_NiDBIU__#02-42-00_02-48-00_label_A.mp4,A,A,normal,4,240.0,300.0,60.0,v=vFPQ_NiDBIU__#02-42-00_02-48-00_label_A__seg0004_240.000-300.000.wav,no danger risk,0,clotho,rain is falling on the roof of a house,-1.073635458946228,Rain | Rain on surface,0.0184 | 0.0001 | 0.0001 | 0.0004 | 0.0,ok,
XD-Violence,v=vFPQ_NiDBIU__#02-42-00_02-48-00_label_A,False,normal (non-violent) class not used in this study,v=vFPQ_NiDBIU__#02-42-00_02-48-00_label_A.mp4,A,A,normal,5,300.0,360.0,60.0,v=vFPQ_NiDBIU__#02-42-00_02-48-00_label_A__seg0005_300.000-360.000.wav,no danger risk,0,clotho,the wind is blowing and the rain is hitting the ground,-1.035989761352539,Vehicle,0.0164 | 0.0001 | 0.0 | 0.0003 | 0.0,ok,
XD-Violence,v=vFPQ_NiDBIU__#02-42-00_02-48-00_label_A,False,normal (non-violent) class not used in this study; caption generation failed (segment <= 0.17 s),v=vFPQ_NiDBIU__#02-42-00_02-48-00_label_A.mp4,A,A,normal,6,360.0,360.02322,0.02322,v=vFPQ_NiDBIU__#02-42-00_02-48-00_label_A__seg0006_360.000-360.023.wav,no danger risk,0,clotho,,,,,error,CoNeTTE error: input too short for the encoder's convolution kernel
XD-Violence,v=vHnAmx0UYbM__#1_label_A,False,normal (non-violent) class not used in this study,v=vHnAmx0UYbM__#1_label_A.mp4,A,A,normal,0,0.0,60.0,60.0,v=vHnAmx0UYbM__#1_label_A__seg0000_0.000-60.000.wav,no danger risk,0,clotho,people are talking and moving around in the background and a bird is chirping,-1.3638827800750732,Speech | Train,0.6223 | 0.001 | 0.0004 | 0.0021 | 0.0002,ok,
XD-Violence,v=vHnAmx0UYbM__#1_label_A,False,normal (non-violent) class not used in this study,v=vHnAmx0UYbM__#1_label_A.mp4,A,A,normal,1,60.0,120.0,60.0,v=vHnAmx0UYbM__#1_label_A__seg0001_60.000-120.000.wav,no danger risk,0,clotho,people are talking in the background as a car drives by,-1.0585330724716189,Speech | Vehicle,0.6744 | 0.0003 | 0.0001 | 0.0006 | 0.0001,ok,
XD-Violence,v=vHnAmx0UYbM__#1_label_A,False,normal (non-violent) class not used in this study,v=vHnAmx0UYbM__#1_label_A.mp4,A,A,normal,2,120.0,180.0,60.0,v=vHnAmx0UYbM__#1_label_A__seg0002_120.000-180.000.wav,no danger risk,0,clotho,people are talking in the background as cars drive by,-0.9987223148345948,Speech,0.8536 | 0.0009 | 0.0001 | 0.0029 | 0.0002,ok,
XD-Violence,v=vHnAmx0UYbM__#1_label_A,False,normal (non-violent) class not used in this study,v=vHnAmx0UYbM__#1_label_A.mp4,A,A,normal,3,180.0,240.0,60.0,v=vHnAmx0UYbM__#1_label_A__seg0003_180.000-240.000.wav,no danger risk,0,clotho,people are talking in the background as a train passes by,-1.050570011138916,Speech,0.8219 | 0.0015 | 0.0004 | 0.0003 | 0.0006,ok,
XD-Violence,v=vHnAmx0UYbM__#1_label_A,False,normal (non-violent) class not used in this study,v=vHnAmx0UYbM__#1_label_A.mp4,A,A,normal,4,240.0,300.0,60.0,v=vHnAmx0UYbM__#1_label_A__seg0004_240.000-300.000.wav,no danger risk,0,clotho,people are talking in the background as cars drive by,-0.9246264100074768,Speech,0.8004 | 0.002 | 0.0002 | 0.0005 | 0.001,ok,
XD-Violence,v=vHnAmx0UYbM__#1_label_A,False,normal (non-violent) class not used in this study,v=vHnAmx0UYbM__#1_label_A.mp4,A,A,normal,5,300.0,360.0,60.0,v=vHnAmx0UYbM__#1_label_A__seg0005_300.000-360.000.wav,no danger risk,0,clotho,people are talking in the background as a large group of children are playing,-1.152029275894165,Speech,0.7895 | 0.0008 | 0.0002 | 0.0049 | 0.0003,ok,
XD-Violence,v=vHnAmx0UYbM__#1_label_A,False,normal (non-violent) class not used in this study,v=vHnAmx0UYbM__#1_label_A.mp4,A,A,normal,6,360.0,420.0,60.0,v=vHnAmx0UYbM__#1_label_A__seg0006_360.000-420.000.wav,no danger risk,0,clotho,people are talking in the background as a large group of adults are chatting,-1.2324583530426023,Speech,0.834 | 0.002 | 0.0003 | 0.0006 | 0.0008,ok,
XD-Violence,v=vHnAmx0UYbM__#1_label_A,False,normal (non-violent) class not used in this study,v=vHnAmx0UYbM__#1_label_A.mp4,A,A,normal,7,420.0,480.0,60.0,v=vHnAmx0UYbM__#1_label_A__seg0007_420.000-480.000.wav,no danger risk,0,clotho,people are talking in the background while dishes are being moved around,-1.0162016153335571,Speech,0.9272 | 0.0036 | 0.0007 | 0.0027 | 0.0019,ok,
XD-Violence,v=vHnAmx0UYbM__#1_label_A,False,normal (non-violent) class not used in this study,v=vHnAmx0UYbM__#1_label_A.mp4,A,A,normal,8,480.0,540.0,60.0,v=vHnAmx0UYbM__#1_label_A__seg0008_480.000-540.000.wav,no danger risk,0,clotho,people are talking in the background as a car drives by,-1.0125433206558228,Speech,0.8095 | 0.0049 | 0.0007 | 0.0007 | 0.0015,ok,
XD-Violence,v=vHnAmx0UYbM__#1_label_A,False,normal (non-violent) class not used in this study,v=vHnAmx0UYbM__#1_label_A.mp4,A,A,normal,9,540.0,600.0,60.0,v=vHnAmx0UYbM__#1_label_A__seg0009_540.000-600.000.wav,no danger risk,0,clotho,a machine is running while people are talking in the background,-0.8743224740028381,"Speech | Subway, metro, underground",0.4376 | 0.001 | 0.0001 | 0.0004 | 0.0001,ok,
XD-Violence,v=vHnAmx0UYbM__#1_label_A,False,normal (non-violent) class not used in this study,v=vHnAmx0UYbM__#1_label_A.mp4,A,A,normal,10,600.0,660.0,60.0,v=vHnAmx0UYbM__#1_label_A__seg0010_600.000-660.000.wav,no danger risk,0,clotho,people are talking in the background as a train passes by,-1.0101550817489624,Speech,0.814 | 0.0008 | 0.0002 | 0.0008 | 0.0006,ok,
XD-Violence,v=vHnAmx0UYbM__#1_label_A,False,normal (non-violent) class not used in this study,v=vHnAmx0UYbM__#1_label_A.mp4,A,A,normal,11,660.0,720.0,60.0,v=vHnAmx0UYbM__#1_label_A__seg0011_660.000-720.000.wav,no danger risk,0,clotho,people are talking in the background as a car drives by,-0.9890573620796204,Speech | Vehicle,0.8457 | 0.0015 | 0.0002 | 0.0002 | 0.0003,ok,
XD-Violence,v=vHnAmx0UYbM__#1_label_A,False,normal (non-violent) class not used in this study,v=vHnAmx0UYbM__#1_label_A.mp4,A,A,normal,12,720.0,780.0,60.0,v=vHnAmx0UYbM__#1_label_A__seg0012_720.000-780.000.wav,no danger risk,0,clotho,people are talking while music plays in the background,-0.7431800365447998,Speech | Music,0.9274 | 0.0016 | 0.0003 | 0.0007 | 0.0003,ok,
XD-Violence,v=vHnAmx0UYbM__#1_label_A,False,normal (non-violent) class not used in this study,v=vHnAmx0UYbM__#1_label_A.mp4,A,A,normal,13,780.0,835.244989,55.244989,v=vHnAmx0UYbM__#1_label_A__seg0013_780.000-835.245.wav,no danger risk,0,clotho,people are talking while music plays in the background,-0.8221340179443359,Speech | Music | Vehicle,0.79 | 0.0015 | 0.0001 | 0.0008 | 0.0001,ok,
XD-Violence,v=vQ9AwVrM9pU__#1_label_A,False,normal (non-violent) class not used in this study,v=vQ9AwVrM9pU__#1_label_A.mp4,A,A,normal,0,0.0,60.0,60.0,v=vQ9AwVrM9pU__#1_label_A__seg0000_0.000-60.000.wav,no danger risk,0,clotho,a person is playing a trumpet while a man is speaking in the background,-0.9573566317558287,Speech | Music | Brass instrument | French horn,0.4333 | 0.0083 | 0.0031 | 0.0008 | 0.0033,ok,
XD-Violence,v=vQ9AwVrM9pU__#1_label_A,False,normal (non-violent) class not used in this study,v=vQ9AwVrM9pU__#1_label_A.mp4,A,A,normal,1,60.0,120.0,60.0,v=vQ9AwVrM9pU__#1_label_A__seg0001_60.000-120.000.wav,no danger risk,0,clotho,a group of people chant and whistle in the distance,-1.1386148929595947,Speech | Crowd | Music,0.4998 | 0.0049 | 0.0024 | 0.0009 | 0.0015,ok,
XD-Violence,v=vQ9AwVrM9pU__#1_label_A,False,normal (non-violent) class not used in this study,v=vQ9AwVrM9pU__#1_label_A.mp4,A,A,normal,2,120.0,130.75,10.75,v=vQ9AwVrM9pU__#1_label_A__seg0002_120.000-130.750.wav,no danger risk,0,clotho,a person is playing a musical instrument in the background,-1.13765287399292,Music | Orchestra,0.0121 | 0.0001 | 0.0002 | 0.0002 | 0.0001,ok,
XD-Violence,v=vp_W8CqtCug__#1_label_A,False,normal (non-violent) class not used in this study,v=vp_W8CqtCug__#1_label_A.mp4,A,A,normal,0,0.0,60.0,60.0,v=vp_W8CqtCug__#1_label_A__seg0000_0.000-60.000.wav,no danger risk,0,clotho,a crowd of people are talking and cheering while music plays in the background,-1.0006344318389893,Speech | Basketball bounce,0.7052 | 0.0015 | 0.0003 | 0.0005 | 0.0005,ok,
XD-Violence,v=vp_W8CqtCug__#1_label_A,False,normal (non-violent) class not used in this study,v=vp_W8CqtCug__#1_label_A.mp4,A,A,normal,1,60.0,120.0,60.0,v=vp_W8CqtCug__#1_label_A__seg0001_60.000-120.000.wav,no danger risk,0,clotho,a man is speaking while a crowd cheers,-1.3645204305648804,Speech | Basketball bounce,0.5428 | 0.0021 | 0.0004 | 0.0014 | 0.001,ok,
XD-Violence,v=vp_W8CqtCug__#1_label_A,False,normal (non-violent) class not used in this study,v=vp_W8CqtCug__#1_label_A.mp4,A,A,normal,2,120.0,158.583333,38.583333,v=vp_W8CqtCug__#1_label_A__seg0002_120.000-158.583.wav,no danger risk,0,clotho,a crowd of people are cheering and yelling at the same time,-1.1171303987503052,Speech | Basketball bounce,0.7789 | 0.0158 | 0.0018 | 0.0008 | 0.0048,ok,
XD-Violence,v=vsI_pKNcgeQ__#00-15-00_00-18-00_label_A,False,normal (non-violent) class not used in this study,v=vsI_pKNcgeQ__#00-15-00_00-18-00_label_A.mp4,A,A,normal,0,0.0,60.0,60.0,v=vsI_pKNcgeQ__#00-15-00_00-18-00_label_A__seg0000_0.000-60.000.wav,no danger risk,0,clotho,a crowd of people are talking and a horn is blowing in the background,-0.9388110637664796,"Speech | Inside, public space",0.9074 | 0.0061 | 0.0079 | 0.0098 | 0.0081,ok,
XD-Violence,v=vsI_pKNcgeQ__#00-15-00_00-18-00_label_A,False,normal (non-violent) class not used in this study,v=vsI_pKNcgeQ__#00-15-00_00-18-00_label_A.mp4,A,A,normal,1,60.0,120.0,60.0,v=vsI_pKNcgeQ__#00-15-00_00-18-00_label_A__seg0001_60.000-120.000.wav,no danger risk,0,clotho,a crowd of people are talking and cars are honking,-0.9761685729026794,Speech | Vehicle | Toot,0.87 | 0.0062 | 0.0056 | 0.0012 | 0.0045,ok,
XD-Violence,v=vsI_pKNcgeQ__#00-15-00_00-18-00_label_A,False,normal (non-violent) class not used in this study,v=vsI_pKNcgeQ__#00-15-00_00-18-00_label_A.mp4,A,A,normal,2,120.0,180.0,60.0,v=vsI_pKNcgeQ__#00-15-00_00-18-00_label_A__seg0002_120.000-180.000.wav,no danger risk,0,clotho,people are talking in the background as a car drives by,-0.8947758674621582,"Speech | Hubbub, speech noise, speech babble",0.9391 | 0.0022 | 0.0062 | 0.0013 | 0.0039,ok,
XD-Violence,v=vsI_pKNcgeQ__#00-15-00_00-18-00_label_A,False,normal (non-violent) class not used in this study; caption generation failed (segment <= 0.17 s),v=vsI_pKNcgeQ__#00-15-00_00-18-00_label_A.mp4,A,A,normal,3,180.0,180.083333,0.083333,v=vsI_pKNcgeQ__#00-15-00_00-18-00_label_A__seg0003_180.000-180.083.wav,no danger risk,0,clotho,,,,,error,CoNeTTE error: input too short for the encoder's convolution kernel
XD-Violence,v=wQrV75N2BrI__#1_label_A,False,normal (non-violent) class not used in this study,v=wQrV75N2BrI__#1_label_A.mp4,A,A,normal,0,0.0,60.0,60.0,v=wQrV75N2BrI__#1_label_A__seg0000_0.000-60.000.wav,no danger risk,0,clotho,a woman is speaking while music is playing in the background,-0.7539340853691101,Speech | Music,0.8943 | 0.0061 | 0.1391 | 0.0077 | 0.0055,ok,
XD-Violence,v=wQrV75N2BrI__#1_label_A,False,normal (non-violent) class not used in this study,v=wQrV75N2BrI__#1_label_A.mp4,A,A,normal,1,60.0,120.0,60.0,v=wQrV75N2BrI__#1_label_A__seg0001_60.000-120.000.wav,no danger risk,0,clotho,a woman is speaking while music is playing in the background,-0.7948458194732666,Speech | Music,0.7793 | 0.0043 | 0.0486 | 0.024 | 0.0026,ok,
XD-Violence,v=wQrV75N2BrI__#1_label_A,False,normal (non-violent) class not used in this study,v=wQrV75N2BrI__#1_label_A.mp4,A,A,normal,2,120.0,180.0,60.0,v=wQrV75N2BrI__#1_label_A__seg0002_120.000-180.000.wav,no danger risk,0,clotho,a woman is speaking and a child is laughing,-1.1875170469284058,Speech | Music,0.8952 | 0.0066 | 0.2091 | 0.0057 | 0.0057,ok,
XD-Violence,v=wQrV75N2BrI__#1_label_A,False,normal (non-violent) class not used in this study,v=wQrV75N2BrI__#1_label_A.mp4,A,A,normal,3,180.0,240.0,60.0,v=wQrV75N2BrI__#1_label_A__seg0003_180.000-240.000.wav,no danger risk,0,clotho,a woman is speaking while music is playing in the background,-0.7711251378059387,Speech | Music,0.8704 | 0.0195 | 0.1978 | 0.0462 | 0.0149,ok,
XD-Violence,v=wQrV75N2BrI__#1_label_A,False,normal (non-violent) class not used in this study,v=wQrV75N2BrI__#1_label_A.mp4,A,A,normal,4,240.0,300.0,60.0,v=wQrV75N2BrI__#1_label_A__seg0004_240.000-300.000.wav,no danger risk,0,clotho,a woman is speaking and a child is singing,-1.1931679248809814,Speech | Music,0.4604 | 0.0017 | 0.0574 | 0.036 | 0.0015,ok,
XD-Violence,v=wQrV75N2BrI__#1_label_A,False,normal (non-violent) class not used in this study,v=wQrV75N2BrI__#1_label_A.mp4,A,A,normal,5,300.0,360.0,60.0,v=wQrV75N2BrI__#1_label_A__seg0005_300.000-360.000.wav,no danger risk,0,clotho,a woman is speaking while music plays in the background,-0.792400598526001,Speech | Music,0.8821 | 0.0172 | 0.2053 | 0.0913 | 0.013,ok,
XD-Violence,v=wQrV75N2BrI__#1_label_A,False,normal (non-violent) class not used in this study,v=wQrV75N2BrI__#1_label_A.mp4,A,A,normal,6,360.0,420.0,60.0,v=wQrV75N2BrI__#1_label_A__seg0006_360.000-420.000.wav,no danger risk,0,clotho,a woman is speaking while music is playing in the background,-0.7974095344543457,Speech | Music,0.8034 | 0.0105 | 0.1482 | 0.0396 | 0.0024,ok,
XD-Violence,v=wQrV75N2BrI__#1_label_A,False,normal (non-violent) class not used in this study,v=wQrV75N2BrI__#1_label_A.mp4,A,A,normal,7,420.0,480.0,60.0,v=wQrV75N2BrI__#1_label_A__seg0007_420.000-480.000.wav,no danger risk,0,clotho,a woman is speaking and a child is singing,-1.2283520698547363,Speech | Music,0.6183 | 0.0063 | 0.0873 | 0.0304 | 0.0026,ok,
XD-Violence,v=wQrV75N2BrI__#1_label_A,False,normal (non-violent) class not used in this study,v=wQrV75N2BrI__#1_label_A.mp4,A,A,normal,8,480.0,540.0,60.0,v=wQrV75N2BrI__#1_label_A__seg0008_480.000-540.000.wav,no danger risk,0,clotho,a woman is speaking and a child is singing,-1.1825100183486938,Speech | Music,0.8851 | 0.0044 | 0.0885 | 0.02 | 0.0064,ok,
XD-Violence,v=wQrV75N2BrI__#1_label_A,False,normal (non-violent) class not used in this study,v=wQrV75N2BrI__#1_label_A.mp4,A,A,normal,9,540.0,600.0,60.0,v=wQrV75N2BrI__#1_label_A__seg0009_540.000-600.000.wav,no danger risk,0,clotho,a woman is speaking and a child is singing,-1.1537296772003174,Speech | Music,0.8976 | 0.0044 | 0.0776 | 0.0107 | 0.0018,ok,
XD-Violence,v=wQrV75N2BrI__#1_label_A,False,normal (non-violent) class not used in this study,v=wQrV75N2BrI__#1_label_A.mp4,A,A,normal,10,600.0,660.0,60.0,v=wQrV75N2BrI__#1_label_A__seg0010_600.000-660.000.wav,no danger risk,0,clotho,a woman is speaking while music is playing in the background,-0.8147918581962585,Speech | Music,0.8453 | 0.0061 | 0.105 | 0.0301 | 0.0098,ok,
XD-Violence,v=wQrV75N2BrI__#1_label_A,False,normal (non-violent) class not used in this study,v=wQrV75N2BrI__#1_label_A.mp4,A,A,normal,11,660.0,720.0,60.0,v=wQrV75N2BrI__#1_label_A__seg0011_660.000-720.000.wav,no danger risk,0,clotho,a woman is speaking and a child is singing,-1.1846777200698853,Speech | Music,0.8846 | 0.0076 | 0.1251 | 0.0138 | 0.003,ok,
XD-Violence,v=wQrV75N2BrI__#1_label_A,False,normal (non-violent) class not used in this study,v=wQrV75N2BrI__#1_label_A.mp4,A,A,normal,12,720.0,780.0,60.0,v=wQrV75N2BrI__#1_label_A__seg0012_720.000-780.000.wav,no danger risk,0,clotho,a woman is speaking and a child is singing,-1.1945245265960691,Speech | Music,0.8385 | 0.0029 | 0.0719 | 0.0949 | 0.0008,ok,
XD-Violence,v=wQrV75N2BrI__#1_label_A,False,normal (non-violent) class not used in this study,v=wQrV75N2BrI__#1_label_A.mp4,A,A,normal,13,780.0,840.0,60.0,v=wQrV75N2BrI__#1_label_A__seg0013_780.000-840.000.wav,no danger risk,0,clotho,a woman is speaking and a child is singing,-1.136937379837036,Speech | Music,0.9083 | 0.0069 | 0.1887 | 0.1137 | 0.0099,ok,
XD-Violence,v=wQrV75N2BrI__#1_label_A,False,normal (non-violent) class not used in this study,v=wQrV75N2BrI__#1_label_A.mp4,A,A,normal,14,840.0,900.0,60.0,v=wQrV75N2BrI__#1_label_A__seg0014_840.000-900.000.wav,no danger risk,0,clotho,a woman is speaking and a child is singing,-1.259843111038208,Speech | Music,0.8356 | 0.0041 | 0.042 | 0.1244 | 0.0005,ok,
XD-Violence,v=wQrV75N2BrI__#1_label_A,False,normal (non-violent) class not used in this study,v=wQrV75N2BrI__#1_label_A.mp4,A,A,normal,15,900.0,960.0,60.0,v=wQrV75N2BrI__#1_label_A__seg0015_900.000-960.000.wav,no danger risk,0,clotho,a woman is speaking while music is playing in the background,-0.8614252209663391,Speech | Music,0.8587 | 0.0046 | 0.0851 | 0.1063 | 0.0014,ok,
XD-Violence,v=wQrV75N2BrI__#1_label_A,False,normal (non-violent) class not used in this study,v=wQrV75N2BrI__#1_label_A.mp4,A,A,normal,16,960.0,1020.0,60.0,v=wQrV75N2BrI__#1_label_A__seg0016_960.000-1020.000.wav,no danger risk,0,clotho,a woman is speaking and a child is singing,-1.163202166557312,Speech | Music,0.6512 | 0.0045 | 0.1288 | 0.0289 | 0.0023,ok,
XD-Violence,v=wQrV75N2BrI__#1_label_A,False,normal (non-violent) class not used in this study,v=wQrV75N2BrI__#1_label_A.mp4,A,A,normal,17,1020.0,1080.0,60.0,v=wQrV75N2BrI__#1_label_A__seg0017_1020.000-1080.000.wav,no danger risk,0,clotho,a woman is speaking while music plays in the background,-0.8374537825584412,"Speech | Female speech, woman speaking | Music",0.881 | 0.0204 | 0.3533 | 0.0685 | 0.0129,ok,
XD-Violence,v=wQrV75N2BrI__#1_label_A,False,normal (non-violent) class not used in this study,v=wQrV75N2BrI__#1_label_A.mp4,A,A,normal,18,1080.0,1140.0,60.0,v=wQrV75N2BrI__#1_label_A__seg0018_1080.000-1140.000.wav,no danger risk,0,clotho,a woman is speaking while music plays in the background,-0.8737070560455322,Speech | Music,0.8874 | 0.0052 | 0.0445 | 0.0641 | 0.0046,ok,
XD-Violence,v=wQrV75N2BrI__#1_label_A,False,normal (non-violent) class not used in this study,v=wQrV75N2BrI__#1_label_A.mp4,A,A,normal,19,1140.0,1200.0,60.0,v=wQrV75N2BrI__#1_label_A__seg0019_1140.000-1200.000.wav,no danger risk,0,clotho,a woman is speaking and a child is laughing,-1.3997142314910889,Speech | Music,0.7877 | 0.0048 | 0.0466 | 0.175 | 0.0023,ok,
XD-Violence,v=wQrV75N2BrI__#1_label_A,False,normal (non-violent) class not used in this study,v=wQrV75N2BrI__#1_label_A.mp4,A,A,normal,20,1200.0,1260.0,60.0,v=wQrV75N2BrI__#1_label_A__seg0020_1200.000-1260.000.wav,no danger risk,0,clotho,a woman is speaking and a child is laughing,-1.3520680665969849,Speech | Music,0.774 | 0.007 | 0.0534 | 0.0658 | 0.0016,ok,
XD-Violence,v=wQrV75N2BrI__#1_label_A,False,normal (non-violent) class not used in this study,v=wQrV75N2BrI__#1_label_A.mp4,A,A,normal,21,1260.0,1320.0,60.0,v=wQrV75N2BrI__#1_label_A__seg0021_1260.000-1320.000.wav,no danger risk,0,clotho,a woman is speaking and a child is singing,-1.1507296562194824,Speech | Music | Disco,0.6948 | 0.0041 | 0.0685 | 0.0507 | 0.0029,ok,
XD-Violence,v=wQrV75N2BrI__#1_label_A,False,normal (non-violent) class not used in this study,v=wQrV75N2BrI__#1_label_A.mp4,A,A,normal,22,1320.0,1380.0,60.0,v=wQrV75N2BrI__#1_label_A__seg0022_1320.000-1380.000.wav,no danger risk,0,clotho,a woman is speaking and then a child laughs,-1.1221907138824463,Speech | Music,0.9184 | 0.0088 | 0.1097 | 0.024 | 0.012,ok,
XD-Violence,v=wQrV75N2BrI__#1_label_A,False,normal (non-violent) class not used in this study,v=wQrV75N2BrI__#1_label_A.mp4,A,A,normal,23,1380.0,1383.259138,3.259138,v=wQrV75N2BrI__#1_label_A__seg0023_1380.000-1383.259.wav,no danger risk,0,clotho,a person is playing a note on a keyboard,-1.2626676559448242,Silence,0.0245 | 0.001 | 0.0001 | 0.0001 | 0.0,ok,
XD-Violence,v=x0-z4h6mFoU__#1_label_A,False,normal (non-violent) class not used in this study,v=x0-z4h6mFoU__#1_label_A.mp4,A,A,normal,0,0.0,60.0,60.0,v=x0-z4h6mFoU__#1_label_A__seg0000_0.000-60.000.wav,no danger risk,0,clotho,a crowd of people are talking and cheering,-1.150864839553833,Speech | Basketball bounce,0.6615 | 0.001 | 0.0003 | 0.0008 | 0.0003,ok,
XD-Violence,v=x0-z4h6mFoU__#1_label_A,False,normal (non-violent) class not used in this study,v=x0-z4h6mFoU__#1_label_A.mp4,A,A,normal,1,60.0,120.0,60.0,v=x0-z4h6mFoU__#1_label_A__seg0001_60.000-120.000.wav,no danger risk,0,clotho,a basketball is bouncing and people are talking,-1.236533522605896,Speech | Basketball bounce,0.6047 | 0.0011 | 0.0002 | 0.0017 | 0.0003,ok,
XD-Violence,v=x0-z4h6mFoU__#1_label_A,False,normal (non-violent) class not used in this study,v=x0-z4h6mFoU__#1_label_A.mp4,A,A,normal,2,120.0,180.0,60.0,v=x0-z4h6mFoU__#1_label_A__seg0002_120.000-180.000.wav,no danger risk,0,clotho,a crowd of people are cheering and talking,-1.3255414962768557,Speech | Basketball bounce,0.6988 | 0.0014 | 0.0003 | 0.0013 | 0.0004,ok,
XD-Violence,v=x0-z4h6mFoU__#1_label_A,False,normal (non-violent) class not used in this study,v=x0-z4h6mFoU__#1_label_A.mp4,A,A,normal,3,180.0,192.083333,12.083333,v=x0-z4h6mFoU__#1_label_A__seg0003_180.000-192.083.wav,no danger risk,0,clotho,a crowd of people are shouting and cheering,-1.1323904991149902,Speech | Basketball bounce,0.7186 | 0.0141 | 0.0013 | 0.0012 | 0.0032,ok,
XD-Violence,v=y7JEq-kf-2I__#00-01-50_00-02-30_label_A,False,normal (non-violent) class not used in this study,v=y7JEq-kf-2I__#00-01-50_00-02-30_label_A.mp4,A,A,normal,0,0.0,40.02322,40.02322,v=y7JEq-kf-2I__#00-01-50_00-02-30_label_A__seg0000_0.000-40.023.wav,no danger risk,0,clotho,a car engine is idling and then the vehicle drives away,-1.4325261116027832,Vehicle | Air brake | Bus,0.0111 | 0.0001 | 0.0 | 0.0003 | 0.0,ok,
XD-Violence,v=y7vIfdKwHDk__#1_label_A,False,normal (non-violent) class not used in this study,v=y7vIfdKwHDk__#1_label_A.mp4,A,A,normal,0,0.0,60.0,60.0,v=y7vIfdKwHDk__#1_label_A__seg0000_0.000-60.000.wav,no danger risk,0,clotho,a man is speaking while music is playing in the background,-0.87736576795578,"Speech | Music | Wind instrument, woodwind instrument | Bagpipes",0.4454 | 0.0031 | 0.0052 | 0.0011 | 0.0031,ok,
XD-Violence,v=y7vIfdKwHDk__#1_label_A,False,normal (non-violent) class not used in this study,v=y7vIfdKwHDk__#1_label_A.mp4,A,A,normal,1,60.0,120.0,60.0,v=y7vIfdKwHDk__#1_label_A__seg0001_60.000-120.000.wav,no danger risk,0,clotho,a man is speaking while music is playing in the background,-0.7010003924369812,Speech | Music | Bagpipes,0.7125 | 0.0106 | 0.0063 | 0.0006 | 0.0045,ok,
XD-Violence,v=y7vIfdKwHDk__#1_label_A,False,normal (non-violent) class not used in this study,v=y7vIfdKwHDk__#1_label_A.mp4,A,A,normal,2,120.0,174.25,54.25,v=y7vIfdKwHDk__#1_label_A__seg0002_120.000-174.250.wav,no danger risk,0,clotho,a man is speaking while music is playing in the background,-0.6894503235816956,Speech | Music,0.8263 | 0.0253 | 0.0071 | 0.0007 | 0.0082,ok,
XD-Violence,v=yZ2wlTAN49g__#00-03-00_00-06-00_label_A,False,normal (non-violent) class not used in this study,v=yZ2wlTAN49g__#00-03-00_00-06-00_label_A.mp4,A,A,normal,0,0.0,60.0,60.0,v=yZ2wlTAN49g__#00-03-00_00-06-00_label_A__seg0000_0.000-60.000.wav,no danger risk,0,clotho,a man is speaking while cars are passing by in the background,-0.792286217212677,"Speech | Vehicle | Traffic noise, roadway noise",0.5331 | 0.0009 | 0.0003 | 0.0004 | 0.0002,ok,
XD-Violence,v=yZ2wlTAN49g__#00-03-00_00-06-00_label_A,False,normal (non-violent) class not used in this study,v=yZ2wlTAN49g__#00-03-00_00-06-00_label_A.mp4,A,A,normal,1,60.0,120.0,60.0,v=yZ2wlTAN49g__#00-03-00_00-06-00_label_A__seg0001_60.000-120.000.wav,no danger risk,0,clotho,a man is speaking while cars are passing by in the background,-0.8176001310348511,"Speech | Vehicle | Traffic noise, roadway noise",0.3813 | 0.0011 | 0.0001 | 0.0002 | 0.0002,ok,
XD-Violence,v=yZ2wlTAN49g__#00-03-00_00-06-00_label_A,False,normal (non-violent) class not used in this study,v=yZ2wlTAN49g__#00-03-00_00-06-00_label_A.mp4,A,A,normal,2,120.0,180.0,60.0,v=yZ2wlTAN49g__#00-03-00_00-06-00_label_A__seg0002_120.000-180.000.wav,no danger risk,0,clotho,a man is speaking while cars drive by in the background,-0.825641930103302,"Speech | Vehicle | Traffic noise, roadway noise",0.6376 | 0.0015 | 0.0002 | 0.0009 | 0.0002,ok,
XD-Violence,v=yZ2wlTAN49g__#00-03-00_00-06-00_label_A,False,normal (non-violent) class not used in this study; caption generation failed (segment <= 0.17 s),v=yZ2wlTAN49g__#00-03-00_00-06-00_label_A.mp4,A,A,normal,3,180.0,180.083333,0.083333,v=yZ2wlTAN49g__#00-03-00_00-06-00_label_A__seg0003_180.000-180.083.wav,no danger risk,0,clotho,,,,,error,CoNeTTE error: input too short for the encoder's convolution kernel
XD-Violence,v=yviKz5J-pEA__#1_label_A,False,normal (non-violent) class not used in this study,v=yviKz5J-pEA__#1_label_A.mp4,A,A,normal,0,0.0,60.0,60.0,v=yviKz5J-pEA__#1_label_A__seg0000_0.000-60.000.wav,no danger risk,0,clotho,a car is driving down the road and the wind is blowing,-0.9771357774734496,Vehicle | Car,0.0177 | 0.0001 | 0.0001 | 0.0003 | 0.0001,ok,
XD-Violence,v=yviKz5J-pEA__#1_label_A,False,normal (non-violent) class not used in this study,v=yviKz5J-pEA__#1_label_A.mp4,A,A,normal,1,60.0,120.0,60.0,v=yviKz5J-pEA__#1_label_A__seg0001_60.000-120.000.wav,no danger risk,0,clotho,a car is driving down the road and the wind is blowing,-0.9968051314353944,Vehicle | Car,0.0347 | 0.0002 | 0.0001 | 0.0002 | 0.0003,ok,
XD-Violence,v=yviKz5J-pEA__#1_label_A,False,normal (non-violent) class not used in this study,v=yviKz5J-pEA__#1_label_A.mp4,A,A,normal,2,120.0,155.458333,35.458333,v=yviKz5J-pEA__#1_label_A__seg0002_120.000-155.458.wav,no danger risk,0,clotho,a car is driving down the road and the wind is blowing,-0.9700038433074952,Vehicle,0.0105 | 0.0001 | 0.0 | 0.0001 | 0.0001,ok,
XD-Violence,wangted.2008__#0-27-17_0-28-07_label_A,False,normal (non-violent) class not used in this study,wangted.2008__#0-27-17_0-28-07_label_A.mp4,A,A,normal,0,0.0,50.021333,50.021333,wangted.2008__#0-27-17_0-28-07_label_A__seg0000_0.000-50.021.wav,no danger risk,0,clotho,a man is speaking while cars are passing by and a person is breathing,-1.1743320226669312,Speech | Music,0.9256 | 0.0161 | 0.002 | 0.0012 | 0.0038,ok,
